menu_start_game_0|成人内容警告^^本《骑马与砍杀：战团》模组仅供成年玩家游玩，包含血腥暴力、粗俗语言和露骨的性主题。^^您必须年满18周岁才能游玩。^^点击“继续”即表示您确认已达到此年龄要求，并愿意观看此类内容。本模组的制作者不对违反此年龄约定的用户负责。
menu_start_game_3|选择你的开局：
menu_tutorial|此功能已禁用。
menu_custom_battle_end|战斗结束。{s1}在战斗中，你方杀死了{reg5}名敌人，损失了{reg6}名士兵。你亲手斩杀了{reg7}人。
menu_start_game_1|罗马人，切记要以你的权威统治万邦，因为你的使命就是使和平成为常道，宽恕被征服者，^并征战不息，直至骄横者俯首。^维吉尔，《埃涅阿斯纪》^^福尔图娜向你展示了三件不同的衣服：一件紫袍、一件朴素的托加长袍和一件破旧发臭的短袍。^^你拿起了短袍。
menu_start_game_sandbox|此服务暂不可用。
menu_start_game_11|退出？
menu_choose_attribute_1|在你出生时，诸神赐予你祝福……
mno_mind|……密涅瓦赐予你敏锐的头脑。
mno_strength|……玛尔斯赐予你力量。
mno_knowledge|……墨丘利赐予你知识。
mno_charisma|……朱庇特赐予你追求权力的意志。
mno_begin_adventuring|继续。
menu_morale_report|你最多可以统领{reg23}名士兵。你可以管理{reg22}名士兵而不受部队士气惩罚。{s1}
menu_destory_fortifications|你已经修筑了防御工事。你想做什么？
menu_camp|{s23}^^{s37}^^当前部队姿态：{s36}^^{s60}
menu_hire_follower_party|组建随军队伍需要主力部队中至少有10名未受伤的女性，以及用于雇用医师和购置骡子的2,500第纳尔。^^组建后，所有女性都会转入随军队伍。
menu_follower_party|你的随军队伍由骡子、一名医师和你分配给它的女性组成，可以提供额外的储物空间、加快重伤恢复并提升士气。但随军队伍会减慢军队的行军速度。^^你随时可以遣散随军人员，但这会影响军队士气，而且骡子上存放的所有物品都会消失。^^如果你决定将军队规模缩减至40人以下，或军队遭受重大伤亡或惨败，随军人员可能会离你而去。
menu_followers_remove|你确定要遣散随军人员吗？他们将不再随你的军队行进。这可能会严重打击部队士气。
menu_followers_camp_leave|随军队伍离去！^^近期发生的事件和部队人数的锐减，导致你的随军人员四散离去……
mno_remove_yes|是。
mno_remove_no|否。
mno_follw_yes|该死。
menu_camp_action_rest_fort|加固营地可以让你在抵御敌军进攻时占据优势。^^你或一名同伴的工程学技能必须高于5，并且物品栏中需要有一套工具。^^你部队当前的工程学技能为{reg55}。
menu_fortify_siege_camp|加固营地可以让你在抵御敌军进攻时占据优势。^^你或一名同伴的工程学技能必须高于5，并且物品栏中需要有一套工具。^^你部队当前的工程学技能为{reg55}。
menu_camp_action_rest|扎营能让部队暂作休整，从艰苦的旅途中恢复过来。
menu_camp_action|选择一项行动：
mno_pray|向{s20}祈祷。
mno_convert_christianity|皈依基督教。
mno_action_read_book|选择一本书阅读。
mno_action_food|改变部队的食物消耗习惯。
mno_camp_change_name|重命名你的部队。
mno_action_modify_factions_color|更改势力颜色。
mno_action_rename_kingdom|重命名你的{s11}。
mno_action_modify_banner|更换旗帜。
mno_action_retire|自尽。[结束游戏]
menu_camp_recruit_prisoners|你向俘虏承诺：只要同意加入你的部队成为士兵，就可以获得自由。{s18}
menu_camp_make_slaves|剥去俘虏的装备，再将他们投入奴役，你便可以把俘虏变成奴隶。此举不会给你带来任何报酬；从此，他们将失去原有的社会地位及在所属势力中的身份。
menu_camp_no_prisoners|你没有可以招募的俘虏。
menu_camp_action_read_book|选择一本书阅读：
menu_retirement_verify|现在是第{reg0}天。你当前的运气为{reg1}。你确定要把自己的性命交到诸神手中吗？
mno_retire_yes|是。
mno_retire_no|否。
menu_cattle_herd|你遇到了一群牛。
mno_cattle_drive_away|驱赶牛群前进。
mno_cattle_drag_with|带着牛群一起走。
mno_cattle_stop|让牛群停下。
mno_cattle_kill|宰杀一些牛。
mno_gods_opfern|宰杀一些牛，献祭给{s58}。
menu_cattle_herd_kill|你想宰杀多少头牛？
mno_cattle_kill_1|一头。
mno_cattle_kill_2|两头。
mno_cattle_kill_3|三头。
mno_cattle_kill_4|四头。
menu_cattle_herd_kill_opfer_end|献祭已按照传统仪式完成。
menu_arena_duel_fight|你和对手准备决斗。
menu_encounter_retreat|你命令{reg4}名士兵阻挡敌人，自己则带领其余部队撤退。
mno_leave_behind|继续。他们的牺牲将拯救其他人。
mno_dont_leave_behind|不行。我们不能抛下任何人。
menu_order_attack_begin|你的部队准备进攻敌人。
mno_order_attack_begin|下令开始进攻。
mno_call_back|召回他们。
menu_order_attack_2|{s4}^^你的伤亡：{s8}^^敌军伤亡：{s9}
mno_order_attack_continue|命令士兵继续进攻。
mno_order_retreat|召回士兵。
menu_battle_debrief|{s11}^^你的伤亡：{s8}{s10}^^敌军伤亡：{s9}^^杀敌数：{s12}
menu_pre_join|你遇上了{s2}与{s1}之间的一场战斗。你决定……
mno_pre_join_help_attackers_freelancer|跟随指挥官投入战斗。
mno_pre_join_help_attackers|上前援助{s2}（关系：{reg35}）。
mno_pre_join_help_defenders|赶去援助{s1}（关系：{reg36}）。
mno_pre_join_leave|不介入。
menu_join_battle|你正在帮助{s51}对抗{s50}。你有{reg10}名能作战的士兵，敌军则有{reg11}人。
mno_join_attack|靠近并登上敌船。
mno_encounter_attack|向敌人冲锋。
mno_join_order_attack|命令部队与盟友一同进攻，自己留在后方。
mno_join_skipp_freelancer|留在后方，让其他人作战。
mno_join_leave|离开。
mno_encounter_leave_freelancer|离开。[尝试结束当前战斗。]
mno_encounter_leave|离开。
menu_join_order_attack|{s4}^^你的伤亡：{s8}^^盟军伤亡：{s9}^^敌军伤亡：{s10}
menu_join_order_attack_freelancer|{s4}^^你的伤亡：{s8}^^盟军伤亡：{s9}^^敌军伤亡：{s10}
menu_join_siege_outside|{s1}已被{s2}围困。
mno_approach_besiegers|前往围城营地。
mno_pass_through_siege|穿过围城阵线，进入{s1}。
menu_cut_siege_without_fight|围城军队让你顺利抵达城门，没有阻拦。
menu_besiegers_camp_with_allies|{s1}仍在围困之中。{s2}负责指挥攻城。^{s33}^^我方有{reg10}名士兵可以作战，敌方则有{reg11}人。
mno_talk_to_siege_commander|请求会见指挥官。
mno_join_siege_with_allies|加入下一次攻城。
mno_join_siege_stay_back|命令士兵参加下一次攻城，自己留在后方。
mno_join_siege_skipp_freelancer|留在后方，让其他人作战。
menu_castle_outside|你在{s2}外面。{s11} {s3} {s4}
mno_approach_gates|走近城门，呼叫守卫。
mno_town_sneak|乔装打扮，尝试潜入{s7}
mno_dplmc_riot_negotiate|开始谈判。
mno_castle_leave|离开。
menu_castle_guard|你走近城门。城墙上的士兵紧盯着你。^^{s10}
mno_request_shelter|请求进入要塞。
mno_request_meeting_commander|请求会见某人。
mno_guard_leave|离开。
menu_castle_entry_granted|短暂等候后，守卫为你打开城门，放你的队伍入内。
menu_castle_entry_denied|这座要塞的领主禁止你进入城墙之内，守卫队长警告你：如果再敢靠近，他们就会射击。
menu_castle_meeting|你想会见谁？
mno_guard_meet_faction_leader|他们的领袖{s5}
menu_talk_with_commanders|你想和谁交谈？
menu_talk_with_commanders_selected|你派出了一名传令兵。过了一会儿，{s6}前来与你交谈。
menu_castle_meeting_selected|你求见的请求被传了进去，终于，{s6}出现在庭院中与你交谈。
menu_castle_besiege|你正在围攻{s4}。{s2} ^^{s15} {s16} {s17} {s18} {s19} {s20} {s21} {s22}
mno_siege_request_meeting|要求与敌军指挥官会面。
mno_siege_warfare_p|围城作战（筹划围城）。
mno_siege_assault_p|围城作战（准备强攻）。
mno_wait_24_hours|等到明天。
mno_lift_siege|放弃围城。
menu_siege_plan|你与顾问会面，筹划围城行动，力求以最小的伤亡攻占{s4}。你可以通过饥饿和瓦解士气迫使守军屈服。^^{s15} {s17} {s18} {s19} {s20}
mno_build_circunvalation|封锁：在{s4}周围设立哨卡。
mno_close_circunvalation|哨卡已经建成。下令严密监视。
mno_town_investigar|侦察防御：尝试潜入。（追踪）
mno_traicion_interna|在{s4}的城防内部寻找叛徒。
mno_traicion_interna3|派去寻找叛徒的人有消息了吗？
mno_infiltracion_interna|派一些人潜入城内。
mno_infiltracion_interna3|派去潜入的人有消息了吗？
mno_build_varios|下令修建卫生设施，预防疾病。
mno_destruir_campos_a|劫掠农场，补充物资并打击敌人。
mno_destruir_campos_b|派去劫掠农场的人有消息了吗？
menu_siege_assault|时间紧迫，你担心敌方援军赶到。强攻意味着惨重伤亡，但你已下定决心。^^{s17} {s18} {s19}
mno_scout_investigar|召来斥候，汇报{s4}的情况。
mno_poniendo_elementos_mantles|命令先锋布置挡箭牌。
mno_poniendo_elementos|命令先锋准备强攻。
mno_castle_lead_attack|时机已到。率领士兵攻城！
mno_attack_stay_back|命令士兵强攻，自己留在后方……
mno_build_mantlet|建造挡箭牌。
mno_build_ladders|制造器械并清理地面，为强攻做准备。
menu_siege_attack_meets_sally|守军出城迎击你的攻势。
menu_nofood_siege_defenders_sally|粮食短缺迫使{s4}绝望的守军出城，试图突破围困。
menu_castle_attack_walls_simulate2|{s4}^^你的伤亡：{s8}^^敌军伤亡：{s10}
menu_sneak_into_town_suceeded2|你乔装打扮，借着夜色潜入{s4}。是时候侦察他们的防御了。
menu_construct_saneamiento|卫生设施对防治鼠患和疾病十分重要。你可以修建厕所和排水管道，避免雨水造成泥污堆积，也可以挖建蓄水池，保障供水。要这样做吗？^这将耗费4小时。
mno_build_saneamiento|动手吧。
mno_build_circun_cont|动手吧。
mno_build_mantles|动手吧。
mno_build_ladders_cont|动手吧。
menu_castle_attack_walls_simulate|{s4}^^你的伤亡：{s8}^^敌军伤亡：{s10}
menu_castle_attack_walls_with_allies_simulate_freelancer|{s4}^^你的伤亡：{s8}^^盟军伤亡：{s9}^^敌军伤亡：{s10}
menu_castle_attack_walls_with_allies_simulate|{s4}^^你的伤亡：{s8}^^盟军伤亡：{s9}^^敌军伤亡：{s10}
menu_castle_taken_2|{s3}已被你的部队攻占，你现在完全控制了此地。是时候向{s9}报告胜利的消息了。{s5}
mno_castle_taken_claim|请求将{s3}封赏给你。
mno_castle_taken_claim_2|请求将{s3}封赏给你的丈夫。
mno_accept_decision|接受决定。
mno_leave_faction_give_back|解除誓约，放弃领地。
mno_leave_faction_hold|解除誓约，以自己的名义统治包括{s2}在内的领地。
mno_leave_faction_cancel|保持忠诚，接受决定。
mno_give_center_to_player_accept|接受提议。
mno_give_center_to_player_reject|拒绝。你无意拥有{s2}。
mno_renew_oath|与{s1}续约一个月。
mno_dont_renew_oath|解除契约，恢复自由。
mno_dplmc_negotiate_with_besieger|与围城者谈判。
menu_siege_join_defense|{s4}^^你的伤亡：{s8}^^盟军伤亡：{s9}^^敌军伤亡：{s10}
menu_siege_join_defense_freelancer|{s4}^^你的伤亡：{s8}^^盟军伤亡：{s9}^^敌军伤亡：{s10}
mno_visit_mine|参观当地矿场。
mno_village_center|前往村庄中心。
mno_dplmc_village_elder_meeting|会见{s50}。
mno_dplmc_village_elder_meeting_denied|你还没有见过{s50}。
mno_village_buy_food|向农民购买补给。
mno_dplmc_village_auto_sell|自动出售物品。
mno_dplmc_village_auto_buy_food|自动购买食物。
mno_village_attack_bandits|攻击强盗。
mno_village_guest_wait|村民邀请你作为贵客在此休息。
mno_village_perform_basic_work|为村庄做些最基础的劳动（务农）。
mno_village_wait|在这里等候一段时间。
mno_dplmc_village_counter_insurgency|平息叛乱。
mno_dplmc_village_negotiate|开始谈判。
mno_train_peasants_against_bandits_qst|训练农民。
mno_village_donation|捐赠2,500第纳尔。
mno_village_leave|离开……
menu_village_hostile_action|你打算采取什么敌对行动？
mno_village_take_food|强迫农民交出补给。
mno_village_steal_cattle|偷走牛群。
mno_recruit_them|招募他们（{reg6}第纳尔）。
mno_continue_not_enough_gold|我的钱不够……
mno_village_bandits_defeated_accept|收下应得的报酬。
mno_village_bandits_defeated_cont|拒绝，说明他们比你更需要这些物资。
menu_center_manage_2|{s39}的繁荣度为{reg51}，积累了可征税的{reg29}第纳尔资金。税率为{s11}。^^{s44}
menu_garrison_management|你可以与驻军交换士兵。^驻军人数：{reg31}。^俘虏人数：{reg30}^^{s22}^{s11}^驻军中的俘虏可以缩短建筑施工时间。
mno_add_prisoners|留下所有非英雄俘虏。
mno_add_members|留下所有非英雄部队成员。
menu_village_take_food_confirm|想靠威胁和武力逼农民交出珍贵的补给并不容易。你估计至少需要一个小时。
mno_village_take_food_confirm|开始吧。
menu_village_take_food|村民不情愿地拿出他们的物资交给你。
mno_take_supplies|拿走补给。
mno_let_them_keep_it|让他们留着。
menu_village_start_attack|一些愤怒的村民拿起工具，准备抵抗你。如果你执意继续，看来免不了一场战斗。{s1}
mno_village_raid_attack|向他们冲锋。
mno_village_raid_leave|放过这座村庄。
menu_village_loot_no_resist|这里的村民人少胆怯，见你到来便迅速四散奔逃。整座村庄任你处置。
mno_village_enslave|追赶剩下的村民，将他们变为奴隶。
menu_village_loot_complete|你的部队奉命洗劫了{s22}，抢走一切值钱之物，随后放火烧毁房屋。从搜到的钱币和财物中，你分得了{reg23}第纳尔。
menu_village_loot_defeat|村民凭借勇气和决心团结抵抗，成功击退了你的部队。
menu_village_loot_continue|你想继续劫掠这座村庄吗？
mno_loot_yes|是。
mno_loot_no|否。
menu_control|总督颁布命令，所有想进城的人都必须向守卫登记。因此，各路旅人都得排队等上数小时才能获准入城。
mno_enter_the_town|继续。
mno_castle_castle|前往{s32}{s1}。
mno_join_tournament|参加竞技大会。
mno_town_castle|前往{s32}{s1}。
mno_town_center|在街上走走。
mno_town_tavern|前往酒馆。
mno_town_merchant|与商人交谈。
mno_town_arena|进入竞技场。
mno_town_dungeon|进入监狱。
mno_castle_inspect|在要塞里走走。
mno_town_enterprise|视察你的{s3}。
mno_visit_lupanar|进入妓院。
mno_trade_with_merchants|前往城镇中心。
mno_trade_with_locals|前往城郊聚落。
mno_walled_center_move_court|将你的宫廷迁到这里。
mno_dplmc_castle_give_troops|向驻军补充士兵（无法调回）。
mno_visit_palace|参观奥古斯都宫。
mno_visit_senate|参观尤利亚会堂。
mno_visit_temple_jerusalem|参观耶路撒冷圣殿。
mno_visit_dungen|通往地下墓穴的门。
mno_visit_garden_secret|通往溪流的门。
mno_visit_labyrinth|进入迷宫。
mno_visit_lighthouse_alexandria|登上灯塔顶端。
mno_rest_of_rome|后街。
mno_imperial_bedroom|前往寝室。
mno_parthian_palace_garden|前往花园。
mno_augustas_bedroom|前往奥古斯塔的寝室。
mno_gardens_of_manacea|参观梅塞纳斯花园。
mno_visit_akademia|前往学园。
mno_recruit_legions|招募士兵。
mno_visit_jerusalem_temple|参观犹太大圣殿。
mno_visit_library_alexandria|参观缪斯学宫。
mno_visit_golgotha|前往各各他。
mno_visit_alexanders_tomb|参观亚历山大大帝之墓。
mno_visit_latrina|进入公共厕所。
mno_visit_christian_chapel|通往礼拜堂的门。
mno_town_action|采取行动。
menu_cannot_enter_court_treason|你不准入内。这很可能是因为针对你的秘密审判正在进行。^^不过，紧闭的门往往只是行贿的机会。也许你应该和守卫谈谈。
menu_cannot_enter_court|领主大厅里正在举行宴会，但你的身份还不足以获邀入内。也许提高声望就能让你获得入场资格——你也可以在宴会期间举办的竞技大会上一展身手……
menu_town_tournament_lost|你已在竞技大会中被淘汰。{s8}
menu_town_tournament_won|你赢得了{s3}的盛大竞技大会！人群高呼你的名字，你心中充满自豪。除了荣誉、名声与荣耀，你还获得了{reg9}第纳尔奖金和一份神秘奖品。{s8}
mno_tournament_view_participants|查看参赛者。
mno_tournament_bet|下注赌自己获胜。
mno_tournament_join_next_fight|参加下一轮战斗。
mno_leave_tournament|退出比赛。
mno_watch|身为凯撒·奥古斯都，我选择观看比赛。
menu_tournament_withdraw_verify|你确定要退出竞技大会吗？
menu_tournament_watch|你确定只观看比赛吗？
mno_bet_100_denars|100第纳尔。
mno_bet_50_denars|50第纳尔。
mno_bet_20_denars|20第纳尔。
mno_bet_10_denars|10第纳尔。
mno_bet_5_denars|5第纳尔。
menu_tournament_bet_confirm|如果下注{reg1}第纳尔，你在赢得竞技大会后将获得{reg2}第纳尔。确定吗？
mno_tournament_bet_accept|下注吧。
mno_tournament_bet_cancel|算了。
menu_tournament_participants|你向一名报幕员询问参赛者的名字。他们是：^{s11}
mno_start_collecting|开始征税。
mno_collect_later|以后再说。
menu_collect_taxes_rebels_killed|你以迅速的行动和强大的武力成功镇压了叛乱。此后，任何想反抗你的人都会三思而行。
menu_collect_taxes_revolt_warning|{s3}的居民被你的要求激怒，痛斥这无异于敲诈。他们愈发躁动，如果你继续逼迫，恐怕会引起激烈反抗。
mno_continue_collecting_taxes|不理会他们，继续征税。
mno_halve_taxes|同意将征收额减半。（{s1}可能会不满）
mno_make_preparation|训练他们。
mno_train_later|以后再说。
mno_peasant_start_practice|开始实战练习。
menu_train_peasants_against_bandits_attack|正当你准备继续训练时，一名村庄哨兵跑来大声示警。远处已经发现了强盗，他们正策马直奔{s3}。村长恳求你组织刚受训的民兵迎战。
mno_peasants_against_bandits_attack_resist|准备战斗！
menu_train_peasants_against_bandits_success|强盗溃败了！少数残兵被农民和他们的新英雄吓得夹着尾巴逃走。村民历经劫难，财物所剩无几，但仍拿出所有能找到的东西，向你表达感激。
menu_center_reports|城镇名称：{s1}^地租收入：{reg1}第纳尔^关税收入：{reg2}第纳尔^粮食储备：可供{reg3}天
mno_to_price_and_productions|查看价格与产量。
menu_price_and_production|产量：^（注：基础值／原料修正后／原料与繁荣度修正后）^{s1}^^价格系数：^{s2}
menu_town_trade|你前往城镇中心。在这里可以找到城里所有重要的商人{s50}。^这座聚落属于{s61}文化。^{s34}^^{s49}^^提示：按住Shift并点击“与某人交谈”即可与商人对话。按住Control并点击“与食品商人交谈”即可自动购买所有食物。
mno_temple_visit|参观{s37}的神庙。
mno_slavemarket|前往奴隶市场。
mno_scriptorium|前往抄写室。
mno_trade_with_arms_merchant|与武器商人交易。
mno_trade_with_armor_merchant|与盔甲商人交易。
mno_trade_with_horse_merchant|与马匹商人交易。
mno_trade_with_goods_merchant|与杂货商人交易。
mno_assess_prices|调查当地物价。
mno_back_to_town_menu|返回。
mno_change_settings|更改设置。
menu_dplmc_trade_auto_buy_food_begin|你可以按照购物清单自动购买食物。要继续吗？^^你可以在这里查看和设置购物清单。你也可以{s10}，在每次离开城镇或村庄时自动购买食物。
mno_disable|禁用离开时自动购买食物。
mno_enable|启用离开时自动购买食物。
mno_dplmc_change_shopping_list_of_food|设置购物清单。
menu_town_trade_assessment_begin|你听到几个人在谈论附近各地的商品价格。^你仔细聆听，试图找出最划算的买卖。
menu_sneak_into_town_caught|正当你试图潜入时，一名守卫认出了你并拉响警报！你必须在全城守卫涌来之前逃出城门！
mno_sneak_caught_fight|杀出一条血路！
mno_sneak_caught_surrender|投降。
menu_sneak_into_town_caught_dispersed_guards|你击退守卫，掩去行踪，然后逃进迷宫般的街道，轻易甩掉了追兵。
menu_sneak_into_town_caught_ran_away|你穿过城门，迅速撤回安全的乡野。{s11}
menu_enemy_offer_ransom_for_prisoner|来自{s2}的{s1}的家人愿出{reg12}第纳尔银币，换取你将他卖给他们。
mno_ransom_accept|接受提议。
mno_ransom_reject|拒绝提议。
menu_training_ground|你来到一处训练场，可以在此磨炼武艺。你想进行哪种训练？
mno_camp_trainer|与教官交谈。
mno_camp_train_melee|对练。
mno_camp_train_archery|远程武器训练。
mno_camp_train_mounted|骑术训练。
menu_training_ground_selection_details_melee_1|你想同时与几名对手交战？
mno_camp_train_melee_num_men_1|一人。
mno_camp_train_melee_num_men_2|两人。
mno_camp_train_melee_num_men_3|三人。
mno_camp_train_melee_num_men_4|四人。
menu_training_ground_selection_details_melee_2|选择你的对手：^{s1}^{reg1}：
mno_training_ground_selection_details_melee_random|随机选择。
menu_training_ground_selection_details_mounted|你想使用哪种武器训练？
mno_camp_train_mounted_details_1|单手武器。
mno_camp_train_mounted_details_2|长杆武器。
mno_camp_train_mounted_details_3|弓。
mno_camp_train_mounted_details_4|投掷武器。
menu_training_ground_selection_details_ranged_1|你想使用哪种远程武器训练？
mno_camp_train_ranged_weapon_bow|弓箭。
mno_camp_train_ranged_weapon_thrown|飞刀。
menu_training_ground_selection_details_ranged_2|你想在多远的距离进行练习？
mno_camp_train_ranged_details_1|10码。
mno_camp_train_ranged_details_2|20码。
mno_camp_train_ranged_details_3|30码。
mno_camp_train_ranged_details_4|40码。
mno_camp_train_ranged_details_5|50码。
mno_camp_train_ranged_details_6|60码。
mno_camp_train_ranged_details_7|70码。
menu_captivity_start_wilderness_defeat|敌人俘虏了你。
menu_captivity_start_under_siege_defeat|敌人俘虏了你。
menu_captivity_end_wilderness_escape|被俘后，你痛苦地被押着辗转多日，终于找到机会逃离了俘虏你的人！
menu_captivity_castle_taken_prisoner|守卫迅速包围你，夺走你的武器。他们咒骂着将你扔进地牢，你只能在此熬过被囚禁的悲惨岁月。
menu_captivity_end_exchanged_with_prisoner|被囚禁多日后，你终于重获自由。{s0}
menu_captivity_end_propose_ransom|你在不见天日的潮湿地牢里熬过了漫长而难以计数的时光。突然，一名看守走进牢房，提出只要你从藏起来的财富中拿出{reg5}第纳尔，就放你自由。你决定……
mno_captivity_end_ransom_accept|接受提议。
mno_captivity_end_ransom_accept_2|付给他{reg6}第纳尔，并承诺获释后付清余款。
mno_captivity_end_ransom_deny|拒绝他，等待更好的机会。
menu_captivity_castle_remain|又有许多天在牢房的黑暗中流逝。你竭力忍受守卫的踢打与咒骂，眼看着营养不良的身体日渐消瘦……
menu_kingdom_army_quest_join_siege_order|{s8}传来命令，要你加入对{s9}的围攻，为全面强攻做准备。你的部队必须不惜一切代价攻下{s9}。
menu_kingdom_army_follow_failed|你未能跟随{s8}。统帅认为你另有要务，但仍希望能得到你的支援。
menu_question_peace_offer|你收到了议和提议！^^{s1}向你提出和平协议。你如何答复？
mno_peace_offer_accept|接受。
mno_dplmc_peace_offer_terms|提出和平条件。
mno_peace_offer_reject|拒绝。
menu_notification_civil_war_faction_defeated|{s2}的{s4}在与{s1}的{s3}进行的内战中战败。
menu_notification_truce_expired|停战期已结束^^{s1}与{s2}之间的停战协定已到期。
menu_choose_banner|在此为{s1}选择旗帜。你可以选用预设旗帜，也可以自行设计。
menu_town_port|你来到{s1}。环顾四周时，海上吹来的强风拉扯着你的衣服。许多船只停泊于此，你看到船员们已开始装载本地货物，而另一群人仍在卸货。^^{s22}
menu_start_sea_travel|你开始了一段海上旅程。
menu_town_action|选择一项行动：
mno_camp_cheat|作弊菜单！
mno_siege_defender_troops_join_battle|自己留在后方，让其他人参战。
mno_village_manage|管理此地。
mno_village_loot|洗劫并焚毁这座村庄。
mno_defend|算了，返回。
mno_tournament_withdraw_yes|是的，我不亲自参赛。
mno_tournament_withdraw_no|不，我要亲自继续参赛！
mno_ignore|不予理会。
mno_rename|重命名。
mno_back|返回。
mno_choice_03|赠予250,000第纳尔。
mno_choice_04|不给予资助。
mno_backpa|离开此地。
mno_choice_13_1nor|惩罚这名士兵。
mno_choice_07_2nj|我没有足够的钱……
mno_beggar|继续。
mno_emperor_cheat|返回。
menu_camp_cheat|选择一项作弊功能：
mno_camp_cheat_weather|摧毁你的船。
mno_camp_cheat_xp|为部队增加经验。
mno_camp_recruit_prisoners_reject|拒绝他们。
menu_cattle_herd_kill_opfer|你想献祭多少头牛来敬奉{s58}？^^每献祭5头牛可获得1点虔诚。如果献祭不足5头，{s58}是否接受祭品将由机运决定！如果虔诚已经超过100，就无法通过献牛再增加虔诚。不过，百牛大祭（宰杀100头牛）可以绕过这一限制，但只有专门侍奉某一神祇时才能举行。^^请注意，献祭需要时间，期间你可能遭到敌人攻击。
menu_encounter_retreat_confirm|部队中战术技能最高（{reg2}）的{reg3?你:{s3}}拟定了一个计划，可以让你和部下保住性命、逃出生天，但必须留下{reg4}名士兵阻止敌军追击。
mno_dplmc_riot_start_siege|围攻{reg6?城镇:要塞}，平息叛乱。
mno_castle_start_siege|围攻{reg6?城镇:要塞}。
mno_forget_it|算了。
menu_suicide_siege_defenders_starved|{s4}的守军身体已被摧垮，意志却未屈服。饥饿虽将他们折磨得形销骨立，决心却依旧如烈日燃烧。在伟大先辈的阴影下，刀光划过暮色——不是指向入侵者，而是自己的喉咙。峭壁间回荡着最后的抗争：“宁死不为奴！”^^^{s4}陷入寂静，城中人民消逝于传说之中。
menu_surrender_siege_defenders_starved|{s4}的守军再也坚持不住了。缺粮使他们虚弱不堪，最弱的人已经饿死，有些地方甚至出现了人相食的惨剧。^{s4}准备投降……
menu_construct_circunvalation|封锁城池可以在围城期间保护部队，减少部分敌方散兵的骚扰，阻止粮食和援军进入。它还能打击敌军士气，有助于谈判迫使守军投降。^^部队中工程学技能最高（{reg2}）的{reg3?你:{s3}}估计，修筑包围此地的封锁线需要{reg4}小时。
menu_traicion_interna2|你的围城工事开始瓦解守军士气。一些士兵愿意联系{s4}的驻军或居民，探听是否有人愿意背叛，协助你攻占城池。他们需要500第纳尔来办这件事。
mno_intentar_traicion|准许这些人寻找内应。
menu_traicion_resultado1|他们空手而归。没有人愿意背叛。
mno_back_behind|唉，运气不好。
menu_traicion_resultado2|大人！我们的人在城墙附近被发现了，正奋力杀出{s4}。看那边的出击门！他们正在逃跑，却被包围了……
mno_ayudar_infiltrados|下令：再派一队人前去支援。
menu_traicion_resultado3|你的人回来了。城内一名内应已经点燃粮仓，很快就会逃离{s4}，加入你的军队。敌军将因此损失大量储粮。
mno_back_to_siege|干得好。
menu_traicion_resultado4|你的人回来了。他们报告，有个内应熟悉驻军的日常活动，愿意带领一支小队，在敌人前往城外附近的小溪取水时设伏……
mno_atacar_emboscada_player|亲自带上最亲近的同伴前往。
mno_atacar_emboscada|下令：派一队士兵随内应前去设伏。
menu_emboscada_player|你们穿过草木，打了敌人一个措手不及，战果出色。现在守军再想派人出城，可要三思了。
menu_emboscada_player_lost|伏击失败了。尽管出其不意，敌人仍顽强重整阵形，扭转了局势。你的士兵四散，优势尽失。意识到无力取胜后，你发出迅速撤退的信号，在守军组织追击之前重新隐入荒野。你保住了自由，但部下付出了代价。
menu_emboscada_nada|你的人借着草木掩护，避开城头的监视，可抵达会合地点时，却空无一人。那个所谓的内应不是被发现了，就是反悔了。士兵们失望而归。
mno_emboscada_nanai|别担心，还会有机会。
menu_emboscada_lose|警报！有诈！那个所谓的内应把你的人带进了埋伏。他们拼死战斗，留下了许多阵亡者。
menu_emboscada_victory|内应带着你的人穿过夜色，来到一座俯瞰通往水井道路的山丘。士兵们脸上涂黑，悄无声息地在草木间埋伏。天亮时，他们看见一大群敌人出现在水边。^^战吼响彻山谷，你的士兵如死亡的潮水般扑向敌人……杀死了许多人。
menu_traicion_resultado5|你的人回来后报告，他们联系上了一个负责配给的人。他答应提高卖给同胞的食物价格，以激起不满，让人们更愿意放弃要塞。
mno_traicion_moral|太好了！
menu_traicion_lucha|你的人在城墙脚下与敌人殊死搏斗，那里的一切都对你的部队不利。你看着他们边打边向你撤来，沿途留下许多尸体。^^你的伤亡：{s8}^^敌军伤亡：{s10}
mno_regreso_luchar|好，我们不抛下任何人。
menu_infiltracion_resultado1|他们空手而归，没能进入聚落。
mno_back_behindi|我想，只是运气不好。
menu_infiltracion_resultado2|大人！我们的人在{s4}被发现了。很遗憾，无一归来，全都被杀或被俘。
mno_muertos_infiltrado|噩耗。
menu_infiltracion_resultado3|成功了！他们烧毁了几处粮仓，敌军士气低落。也许该要求他们投降了。
mno_back_to_siegei|很好，赏他们一桶蜂蜜酒。
menu_infiltracion_resultado3_c|成功了！他们杀死许多牛，污染了储水。敌军士气低落，领主也损失了一些声望。也许该要求他们投降了。
mno_back_to_siegein|很好，赏他们一桶蜂蜜酒。
menu_infiltracion_resultado4|你的人回来了。他们说，一些战士心怀不满，其中一些已被说服投向你。如果你同意，他们就会趁夜出城，加入你的军队。临走之前，他们答应制造骚乱，促使城池投降。
mno_aceptar_si|欢迎他们加入。
mno_leave_men1|这让我不放心。算了。
menu_infiltracion_resultado4_c|你的人回来了。他们说，已在一些水井和附近溪流中投毒。这应该能让许多驻军生病。
mno_aceptar_oki|好消息。这样守城的人就少了。
menu_infiltracion_resultado5|哦，大人。敌人送来了一个袋子，里面装着我们士兵的人头。已有些士兵看到了，恐惧正在营中蔓延。
menu_campos_cercanos1|指挥官，庄稼和农场已经烧毁，但现在不是收获季节，没能找到粮食。
mno_back_behind_d|干得好，不必担心。
menu_campos_cercanos2|指挥官，庄稼和农场已经烧毁，现在正值收获季节，我们找到了大量粮食。
mno_back_behind_c|干得好，粮食总是多多益善。
menu_campos_cercanos2_c|指挥官，庄稼和农场已经烧毁。谷物虽还青着，却已经能吃。我们找到了大量粮食。
mno_back_behind_cc|干得好，粮食总是多多益善。
menu_campos_cercanos3|指挥官，我们烧毁了田地，但收获季节已过，没有剩下谷物。不过，农民留下了一些牛。
mno_back_behind_bc|粮食总是多多益善。
menu_campos_cercanos4|我们遇到了麻烦。田地虽已烧毁，农民却在部分驻军支援下反击。^^你的伤亡：{s8}^^敌军伤亡：{s10}
mno_back_behind_ac|噩耗！
menu_poner_escaleras|你的先锋带着云梯、铁锹和其他有用的攻城器械向前推进……远程士兵上前列阵，吸引敌军箭矢。你的心在胸膛中狂跳。不知为何，每场战斗都像是第一次。^兴奋、恐惧和汗水，总是如影随形。士兵们结成盾阵，保护自己……^^你的伤亡：{s8}^^敌军伤亡：{s10}
mno_back_behind_esc1|你的士兵已与敌军接战。轮到你了……
menu_poner_escaleras_mantlets|你的先锋带着云梯、挡箭牌、铁锹和其他有用的攻城器械向前推进……远程士兵在挡箭牌掩护下上前列阵，吸引敌军箭矢。你的心在胸膛中狂跳。不知为何，每场战斗都像是第一次。^兴奋、恐惧和汗水，总是如影随形。士兵们结成盾阵，保护自己，挡箭牌又救下了更多人的性命。^^你的伤亡：{s8}^^敌军伤亡：{s10}
mno_back_behind_esc2|你的士兵已与敌军接战。该你上场了……
menu_informacion_ciudad|一名斥候来到你面前：“{s11}^{s12}{s1}{s5}{s17}”
mno_regreso_luchain|谢谢。你的情报很重要！
menu_build_mantles2|士兵使用攻城器械时，挡箭牌能够保护他们，救下许多人的性命。部队中工程学技能最高（{reg2}）的{reg3?你:{s3}}估计，制造挡箭牌需要{reg4}小时。
menu_construct_ladders|部队中工程学技能最高（{reg2}）的{reg3?你:{s3}}估计，制造足够的强攻器械需要{reg4}小时。
menu_castle_taken|争夺{s60}的战斗即将结束。你的部队迫不及待地想要劫掠这座{reg2?城镇:要塞}。{s10}^如果打算为所属势力占据这座{reg2?城镇:要塞}，你可以禁止士兵破坏，但这可能降低士气。你也可以允许部分劫掠，保留这座{reg2?城镇:要塞}，或者只捞些钱财，把洗劫后的地方留给敌人。最后，你还可以决定彻底摧毁此地，尽可能多地掠夺财物，奴役居民，让它对原主失去价值。
mno_saqueo_noallowed|占领这座{reg2?城镇:要塞}，但禁止劫掠。
mno_keep_plunder|占领并劫掠这座{reg2?城镇:要塞}。
mno_saqueo_normal|劫掠这座{reg2?城镇:要塞}后离开。
mno_saqueo_total|彻底摧毁此地后离开。
menu_castle_taken_plunder|这座{reg2?城镇:要塞}已遭劫掠。你获得了{reg7}第纳尔。
menu_castle_taken_native|{s3}已被你的部队攻陷，你现已完全控制这座{reg2?城镇:要塞}。{reg1?你可以在此驻军，抵御敌人可能发动的反攻。同时，你应当决定，是亲自保有这座{reg2?城镇:要塞}，还是将其赐给忠诚的封臣……:}
menu_castle_taken_keepplunder|{s3}已被你的部队攻陷，你现已完全控制这座{reg2?城镇:要塞}。士兵们奔走于街巷，竭力搜刮能带走的财物。这座{reg2?城镇:要塞}已遭劫掠。你获得了{reg7}第纳尔。{reg1?你可以在此驻军，抵御敌人可能发动的反攻。同时，你应当决定，是亲自保有这座{reg2?城镇:要塞}，还是将其赐给忠诚的封臣……:}
menu_requested_castle_granted_to_player|你收到{s40}{s3}的消息。^^{reg4?她:他}决定将{s2}{reg3?及附近的{s4}村:}赐给你，望你好好治理。
menu_requested_castle_granted_to_player_husband|你收到主君{s3}的消息。^^{reg4?她:他}决定将{s2}{reg3?及附近的{s4}村:}赐给你的丈夫{s7}。
menu_requested_castle_granted_to_another|你收到{s40}{s3}的消息。^^“听闻你英勇奋战，攻克{s2}，我十分欣慰。你的胜利使我们由衷欢喜。你还请求我将这座要塞赐予你，但恐怕我不能答应，因为你已拥有广阔的领地。我改为送上{reg6}第纳尔，补偿你此次出征的开销，而{s2}则赐给{s5}。”
mno_leave_faction|你受到了不公的对待！
menu_requested_castle_granted_to_another_female|你收到{s3}的消息。^^“听闻你英勇奋战，攻克{s2}，我十分欣慰。你的胜利使我们由衷欢喜。你还请求我将这座要塞赐予你的{妻子/丈夫}，但恐怕我不能答应，因为{她/他}已在我的领土内拥有广阔的庄园。我改为送上{reg6}第纳尔，补偿你此次出征的开销，而{s2}则赐给{s5}。”
menu_leave_faction|解除誓约是重大举动。主君可能谴责你，没收你的土地和产业。不过，如果你自愿归还，他也许会放过这次背叛，不再兵戎相见。
menu_give_center_to_player|{s40}{s1}传来消息，表示{reg4?她:他}愿将{s2}赐给你，作为忠诚效劳的报偿，纳入你的领地。你如何答复？
menu_give_center_to_player_2|经过简短的仪式，你被正式确认为{s2}{reg3?及其所属的{s4}村:}的新任{s40}。{reg3?这些地方:此地}将成为你领地中出色的一部分。你现在可以征收当地个人庄园的地租和收入，从民众中征兵，并按自己的意愿管理土地。但你也有责任保护土地和人民免受侵害，维护法律与秩序。
menu_oath_fulfilled|你曾与{s1}签订契约，为{reg4?她:他}效力一定期限。现在契约已经到期。你打算怎么办？
menu_siege_started_defender|{s1}正在向{s2}的城墙发动强攻。你有{reg10}名能作战的士兵，敌军则有{reg11}人。^^{s31}^^你决定……
mno_siege_defender_castle|前往{reg4?女领主:领主}的大厅。
mno_village_cheat|使用作弊功能。
menu_village_hunt_down_fugitive_defeated|逃犯的一记重击将你打倒，眼前天旋地转，随后陷入黑暗。不知过了多久，你再次睁开眼睛，发现自己遍体鳞伤，鲜血淋漓，但幸运的是，似乎没有致命伤。
menu_village_hunt_down_fugitive_persuaded|部队中说服技能最高的{reg3?你:{s3}}设法从{s50}守口如瓶的亲属那里问出了他的藏身之处。有强大武力作为后盾，你正当的说辞似乎起了作用，村民们不情愿地参与搜捕逃犯。{reg4?但你到来的消息已传到逃犯耳中，他似乎已经自尽:不到一小时，你便代表{s4}将逃犯抓获}。
menu_village_infestation_removed|在一场值得传唱的战斗中，你和部下将强盗赶出村庄，使这里重获安宁。村民历经劫难，财物所剩无几，但仍向你献上{reg10?他们能找到的一切:几头牛}。
menu_repopulate|你可以命令士兵屠杀并奴役当地居民，再把夺得的土地分给士兵的家眷和老兵。此举会重置你与聚落的关系，并将当地文化改为你的文化。但这种极端行为会严重损害你的名誉。你的部下很可能乘乱劫掠聚落，已积存的税款会全部被盗，城镇卫队的金库也很可能遭洗劫，繁荣度随之下降。
mno_special_tax|把他们全杀了。他们罪有应得。
mno_slaves_0|交易奴隶
menu_town_bandits_succeeded|敌人如镰刀下的麦秆般在你面前倒下！很快，街头只剩你独自站立，袭击者们则昏迷、死亡，或奄奄一息。搜查尸体时，你发现一个钱袋，想必属于这些恶徒先前的受害者。也有可能，是某个想让你命丧于此的人提供的。
menu_village_steal_cattle_confirm|部队中掠夺技能最高（{reg2}）的{reg3?你:{s1}}估计，最多能偷走村里的{reg4}头牛。
mno_village_steal_cattle_confirm|继续。
menu_village_enslave_complete|奉你的命令，士兵们横行村中，将农民从陋屋里拖出，夺走他们的一切财产。几小时内，你抓到了{reg1}名俘虏，只留下老弱幼小。你押着捆绑的村民，离开他们破碎家园逐渐冷却的余烬时，听见远处传来一声哀嚎……
menu_paganholysites_visit|你来到一处当地圣所，这里供奉着{s14}。远方的朝圣者来到此地，向诸神献祭。商人也趁机出售货物。^这里想必藏着不少财富！^^{s13}^^{s15}
mno_enter_hofho|参观圣所。
mno_hof_recruitho|尝试招募一名狂战士。
mno_camp_wait_hereho|在此等候一段时间。
mno_pillage_hofho|劫掠圣所。
mno_leaveho|离开。
menu_raid_delphi|你召集了部队。所有人都在等待你的进攻命令。^^请记住，劫掠圣地会激怒当地居民，降低你与附近势力的关系。^^还要记住，劫掠德尔斐将永久摧毁它！与其他圣地不同，德尔斐遭劫掠后不会重建。
menu_are_you_sure|你召集了部队。所有人都在等待你的进攻命令。^^请记住，劫掠圣地会激怒当地居民，降低你与附近势力的关系。
mno_walled_center_manage|管理这座{reg0?城镇:要塞}。
mno_town_cheat|使用作弊功能。
menu_town_tournament_won_by_another|作为今日唯一保持不败的{reg3?斗士:男子}，{s1}赢得了竞技大会的胜利与荣耀。
menu_town_race_won_by_another|作为今日唯一保持不败的{reg3?斗士:男子}，{s1}赢得了竞速比赛。
menu_town_tournament|{s1}你已进入竞技大会第{reg0}轮，还剩{reg1}名参赛者。下一轮将有{reg2}支队伍，每队{reg3}名{reg4?斗士:斗士}。
menu_tournament_bet|你的赔率为{reg5}比{reg6}。{reg1?你已下注{reg1}第纳尔赌自己获胜，若赢得比赛，将获得{reg2}第纳尔。:}你想下注多少？
menu_collect_taxes|部队中交易与经营技能最高（{reg2}）的{reg3?你:{s1}}估计，在这里征税需要{reg4}天……
menu_collect_taxes_complete|你从{s3}征得了{reg3}第纳尔税款。{s19}正等着你把钱交给{reg4?她:他}。
menu_collect_taxes_failed|叛乱爆发前，你只从{s3}征到了{reg3}第纳尔税款。{s1}不会高兴，但给{reg4?她:他}一些银钱，总比两手空空更能安抚怒气……
menu_collect_taxes_revolt|你在{s3}征税时被打断了。一大群愤怒的{reg9?农民:市民}正在逼近，挥舞火把与武器，叫嚷着抗议苛捐重税。看来他们打算与你交战！
menu_train_peasants_against_bandits|部队中教练技能最高（{reg2}）的{reg3?你:{s1}}估计，让一些农民准备好参加练习需要{reg4}小时。
menu_train_peasants_against_bandits_ready|你教农民们学习基本军事知识、纪律与服从。你认为其中{reg0}人{reg1?已经:已经}完全掌握训练内容，{reg1?可以:可以}进行一些实战练习了。
menu_dplmc_trade_auto_sell_begin|物品栏中被标记为可出售类别、且价格低于{reg1}第纳尔的物品，将自动卖给当前{reg2?城镇:村庄}的{reg2?相应商人:村长}。食物、贸易货物和书籍不会被出售。^^你可以在这里自由更改一些设置。
menu_town_trade_assessment|部队中交易与经营技能最高（{reg2}）的{reg3?你:{s1}}尝试判断买卖哪些货物最划算。{s2}
menu_sneak_into_town_suceeded|你穿上穷苦{reg1?骗子:{s1}}的衣服乔装，骗过守卫，混进城内。
menu_captivity_avoid_wilderness|周围的世界突然陷入一片黑暗。许多小时后，你恢复意识，发现自己仍在倒下的地方。敌人一定以为你死了，便将你丢在这里。不过，你似乎没有致命伤。虽然十分难受，却发现自己还能行走。你站起来，试着寻找队伍中的其他幸存者，可四周只有死者。
mno_whatever|站起来！
menu_captivity_rescue_lord_taken_prisoner|你尽量维持伪装，直到不得不暴露身份。守卫勃然大怒，狠狠殴打你，又把你扔回牢房，不知要关到何年何月……
menu_kingdom_army_quest_report_to_army|{s8}传来消息，{reg4?她:他}希望你参加{reg4?她:他}的新一轮军事行动。你至少需要带{reg13}名士兵归军，若人数不足，须尽快征集更多人手。
menu_kingdom_army_quest_messenger|{s8}传来消息，{reg4?她:他}想与你谈谈一项{reg4?她:他}需要完成的任务。{reg4?她:他}请求你尽快前往觐见{reg4?她:他}。
menu_crafted_item_finished|由于你还没有领取订购的{s24}，来自{s23}的{s22}派人给你送来。不过，信使现在要求你付钱。看来商人没有付给他报酬。
menu_notification_senate_meeting|你收到通知，三天后罗马将召开元老院会议。
menu_notification_sortie_possible|发现敌军：有人在{s4}城墙外发现敌军，{s5}等人正在准备出击。如果愿意，你可以加入。
menu_notification_casus_belli_expired|王国未作回应^^{s1}没有回应{s2}的挑衅，{s3}在{reg4?她:他}那些好战臣民面前丢了颜面……^
menu_notification_casus_belli_decide_player|你的国度遭到了{s2}民众的挑衅，你还没有作出回应。你可以以此为开战理由宣战，也可以索取贡赋作为赔偿。如果置之不理，你的威信将受损。
mno_tribute|索取{reg40}第纳尔贡赋。
mno_war|宣战！
menu_notification_tribute_demanded|由于你的臣民近期的挑衅，{s1}要求你支付{reg40}第纳尔赔款和贡赋。你如何回应？拒绝这一要求很可能导致战争！
menu_notification_vassal_provokes_overlord|{s12}的臣民挑衅了宗主{s11}。{s11}的贵族现在要求严惩{s12}，并增收贡赋。^{s22}
menu_notification_casus_belli_truce_decide|不久前，{s61}遭到了{s62}臣民的挑衅。然而，{s61}的{s63}陷入两难，因为{s21}。^^{s18}^^{s22}^^{s31}
mno_ignore_largest_neighbor|不理会此事。
mno_your_subjects|作出有利于自己臣民的裁决。
mno_other_subjects|作出有利于{s63}臣民的裁决。
mno_ask|要求作出有利于自己人民的裁决。
mno_ask_gift|接受礼物，并要求作出有利于自己人民的裁决。
mno_ask_no_gift|拒绝礼物，并要求作出有利于自己人民的裁决。
mno_switch_sides|转投{s30}，撕毁条约并宣战！[从{s30}获得25,000第纳尔]
mno_declare_war|撕毁条约并宣战！
menu_decide_ai_tribute|你向{s2}索取赔款和贡赋。^{s4}
menu_notification_casus_belli_decide|{s1}遭到了{s2}的挑衅。{s3}向{s2}索取赔款和贡赋。^{s4}
menu_notification_lord_defects|叛逃：{s4}抛弃了{s5}，加入{s7}，并带走了{reg4?她:他}的封地，归于{reg4?她:他}的新阵营。
menu_notification_treason_indictment|叛国指控^^{s9}
menu_notification_border_incident|边境事件^^你得到消息：{s9}。虽然尚不清楚传言真假，但有一点可以肯定——这起看似小小的事件，已令{s4}与{s3}之间的关系更加紧张。
menu_notification_player_faction_active|你现在以自己的名义拥有土地，不再隶属于任何国度。这使你成为独立君主，宫廷暂设于{s12}。但已知世界中的其他国王和统治者起初会把你视作威胁：如果任何新崛起的军阀都能夺得王位，他们自身的合法性也会受到质疑。^^你的首要任务应是确立独立统治的正当权利。你可以通过多种方式建立统治权：与名门联姻、招揽新领主、治理领地、与其他国王交涉，或派遣同伴执行使命。^^无论如何，第一步都应从同伴中任命一名首席大臣，处理国事。不同同伴各有本领。^你可以随时任命新的大臣，也可以与大臣交谈，迁移宫廷。
mno_appoint_spouse|任命你的{reg0?妻子:丈夫}{s10}……
mno_dplmc_appoint_spouse_plus_1|任命你的{reg0?妻子:丈夫}{s10}……
mno_appoint_npc1|任命{s10}
mno_appoint_npc2|任命{s10}
mno_appoint_npc3|任命{s10}
mno_appoint_npc4|任命{s10}
mno_appoint_npc5|任命{s10}
mno_appoint_npc6|任命{s10}
mno_appoint_npc7|任命{s10}
mno_appoint_npc8|任命{s10}
mno_appoint_npc9|任命{s10}
mno_appoint_npc10|任命{s10}
mno_appoint_npc11|任命{s10}
mno_appoint_npc12|任命{s10}
mno_appoint_npc13|任命{s10}
mno_appoint_npc14|任命{s10}
mno_appoint_npc15|任命{s10}
mno_appoint_npc16|任命{s10}
menu_minister_confirm|{s9}会留在你位于{s12}的宫廷，每周领取{reg10}第纳尔薪俸。你应定期向{reg4?她:他}咨询，避免待决事务积压，削弱你的威信……
menu_notification_player_faction_deactive|你的王国已不再拥有任何土地。
menu_notification_player_wedding_day|{s8}通知你，在{s10}举办婚礼的准备已经完成，期待你尽快到场。
menu_notification_center_under_siege|{s1}被{s3}的{s2}围困了！
menu_notification_village_raided|敌军洗劫封地^^{s1}遭到{s3}的{s2}劫掠！
menu_notification_village_raid_started|你的村庄遭到攻击！^^{s3}的{s2}正在蹂躏{s1}。
menu_notification_village_raid_started_rebells|你的村庄遭到攻击！^^{s2}正在蹂躏{s1}。
menu_notification_one_faction_left|天下一统！^^一个国度征服了世界。^{s1}击败所有对手，成为唯一的统治者，世界的主宰。
menu_notification_kingdom_restored|王国复兴！^^{s1}的人民奋起反抗占领者，夺回了自己的王国。昔日领主如今重新集结，为王国的未来而战。
menu_notification_kingdom_liberated|王国解放！^^凭借{s2}的英勇，{s1}的人民摆脱了压迫者。
menu_notification_oath_renounced_faction_defeated|你的旧势力已被击败^^你战胜了{s1}！自解除向他们效忠的誓约以来，你所进行的斗争终于结束。
menu_notification_center_lost|失去领地^^你的{s1}落入{s2}之手。
menu_notification_center_sacked|领地遭到洗劫^^{s1}被{s2}洗劫。
menu_notification_troop_left_players_faction|背叛！^^{s1}离开{s2}，加入了{s3}。
menu_notification_troop_joined_players_faction|好消息！^^{s1}离开{s2}，加入了{s3}。
menu_armenia_parthia_declare_war|避免战争^^{s1}本想向你宣战！不过，内战仍在持续，你的大臣{s25}谈成了一项条约，避免开辟第二条战线。^为了避免战争，支付了{reg22}第纳尔。
menu_notification_war_declared|宣战^^{s1}向{s2}宣战！^{s57}^利剑已出鞘，盾牌已从墙上取下。战争开始了！
menu_notification_decide_tributary_war_decleration|你的朝贡附庸{s1}想要向{s2}宣战。^^{s57}^^你打算如何回应？他们是你的附庸，你可以强令他们放弃计划。也可以利用这个机会，不受惩罚地宣战。
menu_notification_decide_defensive_war|{s1}向你的{s22}{s2}宣战了。^^{s57}^^你打算如何回应？
menu_notification_decide_offensive_war|你的{s20}{s1}向{s2}宣战了。^^{s57}^^你打算如何回应？
menu_notification_peace_declared|和平协议^^{s1}与{s2}达成和平！^{s57}^两国人民停止了战斗——至少暂时如此。也许其中一国会利用这段时间，磨亮一把新刀，准备刺进敌人的心脏……
menu_notification_faction_defeated|势力覆灭^^{s5}已不复存在！^^{s43}
menu_notification_center_genocid|{s5}大屠杀^^一场可怕的悲剧在{s5}上演，{s6}残忍地屠杀了所有外来殖民者。昔日的殖民地化为废墟，田野被践踏，家园遭焚毁。
menu_notification_rebels_switched_to_faction|叛乱成功^^你的叛乱取得胜利！现在只有你的势力有权使用{s11}的名号，{s12}成为唯一的统治者。
menu_notification_player_should_consult|你的大臣{s11}传来消息，国内正酝酿一些问题，若不及时处理，可能削弱你的威信。你应尽早与{reg4?她:他}商议。
menu_notification_player_feast_in_progress|宴会筹备中^^你的{妻子/丈夫}已开始在你位于{s11}的大厅筹备宴会。
menu_notification_lady_requests_visit|一名老妇来到你的队伍旁，交给一名士兵一封以普通蜡封缄好的信。收信人是你。拆开封蜡后，你发现信来自{s15}。信中写道：“上次你来探望，我十分开心。{s14}我目前在{s10}。{s12}”
menu_kill_local_merchant_begin|你发现目标，跟在他身后，看着他转过街角，走入一条黑暗的小巷。这无疑是下手的最佳机会。
mno_trade_slaves|交易奴隶
mno_hire_troops|雇用10名{s41}（1000第纳尔）
mno_leave_no_attack|离开……
mno_leave_victory|继续。
mno_leave_defeat|继续。
menu_notification_player_faction_political_issue_resolved|与国内贵族商议后，{s10}决定将{s11}赐给{s12}。
menu_notification_player_faction_political_issue_resolved_for_player|商议后，{s10}决定将{s11}赐给你。你可以婉拒这份荣誉，但这很可能意味着，一段时间内你将不再获得其他封赏。{s12}
menu_notification_player_faction_province_appointed|{s22}任命你为{s10}总督。若接受，你将接管{s11}及该行省所有其他聚落。你可以婉拒这份荣誉，但这很可能意味着，一段时间内你将不再获得其他封赏，并使{s22}不满。^^{s21}
menu_notification_player_senatorial_province_appointed|{s10}总督的任期已满，元老院决定将这一职位授予你。若接受，你将接管该行省的所有聚落。你可以婉拒这份荣誉，但这会使你失去元老院的支持。^^{s21}
menu_notification_player_senatorial_province_expires|你担任{s10}总督的任期已满，元老院已任命新的总督。
menu_notification_player_faction_fief_appointed|你的主君{s10}决定将{s11}赐给你。你可以婉拒这份荣誉，但这很可能意味着，一段时间内你将不再获得其他封赏。
menu_starting_mission_finished|奴隶们在别墅里大肆作乱。你竭力阻止，却无济于事：前主人马库斯·盖乌斯·克拉基乌斯被抓住，被迫看着两名奴隶强奸他的女儿。随后，父女二人都被折磨致死。与此同时，你试图搜刮别墅，可其他奴隶却点燃了房屋。混乱中，你没能弄到任何值钱的东西。就在这时，更多守卫赶来了。^大多数奴隶被守卫抓住，一些人则逃进了树林。^几个守卫追着你，你使出平生最快的速度奔逃。幸好，你看见一个农夫正赶着马车沿路而行，便跳上车藏了起来，农夫毫未察觉。守卫筋疲力尽，只好折返。^^不久，你睡着了。
menu_start_phase_3|农夫正赶往罗马。醒来时，你第一次见到永恒之城，被它的辉煌彻底震撼。你惊叹不已。街上人潮涌动，随处可见各个阶层的平民。农夫、面包师、商人、工匠等都在忙着日常生计，少数贵族穿行其中。你正欣赏眼前景象，马车突然停了。你决定跳下马车，简短祈祷，感谢神恩。^^身无分文的你在街上游荡，琢磨如何弄些钱币。突然，你听见了什么……
mno_surrender|投降……
menu_establish_court|将{s4}设为宫廷需要稍作整修，尤其需要25,000第纳尔。一些追随者迁来此地，也可能花费些时间。是否继续？
mno_establish|将{s4}设为你的宫廷。
mno_capital_exists|你的首都位于{s1}，无法迁移宫廷。
menu_notification_relieved_as_marshal|{s4}通知你，不再需要你担任统帅。不过，为表彰你过去{reg4}天为国英勇效力，{reg8?她:他}赐你{reg5}第纳尔。
mno_dplmc_auto_loot|让英雄们从地上的物品中挑选装备。
mno_dplmc_auto_loot_no|物品池空间不足，无法自动升级装备。
mno_dplmc_loot|查看地上的物品。
mno_dplmc_loot_player|查看队长的物品栏。
mno_dplmc_auto_loot_upgrade_management|调整NPC的装备管理设置。
mno_dplmc_auto_loot_reset_player|将当前兵种重置为玩家。
mno_dplmc_leave_and_take_a|拾取地上{reg20}件物品中的{reg0}件，然后离开。
mno_dplmc_leave_and_take_b|拾取地上剩余的{reg20}{reg0?件物品:件物品}，然后离开。
mno_dplmc_leave_and_take_c|你的行囊已没有空间。
menu_dplmc_auto_loot|英雄们将按照预先设定的装备升级选项，自动从战利品池中挑选物品。队伍列表中靠前的英雄享有优先挑选权。不再需要的装备会放回战利品池。离开时，池中剩余物品将全部丢失。^确定要这样做吗？
mno_dplmc_autoloot_no|不，我改主意了。
mno_dplmc_autoloot_yes|是，升级装备。
mno_dplmc_autoloot_personal|是，只为{s1}升级装备。
menu_dplmc_notification_tribute_declared|确立朝贡关系^^{s1}已臣服于{s2}！^{s3}的外交从此受到新宗主的限制。^{s57}
menu_notification_tributary_offer|你收到{s2}的{s1}来信。他愿支付20,000第纳尔贡金，向你臣服。从此，{s2}将成为你的附庸国。^^作为附庸国，他们不能自行宣战或媾和，并会随你参战。
menu_dplmc_notification_alliance_declared|同盟协定^^{s1}与{s2}结成同盟！^{s57}
menu_dplmc_notification_defensive_declared|共同防御条约^^{s1}与{s2}达成共同防御条约！^{s57}
menu_dplmc_notification_trade_declared|贸易协定^^{s1}与{s2}签署贸易协定！^{s57}
menu_dplmc_notification_nonaggression_declared|互不侵犯条约^^{s1}与{s2}缔结互不侵犯条约！^{s57}
menu_dplmc_question_alliance_offer|收到结盟提议^^{s1}希望与你结盟。你如何答复？
mno_dplmc_alliance_offer_accept|接受
mno_dplmc_alliance_offer_reject|拒绝
menu_dplmc_question_defensive_offer|收到缔约提议^^{s1}提议与你缔结共同防御条约。你如何答复？
mno_dplmc_defensive_offer_accept|接受
mno_dplmc_defensive_offer_reject|拒绝
menu_dplmc_question_trade_offer|收到缔约提议^^{s1}提议与你缔结贸易协定。你如何答复？
mno_dplmc_trade_offer_accept|接受
mno_dplmc_trade_offer_reject|拒绝
menu_dplmc_question_nonaggression_offer|收到缔约提议^^{s1}提议与你缔结互不侵犯条约。你如何答复？
mno_dplmc_nonaggression_offer_accept|接受
mno_dplmc_nonaggression_offer_reject|拒绝
menu_dplmc_notification_tribute_expired|朝贡条约到期^^{s30}
mno_prolong|尝试说服他们延长条约。
mno_no_prolong|不延长条约。
menu_dplmc_notification_alliance_expired|同盟到期^^{s1}与{s2}的同盟已经到期，降为共同防御条约。
menu_dplmc_notification_defensive_expired|共同防御条约到期^^{s1}与{s2}的共同防御条约已经到期，降为贸易协定。
menu_dplmc_notification_trade_expired|贸易协定到期^^{s1}与{s2}的贸易协定已经到期，降为互不侵犯条约。
menu_dplmc_deny_terms|{s1}拒绝了你的条件。^^{s45}
menu_dplmc_village_riot_removed|在血腥的战斗中，你和部下屠灭叛乱者，重新控制了村庄。主要滋事者已死，你与村庄的关系有所改善。
menu_dplmc_town_riot_removed|在血腥的战斗中，你和部下屠灭叛乱者，重新控制了城镇。
menu_dplmc_riot_negotiate|你走近愤怒的人群，开始谈判。暴乱首领索要{reg0}第纳尔，只要你肯付钱，他就同意放下武器。
mno_dplmc_pay_riot_treasury|让财务官从金库支付这笔钱。
mno_dplmc_pay_riot_cash|支付现钱。
menu_dplmc_notification_riot|暴乱！^^{s1}的农民起来反抗你！忠于你的人在突袭中被杀，其余人加入了愤怒的人群。
menu_dplmc_notification_appoint_chamberlain|你可以任命一位财务官，常驻宫廷，每周薪俸为{reg10}第纳尔。^^你也可以通过报告菜单中的“家务管理”管理顾问。^^财务官负责管理你的私人金库，可安全存放钱财。这些钱可用于支付军饷，也可用于建筑工程。^^如果你治理城镇、要塞或村庄，他会处理所有财务事务，例如征收和制定税款、发放军饷、管理产业。^^如果你是势力领袖，他还会监督国度间的款项往来，为你提供更多外交选择。
mno_dplmc_appoint_default|任命当地一位有名望的贵族。
menu_dplmc_chamberlain_confirm|你可以在宫廷和领地找到财务官。如要交代财务安排，或需要大笔钱款，可以去找他。你应始终确保金库里有足够的钱，应付各项开支。
menu_dplmc_notification_appoint_constable|你可以任命一位治安官，常驻宫廷，每周薪俸为{reg10}第纳尔。他将招募新兵，并提供军队信息。^^你也可以通过报告菜单中的“家务管理”管理顾问。
menu_dplmc_constable_confirm|你可以在宫廷找到治安官。如需招募新兵，或详细了解常备军的情况，可以去找他。
menu_dplmc_notification_appoint_chancellor|你可以任命一位掌玺大臣，常驻宫廷，每周薪俸为{reg10}第纳尔。他将保管你的印玺，处理你与其他重要人物之间的书信往来。^^你也可以通过报告菜单中的“家务管理”管理顾问。
menu_dplmc_chancellor_confirm|你可以在宫廷找到掌玺大臣。如要传递消息或赠送礼物，可以去找他。
menu_dplmc_deserters|一些士兵不相信你会支付军饷，选择逃离。你总共失去：{s11}人。
menu_dplmc_negotiate_besieger|你举着白旗出现在城墙上。过了一会儿，{s11}的谈判代表前来。他要求你交出{s6}及所有附属村庄，再支付{reg0}第纳尔，才肯保证你安全离开。
mno_dplmc_comply_treasury|接受条件，让财务官从金库支付这笔钱。
mno_dplmc_comply|接受条件，付钱。
mno_dplmc_break_off|中止谈判。
menu_dplmc_messenger|大人，我找到了{s10}，并送达你的消息。{reg4?她:他}的答复是{s11}。
menu_dplmc_scout|你的间谍从{s10}回来了^^{s11}{s12}
menu_dplmc_domestic_policy|你现在可以制定王国的内政方针。要立刻更改政策吗？
mno_dplmc_yes|是，我要更改内政方针。
mno_dplmc_no|不，我不想更改内政方针。
menu_dplmc_affiliate_end|你收到所依附家族的族长{s10}来信。信中写道：^^{s63}
menu_trade_report|以下列出各个城镇，以及造访的商队和商人数目。^^{s0}
menu_dplmc_economic_report|事件：^^肺痨暴发次数：{reg50}^慢性热病暴发次数：{reg51}^军营热病暴发次数：{reg52}^麻疹暴发次数：{reg53}^瘟疫暴发次数：{reg54}^天花暴发次数：{reg55}^梅毒暴发次数：{reg56}^火灾次数：{reg57}^旱灾次数：{reg58}^地震次数：{reg59}^甲虫灾害次数：{reg60}^丰收次数：{reg49}^歉收次数：{reg48}^暖冬次数：{reg47}^严冬次数：{reg46}^^世上最富有的领主：{s33}（财富：{reg33}第纳尔）^世上最贫穷的领主：{s34}（财富：{reg34}）^^{s0}
menu_town_cheats|选择一项操作，与这里的部队互动。
mno_summon_drunk|{reg10?赶走:找来}一个酒鬼。
mno_summon_ass|{reg11?吓跑:雇用}一名刺客。
mno_summon_bandit|{reg12?赶走:遭到伏击，对手是}一些{s12}。
mno_summon_village_bandit|{reg13?清除:滋生}{reg13?盘踞村中的:侵扰村庄的}{s13}。
mno_summon_insurgent|发起农民起义。
mno_center_refresh|刷新商人（全局）。
mno_village_refresh|刷新村庄货物。
mno_village_recruits|刷新新兵。
mno_center_recruits|刷新雇佣兵。
menu_town_cheats_2|选择一项操作，与聚落本身互动。繁荣度为{reg1}，关系为{reg2}，城中有{reg3}支队伍。
mno_toggle_state|{reg1?恢复:摧毁}这座村庄。
mno_increase_rel|提高关系。
mno_decrease_rel|降低关系。
mno_increase_prosp|提高繁荣度。
mno_decrease_prosp|降低繁荣度。
mno_cheat_town_start_siege|围攻聚落……
mno_center_reports|查看报告。
menu_export_import|按C打开{s1}的角色界面，再点击左下方的统计按钮。你可以导出角色的属性与技能，修改后再重新导入。
mno_display_slots|向我展示你所有的秘密……
mno_notes|查看笔记。
mno_change|修改槽位。
mno_talk|与队伍遭遇。
mno_slots|输出所有槽位数值。
mno_reinf|增援队伍。
mno_exp|升级队伍。
mno_wound|使队伍受伤。
mno_heal|治疗队伍。
mno_bandits|在附近生成强盗。
mno_prev|上一个兵种（{s2}）。
mno_prev_range|首端（{s3}）。
mno_next_range|末端（{s3}）。
mno_end|跳到最后一个兵种（{s2}）。
mno_first|跳到第一个兵种（{s2}）。
mno_inventory|修改物品栏。
mno_gender|切换性别。
menu_dplmc_choose_disguise|你准备潜入{s1}。确保没有携带可疑物品或多余钱款，否则可能被没收。{s2}
mno_disguise_pilgrim|穿上贫穷朝圣者的长袍。
mno_disguise_farmer|接受命运，扮成落魄农民。
mno_disguise_hunter|乔装成一名熟练的{男猎人/女猎人}。
mno_disguise_guard|冒充商队护卫。
mno_disguise_merchant|扮成商人。
mno_disguise_bard|扮成吟游诗人，碰碰运气。
menu_honorary_title_granted|{s22}授予你{s23}的荣誉头衔。
menu_faction_found_select_banner|你需要为新势力选择旗帜，可以选用预设旗帜，也可以自行设计。以后随时可以在“营地菜单”的“采取行动”中更换旗帜。
mno_select_preset_banner|从预设旗帜中选择。
mno_select_custom_banner|设计自定义旗帜。
menu_fruhling|春天！^^冰雪消融，百花盛开，春天到了。
menu_winter|冬天^^落叶飘尽，寒风袭来，冬天到了。
menu_event_1|屋大维娅与萨比娜。^^尼禄的母亲阿格里皮娜强迫16岁的儿子与提比略·克劳狄乌斯·凯撒·奥古斯都13岁的女儿屋大维娅成婚。多年后，尼禄爱上了波佩娅·萨比娜。萨比娜要求他抛弃屋大维娅。尼禄指控这位未生育的妻子与奴隶通奸，将她放逐。十二天后，他便迎娶萨比娜。屋大维娅深受民众爱戴，此举引发了严重骚乱与起义。于是，尼禄散布流言，称屋大维娅曾与情人一起企图推翻他，并将她流放到一座岛上。几天后，尼禄下令割开她的手腕，再用滚烫蒸汽使她窒息而死。
menu_event_2|纵火？^^仍有人指控尼禄纵火。尽管尼禄竭力嫁祸基督徒，流言依然不散。尼禄厌恶这座古老城市，已是众所周知。甚至有人传言，他想把罗马改名为尼禄波利斯，即尼禄之城。莫非这场大火是奉他之命而起，好在罗马的废墟上建立新城？
menu_event_3|皮索阴谋^^盖乌斯·卡尔普尔尼乌斯·皮索是罗马的重要政治家、文学赞助人和演说家。他企图刺杀尼禄，再经禁卫军拥立，取而代之成为统帅、凯撒、奥古斯都。他争取到几位显赫元老、骑士和军人的协助，拟订了一项松散的计划：由禁卫军长官与奥福尼乌斯·提格利努斯带皮索前往禁卫军营，在那里由禁卫军拥立他为新凯撒。就在阴谋即将付诸行动前，一名叫米利库斯的获释奴隶发现了计划，并向尼禄的秘书埃帕弗罗狄托斯告发。许多同谋很快供出所知的一切，阴谋迅速瓦解。尼禄命皮索、哲学家塞涅卡及其侄子卢卡努斯，以及讽刺作家佩特罗尼乌斯自尽。另有许多人也遭杀害。
menu_event_4|讽刺诗^^许多希腊语和拉丁语讽刺诗正在流传，例如：^^“尼禄、俄瑞斯忒斯、阿尔克迈翁，都曾杀母。”^“新算一笔账：尼禄杀了娘。”^“谁能否认，我们尼禄出自伟大的埃涅阿斯一系？一个送走了母亲，一个背走了父亲。”^“当统治者拨弄琴弦，帕提亚人拨动弓弦，元首成了赞歌之神，敌人成了远射之神。”^“罗马正在变成一座宅邸，公民们，快搬去维伊！只盼这座宅邸不会很快也吞下维伊。”^^尼禄费尽心思，要找出这些诗的作者。
menu_event_5|尼禄竞技节与青年节^^一年前，尼禄为庆祝传统的初次剃须礼，举办了青年节。不过，这次登台的不是职业艺人，而是元老和贵族；在罗马贵族看来，这既令人作呕，又该遭谴责。庆典最后，尼禄本人也登台表演。今年，凯撒·奥古斯都出资举办了仿照希腊竞技会的尼禄竞技节，地点选在尼亚波利斯，因为那里的观众比罗马更愿意接受各种演出。元首尼禄再次公开登台，也是第一次面对庞大的观众群。
menu_event_6|阿格里皮娜^^统治初期，尼禄受母亲阿格里皮娜影响。但阿格里皮娜逐渐失去了对儿子的控制，随后威胁要以诡计、阴谋和贿赂推翻尼禄。尼禄惧怕母亲，便成立委员会调查她的阴谋，塞涅卡也是成员之一，但委员会未能证明任何罪行。在昔日教师、如今的海军将领阿尼凯图斯帮助下，他打算用一艘特制船只让阿格里皮娜沉海，可她竟游回岸边。公元59年3月23日，他下令在她的别墅里将她杀害。
menu_event_7|尼禄与奥林匹克竞技会^^尼禄参加了奥林匹克竞技会。他贿赂组织者，将竞技会推迟一年，好让自己参赛，并在体育赛事之外增设艺术比赛。尼禄赢得了自己参加的每一个项目。他在台上唱歌、弹里拉琴、演悲剧，也参加战车赛。虽然在十马战车赛中被甩下车，中途退赛，却仍获得冠军。授冠的理由是：假如他完成比赛，就一定会获胜。
menu_event_8|跳舞的凯撒！^^巡游意大利期间，尼禄举办了多场庆典，甚至亲自作为演员和舞者登台。人群总是为他欢呼，不过许多人说，那只是因为他们受了食物和美酒的“贿赂”。罗马贵族为这种可耻举动震惊。元首，竟成了普通舞者？看着他圆胖的身躯在台上起舞，大多数贵族只觉得可笑。
menu_center_looted|角落里只有转瞬即逝的影子掠过。尸体静静腐烂。
menu_event_siege_01|老鼠！^^一名顾问报告，他在士兵食用的粮食中发现了老鼠。修建卫生设施本可以避免此事！
mno_choice_01_1a|太糟了！销毁受污染的补给。
mno_choice_01_2a|士兵们必须吃饭。尽可能多地杀死老鼠。
menu_ratas_siege|老鼠尚未彻底消灭，许多士兵就已染病身亡。^^你的伤亡：{s8}
mno_back_to_siegea|完成。
menu_event_siege_02|痢疾！^^营地卫生恶劣，引发了痢疾。士兵们接连死去。修建卫生设施本可以避免此事！
mno_choice_02_1b|雇用医师，尝试救治病人（1000第纳尔）。
mno_choice_02_2b|我无能为力。
mno_choice_02_3b|向诸神祈祷。
mno_choice_02_4b|我或我的同伴可以医治他们。
menu_enfermedad_siege|死亡笼罩着营地，许多士兵患病垂死。^^你的伤亡：{s8}
menu_enfermedad2_siege|一些士兵因病死去，但得益于你雇来的医师，大多数人得以康复。^^你的伤亡：{s8}
menu_enfermedad3_siege|死亡笼罩着营地，许多士兵患病垂死。也许你的神救下了一些性命。^^你的伤亡：{s8}
mno_back_to_sieged|完成。
menu_enfermedad4_siege|凭借医术，你救下了许多人，但仍有一些人死去。^^你的伤亡：{s8}
mno_back_to_siegees|返回围城。
menu_event_siege_03|垃圾！^^垃圾、害虫及各种污物堆积如山，营地简直像个猪圈。士兵们很不满。修建卫生设施本可以避免此事！
mno_choice_03_4c|发表鼓舞人心的演说，争取时间。
mno_choice_03_2c|我会看看能做些什么。
menu_event_siege_04|敌军袭击补给仓库！^^一些敌人趁夜潜入，烧毁了部分补给。你损失了一部分粮食。
mno_choice_04_1d|惩罚当夜值勤的士兵。
mno_choice_04_2d|不，什么也不做！
menu_event_siege_05|成功保卫补给仓库！^^夜间，你的士兵抓获并处决了一队企图潜入烧毁补给的敌人。
mno_choice_05_1e|表扬他们尽忠职守。
mno_choice_05_2e|用金钱奖赏每个人（300第纳尔）。
mno_choice_05_3e|赏他们休息一晚，照发薪饷（200第纳尔）。
mno_choice_05_4e|什么也不做。你是个严厉的统帅。
menu_event_siege_06|补给线遇袭！^^指挥官，我们的粮食运输路线可能有危险。斥候在我军后方发现了敌方袭扰部队。^^封锁城池本可以避免此类问题。^^要派兵保护道路、追击敌人吗？
mno_choice_06_1f|派兵。
mno_choice_06_2f|派信使花钱打发他们（500第纳尔）。
mno_choice_06_3f|什么也不做。
menu_encuentro_avituallamiento|你派出一队士兵，保护补给线，追击骚扰的敌人。士兵们试图将敌人逼入绝境，迫其死战。虽然有所损失，他们还是赢得战斗，确保了补给线安全。^^你的伤亡：{s8}^^敌军伤亡：{s10}
mno_back_to_siegeg2|干得好。
mno_back_to_siegeg3|很好。
menu_event_siege_07|水源被污染！^^斥候发现，守军用动物尸体污染了水源。你要购买饮水，让商人沿补给路线运来吗？
mno_choice_07_1g|是（600第纳尔）。
mno_choice_07_2g|不。限量供水，挖掘水井。
mno_choice_07_3g|没有水，我们无法继续。放弃围城。
menu_sed_siege|饮水即将耗尽，士兵日渐虚弱。一些人渴得发疯，喝下受污染的水而死。终于，一口水井挖成，暂时解决了供水。你可以继续围城。^^饮用污水造成的伤亡：{s8}
mno_back_to_siegeh|命运无情。
menu_event_siege_08|逃兵！^^坏消息：我方一名士兵投奔了敌军。可能是士气低落，也可能是敌人许以金钱。无论原因如何，敌人可能已获悉我们的计划。
mno_choice_08_1h|拿出400第纳尔。我不想再有人逃跑。
mno_choice_08_2h|拿出800第纳尔，尽量消除诱惑。
mno_choice_08_3h|不必担心。我随时可以改变计划。
menu_event_siege_09|敌军叛逃者！^^一名敌方逃兵加入我军。他告诉我们，{s2}。
mno_choice_09_1i|欢迎他加入我们的队伍。
mno_choice_09_2i|我不想让逃兵混在部下中。杀了他。
mno_choice_09_3i|我确信他是间谍。把他送回敌军那里。
menu_event_siege_10|战意低落^^我军与敌人之间的对骂越来越少，有时甚至相互交谈。这可能影响进攻时的斗志。该怎么办？
mno_choice_10_1j|允许。敌军的斗志也会受影响。
mno_choice_10_2j|什么？禁止此事，惩罚违令者。
menu_event_siege_11|严寒夺命！^^冬日严寒降临，总会带来代价。一些士兵死于寒冷、流感和其他小病。^^你的伤亡：{s8}
mno_choice_11_1j|愿逝者安息。
menu_event_siege_12|军纪松弛！^^你发现一些士兵日复一日愈发不守纪律。军官们请示该如何处置。
mno_choice_12_1j|削减他们的口粮。
mno_choice_12_2j|鞭打他们。
mno_choice_12_3j|什么也不做。
menu_event_siege_13|敌军袭扰！^^一队敌人突然袭击我军，随后迅速撤走。^^你的伤亡：{s8}^^敌军伤亡：{s10}
mno_choice_13_1b|提高警惕（解决办法：封锁城池）。
menu_event_siege_14|征粮时遭遇小规模战斗！^^一队敌人在征粮时与我军一队士兵相遇。^^你的伤亡：{s8}^^敌军伤亡：{s10}
mno_choice_14_1b|提高警惕（解决办法：封锁城池）。
menu_event_siege_15|村舍交战！^^劫掠附近村庄时，我军遭到敌军攻击。村民加入敌军，使我们伤亡惨重。^^你的伤亡：{s8}^^敌军伤亡：{s10}
mno_choice_15_1b|提高警惕（解决办法：封锁城池）。
menu_event_siege_16|河畔交战！^^敌军与我军在河边相遇，争夺水源的战斗造成双方大量伤亡。^^你的伤亡：{s8}^^敌军伤亡：{s10}
mno_choice_16_1b|提高警惕（解决办法：封锁城池）。
menu_event_siege_17|敌军快速出击！^^敌军从密道出城袭击我们，随后迅速撤回城墙的保护下。^^你的伤亡：{s8}^^敌军伤亡：{s10}
mno_choice_17_1b|提高警惕（解决办法：封锁城池）。
menu_event_siege_18|掳掠妇女！^^一些士兵从周围村庄掳来妇女，带到围城营地取乐。
mno_choice_18_1b|允许此事，并索要其中最美的女人。
mno_choice_18_2b|命令释放妇女，惩罚绑架者。
menu_no_paymentandkill|为报复此事，附近村庄的男人联合起来，袭击了你的征粮队。^你的伤亡：{s8}
mno_choice_nppayment_2j|该死！
menu_event_siege_19|敌军攻击封锁线！^^敌人正试图突破封锁，我军奋力阻击。^^你的伤亡：{s8}^^敌军伤亡：{s10}
mno_choice_19_1b|派一部分人增援，我带其余人逼他们撤退。
mno_choice_19_2b|派所有士兵保卫那一段围城工事。
mno_choice_19_3b|不必担心。我们的壁垒很坚固。
menu_no_defendiendo|敌军突破防御，焚毁了小营地和哨卡，打破了封锁。^^你的伤亡：{s8}^^敌军伤亡：{s10}
mno_defendiendo_1bnd|我们必须重新修筑封锁线。
menu_defendiendo_circunvallation|我军成功击退敌人，他们撤回城墙的保护下……^^你的伤亡：{s8}^^敌军伤亡：{s10}
mno_defendiendo_1dcir|干得好。
menu_defendiendo_mal|另一队敌人趁我军集结于此，放火烧毁了另一段封锁线。^^你的伤亡：{s8}^^敌军伤亡：{s10}
mno_defendiendo_1mal|该死！
menu_event_siege_20|敌军袭击器械！^^敌军正试图烧毁我们的攻城器械。^^你的伤亡：{s8}^^敌军伤亡：{s10}
mno_choice_20_1b|派一部分人增援，我带其余人逼他们撤退。
mno_choice_20_2b|快！派所有人保护器械。
mno_choice_20_3b|不必担心。士兵们会守住的。
menu_no_defendiendo_equip|敌军突破防御，烧毁了我们的器械。^^你的伤亡：{s8}^^敌军伤亡：{s10}
mno_defendiendo_1bnde|我们必须重新制造器械。
menu_defendiendo_equip|我军成功击退敌人，他们撤回城墙的保护下。^^你的伤亡：{s8}^^敌军伤亡：{s10}
mno_defendiendo_1heq|干得好。
menu_defendiendo_mal_equip|另一队敌人绕过我军阵地，烧毁了另一侧的攻城器械。^^你的伤亡：{s8}^^敌军伤亡：{s10}
mno_defendiendo_1vmal|该死！
menu_event_siege_21|敌军潜越封锁线！^^守卫发现几个人正试图趁夜溜出去，逃离你的封锁。
mno_choice_21_1b|放他们逃走。
mno_choice_21_2b|杀了他们。
menu_event_siege_22|敌军试图补充物资！^^夜里，守卫报告，发现一群披着羊皮的敌人前往附近溪流。他们正在把水装进皮囊，准备带回城内。
mno_atacar_emboscada_player2|带上愿意同行的同伴前往。
mno_choice_22_1b|派兵伏击那些披羊皮的敌人。
mno_choice_22_2b|什么也不做。
menu_victoria_ovejas|你的士兵包围了披羊皮的敌人，突然扑上去，大开杀戒。^^你的伤亡：{s8}^^敌军伤亡：{s10}
mno_defendiendo_1lovej|太好了！
menu_derrota_ovejas|有埋伏！指挥官，那些披羊皮的人是诱饵，专门把我们的人引出去伏击。许多士兵还没撤回围城工事的保护下，就已被杀。^^你的伤亡：{s8}^^敌军伤亡：{s10}
mno_defendiendo_1poveja|太糟了。
menu_tablas_ovejas|你的士兵试图包围敌人，却行动缓慢，动静太大。披羊皮的人察觉威胁，迅速撤回城内。
mno_defendiendo_1oveja2|好吧，下次再说。
menu_event_siege_23|流亡雇佣兵！^^今天，一名想加入我军的雇佣兵来到营地。他说自己被我们正在围攻的地方放逐，如今想要报仇。
mno_choice_23_1b|接纳他。
mno_choice_23_2b|我不需要更多人。
menu_event_siege_24|心理恐吓！^^我们积攒了敌人和死去农民的首级。要把它们抛过城墙，打击敌军士气并传播疾病吗？
mno_choice_24_1b|什么？你疯了。不要这样做！
mno_choice_24_2b|当然，这有助于谈判迫使他们投降。
menu_cabezas_moral|首级被抛入城内。在城外，你听见居民认出亲人时的哭喊与哀泣。战争无情，而你已经证明，自己是最可怕的敌人。
mno_defendiendo_1q|这会让他们更快投降……或死去……
menu_event_siege_25|围城营地的娼妓！^^一名商人带来一群舞女，愿在夜里供士兵娱乐。
mno_choice_25_1b|这只会让士兵分心、疲惫。
mno_choice_25_2b|只为自己雇用舞女（100第纳尔）。
mno_choice_25_3b|为士兵们雇用舞女（500第纳尔）。
menu_event_siege_26|强盗！^^一群强盗来到营地附近。士兵们刚伸手拿武器，强盗便放下兵刃，声称没有敌意。他们的首领上前，请求加入你。
mno_choice_26_1b|当然！这样有前途的人，总是受欢迎的！
mno_choice_26_2b|抱歉。我们这里容不下你们这种人！
mno_choice_26_4b|把他们全杀了！
menu_sanguinario_p|两小时后，强盗们带着一些战利品和不知谁的首级回来了……
menu_event_siege_27|更多商人！^^几位商人前来，想在附近的营地出售货物。那里聚集着士兵的妻子、妓女、难民、儿童，以及其他随军人员。
mno_choice_27_1b|欢迎他们，也欢迎他们的钱。
mno_choice_27_2b|商人已经够多了。
mno_choice_27_3b|杀掉他们，夺走钱财。
menu_event_siege_28|弱者乞食！^^为了让粮食支撑更久，守军赶走了妇女、儿童和老人。你看见他们走向围城工事，乞求食物。
mno_choice_28_1b|派兵杀死儿童和老人，带走妇女。
mno_choice_28_2b|花1000第纳尔为他们买食物，然后放他们离开。
mno_choice_28_3b|什么也不给，让他们饿死。
menu_event_siege_29|强奸！^^一名士兵因漫长的围城而愤懑，强奸了一位军官的妻子。
mno_choice_29_1b|不理会此事。
mno_choice_29_2b|惩罚士兵。
mno_choice_29_3b|处决士兵。
mno_choice_29_4b|向军官支付赔偿（1000第纳尔）。
menu_lucha_oficial|军官杀死了那名士兵。士兵的几个朋友与忠于军官的人发生斗殴，造成数人死亡。
mno_defendiendo_1z|太糟了。
menu_panel_comandante|战斗开始之前……
mno_choice_1comm|发表激昂演说，鼓舞士兵。
mno_choice_3comm|散兵：派出士兵，阻碍敌军推进。
mno_choice_5comm|什么也不做。
menu_sacrificio_off|面对你的祈祷和献祭，诸神保持沉默。
mno_sacri_1s|返回。
menu_sacrificio_1|祭牲的内脏爬满虫子：这是凶兆。^^也许今天不宜作战。
mno_sacri_1s2|返回。
menu_sacrificio_2|你低头看着祭牲的鲜血时，一名士兵指向天边：一只鹰抓着蛇腾空而起。这无疑是吉兆。^^进攻敌人的时机已到。
mno_sacri_1s3|返回。
menu_sacrificio_3|你将祭刀刺入牲畜颈部时，它挣脱你的手，跑出几步才倒下，面朝敌军。这只能是凶兆。^^也许今天不宜作战。
mno_sacri_1s4|返回。
menu_sacrificio_4|剖检祭牲的肠道时，你发现一枚银质吊环。这只能是吉兆。^^你已做好战斗准备。
mno_sacri_1s5|返回。
menu_discurso_off|你也走上前去，试图居高临下地说些话，却毫无说服力。紧张让你失态，连一句完整的话也说不出来。
mno_defendiendo_1_bd|返回。
menu_discurso_1|你检阅部队，走到士兵中间。讲话时，你直视每个人的眼睛，试图让他们明白这一刻的重要。
menu_escaramuza_1|指挥官，敌方指挥官的战术胜过了你。我军尚未准备好，便遭到敌方远程部队突袭，伤亡惨重。^^你的伤亡：{s8}
mno_defendiendo_1e|该死！
menu_escaramuza_2|我军及时展开，逼近敌人，造成重大杀伤后撤回。^^敌军伤亡：{s8}
mno_defendiendo_2e|干得好。
menu_escaramuza_3|我军逼近敌人时，发现敌方指挥官已部署远程部队，掩护大军推进。为避免损失，士兵们没有进攻，撤了回来。
mno_defendiendo_3e|明白。
menu_goy_enter_domus_augusti|禁卫军打开大门，尊称你为凯撒·奥古斯都。一顶金色月桂冠被戴在你头上，安东尼娅也戴上另一顶。{s10}获赐银色月桂冠。与此同时，守卫正在清除尼禄最忠诚的廷臣。安东尼娅询问尼禄和波佩娅·萨比娜的下落，但没有守卫知情。她下令搜寻。你、安东尼娅和{s10}穿行宫中，终于发现尼禄。你试图抓住他，成功将他困在餐厅里。
menu_meeting_in_senate|演说结束后，你接到消息：{s25}正在元老院等你。他已为元老们精心起草一项法案，要正式宣布你为元首。元老院庄严的厅堂里，政治命运的齿轮正在转动，即将决定你登上皇位的未来，因此急需你到场。
menu_meeting_with_centurio_2|叛徒在冲突中丧命。你已命禁卫军加紧清除残余叛徒和忠于{s22}的人。然而，北方又出现新的挑战：{s21}趁罗马动荡，被莱茵军团拥立为凯撒，即将向罗马进军。必须备战。尽快招募一支新军团，壮大兵力，才是明智之举。^^你有30天时间准备。^^{s23}
menu_meeting_with_centurio_3|今天，罗马民众看见了一场罕见的表演：首先，以残酷闻名的前罗马城长官被活活烧死。随后，人们看着{s34}{s33}^^{s20}
menu_message_travel_to_rome|你收到{s25}的消息：^^亲爱的{playername}，请尽快赶赴罗马。{s22}已越过阿尔卑斯山，正向罗马进军！战斗在等着我们。
menu_civil_war|帝国分裂^^并非所有罗马将军都接受你成为新的凯撒·奥古斯都。{s44}这个叛徒，也自称凯撒·奥古斯都！^^内战爆发！
mno_speech|发表演说。
mno_petitions|处理请愿。（{reg41}小时）
menu_legitim_rule|要使统治获得合法认可，你需要元老院三分之二多数支持。^^目前，支持你的元老占{reg50}%。
mno_leg_rule|确立统治的合法性。
menu_barracks|{reg22?你进入{s0}。这里负责招募和训练士兵，可以招募大队、其他军事单位或个别士兵。^^{s1}:{s5}不过，你可以雇用佣兵队，或为自己的大队补充兵员。}
mno_rec0|招募自定义士兵。
menu_rumors|传闻^^{s40}
mno_support_1|我想，这是敌人散播的流言……
mno_support_2|我应该提防他……
menu_passions_in_the_tomb|暗影、墓室的阴郁和火炬的烟味都消失了。你发现自己置身帐篷，穿着装饰华丽的伊特鲁里亚短袍，头戴金色月桂冠。外面的人群高喊：“卢科莫！卢科莫！卢科莫！”帐内还有另外两个男人，安东尼娅站在你面前。她穿着闪耀的衣裙，衬托出身段。旁人说，女神图兰显灵了。安东尼娅伸出闪光的双手，想要触碰你。她越靠近，光芒就越刺眼。她一碰到你，光便令你什么也看不见。^^你发现自己与安东尼娅躺在墓室里，感受到她伏在胸口均匀的呼吸。你们躺了一阵，直到安东尼娅起身穿衣。
menu_tarquinii_meeting_final|她吻别后离开了。你在墓中又停留片刻，思索刚才的经历。望着壁画，你忽然听见人群呼喊你的名字，为你欢庆。声音又骤然消失。一名士兵打断思绪，问你是否安好。部下只见安东尼娅走出墓穴，不见你出来，十分担心。^^下一步是去罗马，与尼禄交谈——或者用安东尼娅的话说，去见那头小猪。
menu_tarquinii|你来到俯瞰塔尔奎尼的风拂山丘，这里坐落着迄今发现最宏伟的伊特鲁里亚墓地。罗马成为帝国以前，伊特鲁里亚人统治着这片土地。遍布四野的寂静坟丘，仍在低诉他们的遗产。这是一座真正的死者之城，墓穴沿街道与广场整齐排列，每一座都是贵族家族的地下居所，墙上绘着早已消逝于岁月中的生活场景。
menu_pillars|赫拉克勒斯奉命完成十二项功业，其中第十项便是前往遥远西方，取走革律翁的牛群，带给欧律斯透斯。赫拉克勒斯之柱标志着他向西行进的最远处。
menu_grave_anatolia|据说，传说中的雅典人吕科斯之墓就在群山中的某处。他曾被逐出雅典，定居于此。此地以他的名字命名为吕基亚。
menu_journey_underworld|克劳狄娅朝屋子走去，你则跟随阿莫科斯。他带你踏上一条陡峭崎岖的小路。越往高处，气味越难闻。空气中满是烟雾，呼吸也愈发困难。不久，阿莫科斯停下，说：^“入口就在这里。现在把钱币扔进去。”^你站在一个坑口前，又热又臭。你掏出一枚铜钱，靠近坑口，正准备抛出，地面突然震动。你脚下一滑，掉了下去！阿莫科斯试图救你，却没能抓住。你撞到地面，眼前一片漆黑。
menu_awak|唤醒你的不是黑暗，而是低沉雷鸣和头骨破裂般的剧痛。片刻间，你不知身在何处。随后，世界一点点重现：身下柔软的坐垫、女人冰凉的手正给你手臂的伤口上药、雨水与草药混合的气息。^^她注意到你睁开眼睛，露出安静而难以捉摸的笑容。她一言不发，递来一件干净短袍。你僵硬笨拙地穿好衣服，跟她走过小巧而雅致的别墅。她示意你坐到餐厅一张朴素的木桌旁。^^她离开片刻，带着面包、奶酪和一杯水回来，亲自为你端上。屋外风暴仍在肆虐，恰如你心中翻涌的疑问：这女人是谁，你又为何来到这里？
menu_slave_hideout|你发现一处藏身地。打算做什么？
menu_village_hunt_music_defeated|叛变守卫的一记重击将你打倒，眼前天旋地转，随后陷入黑暗。不知过了多久，你再次睁开眼，发现自己遍体鳞伤、鲜血淋漓，但幸运的是，似乎没有致命伤。
menu_village_hunt_lover_defeated|幽灵的一记重击将你打倒，眼前天旋地转，随后陷入黑暗。不知过了多久，你再次睁开眼，发现自己遍体鳞伤、鲜血淋漓，但幸运的是，似乎没有致命伤。
menu_baths|你走进当地浴场，看见人们享受罗马式生活。这里是寻欢享乐之所。
mno_use_bath|购买一日票（100第纳尔）。[改善健康]
mno_visit_thermae|进入{s10}。
menu_triumph_hold|威望衡量你在罗马民众心中的军事声名。至少需要{reg11}点威望，元老院才会批准为你举行凯旋式。不过，身为元首，你可以直接绕过元老院，但这会使罗马民众不满。^^你目前有{reg10}点威望。
menu_triumph|元老院与元首颁布如下法令：^^罗马公民们：^我们荣幸地宣布，{s15}因在近期战役中表现出的非凡勇武与统军才能，获准举行凯旋式。这份崇高荣誉，见证了{s15}为罗马效力时坚定不移的奉献与杰出功业。^元老院与罗马人民决定举行盛大游行，庆祝这一重要时刻。请与我们共襄盛举，向{s15}为罗马荣耀与尊严作出的贡献致敬。^统帅万岁！^^^为表彰你，凯旋式隆重举行。^^{s40}
menu_fire_of_rome|罗马大火^^歌唱吧，缪斯，歌唱烈焰风暴的怒意，^无情火海席卷罗马大地。^大火如巨龙挣脱束缚，怒焰翻腾，^吞噬了这座古城的心脏。^^^^午夜长空，烈焰狂舞，^一城梦想化作烟尘与绝望。^罗马，曾经宏伟而骄傲，^在火焰的裹尸布下化为灰烬。
menu_fire_of_rome_2|你离开那里，漫步罗马街头，心想如今有这么多钱，日子也不算坏。随后，你闻到了什么。烟。烟！有烟就有火！周围突然乱作一团，人们开始尖叫、奔逃。你这才意识到，罗马着火了！^^你试图从混乱中杀出一条路，却遭到劫掠者攻击，他们正趁机洗劫房屋。
menu_nero_event_new|一名仆人把姑娘带来。她看起来很年轻，却既不怕你，也不怕守卫。交谈几句后，你发现她是基督徒，虔诚地信奉教义，想要保持贞洁，直到嫁给另一位谦卑的基督徒男子。她宁死也不愿婚前与人发生关系。^^她确实十分美丽，卖掉她能换来不少钱……
menu_nero_event_01|尼禄干预！^^一桩丑闻震动永恒之城罗马。一名元老，也是凯撒尼禄的密友，强奸了意大利最富有的地主之一的女儿。地主将此事诉诸法庭，但尼禄干预并叫停审判。地主与几位元老对此十分愤怒。全罗马都在议论。你打算怎么做？
menu_nero_event_02|离奇死亡！^^流言传遍永恒之城罗马。^一名元老在演说中猛烈批评尼禄，次日便离奇身亡。罗马人纷纷议论他的死因。有人说元首下令暗杀，也有人说只是一桩普通抢劫。流言在罗马四起。你打算怎么做？
menu_nero_event_03|令人不快的艺术！^^流言传遍永恒之城罗马。^诗人{s30}创作了{s31}^凯撒·奥古斯都厌恶此作，禁止发表。
menu_nero_event_04|谁是继承人？^^尼禄至今没有继承人，罗马上流社会因此纷纷猜测继承者会是谁，流言甚嚣尘上。也有人说，尼禄不指定继承人，只因为还在等待一个始终未能降生的儿子。人们开始怀疑尼禄也许不能生育。
menu_nero_event_05|建筑贪腐！^^凯撒·奥古斯都下令修建一座新的{s31}。传言说，负责官员中饱私囊，用劣质材料施工。此人购入了罗马附近一座别墅，更让传言显得可信。元首尼禄对这些议论很愤怒，因为那名官员是他的远亲。
menu_nero_event_06|奥古斯塔的私情！^^关于奥古斯塔的流言传遍罗马！{s31}
mno_answere_1_emperor|哈，我的妻子{s20}真是头猪！
mno_answere_3_emperor|谁敢攻击我的妻子！惩罚滋事者！
menu_spouse_vaste|配偶开销^^财务官来信通知你，你的妻子已经{s31}。
menu_event_camp_follower_1|女性同伴^^你得知，一群女人和寡妇听闻你的声名与仁慈，希望加入你。
mno_choice_9_1nor|欢迎她们。
mno_choice_9_2nor|我不需要她们。
mno_choice_9_3nor|杀了她们。肯定能抢到不少东西。
menu_event_camp_follower_2|随军妇女^^你得知，一些女人有意加入随军队伍。
mno_choice_10_1nor|欢迎她们。
mno_choice_10_2nor|我不需要更多张嘴吃饭。
menu_event_camp_follower_3|快乐寡妇加入^^你得知，一群快乐的寡妇和娼妓想加入你。她们听说你善待女人，对她们的“工作”给出的报酬也很公道。
mno_choice_11_1no|欢迎她们。
mno_choice_11_2no|我不需要更多人。
menu_india_event_1|初识贸易^^一天，你遇到一支小商队。队中众人显然远离家乡。长途跋涉使牲畜疲惫、行装破旧。他们相貌异域，只会说生硬的拉丁语。^询问后，你得知他们是来自东方贵霜帝国的商人。得到元首的关注，令他们喜出望外，纷纷展示货物，夸耀精美的织物与染料。你们一同用餐，他们用异域香料巧妙调味。商人们欣然留下部分货物作为礼物，最后又送上一颗琥珀色与黑色条纹相间、形似大鸡蛋的宝石。他们称它为虎眼石，看起来也确实像虎眼。^看来，与贵霜贸易能为帝国带来有趣的奢侈品。也许可以找罗马奥古斯都宫里的贵霜使节商议此事。
menu_india_event_2|海上竞争^^非洲之角附近，你的海上贸易越来越频繁地遭到海盗袭击。传言说，庞大的贸易船队挤走了亚丁原有的海商，一些人失去生计，便转向犯罪。
menu_india_event_3|凭灵石航海^^最近一支前往贵霜的商队带回传闻：在贵霜以东更遥远的国度，人们掌握先进的航海方法。据说，他们使用蕴含精灵的石头，保护船只，指引茫茫大海中的航向。也许我们可以前往那片土地，购买这种石头，向当地最优秀的航海家学习。派一支小型船队应该足够，整备费用为100,000第纳尔。
menu_india_event_4|扩展海上贸易^^最近一次海上远征抵达贵霜之外的海岸，并购得指导航行的灵石。显然，罗马航海者可以开辟更远的商路。这需要大规模扩建舰队，耗资1,000,000第纳尔，途中仍须以贵霜港口为中转，但能扩大海上贸易规模。
menu_exploration_event_1|盛大展览^^你派出的众多探险队绘制了帝国南方与东方大片土地的地图，并将无数奇珍异物带回罗马。每一件都曾引起轰动，提升你的声望，但人们终究又转而关注别的新闻。或许该举办一场盛大的庆典，将所有发现汇集展出，让平民大开眼界，也让他们重新想起你的功绩。
menu_exploration_event_2|窃蚕大计^^你的探险者一路抵达汉帝国，并带回了当地制作丝绸的详细记录。这种柔滑奢华的织物在罗马及各行省都备受追捧，价格昂贵，若能在此生产，必将获利丰厚。然而，汉帝国对产丝的蚕管制极严，任何企图将其运出国境的人都会被处死。^许多人曾试图偷走蚕和养蚕所需的桑树，却无人成功。不过，你能调动一个庞大帝国的资源，若决定一试，胜算倒是不小。^你要尝试吗？
menu_emperor_event_comet|灾厄之彗！^^一道火光划破夜空，从罗马帝国最繁华的城市到最偏远的村庄都清晰可见。彗尾如燃烧的长矛般明亮，令民众既惊恐又敬畏。罗马广场上传言四起，说它预示着诸神的震怒或某位凯撒的陨落。各行省的祭司争相解释它的含义，献祭以求消灾。^^你的宫廷意见不一。有人认为这是灾难将至的凶兆，也有人觉得不过是天象巧合。然而，百姓日益不安，这诡异的景象动摇了他们的信念。
menu_emperor_event_grain_supply|运粮船沉没！^^几艘驶往罗马的运粮船沉没了，城中面临饥荒的威胁。^{s25}
menu_emperor_event_superbus|窃贼阿瓦里提娅^^在每日汇报罗马城治安状况时，一位顾问以一则奇闻结束了报告。他开口时颇为迟疑，似乎不知提起此事是否妥当。^“神圣的凯撒，请原谅我用这等琐事打扰您，不过您也许会感兴趣。^几天前在城中市场抓获的一名窃贼声称是您的旧识。我们通常当然不会理睬这种说辞，毕竟罪犯落网后什么胡话都说得出来。然而，她自愿接受拷问，忍受了三天的酷刑后仍坚持自己的说法。^凯撒，我们认为她所言或许有那么一丝可能属实。^她说自己叫阿瓦里提娅（Avaritia）。大人，您愿意见她吗？”
menu_emperor_event_latrones|拉特隆棋^^拉特隆棋是罗马流行的一种双人战术棋，在方格棋盘上对弈，以己方棋子夹击并消灭对手棋子为目标。与战场一样，获胜需要谋略、才智和经验。人们常在公园与酒馆下棋，但棋盘大小所限，只有围在桌旁的少数观众能看清棋局。^^一位主持并资助罗马年度拉特隆棋大赛的小贵族想改变这一点。他拟议将今年的决赛移至城中的大竞技场，在地上画出巨大的棋盘，以活生生的角斗士充当棋子，由罗马最优秀的两位棋手指挥。依照规则，当两名同阵营角斗士夹住一名对手时，就将其杀死。^^这位贵族希望借助观众喜爱的血腥竞技来增加棋赛的吸引力。他请求你的许可与资助。
menu_emperor_event_purge_nero|让人们忘掉他！^^整个上午你都在会见顾问，他们提到前任元首的次数实在太多了。“{s40}是这样处理这个问题的……”“{s40}在这方面给我们打下了良好基础……”“{s40}派了一支使团前往……”“{s40}曾禁止……”诸如此类的话不绝于耳，简直令人恼火！^穿行罗马街头，你不禁注意到，人们日常生活中仍有多少东西印着{s40}的名字或形象。{s40}的雕像俯瞰着一处小市场。竞技场的演员讲着{s40}的笑话。柱子上刻着{s40}的肖像。风月场所门前欢笑的寡妇招徕路人，保证让他们同时体会到{s40}和卡利古拉的享受。就连那个收到一枚闪亮钱币、笑逐颜开的穷乞丐，目光也落在钱币上的{s40}面孔上。^若初来乍到的访客误以为{s40}仍是凯撒·奥古斯都、罗马元首，也实在情有可原。你是否该采取些措施？
mno_answere_5|以上措施全部实施，并宣布任何提及他名字的行为都构成叛国。
menu_emperor_event_00|忒斯提娅·多米提娅^^你宫中的一名女奴似乎颇不寻常。她不像寻常街头出身的奴隶那样举止粗俗，而是知书达理，言行更像罗马贵族。你还注意到她相当腼腆，神情忧郁，却总谦卑地完成你交代的一切事务。你决定向一位廷臣打听她的身世。廷臣说，这名年轻女奴曾是多米提乌斯家族的一员，但在你前任统治期间，她的家族失去了元首的宠信。前任指控家主叛国，下令处死了家族中大多数尚在人世的成员，只有她以及少数隐瞒了亲属关系的人幸免。他将她贬为自己的奴隶，留在奥古斯都宫服役。此事曾在帝国引发轩然大波，也激起人们对你前任的强烈怨恨。
menu_emperor_event_fake_nero|尼禄还活着？^^尼禄仍在人世的传闻四处流传！一个长得像尼禄、又精通里拉琴的人正召集追随者，主要是逃兵和强盗。他似乎获得了许多穷人的拥护。所幸，各地总督与军团长似乎都没把他当回事。
menu_emperor_event_fake_nero_2|尼禄重生！^^昨天，自称尼禄的人率领逃兵组成的军队，袭击了奥古斯都陵墓以及罗马附近的几处皇室产业，声称要夺回理应属于自己的一切！驻军迎击并杀死了许多叛军，但他本人逃脱，退往撒丁岛附近的基特诺斯岛。你最好亲自前往该岛，了结此事。
menu_emperor_event_01|海岛^^你听说老凯撒克劳狄乌斯在意大利半岛附近有一座岛。他在岛上建有宫殿，里面满是赤身裸体、跑来跑去玩耍的年轻男女。他曾在那里举办许多宴会。^那一定是个享乐的好地方。然而你没有这样的岛，只有臭气熏天的罗马城里那座小小的宫殿。
menu_emperor_event_02|冥界^^昨夜，你最美丽的女奴之一去世了。她从楼梯上摔下来，折断了脖子。今天你想起，冥界入口就在西西里的埃特纳山。^身为诸神之子，你可以试着将她从冥界带回来。
menu_emperor_event_03|死亡^^无论走到哪里，总有人死去！你经常见到人们以各种方式死亡。有人死于疾病，有人死于暴力。奴隶会因惩罚过重而死，元老会遭人谋杀，诸如此类。^你也终有一死！
menu_emperor_event_04|游船^^昨夜你做了一个梦。梦里你乘坐一艘满载迷人年轻女子的宴游船，游历整个帝国，日夜欢宴。这个念头在你脑中挥之不去。^你要怎么做？
menu_emperor_event_05|音乐^^你一直梦想成为著名的音乐家，不是吗？可惜你的歌唱得不怎么样。如今你已被称为凯撒·奥古斯都，终于有机会开创一番伟大的音乐事业。^你要怎么做？
menu_emperor_event_05_coins|钱币^^每位元首都曾将自己的肖像铸在钱币上，让每个公民都知道统治者的模样。^你的顾问询问你是否要发行印有你肖像的新币。只需花费200,000第纳尔，就能提高你的名望。即使到了后世，人们也会看到这些钱币，知道你是谁。
menu_emperor_event_06|亚历山大大帝！^^你正与一位美丽的女廷臣共度时光。她说你固然伟大，但亚历山大大帝更伟大，因为他征服了整个世界！^你回答：
menu_emperor_event_07|宴会时间^^你终于有时间享受生活了！^今天你在宫中举办一场小型宴会。^你要怎么做？
menu_emperor_event_08|意外^^早餐时，一名奴隶绊了一跤，打碎了几件昂贵的餐具。奴隶哭了起来，为自己的过失连声道歉。
menu_emperor_event_09|哲学^^昨天你与一位希腊哲学家谈论生死。他指出世上并无神灵，而你当然也不是神。他说，宗教是上层阶级用来控制下层民众的工具。
menu_emperor_event_10|诱惑^^你走过宫殿，看见了这个美丽的人儿。她光彩照人地站在你面前。这朵鲜花是你的一名女奴。她怯生生地问：^“神圣的凯撒，有什么可以为您效劳的吗？”^你回答：
mno_fuck|姑娘，跟我进房间，我们好好快活一番！
menu_emperor_event_11|鲜花^^你与一位宠爱的女廷臣漫步于美丽的花园。她轻轻碰了碰你，微笑着说：“鲜花，鲜花，我要到处都是鲜花！它们太美了。把整座宫殿都装点上鲜花吧！”^你回答：
menu_emperor_event_11_1|富有的麻烦制造者^^你听说一位富商正在罗马散播关于你的谣言，似乎还参与了其他针对你的阴谋。考虑到他的财力，最好在他真正损害你的事业之前，除掉这个麻烦制造者。
menu_emperor_event_12|神圣的闲暇^^当凯撒可真令人疲惫。每天都有几十个人来求你施恩或下令……如今你终于有了一点闲暇。^你要怎么做？
menu_emperor_event_13|元老之子^^一位元老前来拜见，说他有个深受宠爱的私生子，希望加入你的亲卫队。直接回绝一位贵族有失体面，你便答应见见那个年轻人。然而见面后，你发现他相貌平平，显然也不是从军的料。元老似乎愿意出10,000第纳尔来促成此事。面对这个胖乎乎、满脸堆笑的年轻人，你决定……
mno_choice_08_1n|允许他加入亲卫队，不收取任何钱财。
mno_choice_08_2n|收下钱，办成这桩交易。
mno_choice_08_3n|断然拒绝，既不收钱，也不提升士气。
menu_emperor_event_14|街头流浪儿^^在你返回宫殿途中，一个衣衫褴褛的小孩穿过了卫兵的队列。孩子走到你面前乞讨食物；卫兵不愿伤害一个孩子，迟疑着没有动手。
mno_choice_25_1|世道本就不公，什么也不给。
mno_choice_25_2|给男孩一把金币。
mno_choice_25_3|给男孩一袋金币。
menu_emperor_event_15|暴食^^过去四个月里，你不断与朋友大宴宾客，如今衣服似乎已经不太合身。你开始穿敞胸短袍，平日还不停吃着来自东方的美味水果。晚餐自然少不了香料调味、烤得恰到好处的乳猪。愿意满足你肉体欲望的男女也从不匮乏。然而，你的{s33}认为你已经到了某种临界点，建议你呼吸新鲜空气，规律锻炼并节制饮食。
mno_choice_05_1n|吃得更多，并换一位医生。
mno_choice_05_2n|前往阿格里帕浴场，一边享受沐浴，一边定期锻炼。
mno_choice_05_3n|只靠一碗碗豆子和扁豆度日。
menu_emperor_event_16|缝纫比赛^^你经过罗马一处似乎日渐衰败的郊区。为振兴当地，你宣布资助一场面向本地妇女的缝纫与刺绣比赛，重赏能做出最鲜艳、最时髦而又不失男子气概的新短袍的人。
mno_choice_34_1|慷慨奖赏当地居民。宣布最漂亮的姑娘获胜，并邀她共进晚餐。（花费：2,500第纳尔）
mno_choice_34_2|斥责地方官没有认真对待此事，声称这些破布连洗碗布都不配当。
mno_choice_34_3|收下送来的各色短袍，并称赞地方官。（花费：1,000第纳尔）
menu_emperor_event_17|阿庇亚大道^^你沿阿庇亚大道散步，探访沿途众多墓葬。随后你发现一座美丽的陵墓，比其他陵墓更为雅致。但岁月已留下痕迹：几处铭文与浮雕遭到损坏。
mno_choice_32_1|洗劫这座陵墓！
mno_choice_32_2|出资立一块新墓碑。（20,000第纳尔）
mno_choice_32_3|修整墓地，并致以敬意。
menu_emperor_event_18|穷困的元老^^几位支持你的元老在宫中拜见你，提出了一个小小的请求：他们似乎欠了一位富商200,000第纳尔，却无力偿还。商人威胁说，若他们不还钱，就将他们告上法庭！元老们希望你能帮忙解决此事。
mno_choice_24_1|我不会帮这些蠢货。
mno_choice_24_2|我会自掏腰包替他们还债。（花费：200,000第纳尔）
mno_choice_24_3|我会命令禁卫军监视那个商人，一旦他犯错，就将他关进监狱。
menu_emperor_event_19|哀悼日^^一位重要官员请求觐见。他自称来自奥斯提亚的使者，随即告诉你，一位有影响力的人士已于{s2}去世。他的家人请求你同意在奥斯提亚宣布一个官方哀悼日，以纪念死者。你……
mno_choice_08_1|同意这一请求。（花费：5,000第纳尔）
mno_choice_08_2|拒绝这一请求。
menu_emperor_event_20|可恶的乞丐^^每当你走在罗马街头，行列周围总是围满乞丐。他们时而挡住去路，时而咄咄逼人地乞讨。久而久之，实在令人厌烦。或许你该做些什么？
menu_emperor_event_21|迷人的廷臣^^你需要出席许多罗马上流社会聚集的社交场合。其中不少人都是极为宜人的伴侣：身体健康，衣饰华贵，珠宝与妆容精致，整日专心琢磨如何使自己更具魅力。你发现自己被其中一些人吸引了。
menu_emperor_event_22|向富人下手^^一位罗马贵族因密谋反对你，被依法判处叛国罪。此人已经处决，但他留下的大笔财产尚待处置。
menu_emperor_event_23|太放肆了！^^一名喜剧演员正在你与一群罗马上流人士面前表演。他还算有趣，却并无过人之处。见观众反应平平，他的笑话愈发大胆，最后讲了一个关于你的段子，恐怕越过了界限。笑话确实好笑，但人群骤然安静下来，落针可闻。你命令演员走上前来，他浑身发抖地照办了，屋内的气氛愈发紧张。
menu_emperor_event_24|维斯塔贞女^^经过三十年的虔诚侍奉，维斯塔贞女{s19}——{s21}的一位远房表亲——完成了神圣职责，如今可以自由离开神庙。身为凯撒，你必须决定她的命运。你会赐予她丰厚的嫁妆，嘉奖她多年始终不渝的奉献，还是拒绝这份馈赠，让她身无分文地重返尘世？
menu_emperor_event_25|家族衰落^^曾经富足的普皮乌斯家族如今境况艰难，已无力维持骑士阶层身份所要求的财产，眼看就要失去地位。身为凯撒，你有权介入。你会提供所需资金，帮助他们保住身份，还是任由他们独自面对命运？他们至少需要250,000第纳尔才能保住地位。
menu_emperor_event_26|贪婪的国家^^住在小亚细亚某座城镇的富有女子{s19}去世，没有留下遗嘱。她价值200,000第纳尔的大笔遗产该如何处置，成了法律问题。由于财产数额巨大，又没有明确继承人，此事交由罗马元老院裁决。元老院决定依法将遗产收归国有。然而，{s21}请你介入，把钱赠予他的家族。{s19}曾是他家族的一名获释奴隶。
menu_event_jerusalem_1|朝圣拥堵^^耶路撒冷的大圣殿是犹太信仰的中心，信徒从犹太各地前来祈祷。^耶路撒冷总督{s40}颁布法令，限制入城朝圣者的数量，以免道路拥堵。^许多犹太人对此愤怒不已，拿起武器反抗当地驻军。
menu_event_jerusalem_2|又一位弥赛亚^^几个世纪前，犹太先知曾预言，一位救世主将降临，为世界带来永恒的和平。^多数犹太人相信，这位救世主是一位君王，将把耶路撒冷与以色列人民从异族占领下解放出来。^因此，数十名小军阀在犹太各地活动，自称是耶路撒冷真正的君王。
menu_event_jerusalem_3|腐败的祭司^^由于犹太局势动荡，耶路撒冷总督{s40}请求大祭司们支持他。^其中一些人接受了提议，开始在布道时支持异族统治。^部分犹太人对此十分愤怒，斥责大祭司们是叛徒；但也有些人可能因此重新考虑是否加入叛军。希望此举能稳定当地局势。
menu_event_jerusalem_4|犹太大起义！^^耶路撒冷总督{s40}怀疑，大多数犹太居民都没有纳税。其实，更可能是{s40}自己吞掉了那些税款。然而，总督仍下令没收圣殿宝库中的金银，以抵偿缺失的税收。^这一举动造成了灾难性的后果：^大多数犹太人拿起了武器。这已不是普通的城镇骚乱，而是公开叛乱！^他们轻而易举地杀光了耶路撒冷驻军！^^犹太大起义爆发了。
menu_event_tax_to_high|抗税骚乱！^^高额税赋与税吏贪污的传闻，近期在一些城镇引发了骚乱和起义。闹事者要求减税。
menu_event_temple|为你修建神庙^^{s25}的居民派来使者，请求准许修建一座尊奉你的神庙。你可以接受或拒绝。若接受，无须承担额外费用，他们将自行出资修建。
menu_event_corruption|{s40}总督{s44}被指控侵吞税款、征收重贡以盘剥百姓，并滥用职权。他对{s40}犯下的罪行罄竹难书，当地民众都反对他。^^一位当地律师借此机会起草请愿书，请求元首出手相助。^^若你未能妥善回应，恐怕会引发叛乱与农民起义。
mno_i_will|我会亲自与{s44}谈谈。
menu_trial_guilty|由于你未按时出席庭审，法庭已作出缺席判决：有罪。因此，你现有的一切官职与头衔即刻剥夺。此外，因藐视法庭及原有罪名，判处你缴纳{reg33}第纳尔罚款。
mno_accept_judgment_and_consequences|承认判决并承担后果。
menu_event_corruption_2|财务异常^^一位顾问报告了帝国财政中的一处异常。{s45}的{s44}送往罗马的钱款，似乎远少于顾问们认为应缴的数额。这类争议并不罕见，帝国派员审查该地账目，通常便能查明事实。然而这次，据说许多原始文书都由{s44}亲自保管，而他恰好正在外出征战，无法查阅。^^与{s44}当前的关系：{reg44}
menu_corruption_2_result2|你遣退顾问，暗自决定在旅途中找到{s44}，出其不意地索取文书。不过你必须动作迅速。无论如何保密，风声总会传出去，只要时间足够，一切证据必然消失。
menu_corrupt_provincial|倔强的地方贵族^^元老院已对{s40}行省{s44}的富有权贵{s12}提起审判。此人竟狂妄地声称，是否应当向罗马及其总督表达感激，应由他自己决定。这番话被广泛视为对罗马及其公民的严重侮辱，令元老院震怒。{s12}在{s40}民众中深受敬重，他们正请求你行使执政官的否决权，终止审判。另一方面，元老们坚持认为，评判官员政绩必须是罗马元老院独享的权力，不应受到行省派系不当的干预或施压。^^你面临艰难抉择：否决决议，损害自己在元老院的地位；或是冒着激怒{s40}当地民众的风险，任审判继续。
menu_miss_managment|治理失当^^你接到报告，{s40}总督{s44}对职权的滥用已使百姓穷困潦倒。他似乎并非存心中饱私囊，而是根本无法胜任，连最简单的事情都会办砸！
menu_imperial_duties|请愿书^^每个罗马公民，甚至外邦人，都有权向凯撒·奥古斯都提交请愿书。元首应在律师协助下回复这些请愿。^如今你该前往罗马处理此事了。
menu_libelli_event_1|官署扩张^^由于请愿书大量涌入，请愿署长请求拨款，增聘人手。^他强调，此事十分重要，否则无法回复所有请愿。
menu_libelli_event_2|制度衰败^^在某些方面，请愿制度起着最高法庭的作用，让人们能够申诉官员滥用职权。^它也让历任凯撒更有效地控制帝国。^但你解散了这一机构。如今人们正逐渐失去对你的信任。
menu_germania_conquered|你征服了日耳曼尼亚！你为罗马士兵在条顿堡森林遭受的耻辱屠杀报了仇，完成了前人未竟的伟业，降服了热爱自由的日耳曼人。你获得“日耳曼尼库斯”的荣名，并得到多纳尔的黄金战棒。
menu_britannia_conquered|你征服了不列颠尼亚！这座岛屿如今属于罗马帝国。你获得“不列颠尼库斯”的荣名，并得到一支黄金卡尔尼克斯战号。^^前往罗马举行凯旋式！
menu_dacia_conquered|你征服了达契亚！这片土地如今属于罗马帝国。你获得“达契库斯”的荣名，并得到盖塔人的宝藏。^^前往罗马举行凯旋式！
menu_mesopotamia_conquered|你征服了美索不达米亚！这片位于幼发拉底河与底格里斯河之间的沃土如今属于罗马帝国。你获得“帕提库斯”的荣名，并得到沙阿的王冠。^^前往罗马举行凯旋式！
menu_ad_mortem|你在罗马附近散步。阳光轻柔地拂过脸庞，远处有一对恋人相依而坐。没有鸟鸣，没有风声，万籁俱寂……
menu_age|新的一年到来了！^^伟大的死亡伫立眼前，^将我们的命运静握掌间。^当我们骄傲而欢欣地举起生命的红酒，^畅饮那神秘闪耀的杯盏，^当狂喜跃遍我们的全身，^死亡低头垂泪。
mno_build_camp|是，建立一座永久营地。（{reg7}第纳尔）
mno_camp_cancel|返回。
menu_player_camp|你抵达了自己的营地，这里由{s3}指挥。你想做什么？
mno_camp_manage|管理营地。
menu_remember|你的承诺^一名信使带来了禁卫军长官的信：^^{playername}：^如今你已是凯撒·奥古斯都、罗马元首，我想提醒你，不要忘记对我许下的承诺。^我知道你重信守诺，必会尽一切努力履行诺言。^忠诚的凯索·弗拉维乌斯敬上！
menu_remember2|你的承诺^一名信使带来了禁卫军长官的信：^^{playername}：^我知道凯撒公务繁忙，治理帝国绝非易事。^然而许多天过去了，你仍未履行诺言。看在我们友谊的分上，^我恳请你信守承诺。^满怀希望的凯索·弗拉维乌斯敬上！
menu_persecution|迫害^^临近城镇时，你看到了十字架。起初你不明白发生了什么，只是站在那里，看着那些被钉在十字架上的人。^人类孤独无依，明日死神便将如收割谷物般收割众生。^^你看见数百名暴民，正向一位带着孩子的妇人投掷腐烂食物。有人高喊：“这些基督徒都是软弱的绵羊！就该像牲畜一样宰掉！”暴民们齐声怒吼。
mno_answer_2|宗教狂热是人类的毒瘤。
mno_answer_3|我应该帮助她。
menu_speech|你走近暴民，高喊：“安静！放过那个可怜的女人！”^你爬上一块石头，继续说道：^“你们为什么要这样做？人为何总要如此残忍！她和你们一样，一无所有。你们谁又拥有什么呢？^你们与她只有一个区别：她信奉另一个神！那又怎样？有什么问题？可曾有哪位神为你们做过什么？^你们有谁见过神为人类的福祉做事？信一个神还是几个神，有什么区别？根本没有区别！^现实是，你们都很穷。就是这样！这才是真正要紧的事！你们都受着富人的剥削，不该再自相残杀。^你们应该互相帮助。没有什么更高的存在会来相助，也没有神会赐予你们什么。你们必须自救。而这只有在一种情况下才有可能：^^团结起来！”
mno_reaction|看看暴民如何回应。
menu_reaction_mob|演说时，没有人动弹，所有人都注视着你。只有那个带孩子的妇人趁机迅速逃走。^你喊出最后一句话后，四周一片寂静，连鸟儿都停止了鸣叫。你环顾四周，仔细打量人群。^有的人低头看着脚边，有的人直勾勾地盯着你，还有些妇人在哭泣。随后，你看见一个男人向你扔来石头，砸中了你的手臂……^^你决定……
menu_caputred_by_mob|你倒在地上，暴民围拢过来，吼声震耳欲聋。石块如雨点般砸在你身上，每一击都带来新的剧痛。整个世界化作一片模糊的暴力与痛苦……
menu_library_alexandria|全世界的知识都汇集于此，在高墙之内受到妥善保护。^^你可以从图书馆购买书籍抄本。
menu_temple_jerusalem_story_decide|你要征收贡赋吗？队伍中至少需要50名未受伤的士兵，而且你自己也不应负伤！
menu_temple_jerusalem_story|你率领士兵进入外邦人院。这是圣殿的主庭院，向所有信仰的人开放。商贩们出售各式货物，从食物到昂贵的纪念品，应有尽有。随后你看到了钱币兑换商。他们为每日涌入圣殿的朝圣者兑换货币，日子过得颇为滋润。从耳边纷杂的外语判断，朝圣者似乎来自帝国各个角落。你看到了形形色色的人，从衣衫褴褛的穷乞丐到盛装华服的贵妇。唯有炽热的信仰，是他们共同拥有的东西。^^终于，你向一名祭司说明来意，告诉他你奉凯撒尼禄之命，前来与大祭司们商议重要政务。他鞠躬请你稍候，前去安排会见。等候时，你再次环视人群。烈日灼人，院中的空气渐渐混杂成一片异味：烂鱼的气味掺着香料，穷人的臭汗混着贵妇的香水。^^祭司回来，请你随他前往。大祭司们正等候元首的使节。你带着两名士兵走进大厅。
menu_temple_jerusalem_story_loot_1|你的士兵撞开通往内院的大门。其他朝圣者惊叫起来，场面顿时大乱。你命令部分士兵守住入口，自己率其余人冲入内院，将祭司拘禁。随后士兵撞开圣所大门，开始洗劫，将所有财宝搬出圣殿。^半小时后，一名士兵报告已无物可掠。你下令撤离圣殿，却很快被一群愤怒的暴民拦住。他们边骂边向你逼近。现在必须战斗了！
menu_temple_jerusalem_story_loot_2|你击败暴民，离开城市，来到耶路撒冷附近的一座山上，稍事休息并清点掠来的财宝：一张配有箭矢、如雷暴般强劲的弓，你将它命名为“雷霆”；一座巨大的黄金七枝灯台；金银锭、珠宝、天鹅绒织物和精美地毯。此外，你还掠得价值150,000第纳尔的贵重物品。^^一名士兵打断了你，说有一位女子正在等候。一定是安东尼娅。
menu_temple_jerusalem_story_loot_end|你收拢战利品，向{s22}撤退。一支庞大的犹太军队正在{s23}附近集结，你暂时最好避开他们。^^如今该设法取得奥托、维特里乌斯、加尔巴或韦斯帕芗其中一人的信任了。
menu_temple_jerusalem|你看见了大圣殿，犹太人称其为“第二圣殿”。他们的第一座圣殿已于数百年前被毁。^^四处走动时，你看见许多人在困境中通过宗教寻求真理与庇护。^但你也看到了叫卖商品的商贩。^^外院向朝圣者开放，内院则供祭司使用。只有在赎罪日，大祭司才获准进入圣所。
menu_loot_temple|你与士兵们在圣殿前集合。你确定要洗劫这座犹太信仰中心的大圣殿吗？务必考虑后果！
menu_temple_looted|你将几辆货车带到圣殿前，命令一些士兵留守，再让其余人跟上。计划是进入圣殿，杀死所有祭司，将战利品搬上车，然后尽快离开耶路撒冷！
menu_loot_final|为免引人怀疑，士兵们在铠甲外罩上朝圣者衣服。你们混入朝圣人流，进入外院，随后撞开通往内院的大门。其他朝圣者惊叫起来，场面顿时大乱。^你命令一些士兵守住内院入口，自己率其余人冲入内院，杀死眼前的每一名祭司。随后士兵撞开圣所大门，开始肆意洗劫。^^你与士兵们将所有财宝搬出圣殿，装上货车。^^半小时后，一名士兵报告已无物可掠。你命令押车士兵扮作朝圣者离开耶路撒冷。货车从正门驶离圣殿山时，你看见一群愤怒的暴民边骂边向你逼近。^现在不战便是死！
menu_great_jewish_reolt_start|击败暴民后，你迅速离开圣殿山。必须尽快逃出耶路撒冷。{s20}
menu_loot_final2|现在来看看士兵们掠得了什么：^^一张配有箭矢、如雷暴般强劲的弓，你将它命名为“雷霆”^^一座黄金七枝灯台^^黄金、金币^^珠宝^^天鹅绒织物与精美地毯^^银锭^^此外，你还掠得价值150,000第纳尔的珍贵器物。
menu_death_waits|死亡在等待^^你疲倦极了，闭上双眼，沉沉睡去。^^忽然，你听见一个甜美的声音。她轻声说：^^“醒醒，{playername}。我来了。”^^你睁开眼睛。一位美丽的姑娘站在面前，是你平生所见最美的人。^^“你想要什么？”你问。^^^“你的生命！”她答道，“你要跟我走，{playername}。”^^她靠近你，你闻到了她的气息，如千朵鲜花般诱人。她的身形令你想起起伏的丘陵，肌肤白得像盛开的樱花林。^金色的秀发如太阳，映着她天蓝色的双眸。还有她的微笑……^^但有些不对。她太香了，太白了，头发太金，眼睛太蓝。^她伸手轻抚你的脸，手掌柔软得如同云朵。^^^“跟我来，{playername}。”^^她向你伸出手。
menu_death|走向死亡……^^^^“最后再看一眼这世界的美吧。戏已落幕，鼓掌吧！”她说。
menu_finall_judgment|美丽的姑娘突然消失了。一股难以形容的恶臭袭来。死亡。痛苦。^^这就是你所得的一切！^^你会得到救赎吗？^^你曾瞥见世间的壮丽，却一事无成。^^你从尘土中来，终将归于尘土。
menu_extra_wage|你想给他们多少？
menu_forest|低垂的寒雾缠绕树木，即使正午也不肯散去。古老紫杉的枝桠扭曲而光秃，宛如骷髅手指，抓向灰暗的天空。一种异常的寂静笼罩四周，没有鸟鸣，没有走兽窸窣，只有你自己的呼吸声。你清晰地感到一阵刺人的寒意，仿佛林间深不可测的阴影中，有无形的眼睛正在注视你。
menu_pyramids|很热，热得难以忍受。远处矗立着巨大的石造建筑。
menu_vally_of_kings|这座山谷位于尼罗河西岸，与底比斯隔河相望。许多法老长眠于此，传说墓中堆满财宝，因此无数盗墓者前来碰运气。但传说也说，任何惊扰法老木乃伊的人都会遭到诅咒！当心，据说凡进入陵墓者，无一生还……
menu_hanging_gardens|在巴比伦古城废墟后方，你发现一座长满各种植物的宏大宫殿。这一定就是传说中塞米拉米斯的空中花园。
menu_census|人口普查！^^你收到了一份人口普查报告：^^罗马帝国共有{reg23}户居民。^城镇总人口为{reg22}户，共有{reg42}座城镇。^村庄总人口为{reg20}户，共有{reg40}座村庄。^堡垒总人口为{reg21}户，共有{reg41}座堡垒。^最大的城镇是罗马，约有{reg45}户居民。^^这些数据将帮助税吏提高征税效率，你很快就会看到成效。
menu_berserker_recruit_2troop|有两名狂战士可以加入你。
mno_acept_thempa|欢迎他们！
mno_back_to_town_menupa|返回。
menu_berserker_recruit_troop|有一名狂战士可以加入你。
mno_acept_thempa2|欢迎他！
mno_back_to_town_menupa2|返回。
menu_nonberserker_avaiable_troop|狂战士们不愿加入你。
menu_nonberserker_renown_low|你看起来像个乞丐，实在不像值得追随的领袖。需要更高声望（大于150），狂战士才会加入队伍。
menu_saquear_paganholysite_lost|你战败了，士兵们正在撤退。你的神并不眷顾你！
menu_saquear_paganholysite|鲜血与财宝。那些较少顾忌的士兵涌向{s3}，杀死沿途所有人，掠夺当地财富。火焰与死亡肆虐各处。你掠得的战利品价值{reg3}第纳尔。
menu_gwenny_1|受惊的渡鸦！^^士兵们短暂停歇，吃喝休息，你则独自散步。欣赏了一阵自然美景后，你来到一片小树林。忽然，你听见声响，抬头看见渡鸦在空中飞翔。你试着数清它们，却实在太多，足有数百只，甚至更多！它们飞得极快，仿佛正在逃离什么。^你转过身，发现格温维法（Gwenhwyfar）站在身旁，仔细地注视着你。她正微笑着。
menu_gwenny_2|死鱼！^^旅途劳顿，你和士兵们找到一条河，准备歇息。你走到水边想喝水，却发现河里漂满死鱼。你立刻命令任何人都不许饮用河水！^^士兵们去寻找另一处水源，你仍站在原地凝视死鱼。是什么杀死了它们？^^当你转身准备回去时，格温维法站在身后，对你微笑。“你为什么总是盯着我？”你问。“抱歉，我刚才在想事情。我不会再盯着您看了，我发誓！”她说。
menu_gwenny_3|尸体！^^士兵们在疲惫的行军后稍作休息，你觉得不妨探索一下周围。^^你四处走动，来到一片森林，穿过灌木后发现几具吊在树上的尸体。你走近细看，觉得他们死去不过几个小时。你开始思索是谁杀了他们。几分钟后，你转身想回到士兵身边，却发现格温维法站在不远处的山丘上……她在看你吗？
menu_gwenny_4|湖泊！^^旅途中，你们经过一座小湖。它静卧在金色阳光下，四周环绕着山丘、树林和无数鲜花。你命令队伍稍作休息，又给格温维法安排了几件事，比如缝制一件新短袍。^^你向湖边走去。这里真美，湖水清澈，阳光轻柔地拂过你的脸。^过了一会儿，你看见一条鱼在小水洼里游动。它是怎么进去的？水洼离湖还有好几英尺。你站在水洼前思索，忽然觉得有人在看着自己。格温维法就在身后，我敢肯定！你猛地转身，却空无一人。你环顾四周，仍然没有人！^^你回到队伍旁，发现格温维法正坐在一名军官身边，一边愉快地闲聊，一边缝制短袍。
menu_gwenny_5|噩梦！^^自从上次与格温维法有关的怪事后，你便睡不安稳，饱受噩梦折磨。每次惊醒都浑身冷汗，却始终记不起梦境，无法找出噩梦的根源。唯一说得通的原因便是格温维法。可是世上并没有鬼魂、恶魔或怪物……
menu_gwenny_6|不眠之夜^^噩梦愈演愈烈，痛苦不堪！你再也睡不着了，连吃饭也成了折磨。你总觉得格温维法正用那双眼睛盯着自己。^^然而她总在微笑，总是风趣。所有同伴与士兵都喜欢她。她不停采摘浆果，做饭、打扫，还为你和士兵们缝补衣服。她如此能干，你甚至想不起她加入之前的日子是什么样。^^但她在看着你！她肯定在看着你。如果世上……真有恶魔与鬼魂呢？她在看着你。
menu_running_race_one|你赢得了赛跑！一顶桂冠戴在你的头上。
menu_running_race_one_by_another|{s1}赢得了赛跑！一顶桂冠戴在他的头上。
menu_throwing_one|你获胜了！一顶桂冠戴在你的头上。
menu_throwing_one_by_another|你输了。{s1}获胜！一顶桂冠戴在他的头上。
menu_pygmachia_won|你击败了{s1}！观众为你的胜利欢呼。
menu_pygmachia_defeat|你输掉了比试，{s1}获胜。观众正与对手庆祝，医生则为你治疗伤势。
menu_olympia_give_up|你确定要放弃吗？你将输掉奥林匹克竞技会。
menu_games_over|奥林匹克竞技会结束了！^^{s11}被宣布为冠军！
menu_olympic_games|奥林匹克竞技会！^^奥林匹亚即将举办竞技会。若想参赛，就赶快动身！
menu_olympic_games_opening|奥林匹亚人头攒动，来自已知世界各地的人们汇聚于此，见证体育竞技的巅峰。为接待蜂拥而至的访客，管理者匆忙建起新宿舍、小型引水渠和公共厕所。新房的灰泥尚未干透，墙上已布满涂鸦，宣传从上等法勒努姆葡萄酒到能工巧匠服务的各类事物。^^你恰好赶上开幕仪式。你认出了走上前、向喧闹人群致辞的组织者欧斯塔库斯（Eystachus）：^“公民与旅人们！这一天终于到来了！未来几天，这片圣地将见证力量与技巧的最高较量！最优秀的运动员并非为黄金而战，而是为更伟大的事物：不朽的荣耀与神圣的橄榄冠！”^^你有决心与这些健将一较高下吗？竞技会持续一周，每天举行一个新项目。日程如下：^- 标枪^- 铁饼^战车赛^- 赛马^- 赛骡^- 赛跑（穿短袍）^- 重装赛跑（全副铠甲）^^赢得最多胜利、证明自身超群实力的运动员，将加冕为本届奥林匹克冠军！
menu_olympia_participants|参赛者如下：^{s21}
menu_competition_won|{s22} 下一项比赛将在一天后举行。在此期间，运动员可以休息。
menu_competition_fist_fighting|第一项是拳击，以双拳较量的技艺！^第{reg21}轮即将开始。你已击败此前的所有挑战者，但距离胜利仍有{reg22}名强敌。^^你目前已获胜{reg23}场。观众高呼着你的名字！^^{s22}
menu_competition_diaulos|第二项是双程赛跑，距离为体育场的两个全长。你将通过两场比赛与对手较量。只有初赛胜者才有资格参加决定最终奖赏的决赛冲刺。^^你正在准备第{reg21}轮。通往决赛的路上还有{reg22}名跑者。
menu_competition_hoplite|现在是第三项比赛：重装赛跑。这是对力量与耐力的严酷考验，你和对手都必须穿着沉重的重装步兵铠甲奔跑。^比赛分两场。你必须先击败同组对手，方能晋级决赛，与其他组的胜者角逐最终冠军。^^你正在准备第{reg21}轮。通往决赛的路上还有{reg22}名对手。
menu_competition_throwing|第四项是标枪，考验力量与精准。比赛分为两轮，只有首轮胜者才有资格进入决赛。^^现在是第{reg21}轮，距离决赛席位还有{reg22}名技艺娴熟的对手。
menu_competition_throwing_2|第五项是铁饼，考验力量与完美的动作。比赛分为两轮，只有首轮胜者才有资格在决赛中争夺桂冠。^^你即将参加第{reg21}轮。通往决赛的路上还有{reg22}名对手。
menu_competition_chariot|第六项是声势震天的战车赛！比赛分为两轮。你先要与一众娴熟的选手竞速，只有初赛胜者才有资格进入第二轮决赛，争夺冠军的桂冠。^^你正在准备第{reg21}轮。通往决赛的路上还有{reg22}辆敌车。驾驭好马匹，当心转弯，愿福尔图娜指引你的车轮！
menu_competition_chariot_skipped|第六项是战车赛！此项目需要WSE2。由于你未使用WSE2，本项将自动跳过。
menu_competition_horse|第七项是赛马！这场骑术考验分为两个阶段。首先你将参加预赛，只有各场预赛的胜者才有资格在决赛中相互挑战。^^你正在准备第{reg21}轮。有{reg22}名其他骑手与你并列起跑线。
menu_competition_mule|你即将迎来最后、也最光荣的项目：赛骡！这项传奇赛事真正考验骑手的技巧与骡子的倔强意志。比赛分为两场，先与一组挑战者竞速，获胜后才能晋级决赛，与其他胜者角逐最终冠军。^^你正在准备第{reg21}轮。通往下一阶段的路上还有{reg22}名对手。愿福尔图娜指引你的缰绳！
menu_olympia_remainging_opponents|剩余的对手如下：^{s21}
menu_olympia_over|尘埃落定，最后的比赛也已结束！奥林匹克竞技会迎来了闭幕。^现公布正式成绩：^^{s21}^^{s23}
menu_nero_disappears|你与尼禄及他的一小群追随者共度这一晚。他们都是出身贵族的年轻男女，为追求艺术与幸福而离开家族。他们都厌恶社会的规范与规则，觉得自己不被理解、与众不同，于是逃离社会，来到这片偏僻之地。^^夜渐渐深了。你欣赏着尼禄的艺术，享用简单却美味的食物，沉浸于氛围与交谈中。聚会逐渐散去，你也沉沉睡去。醒来时，尼禄与追随者们已经离开，只留下一封给你的信：^^“亲爱的{playername}，我知道不辞而别违背了诺言，但我必须如此。我的妻子背叛了我，罗马最好的朋友们也背叛了我。我再也无法相信罗马人。我想活着，不愿死去，因此必须确保再没有罗马人见到我。不必担心我会回来夺你的皇位，我不会。我将永远离开罗马世界。我、新婚妻子格雷西亚（Greecia）与追随者们，将踏上一场艺术的朝圣，目的地是极乐原野。愿你长寿，愿你统治公正。尼禄不会忘记你。”
menu_neros_death|尼禄之死！^^你砍下了尼禄的头颅，随后将其挑在长矛上，带往希腊各大城市示众，让人们知道尼禄已经死了。
menu_olympia|你抵达了奥林匹亚。这里每四年举行一次奥林匹克竞技会，下一届将在{reg24}天后举行。此地也是希腊人敬奉宙斯的圣地。
menu_holy_lance_caves|西奈山地崎岖，为战斗带来了额外的挑战。
menu_valley_of_elah|传说中大卫击败歌利亚的地方。这里曾是决定王国命运的战场，如今却只有静谧的尘土山丘与古老的笃耨香树，英雄往事渐渐化为记忆。^^据说，大卫的投石索就藏在山谷的某处。
menu_mount_olymp|你穿过古老森林，登上山顶，雄伟的奥林匹斯山随即展现在全景之中。皑皑雪峰沐浴着夕阳的暖光，傲立天际，散发神话般的魅力。山下遍布古老废墟与葱郁山谷，诱你踏上一场充满传说的冒险。决心在胸中涌起，你被这座名山吸引，准备揭开它传奇山坡上的谜团。
menu_delphi|你抵达了德尔斐。阿波罗的女祭司皮提娅在此预言未来。德尔斐是希腊最负盛名的地方之一，许多朝圣者前来探知自己的命运。
menu_pythia|你跟随吕科斯进入一个房间。片刻后，仆人牵来一只山羊，吕科斯向它身上洒水。^^{s30}
menu_pythia_2|山羊被献祭，并在祭坛上焚烧。随后吕科斯说：^^“德尔斐阿波罗的侍者，^前往卡斯塔利亚泉，^在银光闪烁的漩涡中沐浴，^洁净身心，重返神庙。^谨守双唇，勿以冒犯之言^回应求问神谕之人。^让神的答复传出，^纯净无私，无误无过。”^^现在你必须等候数小时，让皮提娅在卡斯塔利亚泉沐浴，并饮下卡索提斯的圣水。^^过了一段时间，吕科斯回来告诉你，可以向皮提娅求问了。
menu_pythia_leave|你在德尔斐附近一片鲜花草地上醒来，浑身赤裸，衣服散落四周。你完全记不起发生了什么，头痛得难以忍受。应该再去见她，问清究竟。
menu_hire_1|谁将继位？^^{s20}
menu_refugee_recruit_troops12|一些寡妇与孤儿愿意加入你，尝试开始新的生活。
mno_acept_themmo|雇用他们。（20第纳尔）
mno_back_to_town_menumo|返回。
menu_refugee_recruit_troops22|没有人愿意加入你。
menu_refugee_recruit_troops32|一些难民自愿追随你。
mno_acept_themmo2|雇用他们。（60第纳尔）
menu_refugee_recruit_troops42|一群共15名女子有意加入你。
mno_acept_themmo3|雇用她们。（500第纳尔）
menu_ferry_encounter|渡船船长愿收取{reg7}第纳尔，载你到对岸。
mno_sail_from_port|从港口启航。（至少需要15名船员）
menu_jetty_encounter|你发现了一处小型登陆点，水面上停着几艘船。
menu_port_encounter|你遇到了{s2}。{s3}
menu_landing_point_encounter|你要登陆吗？
mno_disembark_no|否。
menu_landet_ships_encounter|你要登船吗？
mno_reembark_no|否。
menu_landing_point_encounter_as_marshal|你目前担任元帅，正准备登陆。{s1} {s2}^^你要现在登陆，还是等候？
mno_disembark_yeslp|登陆。
mno_disembark_nolp|等候。
menu_landet_ships_encounter_as_marshal|你目前担任元帅，正准备登船。{s1} {s2}^^你要现在登船，还是等候？
mno_reembark_yesls|登船。
mno_reembark_nols|等候。
menu_event_alesia|阿莱西亚^^高卢罗马城镇阿莱西亚如今已鲜有迹象，能让人想起曾在此发生的壮举。尤利乌斯·凯撒征服高卢时，其兵力远少于高卢蛮族。他追击高卢领袖维钦托利国王的军队，迫使其躲入城墙之后。然而围城尚未结束，便传来一支更庞大的高卢援军正前来救援的消息。若同时迎战两军，凯撒似乎必败无疑。他本该撤退，却没有。他命军队在城外又修筑了一圈工事。凯撒包围维钦托利，援军则包围凯撒。一场又一场战斗在这奇特的局面中展开，最终援军溃逃。维钦托利国王在凯撒的凯旋式上被押过罗马街头，随后处决。凯撒赢得了威名与士兵永不动摇的忠诚，后来凭借这些发动内战，终结了共和国，几乎将它变成帝国。
menu_event_dova|多佛白崖^^你记得乘船渡海进入不列颠尼亚时，迎面映入眼帘的是拔海而起的巨崖，岩石洁白如雪。如今你站在崖顶欣赏风景。从这里能辨认出对岸大陆，那里有道路一路通往罗马。脚下鸟群各自忙碌，你俯瞰着它们，仿佛神明般凌驾世界，海风吹拂着头发。^^你心想，这真是修建神庙的绝佳之地。
menu_event_rubicon|卢比孔河^^著名的卢比孔河流经阿里米努姆附近。在奥古斯都撤销山南高卢行省之前，这里就是文明的意大利边界，任何出征军队都不得越过。尤利乌斯·凯撒却做出了那一举世闻名的举动。他面临罗马的刑事起诉，统帅任期也将届满，于是率忠诚的军团踏入意大利，进行了一场堪称疯狂的豪赌，实质上向整个罗马开战。然而他赢了，如今受人崇拜。Fortuna audaces iuvat——命运眷顾勇者。
menu_event_pillars_of_hercules|赫拉克勒斯之柱^^连接“我们的海”与外侧大洋的狭窄海峡两侧，各立着一座山峰，被称为赫拉克勒斯之柱。传说这位伟大英雄以超凡力量劈开群山，造就了海峡。即使是赫拉克勒斯这样的半神能否完成如此壮举，或许仍值得怀疑；但无可否认，卡尔佩山与南方相对的山峰，如今守着通往未知蓝色大洋的门户。^^舰队接近时，领航员提醒你外海的危险。那里的风浪往往比内海更强，海水更冷，有时颜色也不同。勇敢的航海者可由此抵达卢西塔尼亚、高卢西岸，乃至不列颠尼亚，但航程危机四伏，鲜有人走。^^海峡入口的一座小神龛中刻着铭牌，字句简明：^^“Ne plus ultra”——前方再无天地。^^这铭牌或许在说谎。传说失落的亚特兰蒂斯岛就位于双柱之外的某处，等待着足够勇敢的探险者前去发现。
menu_event_01_desert|无尽黄沙^^干旱的荒原延伸至视野尽头，偶有几丛枯草，其间的沙丘随风流转。远处一处异常十分醒目，因为那里的物体远比周遭的一切庞大。起初你以为是海市蜃楼，还是靠近查看。^^那是半埋在流沙中的鞍袋、木桶、篮筐和白骨。它们似乎已在此停留许久，饱受恶劣环境侵蚀。^^一名士兵奉命查看商队残骸。他拉住一只陷在齐胸高沙丘中的鞍袋，感到阻力后又加了把劲。沙子忽然塌下，士兵失足仰倒，旧鞍袋连同一副被磨得光滑的役畜骨架一齐砸在他身上。兽颅先撞上他的头盔，随后停在脸前，空洞的眼窝与他四目相对。^^士兵惊得倒吸一口气，却听见一位爱耍嘴皮子的战友喊道：“嘿，驴脑袋百夫长，别跟你的小情人亲热了！”^^故事沿着长长的队列传开，全军哄笑。看来这名士兵刚得了个新外号。^你们搜查商队残骸，并按当地习俗埋葬尸骨，以免触怒诸神。残骸年代太久，已无多少值钱东西，但士兵们的心情稍稍好了些。
menu_event_02_desert|双头蝎^^这片土地植被稀少，野生动物更少，所以一发现动静，你便留心观察。起初它像是一只普通的沙漠小虫，细看才发现竟是一只长着两个头的蝎子。无论它怎样转动，其中一个头那黑色珠子般的眼睛似乎始终盯着你。真奇怪。
mno_choice_03_0nor|真是个蠢货！
mno_choice_03_1nor|好消息！
menu_event_03_normal|落入陷阱的动物^^你穿行森林时，突然发现一只野兔被套索困住。你要怎么做？
mno_choice_08_1nor|放走它。
mno_choice_08_2nor|收紧套索，杀死它！
mno_choice_08_3nor|从旁走过，不予理会。
menu_event_04_normal|白牛^^几名士兵牵着一头白牛来到你面前，说是在附近森林发现的。
mno_choice_12_2nor|放了它，也许有主人。
menu_event_05_normal|男人嘛，总是这样！^^{s2}
mno_choice_13_3nor|世道艰难，男人就得尽力夺取自己能得到的东西。
menu_event_05_normal_1|军事审判^^{s2} 如今那名士兵要求由军事法庭审理。身为最高统帅，你将担任法官。被指控的农民已被捕并带到面前。他声称自己无罪，错在士兵，自己只是试图自卫。
mno_choice_13_2nor|农民有罪，惩罚他。
menu_event_06_normal|无人看管的牲畜^^你遇到一群来自附近村庄、无人看管的牲畜。
mno_choice_19_1nor|把牲畜送回村庄，不索取报酬。
mno_choice_19_2nor|我会归还牲畜，并要求报酬。
mno_choice_19_3nor|晚餐有着落了！把牲畜赶拢宰掉。
menu_event_07_normal|醉酒的士兵^^休息时，两名喝醉的士兵为最后一口酒打了起来。双方都拔出了武器，似乎已动了杀心。
mno_choice_22_1nor|让他们打，给其他士兵取乐。
mno_choice_22_2nor|禁止行军期间饮酒，并将两名醉汉处死。
mno_choice_22_3nor|制止打斗，鞭打两人以示惩罚。
menu_event_08_normal|阿喀琉斯之矛^^旅途中，一位身穿长袍的男子走近军队。你准许他觐见后，他说愿以8,000第纳尔卖给你传说中的阿喀琉斯之矛。
mno_choice_23_1nor|买下长矛。
mno_choice_23_2nor|你没有钱购买长矛。
mno_choice_23_3nor|我不感兴趣。
menu_event_09_normal|大袋子^^一名斥候背着大袋子出现了。你不想显得多疑，但随时准备战斗的士兵绝不会背这种东西。听起来里面装着……许多沉甸甸的钱币。你决定：
mno_choice_26_1nor|没收袋子，惩罚士兵。
mno_choice_26_2nor|让他留着。他为你冒生命危险，这是应得的。
mno_choice_26_3nor|强迫他与全军分享所得。
menu_event_10_normal|饥饿的农民^^扎营时，附近村庄派来一群代表。他们说收成不好，请求你给些钱，好让孩子们吃上饭。
mno_choice_28_1nor|给他们50,000第纳尔。
mno_choice_28_2nor|给他们10,000第纳尔。
mno_choice_28_3nor|告诉他们，你没有多余的钱。
mno_choice_28_4nor|不予理会。
menu_event_11_normal|反抗还是缴钱？^^扎营时，附近民众派来代表。他们似乎与地主有纠纷，希望听取你的建议。原来旱灾摧毁了当地收成，他们如今一贫如洗，却仍要向地主缴税。地主对他们漠不关心，因此他们来问：是拒缴税款，准备在地主进攻时奋起反抗，还是老实缴钱，任由家人挨饿？
mno_choice_29_1nor|给他们10,000第纳尔，用于缴税和购买食物。
mno_choice_29_2nor|给他们5,000第纳尔，用于缴税。
mno_choice_29_3nor|告诉他们，宁可反抗，也不要缴钱。
mno_choice_29_4nor|他们应该缴钱，否则地主杀的人会比饥荒饿死的还多。
mno_choice_29_5nor|不予理会。
menu_event_12_normal|患病的女人^^途中，你发现一名病妇。她面色蜡黄，不停咳嗽。她来自附近村庄，但村里无人知道如何治病，便把她送到路旁，希望有旅人知道疗法。
mno_choice_30_1nor|给她1,000第纳尔，请一位好医生。
mno_choice_30_2nor|作为最好的医生，{reg3?你下令:{s3}下令}进行放血治疗。
mno_choice_30_3nor|不理她，她的病可能传染。
menu_event_13_normal|蘑菇^^你穿行森林时，突然发现许多蘑菇，呈红褐色。上部有细密网纹，下部光滑，偶有不规则棱纹，菌盖底面呈白色。你要怎么做？
mno_choice_15_1|采下来吃。
mno_choice_15_2|采下来给士兵吃。
mno_choice_15_3|径直走过。
menu_event_14_normal|蘑菇^^你穿行森林时，突然发现许多蘑菇。它们从粗厚基部长出许多粉红分枝，枝尖呈黄色。你摘下一朵细看，菌肉为白色，中间泛粉。你觉得它们十分美丽，便将其命名为“美丽枝瑚菌”。你要怎么做？
mno_choice_16_1|采下来吃。
mno_choice_16_2|采下来给士兵吃。
mno_choice_16_3|径直走过。
menu_event_15_normal|蘑菇^^你穿行森林时，突然发现许多蘑菇，菌柄与菌褶都是白色。仔细观察，菌盖有的纯白，有的边缘白色、中央泛黄、粉红或黄褐色。部分仍有菌幕，另一些上部菌柄围着菌环，菌褶不与菌柄相连。你要怎么做？
mno_choice_17_1|采下来吃。
mno_choice_17_2|采下来给士兵吃。
mno_choice_17_3|径直走过。
menu_event_16_normal|难民^^你遇到了一群难民：带着孩子的寡妇、一些孤儿，以及携家带口的男人。^他们为躲避劫掠与战争而逃亡。
mno_choice_21_1|给他们1,000第纳尔，资助旅途。
mno_choice_21_0|不予理会。
mno_choice_21_2|杀了他们，抢走财物。我敢肯定他们有钱。
menu_event_17_normal|玩笑^^你与副官们审阅最新侦察报告时，忽然感慨：走过这美丽的乡野，真希望有一天能放下刀剑，找个当地丰满的姑娘，在自己的土地上安家，余生只管生孩子、种庄稼……一位爱耍嘴皮子的副官却反驳说，这恐怕不可能：你的体臭闻名遐迩，每逢你看中哪位妓女，他们都得付双倍价钱；何况人人都知道，你以为食物是商店做出来的，长在箱子和陶罐里。
mno_choice_35_1|为他的机智放声大笑，同时暗暗记下：一定要派他深入敌境，执行一项“重要任务”。
mno_choice_35_2|你怒视年轻的副官，心情骤然转坏，但后来细想，又觉得他说的或许没错。
mno_choice_35_3|在同伴们的笑声中勉强挤出笑容，趁无人注意时向亲卫使个暗号。这意味着那位年轻笑匠的脑袋将被挑上长杆。
menu_event_18_normal|被杀的儿子^^你得知发生了一桩命案：一名士兵醉酒后杀死了一位军官的儿子。
mno_choice_40_1|不予理会。
mno_choice_40_2|惩罚士兵。
mno_choice_40_3|处死士兵。
menu_event_19_normal|军纪涣散^^军队似乎纪律松弛。命令迟迟得不到执行，而且你发现士兵们总是醉醺醺的。
mno_choice_41_1|不予理会。
mno_choice_41_2|惩罚士兵。
mno_choice_41_3|惩罚士兵，并禁止出征期间饮酒。
menu_event_20_normal|旅行的女人们^^你率军行进时，遇到一群旅人，主要是妇孺和几名老人。士兵们走近人群，其中一人上前抓住一名女子。^一位老人喊道：“这是我女儿，你不能碰她！”^士兵回答：“我想要谁就要谁，老蠢驴！”^^老人抓起一根木棍，似乎准备保护女儿。你喊道：
mno_choice_42_1|士兵！放开那个女人，谁也不许伤害他们！老人家，拿着这袋钱。（2,000第纳尔）
mno_choice_42_2|士兵！放开那个女人，谁也不许伤害他们！他们可以离开，受我保护。
menu_event_21_normal|钱袋^^你偶然发现一只装满钱币的钱袋，清点后共有1,000第纳尔。
mno_choice_20_1|把钱袋赠给收容弃婴的慈善机构。
mno_choice_20_2|将钱袋据为己有。
menu_event_22_normal|被绑的农民^^你穿行森林时，发现一名农民被绑在树上，可能是强盗所为。你要怎么做？
mno_choice_10_2|从农民身旁走过。
mno_choice_10_3|杀死农民并抢走财物。
menu_event_23_normal|阿喀琉斯之怒！^^女神啊，请歌唱佩琉斯之子阿喀琉斯的愤怒，^那可诅咒的怒火，给阿开亚人带来无尽苦难。^^你也感到这股“怒火”在体内燃烧。它推动你前进，充满你的内心。阿喀琉斯也曾怀有同样的愤怒。有时你觉得，他就是你生命的一部分。
menu_event_24_normal|巨蛇^^旅途中，你看见路旁卧着一条极长的蛇。平时你或许不会理会，但这是你见过的最大的蛇之一。
menu_event_25_normal|迷信^^军团正加紧赶路，日落后仍继续行军，争取一天多走些路。疲惫的队列中忽然响起阵阵低语。^^“大人，看上面。”一位百夫长指向天空。^^流星接连划落，消失在前方起伏的地形之后。突然，一群黑鸟从队伍头顶掠过，却朝着相反的方向飞去。这被认为是极不吉利的征兆。罗马诸神通过鸟儿传递信息，眼前显然就是神谕。^队列停住了。士兵们惊恐万分，不肯前进，连军官都显得深深不安。他们等候你的指示。
menu_event_26_normal|追猎海盗^^你遇到一群沿路行进、垂头丧气的人。他们的衣服肮脏破烂，但显然十分昂贵，不久前还很体面。^询问后，他们说商船遭到海盗袭击，船员惨遭屠杀，自己侥幸逃生。然而生计已毁，如今只能羞惭地步行回家。
menu_event_27_normal|鸟粪^^你沿狭窄林间小径前行，忽然被头顶嘈杂的鸟鸣惊动。受惊的鸟群飞走后，你感到脸颊上有东西流下。你抹下一团白色物质，厌恶地甩掉。鸟在罗马是神圣的，它们的举动代表诸神的讯息，而你如今从头到脚沾满鸟粪。^“这个征兆……有些含糊……我的凯撒。”惊恐的占卜师报告道，你几乎能感觉到流言正在扩散。^更糟的是，你已宣布今天要向军队演讲，如今实在不知道他们会如何反应。
menu_event_1_sea|蛇岛^^由于计划不周、木桶开裂和意外绕路，舰队缺水了。若削减所有人的配给，大概还能抵达最近的已知港口，但船员不会喜欢这个决定。^^于是你转而靠近一座孤岛，那里有一片适合登陆的海滩。你派出搜索队寻找溪流或池塘，没多久士兵们便返回了。^^他们报告，岛上遍地是蛇，足有成千上万条！它们在地上爬，挂在树上，从沙里钻出，随时会趁人不备发动袭击！暂时还无人被咬，但斥候们都吓得不敢回去。
menu_event_2_sea|夜间微光^^夜航总令人印象深刻。桨手们都在甲板下熟睡，你的巨舰靠风力缓缓前行。舰队其他船只几乎看不见灯光，头顶星辰也远不足以照亮前路。船在无边黑暗中小心挪动，仿佛无月之夜醒来的人，拼命摸索着光源。^^忽然，瞭望员喊道前方有光。船长改变航向，其他船只跟随接近，但越靠近，那奇异光芒就越不像另一艘船，反倒仿佛来自水下。^^近到跟前，已无疑问：那是一团形状不定的发光物，在波涛下移动，不断改变形态。它朝船游来，将船围住。稍远处的黑暗传来水花声，像鱼跃出水面，却又更大。呼啸风中似乎夹着妇孺求救的哭喊。^^尽管船体庞大，此刻在漆黑大海中却显得如此渺小。^^随后，那团水下光芒仿佛听见号令般移开，最终消失。只有最老练的海狼还保持镇定，讲述以前见过这头海怪的故事。那些故事无疑几乎全是编出来的。
menu_event_3_sea|搁浅^^罗马五列桨战舰体型庞大，需要较深的水域航行。因此，水手必须定期用测深绳探查，确保海床没有危险地升高。但有时水深变化太快，来不及发现，撞角便触及海底。这通常不是大问题，毕竟撞角正是用来撞东西的。^^可惜这次岩石突然升起，且高低不平，放过了撞角，却在船侧划出一道大口子。^^警报响起，船员奔向岗位，排成人链传递水桶，拼命排出迅速涌入的海水。与此同时，海浪不断摇动庞大的船身，拖着它在尖锐岩石上来回摩擦，伤口越撕越大。^^奋力抢救后，仍不得不弃船，将船员分配到舰队其他船只上。另造一艘可不便宜。
menu_event_4_sea|幽灵船^^晴朗的一天，瞭望员发现一艘小商船，船桨静止不动，破碎的帆布无用地随风拍打。你们靠近登船，甲板上空无一人。^^搜查船舱后，仍未发现任何人，也没有搏斗痕迹。货物完好无损，航海日志表明此船属于一位罗马商人，正载着进口货物返乡。船上有风暴损伤，但似乎是大风中始终张满船帆造成的，仿佛坏天气来临之前，船就已被遗弃。^^你也许永远不会知道这里发生了什么。眼下最好的办法，就是把它拖到最近港口出售。即使有所损坏，船与货物也应能卖个好价钱。
menu_men_drowned|你在海上遭遇风暴。^^你的伤亡：{s8}
mno_back_to_sea|继续……
menu_event_1_games|无聊的竞技^^你正在观看为你举办的角斗表演。到目前为止，赛事并不成功：角斗士无精打采、毫无看点，野兽迟钝又兴致索然。甚至把两名囚犯绑在柱上，交给三头猛狮吞食，也结束得太快，令人扫兴。
menu_event_2_games|过分热情的欢迎^^凯撒到访，无论何处都是盛事，但{s22}的接待可谓倾尽全力。^你坐在竞技场观看下方的角斗，总督与其他官员陪在豪华包厢内，不时暗中示意，仆人便送上堆积如山的精美食物，以及各式葡萄酒和啤酒。舞者与乐师也鱼贯而入，小心地表演，不打扰你观看比赛。^在总督带领下，包厢中的人们大快朵颐，沉醉于巴克科斯的魅力，尽情享乐。不久，下方的战斗便只剩背景，包厢内则迅速演变成放纵无度的狂欢。
menu_debate_in_senat|书记官拟妥法律文本后，你必须将提案提交元老院表决。若多数元老赞成，法律或敕令即可颁布。目前有{reg33}%的元老支持你，但他们未必都会投赞成票，有些人可能改换立场。
menu_debate_in_senat_2|你将提案提交元老院，激烈的辩论随即开始。数小时后，{s23}^^{reg45}%的元老投票支持你的提案。{s56}
menu_debate_in_senat_3|你可以与元老们交谈，设法说服或贿赂他们。你身上有{reg1}第纳尔。^你也可以用禁卫军威胁他们，但这会降低你与罗马的关系！^^你想怎么做？
menu_villa|你想怎么做？^^{s10}
mno_bath|在浴场度过一天。【改善健康】
mno_villa_bath|进入浴场。
mno_feast|开始宴会。
mno_wait_here|在此等候一段时间。
menu_horde|远处牛羊正在草地上吃草。离你不远，一些游牧民搭起了营地。
mno_attack_the_hord|攻击他们。
mno_horde_horde|拜访营地。
menu_desert_victory|你赶在敌人召集更多战士之前杀出了加拉马。^但你一无所获，达尔塔仍在加拉曼特国王手中。^进攻加拉马并非良策，混战中达尔塔可能丧命。你必须另想办法救她。
menu_desert_wait|寻找一小时后，你终于找到绿洲，坐在三棵棕榈树中的一棵下等候。^时间流逝，什么也没发生。几小时后，你看见乳母带着达尔塔走来。
menu_attack_desert_town|你命令军队向城镇进发。敌人发现了你们的行动，准备反击。如今你已被敌军包围。
menu_desert_town|远处是{s50}，{s51}的都城。^^{s52}
mno_hunt_elpehant|会见狩猎队。
mno_sneak_into|潜入城镇。
mno_charge_them|攻击城镇。
mno_monasterio_recruitm2|招募士兵。
mno_king_meet|请求觐见国王。
mno_desert_town_visit|进入城镇。
menu_desert_town_loot|城镇已在你手中。你想做什么？
menu_desert_town_loot2|城镇已被洗劫，你共获得{reg7}第纳尔。
menu_conspiracy|你走进宫殿，首先注意到花丛旁站着一位美丽的姑娘。随后一只苍蝇搔得你耳边发痒。^你环顾四周，才发现其他人都不见了。忽然，喊声响起：^^“你的暴政今天就要结束！”^^“你会在地狱中燃烧！”
menu_conspiracy_2|你制服阴谋者后不久，卫兵才出现，将他们逮捕。^^禁卫军为什么没有来帮你？还有谁参与了这场阴谋？
menu_send_message_to_companion|你想向{s6}发送什么消息？
mno_nevermind|返回。
menu_financial_crisis|危机的征兆！^^你收到财务官的来信。他似乎很担忧国库状况，建议提高税赋，或解散部队以削减开支。^无论如何，你都该前往首都，与顾问们商议。
mno_financial_crisis_answere_1|继续。
menu_financial_crisis_2|财政危机！^^由于债台高筑，人们正失去对你的信任，有人断言你永远不会还钱。^你已无力维持罗马优越的生活水准，数座城镇发生骚乱。连总督、军团长和其他罗马贵族，也不再信任你的统治。
mno_financial_crisis2_answere_1|继续。
menu_ask_for_help|你走在街上，两位城中名流递来一封信，说是市民长写的。你拆开阅读。^市民长说，他们需要你的帮助。{s23}是个专横的总督，侵吞公款，裁判不公，把城镇视为私产，将公民当作奴隶。他恳请你前往{s24}处，请求免去{s23}的总督职务，另任他人。你声名远扬，又深受当地欢迎，因此市民长愿推荐你出任新总督。此外，他嘱咐你既不要与他当面谈论此事，也不要与{s23}交谈，而应直接去见{s24}，以免{s23}察觉密谋。最后，市民长强调，若你能解救他们，{s40}的居民将永远感激你。
menu_ask_for_help_senate|你走在街上，两位城中名流递来一封信，说是市民长写的。你拆开阅读。^市民长说，他们需要你的帮助。{s23}是个专横的总督，侵吞公款，裁判不公，把城镇视为私产，将公民当作奴隶。他恳请你前往元老院——因为该城属于元老院行省——请求免去{s23}的总督职务，另任他人。你声名远扬，又深受当地欢迎，因此市民长愿推荐你出任新总督。此外，他嘱咐你既不要与他当面谈论此事，也不要与{s23}交谈，而应直接前往元老院，以免{s23}察觉密谋。最后，市民长强调，若你能解救他们，{s40}的居民将永远感激你。
menu_event_01_juicio|小牛归属案^^有人请求你裁决：^两名农民被带到面前，争论一头小牛的归属。一人瘦高，一人矮壮。两人的田地相邻，高个农民的公牛使另一个人的母牛怀了孕。矮个农民说，小牛由自己的母牛所生，自然归他。高个农民则称，小牛是自己最好的公牛的后代，理应归自己，至少也应得到配种费。
mno_choice_01_1nj|母牛主人有理。小牛与母牛一样，都属于他。
mno_choice_01_2nj|公牛主人有理。公牛与小牛都属于他。
mno_choice_01_3nj|母牛主人留下小牛，并向另一人支付赔偿。
mno_choice_01_4nj|两人都没理。我会宰了小牛，把肉分给士兵！
mno_choice_01_5nj|两人都没理。宰了小牛，把肉分给两位农民！
menu_event_02_juicio|遭袭的信使^^城镇卫队长前来报告：“大人，我们抓到了一名凶徒！就是此人在{s4}袭击了我们的一位信使，如今信使身受重伤，卧床不起。这有损您的威望，毕竟信使受您保护。不过，袭击者有一番说辞，希望在处决之前亲自向您陈述。”^^囚犯说道：“我本来绝不会攻击您的信使，可那人夜里想与我年幼的女儿同床，我们拒绝了！他却不肯罢休，带着三个朋友闯进我家，强暴了我可怜的女儿，还一直笑着告诉我，您绝不会相信一个平民的话。父亲必须保护自己唯一的孩子！”
mno_choice_02_3nj|虽然信使受罗马法律保护，但换作我也会这样做。你可以走了。
menu_event_03_juicio|被掳的农家女^^一桩纠纷需要你裁决。一方是当地地主，另一方是租种其土地的农民。^^农民说收成不好，无力缴租，地主便把他的女儿掳到自己床上，又留在家中当奴隶。地主在{s4}颇有势力，人人都知道他很富有。注意，这姑娘并非被卖为奴，因此强掳违法，但地主声称债务足以为此辩护。
mno_choice_03_2nj|惩罚地主。他无权掳走农民的女儿。
mno_choice_03_3nj|惩罚农民，但要向地主收一点“零花钱”。（获得5,000第纳尔）
mno_choice_03_4nj|自掏腰包替农民向地主缴清租贡，并让姑娘回家。
menu_event_04_juicio|男人嘛，总是这样^^当地地主们向你提出多项控诉，说你的士兵滥用地位，征用货物、船只和牲畜，有时甚至强行占有。一位地主的女儿还遭到一队巡逻士兵强暴。地主们愤怒不已，要求伸张正义。你应注意，士兵是帝国权力在当地的代表，因此在罗马法律中拥有特殊地位。
menu_event_05_juicio|失去的儿子们^^在{s4}，一个男人被带到你面前。你得知他拒绝纳税。他坚持说，除非帝国把儿子们还给他，否则绝不缴税——他的儿子全都死在最近的战争中。
mno_choice_05_1nj|他失去的已经够多了。终身免除他的税赋。
mno_choice_05_3nj|有的士兵会死，有的不会，事情就是如此。若不纳税，就将你卖为债奴，法律如此规定。
mno_choice_05_2nj|若他仍不纳税，就处死他。
menu_event_06_juicio|古老的橡树^^有人请求你裁决：卫兵带来两名男子，说两人险些相互残杀。其中一人砍掉了挡路的几棵老橡树，但树其实长在另一人的庄园内。^^“那些树挡着我的车！”第一人喊道，“不就是几棵树吗？我真不明白有什么可告的！”^^“那些树在我的土地上，是我刚去世的父亲种的！”另一人怒吼。砍树者表示，若你惩罚对方，愿送上2,000第纳尔的“礼物”。
mno_choice_06_1nj|砍树者必须向对方赔偿。
mno_choice_06_2nj|树挡住了道路，理应砍掉。
mno_choice_06_3nj|砍树者竟敢行贿，当众羞辱他。此外，他还必须向对方赔偿。
menu_event_07_juicio|粮价上涨^^你得知市政厅前聚集了一群暴民。愤怒的市民指控你囤积粮食、哄抬价格。^一位顾问解释，近期粮食短缺导致价格上涨。
mno_choice_07_3nj|他们活该！
mno_choice_07_4nj|从当地市场购买粮食，缓解问题。（25,000第纳尔）
menu_event_08_juicio|商人的礼物^^一位有影响力的商人前来，说自己宠爱的私生子希望入伍担任军官。直接拒绝不太体面，你便同意见见。见面后，你发现他是个恋家的公子哥，绝非当兵的料。但商人愿送上10,000第纳尔的“礼物”。面对这个胖乎乎、满脸堆笑的年轻人，你决定：
mno_choice_08_1nj|允许他加入军官队伍，授予百夫长军衔，但拒收礼物。
mno_choice_08_2nj|允许他加入军官队伍，授予百夫长军衔，并收下礼物。
menu_event_09_juicio|证据不足^^一桩特殊案件被呈到你面前：两名{s35}在浴场冷水室遭窃。附近抓到一名瘦高男子和一名丰满姑娘，{s35}指认他们是窃贼。两人坚称无辜，而失物始终未被找到，也支持了这一说法。与此同时，愤怒的暴民聚集在厅外，叫嚷着要窃贼流血，坚决要求将他们投喂野兽。你看见被告眼中的恐惧，泪水沿着姑娘的脸颊流下。
menu_event_10_juicio|灾厄之兆^^一道灼亮闪光划过夜空。次日，人们纷纷议论征兆。{s4}居民普遍认为必须献祭，否则神罚将降临城镇。他们派人向德尔斐神谕求问，得到的答复是献祭一名年轻姑娘。人们选中一位日耳曼姑娘，认为这名辅助兵之女是完美的祭品。他们将举行盛大仪式，把她活埋在牲畜市场下，但市议会资金不足，因此向你索要5,000第纳尔，以求消灾。
menu_event_11_juicio|疾病^^一名信使跑进你的府邸，获准后便讲起可怕的消息：“{playername}，附近一个村庄危在旦夕！居民患上了奇怪的病，几乎动弹不得，不停出汗、呕吐，祭司们束手无策。当地首领暂时不许任何人离开，正等候您的命令！”
mno_choice_11_1nj|封锁村庄，但派当地最好的医生前去救治！（5,000第纳尔）
mno_choice_11_2nj|封锁村庄！等瘟疫过去后再检查幸存者！
menu_event_12_juicio|神庙财宝失窃^^昨天，一座{s35}神庙的财宝被盗。今天窃贼落网了！卫兵在他家中找到了失窃财宝，他显然有罪。{s4}居民听闻消息，愤怒的暴民便聚集在厅前，要求处死他。他们要血，要窃贼的血。判决前，你听取被告陈述：“诸神在上，这是天大的误会！案发时我不在城里，根本不可能偷窃财宝。我当时正在一位地主的庄园里做短工。”
menu_event_14_juicio|迟暮美人^^一位有影响力的妇人递交请愿：“大人，法律赋予享有三子女权的妇女自主权，无须监护人便能办理自己愿意从事的事务，尤其是识字者。我有幸育有子女，也识文断字，特向您递交申请，希望今后办理事务时不再受到阻碍。”尽管年华已逝，她仍被公认为{s4}最美丽的女人之一。
menu_event_15_juicio|两位母亲^^你正享受沐浴，一名信使前来：“大人，{s4}有件事需要您裁决。”你穿好衣服，前往市政厅。^^人群聚集在那里争论不休，见你出现，迅速安静下来。一位长者鞠躬，请求发言，获准后说道：“大人，我们需要您的智慧。两个女人都声称自己是这个孩子的母亲，谁也不肯退让。”^两名女子被带上前，一人衣着华贵，另一人衣衫褴褛。
mno_choice_15_1nj|将孩子交给穷妇人。
mno_choice_15_2nj|将孩子交给富妇人。
mno_choice_15_3nj|命令将孩子劈成两半，两个女人各得一半。
menu_event_16_juicio|煽动者^^顾问请求与你谈话：“穷人很不满。强盗使粮价上涨，高税赋又让许多人挨饿。如今有个煽动者声称，百姓饿死时，您却过着奢侈放纵的生活。他正鼓动民众暴动。”^你要怎么做？
mno_choice_16_1nj|那又怎样？我根本不在乎。
menu_event_17_juicio|军需物资^^附近村庄的一名农民前来求助，气喘吁吁地说，士兵袭击了他的农场，抢走女人、牲畜和粮食。被指控的士兵被带到你面前，辩称他们是在征用货物与牲畜作为补给，农民却发动攻击。为惩罚他不服从命令，士兵们才带走了他的妻女。
mno_choice_17_1nj|赔偿农民，并命令释放女人们。（1,000第纳尔）
menu_event_18_juicio|女巫^^{s4}几名男子声称小解时疼痛，随后一名风流寡妇被指控施行巫术。暴民聚集，要求处死女巫。寡妇被带到你面前，看起来四十来岁，仍颇有姿色。你从她眼中看见了底层生活的无情，以及种种虐待与折磨。这个女人肯定是无辜的。
mno_choice_18_1nj|下令将她放逐到别处。
mno_choice_18_2nj|放过她。世上没有女巫。
mno_choice_18_3nj|把她扔给野兽，民众想看热闹！
menu_event_19_juicio|嫁妆^^有人请求你裁决：一名男子指控前妻取走了超过嫁妆数额的财产。依照罗马法律，离婚时嫁妆必须归还妻子。被告是一位有势力的市议员之女，男子则是一位总缺钱花的地主之子。女子颇善于利用“女性魅力”，你很清楚，若判她胜诉，会得到怎样的回报。
menu_event_20_juicio|寡妇^^附近村庄的一位女子前来，声称你手下一名最近死去的士兵是她的丈夫。她穷困潦倒、一无所有，请求帮助料理遗体。
mno_choice_20_3nj|遗憾的是，我没有钱帮忙。
menu_event_20_1_juicio|美丽的寡妇^^城中一位女子前来，声称你手下一名最近死去的士兵是她的丈夫，请求帮助料理遗体。她容貌十分美丽，并说若你肯帮忙，就会得到一份特别的“礼物”。
menu_event_21_juicio|传教者^^愤怒的暴民聚集在市政厅前，要求你裁决一桩可能是你听过最离奇的案件：^一位传教者激怒了当地人。他宣称世上只有一位名叫克瑞斯托斯的神，对人类充满愤怒，很快就会毁灭所有尚未往头上浇水——他称之为洗礼——并忏悔罪过的人。他斥责{s4}居民的仪式与传统野蛮，试图使他们改信自己的宗教。^他目光坚定，充满反抗意志。显然，这个人绝不会放弃。
mno_choice_21_1nj|他没有做错任何事，释放他。
menu_event_22_juicio|窃贼！^^有人请求你裁决：案件看似十分简单。昨天，被告闯入受害者家中，搬走大笔财物。许多人亲眼目睹，失物也在他家中找到。受害者是城中权贵，也是你的主要敌人之一，曾任市议员，忠诚素来可疑。被告却恰好是你最积极的支持者之一，也是你事业的重要资助者。
menu_event_23_juicio|母亲与女儿^^有人请求你裁决。一位寡妇依据《尤利亚与提提亚法》，请求担任自己女儿的监护人。女儿是位十八岁的美人。申请日期记于菲利普·奥古斯都与菲利普·凯撒担任执政官之年。目前女儿住在她的兄弟那里。寡妇年事已高，却十分富有，而她的兄弟十分贫穷。若你支持她，她还愿意送上一份“礼物”。
menu_event_24_juicio|失控的行会^^{s22}的工匠行会由来已久，帮助同行磨炼技艺、共同解决难题，并为他们发声。但最近，一位野心勃勃的人当上裁缝行会首领，对其行径的投诉日益增多。任何非会员想在城中谋生，都会遭到殴打、纵火，有时甚至被杀。与此同时，行会店铺不断涨价，如今量身裁衣的费用已是过去的十倍。穷人开始学习自己做衣服，或改穿无须剪裁的服装；富人则不停向你控诉行会的不法行为。
menu_event_25_juicio|经济衰退^^{s22}以外近期发生的事件扰乱了贸易，影响逐渐传遍经济体系，许多居民收入减少，甚至完全失去收入。几位显赫的行会首领请求你投资改建城墙、喷泉、下水道及其他公共设施，称现在价格优惠，还能给困苦的百姓提供工作。
menu_event_26_juicio|繁荣时光^^灾难打击了本地产业惯常的竞争者，使{s22}意外获得优势。商旅增多，市场繁忙，工坊工作至深夜，以高价出售更多商品。银钱突然如河流般涌入城中，居民欢欣鼓舞。
menu_event_27_juicio|这算艺术吗？^^免费娱乐是罗马人的重要福利，平民与富人都喜爱戏剧。哲学也同样流行，从身披元老长袍、德高望重的贵族思想家，到衣衫褴褛、蓬头垢面的流浪街头哲人，都乐于谈论。^^有一天，两者发生了冲撞。一位衣衫褴褛、住在木桶里的第欧根尼追随者，决定在你面前重演那位古希腊犬儒哲人的举动。他在演出中途冲上台前，脱下衣物，当众在舞台中央排出一大堆热气腾腾的粪便，令观众目瞪口呆。^^他自然很快被抓住，所有人的目光转向你，等候你决定他的命运。
menu_event_28_juicio|公共建筑之祸^^贵族{s22}在{s23}附近拥有庄园。当地用公款在其中一处庄园附近修建了{s24}，竣工后，{s22}庄园的一座仓库倒塌了。他声称公共工程损坏了自己的财产，要求赔偿100,000第纳尔。裁判官已经驳回请求，但{s22}又将案件呈到你面前。
menu_event_29_juicio|修缮神庙^^祭司团请求50,000第纳尔，用于修缮一座建于数百年前的古老神庙。这里曾是城镇的一大胜景，却年久失修。
menu_event_30_juicio|盛会崩塌^^烈日照耀竞技场，数千市民聚集观看盛大的角斗。勇士在场下激战，观众的欢呼回荡于四壁。这本应是荣耀的一天，敬奉诸神，取悦民众，却变成了恐怖的一天。^残酷的搏斗间，一阵沉闷轰鸣从建筑内部传来。人们还未反应，竞技场东侧的石砌看台便开始开裂崩碎。几秒之间，整片看台轰然倒塌，数百名观众被碎石压住，兴奋的喊声转为惊恐的惨叫。尘土与混乱吞没竞技场，将盛大庆典化为噩梦。^身为城镇总督，你立即被召去评估灾情。
mno_choice_end_3nj|继续。
menu_farmer_attack_lord|农民不满你的裁决，拔出刀扑向地主，卫兵尚未来得及阻止，便将其杀死。他转向你，说道：“这才是正义，混蛋！”随后用同一把刀自尽。
mno_choice_03_1attackj|继续。
menu_nobody_want_paytax|忽然，你审理案件的厅堂挤满了在战争中失去儿子的人，人人都要求同等待遇。
mno_choice_05_2notaxj|向民众分发钱袋作为补偿。（2,000第纳尔）
menu_child_half_one|衣衫褴褛的女子尖叫道：“不，大人，求求您，那就把孩子给另一个女人吧！”^^你身旁的长者随即喊道：“那么你才是真正的母亲，这孩子属于你！”^^另一名女子显得不安：“我能给这孩子更好的生活，总比一直受穷强。”
mno_choice_half1pj|把孩子交给穷妇人，并惩罚撒谎的富妇人。
mno_choice_half2pj|把孩子交给穷妇人，把富妇人交给人群。
mno_choice_half3pj|把孩子交给富妇人。
mno_choice_half4pj|把孩子交给富妇人，把穷妇人交给士兵。
menu_random_juice_events|事件
menu_riots_01|暴动！^^你与{s4}的关系极差。走在街头，人们仇视地盯着你，在背后做着侮辱的手势。你拐过街角，暂时安全了——直到几个人陆续出现。普通市民受够了你的统治，开始辱骂你。终于，有人鼓起勇气拔刀袭来。
mno_deffend_yr|保护自己。
menu_riots_02|驻军遭袭^^一群愤怒的暴民辱骂你的名字，把一切苦难归咎于街头经过的一队士兵，随后发动袭击，将他们全部杀死。你应尽快改善与{s4}的关系。^^{s44}
mno_deffend_01ri|命令士兵杀死肇事者，并没收其财产。
mno_deffend_02ri|我不会靠恐惧统治，必须另想办法改善关系。
mno_deffend_03ri|灭绝全城人口，迁入与你同文化、忠于你的居民。
menu_exterminate_population|士兵们毫不留情地杀死或奴役沿途遇到的任何人，随后闯入民宅，杀死或奴役所有成年男子。嗜血欲望彻底失控，士兵在城中肆虐，无物能阻挡他们的怒火。你的残暴之名如风般传开，凡谈起你的人都心生恐惧。{s4}如今平定了，但代价极其惨重。
menu_prisoners|卫兵将他逮捕，其部队被解散。
menu_prisoners_legal|卫兵将他逮捕，其部队被解散。
menu_gods_judgment|你开始祈祷：^{s20}^^四下一片寂静，随后远处响起雷声。忽然，一个声音低语：“{playername}，到树林来，就在南边，不到一英里。”
menu_gods_judgment_christus|你开始祈祷：^^{s44}。^^祈祷结束后，{s20}
menu_won_judgment|你击败对手后，一个声音低语：{s30}
menu_lost_judgment|你战败后，一个声音低语：“哦，{playername}，你喝醉了吗？下次打得好些。”
menu_funny_nights|时光流逝，萦绕身心的艰辛与疲惫暂时被遗忘。几个小时里，铠甲与武器、随时可能战死的恐惧、风雨的折磨与路途的尘土，都被一小片幸福掩盖。可最终，一切还是结束得太快……
menu_groupy|有人敲你的房门。开门后，一位披着外衣的女子站在面前。起初你没认出她，随后她敞开外衣，里面竟一丝不挂。她一定是赛前与你交谈的那位女子……你们缠绵相拥，时光悄然流逝……可惜，一切结束得太快。
menu_gold_losses|算错了？^^你查看一份近期私人财库报告，发现似乎少了些钱。重新计算后，却得出了不同结果。看来是你自己算错了。
menu_player_has_no_slaves|管理的重担^^富有地主的职责令人难以招架。日复一日，你被堆积如山的事务淹没：账单要付，物资要订，管理庄园的无数琐事不断索取你的精力。^^最近，你感到自己正逐渐失去对财务的掌控。小额钱款不断消失，并非遭窃，而是你独力操持一切时的疏漏与混乱所致。这里迟付一笔款，那里点错一批货……损失逐渐累积。一个令人痛苦的事实愈发清楚：你无法独自承担这副重担。
menu_slave_steals_from_household|账簿出入^^{s5}负责管理你家中部分财库，但近期账簿着实……令人困惑。数字仿佛糊成一团，你每次试图核平账目，都得到不同结果。似乎总有一小笔钱凭空消失。^^这是能力不足、记账混乱，还是{s5}巧妙地从钱库中揩油？账目太复杂，无法成为确凿证据，但持续出现的短缺无可否认。
menu_slave_steals_from_player|变轻的钱袋^^家奴{s5}最近照料你的起居，你却注意到钱袋似乎比应有的更轻。由于口袋里的第纳尔进出频繁、毫无规律，你无法确定，但疑虑始终挥之不去。^^这名奴隶工作勤勉，只是目光有时在钱袋上停留得太久。那只是对财富的艳羡，还是窃贼盘算着下手？没有证据，任何行动都只能凭直觉。
menu_gold_losses_imperial_treasury|莫名其妙的数字^^你收到一份帝国国库支出报告，清单冗长又混乱。你试图核查是否合理，却总得出不同结论。最后，你决定询问顾问。他们进行了一番你无法理解的计算，最终却得到了正确数字……
menu_nobility_tax_protests|税赋过高？^^最近，罗马贵族抱怨税赋太重，称其既直接削减收入，又通过骚乱间接损害生意。他们一致认为你的税收政策有害，要求减税。
menu_grain_protests|粮食抗议！^^罗马街头动荡不安。你最近废除了《粮食与土地法》，这项法律原本保障城市贫民获得补贴粮食。此举激起广泛愤怒，数千平民面临饥饿与生活无着，走上街头抗议。
menu_customize_unit|你可以为自定义部队选择名称和装备！只要你所属阵营的城镇或堡垒建有兵营，就能招募这些士兵。
menu_custom_unit_found|你已为新的自定义部队选好装备与名称。^^{s31}
menu_meeting_with_antonia_civilian|你与随从扎营休息，恢复精力。刚坐下准备吃饭，一名奴隶便神色急切地进入帐篷，报告一件需要你立即处理的要事。
menu_meeting_with_antonia|你正在吃饭，一名士兵走进帐篷，有紧急事项禀报。
menu_thoughts_2|骑行在路上，你回想着{s20}说过的话。凯索·弗拉维乌斯似乎在担忧与罗马大火有关的某件事。大火之后，元首颁令迫害基督徒……也许他本人就是基督徒，所以才忧心忡忡，害怕像其他信徒一样被钉上十字架。
menu_rom_burns_2|烟雾愈发浓重，你决定尽快离开罗马！^^终于，你抵达一处城门，逃出了城市。
menu_cutscene_1|处决叛徒^^人群涌向竞技场，把你也裹挟其中。“狮子！狮子！把叛徒喂狮子！”人们高喊。竞技场将上演一场盛大表演，你出于好奇跟着人群前去。
menu_cutscene_2|表演以暴动收场。人们辱骂尼禄，向他投掷石块。禁卫军赶来驱散暴民，有人死去，有人受伤，人群终于散去。你仍被刚才的事件震得恍惚，漫步街头时，一个形迹可疑的人出现了。
menu_continue|你穿过罗马地下隐秘隧道的狭窄通道，每一步都被阴影包围。在神秘男子引领下，你沿古老迷宫秘密前行，来到一座隐蔽礼拜堂。摇曳烛光照亮石墙上的圣像壁画，低声祈祷在其中回荡。走近后，这座秘密礼拜堂展现在眼前：信仰在隐秘中延续的圣所。空气中充满虔敬，而你这个无意闯入的旅人，见证了潜藏在罗马繁复表象之下的秘密信仰。
menu_lucias_house|你接近别墅时，看见一名年轻男子从里面走出。他似乎注意到了你，正朝你走来。
menu_lucias_house_2|阿莫鲁斯离开后，前路已无阻碍。你来到卢基娅·萨比娜的别墅前。这所宅邸出乎意料地朴素，却打理得很好。你敲门，声音被沉重而异常的寂静吞没。你再次更响地敲门，回声显得冒昧而不合时宜。^^漫长而紧张的等待后，门吱呀一声开了条缝。一名满眼恐惧的奴隶探出头来。“我要见卢基娅·萨比娜。”你说。听见她的名字，他瑟缩了一下，缓缓点头。“女主人……在花园里。”他声音发颤地低语，“这个时候，她总在花园里。”
menu_lucias_death|你短暂地凝视无头尸体，以及慢慢向你蔓延的血泊。血还未沾到脚，你便离开，走进她的房间。仔细搜查后，你找到一只上锁的箱子。钥匙正好合适，里面装着答应给你的100,000第纳尔。现在必须确保自己不会被怀疑是凶手。拿走钱后，你匆忙赶往消防治安队。
menu_lucia_arrested|你的说辞遭到怀疑。证人一致证实你曾出现在卢基卢斯别墅墙边。消防治安队更相信亲眼所见，而非你的话。你当场被捕，从卢基卢斯庄园掠来的钱财与珠宝也被没收，你失去了自由。
menu_lucia_slaves_killed|消防治安队只需你一句话。在这个紧张的时期，像你这样受信任的人所作的证言，足以决定任何人的命运——尤其是奴隶。整户家奴被全部抓走，恳求与抗议无人理会。傍晚时分，十余人被钉上十字架，成为城外旅人眼中的骇人景象。此事就此结案，正式报告从未提及你的名字。你下了令，罗马司法机器便毫不犹豫地执行。
menu_slave_message|一名奴隶突然拦住你，睁大眼睛，气喘吁吁。“您是{playername}？”他不等回答便说，“我主人要见您。现在就见。”^他将一个沉重的钱袋塞进你手里。“一千第纳尔，酬谢您的辛劳，也请您快些。他不是有耐心的人。”^“盖乌斯·卢卡里乌斯告诉他，若想迅速解决问题，就该雇您。我主人是主要的杂货商，店铺就在市中心。他正在等候。我该怎么回复他？”
menu_grove|一进入森林，小路便消失了。这片荒野寒冷、潮湿，充满敌意。脚下是危险的迷宫：湿滑树根、隐蔽沟壑、吞脚的烂泥。寂静令人不安，仿佛有什么正警觉地等候，暗示你并非独自一人。你能感觉到，林间浓暗中有无形的眼睛追踪着每个动作。瓦鲁斯就在这里失去了他的军团，敌人不仅是军队，还有森林本身。探索时必须时刻警惕。
menu_grove_2|越往深处，森林越阴暗，越显原始。树木挤压过来，扭曲的枝条如骷髅手指般垂下，上面缀着苔藓和怪异的异教祭物——成束的骨头、羽毛与布条，在微风中轻轻转动。
menu_scandia|你跟随女巫走入树林，世界随之静默。浓雾滚来，吞没小路，迷乱方向，欺骗双眼。一匹孤狼嚎叫，声音仿佛来自你自己脑中。^^山丘上的是石头，还是人影？那形体动了，并非幻觉。一个大得不可思议的巨人站在雾中，注视着你。^^“他就在那儿，”女巫语带笑意，“来自斯坎迪亚的战士。尽量让他打得尽兴些。”她在你脸颊上留下一个短促冰冷的吻，微笑着融入雾中，仿佛从未出现。^^一支标枪呼啸着穿出白雾，击中距你脚边仅数寸的地面，力道震得大地颤动，打破了异常的寂静。
menu_won_witch|巨兽已被击败，鲜血染红大地。虽尚存一丝气息，它的力量却已瓦解。为实现预言，也为履行契约，你必须取下它的头颅。你高举长剑。这一击并非出于愤怒，而是为了终结。刀锋划出一道沉重弧线，斩断血肉与骨骼，声如雷鸣。你将巨大的头颅从肩上提起，让这段传说永远沉寂。
menu_lucillus|奴隶领你穿过苏布拉迷宫般的街道，最终停在一座巍峨仓库前。“卢基卢斯的地方，”他短促而冷酷地笑道，“他正等着你。”随即消失，留下你置身突如其来的寂静。^^你来不及疑惑。正门微微敞开，像是在明确邀请。你刚溜进去，陷阱便发动了。宽阔的仓库里并非只有货物，一群武装男子从箱子后现身。^^“卢基卢斯向你问好，”头领冷笑着拔剑，“你走不了了。”
menu_party_with_mamertinus|你抵达时，别墅已是放纵享乐的灯塔，刻意营造的欢笑回荡夜空。刚进门，手里便被塞入一杯酒和一些开胃点心，随即卷进喧嚣。^^罗马精英取乐的场面堪称奇观：元老、他们的儿子和富得流油的商人争夺影响力；满身珍珠的妻子们则隔着房间，以地位与丑闻展开无声战争。^^夜晚的发展毫不意外。酒喝得越多，面具便滑落得越快。有的人躲进阴影里呕吐，好腾出肚子继续吃喝；另一些人的欲望被酒精揭开，为女人争斗，像斗鸡一样暴怒而毫无风度。
menu_end_party|你躺在干草堆里醒来，头痛欲裂，面前是一只空酒瓶。你不记得自己怎么来到这里，也记不起宴会上发生了什么。不过都无所谓。
menu_lucillus_villa|卢基卢斯的别墅偏僻而高墙环绕，正是其不义之财的明证。你沿阴影绕行，注意到巡逻佣兵训练有素。午后的微风把花园里放肆傲慢的笑声送过墙头。^你爬上附近的木箱，窥视阳光下的庭院。卢基卢斯手持酒杯，动作夸张地与另两名男子交谈。他们放松、毫无戒心，易于下手。^墙虽高，却爬得过去。从这里出击，几秒就能扑到他们面前。一场伏击，三具尸体，再加上一座任你洗劫的别墅……
menu_luc_vic_2|卢基卢斯死在你脚下。你毫不耽搁，翻遍别墅寻找财富，终于发现一个隐蔽钱箱，装满金币与精美的伊特鲁里亚珠宝，价值至少10,000第纳尔。事情办妥，口袋也沉甸甸的，该去领取余下报酬了。
menu_luc_vic|仓库重归寂静。你跨过最后一名对手，赶在有人报警前融入码头阴影。差事虽然血腥，却办得干净。现在必须回去见马梅尔提努斯。
menu_luc_def|世界渐渐消散。声音变成沉闷轰鸣，随后归于虚无。视野边缘的光向内收缩，直至只剩黑暗……^^远处模糊的声响率先穿透虚空，随后是透过衣服渗来的寒意，以及双眼后沉重的钝痛。你的头一阵阵跳痛，令人作呕，却也证明最坏的时候过去了。你还活着，而且很痛。
menu_siege_event_test|选择一个事件。
menu_siege_event_test2|选择一个事件。
menu_siege_event_test3|选择一个事件。
menu_duel_2|你冲闹事者喝道：“我要教训你。这种幼稚的混账行为必须受罚！”^^闹事者说：“我会把你打趴下！”^^^其他士兵注意到争执，围上来欢呼叫喊。如今已无退路，你必须战斗。
menu_duel|你为决斗做好准备，磨利武器。这将是一场生死之战。
menu_duel_win|你击败了对手。阿尔布斯的手下见首领倒地，纷纷逃跑。你的士兵试图追捕，却未成功。无论如何，你抓住了阿尔布斯。
menu_ywhe|你接受仪式，并很快了解了犹太信仰。
menu_revolt_start|你登上箱子，开始演说：^^“信仰中的兄弟姐妹们，我们容忍异族占领已数十年，而我必须说：再也忍不下去了！今天就该结束压迫！兄弟姐妹们，为犹太的荣耀而战吧！”
menu_players_revolt|你发表了慷慨激昂的演说，越来越多人聚集聆听。结束时，人群欢呼！愤怒的暴民屠杀了驻军，大祭司们接管叛军的指挥权。^^犹太大起义爆发了！^^{s44}
menu_found_rebells|出资援助犹太人民，可以改善你与他们的关系，并在罗马帝国制造动荡！
mno_large|资助一支大型叛军。（5,000第纳尔）
mno_small|资助一支叛军。（2,500第纳尔）
menu_host_games|你有多种选择。表演越盛大，与城镇的关系、声望和名誉提升就越多。^但即使花费数十万第纳尔，也别指望关系能改善太多。人们通常很快就会忘掉这些活动。
menu_event_senate_01|帮朋友一个忙^^你进入尤利亚会堂时，一名元老上前，自称是你的支持者，请求帮忙：^^“大人，我有急事，您或许能帮上忙。我正与一位富有公民打官司，急需钱聘请律师。能否赠我10,000第纳尔，作为友谊的见证？”
menu_event_senate_02|懒惰的庇护人^^你进入尤利亚会堂时，一名年轻人上前。他贫穷肮脏，起初你以为是乞丐，但他自称是一位支持你的元老的受庇护者，说道：^^“大人，我请求庇护人保护我。我去酒馆时遭强盗袭击，他们抢走了500第纳尔！对我这样的穷人，这是大笔钱。我清楚是谁偷的，便求庇护人出面替我讨公道。他却把我打发走，让我改向您求助。”
menu_event_senate_03|伪证^^你进入尤利亚会堂时，一名年轻人上前，自称是支持你的某位元老的信使，带来口信：^^“大人，我请求您在一桩诉讼中出庭作证。虽然您与案件无关，但您在罗马声名显赫，证言或许能让审判转而对我有利。”^^答应便是作伪证，会损害名誉；拒绝则会令支持者不满。
menu_event_senate_04|贞洁不再^^传闻一名维斯塔贞女被“当场捉奸”，与一位年轻罗马元老同床！她显然必须失去祭司身份，但一些煽动者要求依古俗将她活埋。然而，从共和国时代起，人祭便已被禁止。元老院如今争论是否准许这场献祭。你的支持者多为平民派，站在民众一边，认为应予准许。
menu_event_senate_05|神圣的牲畜^^进入尤利亚会堂后，你得知元老院正在关注一件事：^^占卜官为某个征兆的含义争吵不休，大致分成两派。一派声称，征兆要求向朱庇特献祭白公牛；另一派则说，应向朱诺献祭白色小母牛。^^一些元老也开始选边站。你的支持者大多赞成白公牛，但参与这类争论，可能激怒祭司。
menu_event_senate_06|元老与情爱^^前往尤利亚会堂途中，你看见一名衣着如元老的男子，与一位衣着单薄、浓妆艳抹的年轻女子在小巷角落亲热。^^她大概是妓女。但若是已婚妇人，你就能以此勒索元老，增加支持，因为通奸违反罗马法律。
menu_event_senate_07|神庙工程^^进入尤利亚会堂时，你注意到几位元老正在交谈。你不动声色地旁听，得知他们讨论的是罗马广场附近一座小神庙的修复工程，似乎还缺约50,000第纳尔。^^你可以借机提升声望，并改善与罗马的关系。
menu_event_senate_08|恶徒^^前往尤利亚会堂途中，你看见一名衣着如元老的男子遭两名恶徒袭击。^^出手相助大概是个好主意。
menu_event_senate_09|有罪还是无罪？^^进入尤利亚会堂后，你加入了一场关于当前诉讼的讨论。^被告涉嫌弑父。乍看之下，证人陈述所支持的事实全都对他不利，但律师的一篇辩词，竟将这些事实组织成只能得出一个结论的样子：他无罪。^^元老们正在争论，他究竟是否无辜。
menu_event_senate_digus_reveange|一名奴隶带来一位罗马权贵的口信：^“{playername}，我始终未忘马梅尔提努斯宴会上发生的事。我想邀请你到我的别墅赴宴。^^比古斯·迪库斯敬上。”
menu_rename|你可以在此菜单重命名同伴的队伍。
mno_leave_rename|重命名队伍。
mno_propose_new_topic|提出新的议题。
mno_organize_grain_supply|提议自费组织额外粮食供应。
mno_speak_to_emperor_for_senate|提议代表元老院的立场，与凯撒·奥古斯都商谈。
mno_leave_senate_discussion|返回。
menu_organize_grain|你提出亲自出资、组织紧急粮运，令许多元老产生兴趣。他们认为这是让{s12}当众难堪的好机会：若官方渠道不如你的私人行动有效或及时，便可借题发挥。^^你有30天交付承诺的粮食。成功履约必将提升声望、改善与罗马人的关系，并赢得元老院的好感。然而，失败可能带来严重后果。
mno_option_6|承诺运来至少一船粮食。
mno_option_leave|暂不作出承诺。
mno_leave_jui_grain_success|虽有风险，结果令人满意。
menu_talk_with_emperor|你提出充任使节，前去会见凯撒·奥古斯都，元老们对此十分热情。他们希望你能说服元首，颁布符合元老院当前主流意见的法律。你有30天完成这项微妙的外交任务，并回来报告结果。
mno_accept_emperor_mission|提议会见元首，陈述元老院的意见。
mno_decline_emperor_mission|返回。
menu_propose_topic|你希望讨论什么议题？^^若提案获准，本次元老院会议将结束。
mno_grain|提议运来额外粮食。
menu_statue_finished|雕像^^雕像果然已完工，市民长与长官十分自豪地向你展示。你仔细观看：^{s33}
menu_rename_month|你提出一项月份敕令，以自己的名字重命名某个月份。敕令须经简单多数通过才有效，{reg33}%的元老投票支持。^^此外，全面更名需花费250,000第纳尔，将从你的财库扣除。（目前共有{reg34}第纳尔）^^请慎重，日后无法再修改名称。
mno_month_0|重命名{s5}。
mno_month_1|重命名{s5}。
mno_month_2|重命名{s5}。
mno_month_3|重命名{s5}。
mno_month_4|重命名{s5}。
mno_month_5|重命名{s5}。
mno_month_6|重命名{s5}。
mno_month_7|重命名{s5}。
mno_month_8|重命名{s5}。
mno_month_9|重命名{s5}。
mno_month_10|重命名{s5}。
mno_month_11|重命名{s5}。
menu_golgotha|你登上名叫各各他的山丘，数十年前基督在此被钉上十字架。天气炎热，抵达山顶后，耶路撒冷的壮丽景色尽收眼底。你环视城市，片刻后开始祈祷……却被一个声音打断。你四下张望，只见一丛燃烧的荆棘，前方地上插着一支长枪。声音说道：“拿起这支枪，胜利将永远与你同在！”
menu_petition|你开始审阅请愿书……
menu_christian|初次听闻基督与基督徒时，你不知该作何感想。然而，你逐渐觉得他们的信仰令人安心。或许该敬奉他们的神了？也许这才是真正的神！
menu_senate_decide|你将罢免{s22}的请愿提交元老院。支持者立刻要求提名你为新总督。这项重大决定需三分之二多数通过。当前有{reg20}%的元老支持你。
menu_senate_decide_bacchus|你将撤销《酒神祭祀决议》的请愿提交元老院。废除该法需简单多数通过。当前有{reg20}%的元老支持你。
menu_senate_decide_bacchus3|法律废除了，你离开尤利亚会堂。该领取报酬了！^^你朝罗马东门走去，途中却被一群醉醺醺的狂欢者拦住。舞者与乐师从四面八方出现，奴隶奔忙着向罗马百姓分发美味昂贵的食物与葡萄酒。这一定是他提过的惊喜：帝国各地的酒徒与欢宴者仿佛都涌进罗马。突如其来的混乱中，你看见他乘着金色战车穿行街道，周围簇拥着数千名赤裸的舞者。你跟随队伍，终于在罗马广场赶上了他。
menu_chariot_race|战车赛！^^号角响起，观众的欢呼充满竞技场，尘土与万千期待从赛道升腾。车手，这是你的时刻！^展现信心，为自己的技艺下注吧。胜利不仅带来荣耀，还有沉甸甸的金钱。你目前下注{reg20}第纳尔。^^^真正的车手懂得驾驭马匹。时机合适时，按[G]猛烈催马冲刺，短暂加速，超越对手或冲向终点。^^注意，这种奋力冲刺会严重消耗马匹。每次使用都会损伤它们的生命力，即使最强壮的马也可能因过度驱策而倒毙。合理控制体力，否则你与战车都会毁在中央隔墙上。
menu_horse_race|赛马！^^传令官的号角回荡赛马场，躁动的马匹在起跑门前列队，观众满怀期待地欢呼。这是证明你高超骑术的机会！^展现信心，为自己的技艺下注吧。胜利的桂冠带来荣耀，但沉甸甸的钱袋才是真正的奖赏。你目前下注{reg20}第纳尔。^^优秀骑手懂得何时催马。时机合适时，按[G]驱马奋力冲刺，短暂加速，超越对手或夺取终点。^^注意，这会造成巨大消耗。每次使用都会损伤坐骑的生命力，即使最强壮的马也可能因过度驱策而力竭倒地。明智地控制体力，否则你将在尘土中结束比赛。
menu_decide_game|竞技盛会！^^你可以参加角斗，也可以参加赛马或战车赛！^^赛事极具挑战，唯有真正的高手才会参赛。^^你也可以观看斗兽：角斗间歇，罪犯会被扔给野兽。
menu_latifundium|你来到{s22}附近的庄园。^这里有{reg22}名奴隶劳作，至少需要{reg30}名才能高效生产。^^已建成的建筑：{s10}。^^正在修建的建筑：{s11}。^^{s44}
menu_inspect_treasury|身为监察官，你有权查看整个帝国预算，从亚历山大里亚缴纳的税款，到尼禄的账单，无所不包。^^^周围还有其他官员，过了一阵，他们离开，留下你独自一人。正是修改账目的好机会……{s22}
menu_caught_embezzle|你查明了谁负责调查，可以贿赂他以终止此案。这位官员索要{reg33}第纳尔。
menu_caught_embezzle_bribed|官员似乎很满意你的“礼物”，案件被搁置归档。
menu_caught_embezzle_punished|一项重大调查结束，发现你先后侵吞了{reg33}第纳尔！^^元首已获知此事。由于证据被认为确凿无疑，不会举行审判，也不会讯问你。他认定罪行昭然，下令追回全部赃款，并剥夺你的一切官职与荣誉头衔。
menu_parthian_expedition|帕提亚叛乱！^^帕提亚人反抗异族征服者！{s2}爆发叛乱。
menu_player_attach|你在{s20}的服役开始了。^^{s33}
menu_training|你跟随百夫长来到一处小训练场。你将与先前受罚的新兵一同训练。领取适当训练装备后，百夫长走了过来。
menu_training_2|百夫长离开后，你与搭档一直练到夜幕降临，才疲惫地返回营地。
menu_freelancer_event_pret_1|粮食骚乱^^{s15}收到城市长官提格利努斯的来信，要求派一支部队前往首都。尼禄挪用部分购粮款修建新宫殿，似乎因此引发骚乱。传言国库已近空虚。平民愤怒不已，元首尼禄下令军队镇压。^^你被编入这支分队，准备妥当后，很快开始向罗马进军。
menu_freelancer_event_pret_1_2|你随分队终于抵达罗马。百夫长们部署部队，城市卫队保民官发表简短讲话，传达提格利努斯的命令：^^“士兵们，元首尼禄命我们以武力镇压叛乱。统帅提格利努斯说，不必留情，这些闹事者不配得到怜悯。也许有人会说：他们是罗马公民，我们不能杀他们。提格利努斯与凯撒已经说了：他们是叛徒。记住这一点。”
menu_freelancer_event_pret_1_vitory|禁卫军镇压了骚乱，部分士兵受伤，但无人阵亡。闹事者非死即重伤，鲜血染红街道。你注意到，并非所有士兵都乐于屠杀罗马公民，还听见了诋毁尼禄的话。^^短暂休息后，分队返回，与其余禁卫军会合。
menu_freelancer_event_pret_2|潘达特里亚之会^^你被编入一支准备前往罗马的小分队。城市长官提格利努斯需要增援，执行尼禄交代的某项任务。出发前，{s22}向士兵说明情况：^^“士兵们，接下来你们可能会遇到让人迟疑的事情。但不要迟疑，只管服从命令，不必多想。”
menu_freelancer_event_pret_2_2|你以为目的地是罗马，但旅程仍在继续。分队在奥斯提亚登船，驶往意大利海岸附近的潘达特里亚岛。^^岛上，一名百夫长传达命令：^^“士兵们，尼禄的前妻屋大维娅犯下罪行，必须受罚。元首尼禄命令：让她亲眼看着侍女们受刑至死。”^^分队来到别墅，强迫屋大维娅与侍女们进入花园。
menu_freelancer_event_pret_2_end|百夫长强迫屋大维娅观看残酷处决。血腥差事结束后，你听见她低声哭泣。所有人沉默，无人敢言。分队没有埋葬死者便离开别墅。你最后记得的，是屋大维娅跪在死去仆人身旁哭泣的模样。^^返程开始了。
menu_freelancer_event_pret_2_end2|你拒绝亲自动手，于是百夫长将侍女们鞭打致死。你觉得自己永远无法忘记那些临死女人痛苦的惨叫。血腥差事结束后，屋大维娅低声哭泣，所有人沉默无言。分队没有埋葬死者便离开别墅。你最后记得的，是屋大维娅跪在死去仆人身旁哭泣的模样。其他士兵完成任务后，你受到了惩罚。
menu_freelancer_event_pret_3|屋大维娅的支持者^^屋大维娅在罗马民众中极受欢迎。她被放逐、侍女遭受酷刑的传闻在城中扩散，引发动荡。支持者抬着以鲜花装饰的雕像穿过罗马，呼吁她归来。尼禄想扮演“强人”，下令镇压骚乱。^{s22}奉命派遣分队前往罗马，你也在其中。
menu_freelancer_event_pret_3_2|抵达罗马后，一切与上次如出一辙：部队展开，城市卫队保民官讲话，不久，骚乱者便出现在街头。^^冲突即将开始。
menu_freelancer_event_pret_4|女人的头颅^^骚乱仍在继续，尼禄感到身处险境。他镇压叛乱的计划失败了，人们质问，他为何不征服蛮族土地，却对罗马人开战。尼禄似乎只剩两个选择：重新迎娶屋大维娅，或将她杀死。在波佩娅·萨比娜与提格利努斯影响下，他最终选择后者。^^差事交由禁卫军执行，你被选入小分队，乘船前往潘达特里亚岛。
menu_freelancer_event_pret_4_2|计划如下：强迫她自尽，让人们以为她自愿结束生命。^^你抵达潘达特里亚岛上的别墅时，屋大维娅已在花园等候。
menu_freelancer_event_death_of_octavia|她死后，百夫长将头颅从肩上砍下。你站在旁边，惊愕不已。百夫长说：^“波佩娅·萨比娜要她的头，以确认她真的死了。”^^你返回军团长处，而屋大维娅的头颅则送往皇宫。
menu_freelancer_event_pret_5|演出^^尼禄想表演一出音乐剧，排练时要一支禁卫军分队充当观众。不幸的是，你就在其中。^^向罗马的行军开始了。
menu_freelancer_event_pret_5_2|元首表演前，你收到命令：不许睡觉，不许打哈欠，要表现得喜欢这出戏。^^凯撒一开演，你便意识到这差事十分艰难。你这辈子从未见过或听过如此无聊的东西。
menu_freelancer_event_pret_6|敲响苏拉的门^^尼禄忙于对付屋大维娅时，独裁官苏拉的后裔福斯图斯·苏拉·费利克斯，已在罗马贵族中积累支持。^尼禄认为他可能构成威胁，命禁卫军对其进行精神恐吓，希望逼他自尽。^^你奉命随分队前往罗马。
menu_freelancer_event_pret_6_2|抵达罗马后，你收到命令：守在他家门前，谈论各种杀死他的办法。轮值开始，你走向福斯图斯的宅邸。^^到达时，上一班士兵仍在交谈，似乎喝了点酒。
menu_freelancer_event_pret_terror_end|轮值开始，你决定{s11} 然而，{s23}
menu_freelancer_event_pret_7|苏拉家中起火^^福斯图斯·苏拉·费利克斯仍抵抗着禁卫军的恐吓。尼禄越来越不安，福斯图斯的影响力似乎正在上升。^你再次被编入恐吓他的分队，再次向罗马进军。
menu_freelancer_event_pret_7_2|抵达罗马后，你短暂休息，随后开始轮值。你仍要守在他家门前，谈论各种杀死他的办法。^^到达福斯图斯宅邸时，上一班士兵仍在那里交谈。
menu_freelancer_event_pret_8|苏拉的噩梦^^福斯图斯·苏拉·费利克斯仍抵抗着一切恐吓，势力继续壮大。尼禄开始焦躁，希望他尽快死去。如今，无论福斯图斯走到哪里，禁卫军都尾随其后，谈论他可能的死法。^你再次被编入恐吓他的分队，再次向罗马进军。
menu_freelancer_event_pret_8_2|抵达罗马不久，你开始轮值，仍要守在他家门前，谈论他可能如何遇害或死亡。^^你走向宅邸，接替上一班士兵。
menu_freelancer_event_pret_9|苏拉的最后抵抗^^福斯图斯·苏拉·费利克斯仍未自尽。尼禄失去耐心，下令杀死他，计划在宴会上下毒。计划执行了，却失败了：喝下毒酒的不是福斯图斯，而是他的妻子，她很快死去。^^福斯图斯意识到自己危在旦夕，逃离罗马，躲进乡间别墅，并雇佣一伙佣兵防守。^尼禄想结束这场闹剧，宣布福斯图斯就是杀妻凶手，命禁卫军将其逮捕。^^你发现自己又在一支前往罗马的分队里。
menu_freelancer_event_pret_9_2|分队抵达福斯图斯的别墅，宣读逮捕令，要求他投降，他却拒绝。^^禁卫军准备强攻。福斯图斯雇佣了许多佣兵，这将是一场恶战。^^计划：破门而入，杀死所有抵抗者。
menu_freelancer_event_pret_9_lost|虽然你倒下了，禁卫军仍赢得战斗。^福斯图斯在战斗中身亡，所有参与强攻的禁卫军都获赐5,000第纳尔。^^任务完成，分队返回，与其余禁卫军会合。
menu_freelancer_event_pret_9_vic|胜利属于你！禁卫军赢得战斗。^福斯图斯在战斗中身亡，所有参与强攻的禁卫军都获赐5,000第纳尔。^此外，你还掠得价值2,500第纳尔的战利品。^^任务完成，分队返回，与其余禁卫军会合。
menu_freelancer_event_pret_10|塞涅卡^^私下流传着消息：尼禄在提格利努斯影响下正筹备清洗。传闻变成事实，数支禁卫军小分队被派往罗马，协助城市长官执行任务。^你率领一支分队，要逼哲学家塞涅卡自尽。
menu_freelancer_event_pret_10_1|长途跋涉后，你抵达罗马。塞涅卡住在城外一座别墅。^^尼禄亲自给出详细指示：^塞涅卡必须自行了断，不得帮助，也不得杀他；不得满足任何临终请求；他的妻子不得死去。^^抵达别墅时，一名奴隶告诉你，主人正在房间里等候。
menu_freelancer_event_pret_10_final|你返回罗马。任务完成，塞涅卡已死。{s10} {s11}
menu_freelancer_event_pret_11|尼罗河探险^^帝国财库已近空虚，尼禄正寻找新的收入来源。传闻尼罗河南方有一片土地，拥有巨大的金矿与其他财富。^^元首听闻后，下令派探险队沿尼罗河南下，为入侵搜集情报。这是一项危险任务。^不幸的是，你被选为领队！
menu_freelancer_event_pret_11_1|你随一支较大的分队前往亚历山大里亚，再到达底比斯，在那里征集奴隶与补给，开始旅程。^^经过无聊的航行，探险队终于离开罗马领土。旅途中，你开始详细记录日志。^^岸边卧着巨鳄，水中有庞大的河马。很快你发现岸上有战士监视舰队，想必属于当地部落。登陆准备扎营过夜时，你们遭到战士伏击。^^你刚来得及抓起武器，一支箭便射中身旁地面。
menu_freelancer_event_pret_11_2|{s11}^^战斗结束后，部队处理伤口。一名士兵问：“大人，是继续前进，还是返航？其他人都不安起来，认为这是诸神的征兆。我们最好回去。”
menu_freelancer_event_pret_11_3|艰苦的旅程继续。酷热难耐，几乎每天都有人死于鳄鱼或河马袭击。更糟的是，一些奴隶染上无人认识的疾病。^^但不知为何，你却享受这段旅程。眼前景物美丽而震撼，你发现许多从未见过的动植物，也开始记录疾病。^^长途跋涉后，远处出现一座城市，必是麦罗埃。近期袭击表明，努比亚人与罗马人关系恶劣。你决定谨慎行事，先扎营。然而营地尚未建好，一群战士便发动了攻击！
menu_freelancer_event_pret_11_4|艰苦的旅程继续。你趁夜偷偷绕过麦罗埃。^^每天都有更多人死于疾病、鳄鱼或其他野兽，但某种力量仍驱使你前进。你充满好奇与兴奋，每天都有新奇的发现……^^漫长而疲惫的航行后，你抵达一片巨大沼泽。水太浅，船无法继续，必须建造更轻的小舟。^^部队疲惫不堪，你下令扎营，却很快遭敌人袭击。他们似乎是麦罗埃战士，一直秘密尾随至此。
menu_freelancer_event_pret_11_5|小舟造好，旅程继续。一天过去，沼泽似乎仍无尽头。这里或许就是尼罗河源头？你意识到再走下去，可能永远找不到归路，于是下令返回。数日后，你重新抵达尼罗河。^^你成功悄然穿过努比亚，未遭伏击。几个月后，终于望见远处的底比斯！然而代价惨重，整支探险队只剩寥寥数人生还。
menu_freelancer_event_pret_11_end|归来后，尼禄似乎早已忘记自己曾下令探险。你递上详细报告，他却随手扔掉。^^至少，{s11}注意到了你的努力。
menu_freelancer_event_pret_12|不幸的诗人^^希腊文与拉丁文的讽刺诗四处流传，提格利努斯恰好找到了作者，出自一个普通罗马家族。他怂恿尼禄屠灭全家，以儆效尤。^^尼禄同意，提格利努斯调来更多士兵执行任务。你将率禁卫军分队完成此事。
menu_freelancer_event_pret_12_1|他们知道大祸临头，想尽快逃离罗马，正在帕拉蒂尼山的别墅内做最后准备。^可惜你比他们预料的更早到达，率兵来到别墅，破门而入。
menu_freelancer_event_pret_12_vic|{s11}^^任务完成，你与部队获赏2,000第纳尔。
menu_freelancer_event_pret_13|不幸的债主^^国库状况糟糕，尼禄欠多个家族大笔债务。为摆脱困境，他指控一位主要债主叛国，下令将其全家逮捕，企图恐吓其他债主，使他们免除债务。^^你随一支分队被派往罗马。
menu_freelancer_event_pret_13_1|抵达罗马后，你收到命令：逮捕住在阿文提尼山的一个家族，他们是叛徒。^^你率兵来到别墅，命令若对方拒绝投降，就用棍棒击倒。你撞开大门，宣读判决，但他们拒绝投降……
menu_freelancer_event_pret_14|嫉妒的奥古斯塔^^一小群旅人来到营地，原来是波佩娅·萨比娜。她想见{s11}手下最优秀的士兵，{s11}自然说你最好。你被召来。^^她正在等候。
menu_freelancer_event_pret_14_1|为你举办的宴会开始了。波佩娅·萨比娜已开始分散尼禄的注意力，现在你需要找到因维迪娅，与她交谈。
menu_freelancer_event_pret_14_end|你短暂地享受宴会，随后因维迪娅的尸体被发现。人们以为她自尽了，尼禄下令结束宴会。^^你踏上归途。
menu_freelancer_event_pret_15|斯波鲁斯^^{s11}命你到帐篷来，告诉你波佩娅·萨比娜需要最优秀的禁卫军执行特殊任务，而你正是最佳人选。你必须立即前往罗马的奥古斯都宫，她在那里等候。
menu_freelancer_event_pret_15_end|你踏上归途。^^不久，传闻传来：老商人听说情人斯波鲁斯被绑架后，很快便去世，遗嘱将所有财富留给国家。商人死后，波佩娅·萨比娜释放了斯波鲁斯。机缘巧合，尼禄遇到了他，觉得宫里添上这么个人一定不错……
menu_freelancer_event_1|士兵的晚餐^^你终于能从疲惫旅程中歇息。部队建立行军营地，一组士兵挖掘防御壕沟，一组挖厕所，其余人搭营，或与随军妇女一起做饭。^^你是新兵，被派去挖厕所。干完活后，你与两名士兵、一位随军妇女围坐营火旁。
menu_freelancer_event_1_wine|失窃的酒^^今天真是字面意义上的倒霉透顶：经过厕所时，有人把你推入满是粪便的坑里，如今仍臭不可闻。^更糟的是，百夫长的钱袋与酒被偷了。他说若窃贼不归还，就惩罚整个百人队。^^此时，你与一小队士兵奉命找柴，不知怎么在林中走散。寻找队友时，你碰巧看见阿瓦里提娅和另一个人正在喝酒享用美食……
menu_freelancer_event_1_wine_vic|击败他们后，你处理其伤口，将他们带回营地，并向百夫长说明情况。他表扬了你。阿瓦里提娅与苏佩尔布斯各挨五十鞭后，被钉上十字架。你最后看了他们一眼。身旁的百夫长说：“这就是违法者的下场。罗马带来法律与秩序。”
menu_freelancer_event_2|睡着了^^一名值哨士兵睡着了，目前只有你发现。若被副百夫长或百夫长看到，他就会受罚。叫醒他，可以救他免于惩处；但若告发，也许能让你离晋升更近一步……
menu_freelancer_event_1_2|后来，阿瓦里提娅告诉你，百夫长听说了打架的事，似乎对你挺身保护战友颇为赞赏。
menu_freelancer_event_3|夜间盗贼^^夜里值哨时，你发现几道黑影跑出营地，听见他们交谈，似乎十分匆忙。大概是强盗潜入偷盗补给，阻止他们是你的职责……
menu_freelancer_event_3_victory|你击败强盗，追回全部补给。{s1}得知你的功绩后，赏赐1,000第纳尔。你无疑朝晋升迈出了一大步。
menu_freelancer_event_3_defeat|你被强盗击败，他们带着补给逃走。你因失职受到棍打……
menu_freelancer_event_4|醉汉^^长途行军后，你与其他士兵和随军妇女围坐营火旁。吃饭时，你发现一些士兵醉了，尽管百夫长已下令禁酒。打听后才知，他们巡逻时从商人那里没收了酒。这种可耻的滥权，正是大多数平民憎恶士兵的原因……
menu_freelancer_event_5|征集补给^^你与几名士兵奉命向当地农民征收十二头牛，供军团使用。农民似乎相当富有，还有个十分美丽的女儿。士兵们趁机不仅带走牲畜，还要抢走女儿与其他货物。农民抓起斧头，准备攻击。
menu_freelancer_event_5_1|武器保养^^检查士兵装备、确保妥善保养，是你的职责之一。^一些士兵疏于维护，短剑已经生锈，必须给予适当惩罚。
menu_freelancer_event_6|军官会议^^你想向百夫长递交报告，却得知他正在统帅帐篷内与{s1}及其他军官开会。^你朝统帅帐篷走去。
menu_freelancer_event_7|强行军^^连续行军数小时后，士兵疲惫不堪，决定休息。尽管{s1}坚持前进，他们仍无视命令，以哗变相威胁。连军官都认为今天走得够远了。但{s1}仍坚持继续，并威胁施行十一抽杀律。士兵们却执意不肯再走……
menu_freelancer_event_7_reaction|鹰旗手骂你蠢货，拔腿追来，但你跑得比他快。片刻后，其他士兵发现鹰旗正在移动，怕蒙受耻辱，便跟了上来。计划奏效，全军重新开始行军。^^{s1}骑马追上你，称赞这大胆的计策。^抵达目的地后，你把鹰旗归还旗手。
menu_freelancer_event_8|修路^^军团士兵偶尔要协助修路，不幸今天就是这样的日子。你奉命率分队支援工程。幸好你是军官，不必干重活，但坐在太阳底下看士兵挖土，实在无聊。过了一阵，附近农庄的几名妇女走来，感谢你们的辛劳，免费送上食物、酒与陪伴。^^若接受，恐怕就赶不上工期……
menu_freelancer_event_9|袭击^^附近农庄遭强盗袭击的传言四处流传。随后你接到通知，{s1}正在帐篷里等你，要你立即前往。
menu_freelancer_event_9_defeat|你倒下后，残余敌人击败了部队。他们以为你已死，继续洗劫。一小时后，你醒来，头痛难忍。^^你独自找到归路，回到行军营地。{s1}对失败十分愤怒……
menu_freelancer_event_9_victory|你成功击败强盗与逃兵。^{s22}^你从他们身上收集了价值1,000第纳尔的战利品。^^回到行军营地后，{s1}表扬了你，并赏赐2,000第纳尔。
menu_freelancer_event_9_1|你检阅部队，做好准备。^^行军一小时后，远处浓烟升起。接近农庄，发现多数房屋都在燃烧。罗马士兵正与手持工具和棍棒的农民交战，那一定是逃兵。但普通强盗也在与居民和逃兵战斗，看来逃兵的劫掠被一伙强盗打断了。
menu_freelancer_event_10|找茬^^你正在小解，有人从身后推来，害你失足跌入粪坑。^^爬出来时，闹事者还站在那里嘲笑你。
menu_freelancer_event_10_defeat|你被重重一击打倒。^^其他士兵欢呼，庆祝对手获胜。
menu_freelancer_event_10_victory|你重重一击打倒对手，他肋骨断裂、鼻血直流，躺在地上。^其他士兵欢呼，庆祝你的胜利。^^你走上前，抓住他的头，喝道：^^“安静！”^^所有人沉默，你继续说道：^^“士兵们，看清楚！那些纯粹出于无聊与愚蠢、欺凌他人、扰乱安宁的人，就是这个下场。你们会受到惩罚。罗马惩罚扰乱安宁者，罗马带来秩序与和平！”
menu_freelancer_event_11|哗变危机^^由于军饷拖欠、补给不足，士兵躁动不安，有哗变的危险。^^为解决问题，{s31}向高级军官征求意见。^^你也可以提出建议。
menu_freelancer_event_12|仪式^^你偶然撞见一件极为骇人的事：一群士兵正在帐篷里轮奸一名新兵……
menu_freelancer_event_12_1|你立即制止暴行，随后审讯所有涉事士兵。原来这是该百人队的某种入队仪式，每个新兵都必须经历，才会被接纳为同袍。你还发现，百夫长与副百夫长们对此知情。问及时，百夫长说，他认为这是让新兵融入部队的好办法。
menu_freelancer_event_marsh|罗马不可战胜！^^行军中，百夫长开始唱：“罗马，罗马，哦，罗马！”^一群士兵跟着唱：“罗马，罗马，哦，罗马！”^另一群则唱：“军团！永恒！永恒！常胜！”^^……
menu_freelancer_event_14|征兆^^士兵们躁动不安。一连串凶兆使他们相信诸神震怒，军团很快将遭到无法避免的灾难。部队士气低落，纪律受损。若不采取措施，恐怕有人会逃亡。
menu_freelancer_event_14_reaction|你尽可能召集更多士兵，宣布将在帐篷内献祭。你进入帐篷，举行仪式。^^{s1}
menu_freelancer_event_0|营火歌^^围坐营火时，一名士兵以低沉忧伤的声音唱起歌，其他人很快加入：^^“军团兵的日子苦，一二三！命运像霍乱纠缠，一二三！活儿多，饭却少，命令一下就行军，一二，一二三！”^^“标枪老友压手臂，一二三！大盾撞得膝盖疼，一二三！腰间还挂一把剑，私人物品背包里，一二，一二三！”^^“从前日子要好些，一二三！想吃什么就能吃，一二三！好日子重来之前，你早已经把命丢，一二，一二三！”^^“百夫长们起得早，一二三！军团兵也不能晚，一二三！快把铠甲穿起来，兄弟，训练场上见！一二，一二三！”
menu_world_map_soldier|士兵，你想做什么？
mno_take_action|采取行动。
mno_enter_town|进入驻扎的城镇。
mno_wounds_treating|与负责治疗伤口的免役兵交谈。
mno_weapon_maintenance|与负责武器维护的免役兵交谈。
mno_marching_camp|前往行军营地。
mno_join_wounded|你伤势太重，无法战斗。
mno_report|统帅报告
mno_return_to_duty|随士兵行军。
mno_skip_freelancing_cheat|跳过从军历程：直接完成最后一次晋升，成为保民官。
menu_commander_aud|会面请求已转达统帅，终于，{s6}从帐篷里出来与你交谈。
mno_reject_talk_lord|算了。
menu_freelancer_defeated|战后，敌人劫掠并奴役所有幸存者。幸好他们以为你已死。数小时后，他们停止搜刮，继续前进，你终于能够起身。
menu_promotion_freelancer|恭喜，你已晋升为{s21}。{reg0?担任此职，你将在战斗中指挥{reg4}名士兵。:你在战斗中不会指挥任何部队。}^^{s50}
menu_last_promotion|一名士兵通知你，{s6}要见你。你随他前往统帅帐篷，{s6}正在等候。
menu_deliver_bribe|寻找一阵后，你终于在罗马七丘之一找到了别墅。^^你站在门前。要进去，还是干脆把钱据为己有？
menu_attack_thunder_god|短途跋涉后，你抵达目的地：雷神信徒的营地！帕提亚间谍说，他会在此等候，由你进攻营地。
menu_spy_last_charge|远处出现几名具装骑兵，你准备迎战。
menu_pick_up_gold|你已为{s15}取来一批金条。
menu_crushed_revolt|闹事者已被击败，所有幸存敌人都将被钉上十字架。
mno_temples|拜访神庙。
mno_senate|前往元老院。
mno_visit_ruins_of_carthage|参观古代布匿迦太基遗址。
mno_visit_lady|拜访利比亚人的别墅。
mno_werdheri_quest|会见维尔德赫里（Werdheri）。
mno_town_donation|向城镇官员捐赠10,000第纳尔。
mno_triumph_1|举行凯旋式。
mno_dplmc_guild_master_meeting|会见市民长。
mno_dplmc_guild_master_meeting_denied|你尚未见过市民长。
mno_auto_buy_food|自动购买食物。
mno_auto_sell|自动出售物品。
menu_criminal_activities_rome|仆人与顾问告诉你，罗马有个帮派势力正在壮大，似乎与阿瓦里提娅和苏佩尔布斯有关。其崛起主要得益于消防治安队的纵容。^^罗马陷入动荡，传言你也牵涉其中。许多人震惊于元首竟庇护普通罪犯。^^显然，你必须对付这个帮派。
menu_avaritia_trial|此事成了罗马多年来最大的丑闻。阿瓦里提娅与苏佩尔布斯被送上法庭，关于帮派勾当的传言全被证实。虽然阿瓦里提娅四处散播你的身世，却无人相信。最终，两人均被判处死刑。
menu_avaritia_died|事件引起了一些有关你出身的议论，但并未造成实质伤害。^^最终，罗马上流社会的新丑闻很快让人们忘记此事。
menu_notification_event_emperor_avaritia|你的大臣{s11}传来消息，罗马正酝酿危机，若不处理，可能削弱你的权威。你应尽早与{reg4?她:他}商议。
menu_freelancer_weekly_duty|在世界地图上按K，可查看当前任务。^^你可以自愿承担任务，也可以参加训练。^^在世界地图上按K，可查看当前任务。
menu_freelancer_task_tribute|今天，一队士兵离开行军营地，前往{s22}附近的村庄征收贡赋。^^{s1}
menu_freelancer_task_tribute_collected|所需贡赋已收齐。为表示臣服，村民被迫亲吻军团鹰旗。
menu_freelancer_task_tribute_no|你空手返回军团营地，因任务失败，与士兵们一同受罚。次日，另一支分队再次前往村庄，强迫村民缴贡，将部分妇孺掳为奴隶，并逼他们亲吻鹰旗。
menu_freelancer_task_patrol_cattle|巡逻早些时候，你经过一个村庄，村民抱怨牲畜夜间被盗。如今部队追上几个赶牛的可疑人物，他们一见你便逃跑。^^窃贼逃脱了，但牲畜已在你们手中。
menu_freelancer_task_patrol_peasant|巡逻一直平静，直到一名战友指向路边灌木里藏着的男人。他试图逃跑，几乎就要摸到附近的马，却被士兵抓住。^^审问时，他自称附近村庄的农民，只是出来拾柴。身上没有柴火，他解释说刚到这里便听见行军声，想看看情况。
menu_freelancer_task_patrol_peasant_bandit|假农民其实是敌方斥候，忍受足够痛苦后，便招认了一切。得知伏击地点，你谨慎绕行，从背后突袭。战斗尚未真正展开，整伙强盗便惊恐投降。你押着俘虏沿军营主道行进，部队受到英雄般的欢迎。
menu_freelancer_task_patrol_peasant_innocent|农民感谢你，为自己无意间显得可疑而不断道歉。巡逻随后平安结束。
menu_freelancer_task_patrol_peasant_torture|你对农民施以令人不忍的手段，他痛苦哀号数小时，终于显然无事可招。你释放他，完成巡逻。^^统帅因你耗时过长而痛斥一顿，但比起次日村民代表向统帅讲清经过后你将面对的雷霆怒火，这还算不了什么。
menu_freelancer_task_patrol_peasant_ignored|你打发农民离开。他们似乎很不满你的懒散。无聊的巡逻继续，不久你便返回军团。
menu_freelancer_task_patrol_rider_ignored|那名骑手或许只是普通旅人，也可能敌人觉得你兵力过强，不敢伏击。无论如何，在荒野中行进数小时后，巡逻结束了。
menu_freelancer_task_patrol_rider_interrogate|你接近骑手时，{s1}
menu_freelancer_task_patrol_avoided|或许是你谨慎，也许敌方今天不愿交战，总之你避开了冲突。不战便不会受伤，也没有死亡风险，但你也失去了证明自己的机会。
menu_freelancer_task_patrol_nothing|追上后，武装男子们放下武器，接受检查。没有迹象表明他们是强盗或从事非法活动，你便放他们离开。
menu_freelancer_task_patrol|巡逻队转过弯，看见敌方已列阵等候。撤退为时已晚，箭矢投枪纷纷落下。该战斗了。
menu_freelancer_task_tribute_fight|撤退已来不及，箭矢投枪纷纷落下。必须战斗，粉碎这场小规模起义。
menu_freelancer_task_patrol_rider_commoner|你逮捕骑手，结果发现他确是当地平民。他似乎有位富有的庇护人，对你的滥权十分愤怒。
menu_freelancer_task_patrol_rider_bandit|你逮捕骑手，结果发现他是犯下多项罪行的当地强盗。他被钉在路旁的十字架上。
menu_go_hunting|你可以到附近树林碰碰运气，寻找猎物。
menu_freelancer_task_hunt|食物短缺，你奉命前往附近森林狩猎。^^你领到弓箭和猎猪矛作为武器。
menu_desert_hunt_1|狩猎队离开聚落。一段时间后，你在远处发现{s34}。
menu_freelancer_task_training|每天都有训练，两组士兵相互对战。
menu_freelancer_task_training_debrief|训练结束，你击败了{reg1}名对手。
menu_freelancer_task_tribute_retreat|部队退回军团营地。其他军官嘲笑你竟被农民吓跑，是个懦夫。^更多士兵被派去严惩村庄。农民看到压倒性的兵力，便投降了。^作为惩罚，他们被迫亲吻军团鹰旗，缴纳双倍贡赋；一半妻儿被掳为奴隶，村长被钉上十字架。
menu_freelancer_task_failed|你击败了{reg24}名敌人，却仍不足以取胜。巡逻队战败，幸好你活了下来。作为惩罚，接下来几天你的口粮将减少。
menu_freelancer_task_completed|你击败了{reg24}名敌人，挫败伏击。作为奖赏，你得到一袋第纳尔，以及今天的额外口粮。
menu_pharaoh_event_1|全埃及都为你如此公然蔑视传统而震惊。侮辱行为的消息传开，众多敌人立刻借机煽风点火，制造动荡。^^不久，行省各地叛乱四起。忠于你的军队陷入苦战，数千人遭屠杀，村庄夷平，庄稼焚毁。{s25}
menu_pharaoh_event_2|你出资举办豪华庆典，埃及最优秀的祭司与学者则精心设计，在不过分冒犯传统的前提下，尽量缩短全部仪式的时间。你的急切招来一些侧目，少数守旧者也不满，但总体而言仪式成功。你戴着双重王冠出现在埃及人民面前，他们承认你为神。{s25}
menu_pharaoh_event_3|埃及贵族不愿为你的庆典买单，却别无选择。祭司与学者精心设计，在不过分冒犯传统的前提下，尽量缩短全部仪式的时间。你的急切招来一些侧目，少数守旧者也不满，但总体而言仪式成功。你戴着双重王冠出现在埃及人民面前，他们承认你为神。{s25}
menu_pharaoh_event_4|盛大的庆典令人对你心生好感：美酒佳肴、乐师奏乐、舞者献艺。终于，仪式即将开始。^^{s1}
menu_event_latifundium_fire_damage|野火威胁{s11}^^夏季是野火多发期，每年都有数千庄园遭火灾摧毁。今年，{s12}附近的火势逼近，威胁着你的{s11}。^^大火未能扑灭，你的大庄园与附近其他农庄一样损失惨重。{s13}用私人消防队保住了自己的部分财产，却没有保护你的。
menu_event_latifundium_fire_nodamage|野火威胁{s11}^^夏季是野火多发期，每年都有数千庄园遭火灾摧毁。今年，{s12}附近的火势逼近，威胁着你的{s11}。^^{s13}组织人手保护村庄与周边地区，这些人组成的消防队发挥作用，使你的财产免遭重大损失。^^这似乎是个送礼致谢、增进与总督关系的好机会。
menu_event_city_desaster_1|甲虫入侵^^{s12}周边乡野正遭一种前所未见的甲虫侵害。虫群繁殖迅速，过后只剩被啃光的叶脉。许多重要经济作物歉收，税收受损；更糟的是，对许多勉强维生的农民而言，饥饿与死亡的季节即将来临。^^行省局势趋紧，骚乱已起，道路上的强盗更多也更猖獗，甚至数次袭击军方信使与补给车队。
menu_minor_faction_event_1|吃羊者死^^{s23}与{s11}之间的边境素来紧张，但眼前事件可能引发全面战争。^{s11}商人偶尔获准进入村庄市场，最近一人来卖羊肉，肉质上佳，许多村民很快便吃了。^如今，{s11}首领派使团来解释，那只羊是从部落祭司处偷来的圣兽，食其肉是不可饶恕的大罪。窃贼已被找到，以最痛苦的方式处死，但{s11}首领还要求进入村庄，找出所有吃过羊肉的农民，同样处决。若不这样做，首领自身也可能被愤怒的族人杀死。此事极易酿成战争。^^（当前关系：{reg29}）
menu_minor_faction_event_2|{s23}边境的部落内斗^^报告显示，边境之外的{s11}部落既有权力格局意外变动，各派正争夺领导地位。数方已向{s25}求援，援助很可能确保其获胜。^^（当前关系：{reg29}）
menu_minor_faction_event_3|政变良机^^近期我们与{s11}关系紧张。如今游牧民中的消息来源报告，现任首领正面临不满。专家研究后认为，只需将几头满载黄金的驴送到合适的人手中，就能扶持更友善的势力掌权。当然，计划并非没有风险。他们请求准许行动。^^（当前关系：{reg29}）
menu_minor_faction_event_4|游牧民献礼^^{s11}游牧部落的使团前来拜见，向伟大的{s26}致以最高敬意，并带来精心迎合你喜好的昂贵礼物。此举友善，显然意在改善关系。^^（当前关系：{reg29}）
menu_minor_faction_event_5|边境饥荒^^{s11}边境长期传来消息：疾病使当地多数牲畜死亡，游牧部落陷入饥饿。{s24}定居群体也同样受苦，所有余粮都已调去救济。^{s11}游牧民无处求助，如今恳求紧急援助，以免族人大批饿死。而你只能截留原定运往{s25}的粮食来帮助他们。虽然这样做不会让{s25}居民饿死，但公众会感受到影响，也将引发政治后果。^^（当前关系：{reg29}）
menu_minor_faction_event_6|外交侮辱^^一名{s11}使节杀死了{s24}占卜师的一只鸡，那只鸡本要用于夜间仪式预言未来。据说，圣鸡逃到街上后遭他踢死。这显然是严重冒犯，若非刻意侮辱，很难相信他会明知故犯。使节新来，或许不熟悉所有{s24}传统。他声称是不慎踢到，但数名证人指控他蓄意为之，民众也如此认为。^愤怒的平民要求立即处死肇事者，但使节是{s11}某位首领的近亲，如此行事必将激怒游牧民。^^（当前关系：{reg29}）
menu_minor_faction_event_7|{s23}边境风波^^生活在定居区域边缘的{s24}臣民，与{s11}的关系日益紧张。^^{s12}^^（当前关系：{reg29}）
menu_minor_faction_event_8|边境部落的小请求^^{s11}游牧部落递来请愿，提出一个相对简单的请求，希望增进彼此联系与善意。^^{s12}^^（当前关系：{reg29}）
menu_puppius_meet|你走向尤利亚会堂时，一位身着精美托加袍的人迎面走来。
menu_poop_message|元首的信使前来：^^“凯撒·奥古斯都命你立即前往罗马觐见。”
menu_farbius_the_painter_quest_1|船漆匠^^船上经验丰富的水手们功不可没，使航行更快、更顺畅。应他们定期提出的要求，舰队暂时停泊在一座无人小岛，维护船只。潜水者屏息钻入巨大船体之下作业，不时浮上换气。^“藤壶，大人，”一名水手解释，“它们长在船底，拖慢船速，所以得刮掉。但即便如此，也比不上法尔比乌斯涂过漆的船快，那人可是传奇。我从前就在一艘经他处理的船上服役。那船又快又漂亮！谁见到我们漆红的船身，都知道逃不掉。哈哈，真怀念那些日子！”
menu_farbius_the_painter_quest_2|水手继续说道：^^“您想找那位大师？为我们的船？大人，若能请他给船底上漆，我们就能像信天翁一样飞过浪头！但您得知道，价钱可不便宜。他主要为海盗干活，只有他们付得起最好的东西。^^时隔已久，我在海盗圈也没多少熟人，您明白的。不过我知道，他们在帝国边缘仍很强大，在一些旧据点也还活动。去{s4}、{s5}和{s6}打听吧。”
menu_barbarus_defeated|你击败舰队，救出了法比乌斯。他提出一笔有趣的交易：^^“谢谢你，{playername}。巴尔巴鲁斯·鲁弗斯把我扣在船上，简直当奴隶使唤。也许这就是与亡命徒做生意的下场。^我年纪大了，想退休。你找我想必是为了让船更快，因此我有个提议。秘诀大半在船漆，我藏了足够你们用好几年的量，你的船员也能像我一样涂。拿走船漆，给我买一座好庄园，让我安度富足晚年。怎么样？”
menu_rhodogune_temple|远处有一座古老神庙。
menu_kurgan_enter|远处有一座墓丘。
menu_kurgan_leave|你离开墓丘。这次探索几乎毫无意义，没能获得新情报。带走的卷轴也只记载了塞种国王已讲过的故事。^^然而，刚走出不远，一群塞种战士便拦住去路，看起来十分愤怒。
menu_kurgan_battle|你想交谈，他们却以箭矢相迎。必须战斗！
menu_amazones_defeated|你击败塞种战士。他们身上没有多少值钱战利品，你担心援军赶来，决定迅速离开。你不确定塞种人是否发现了你在墓丘中的行为。当天晚些时候，你遇到另一支塞种巡逻队，他们友善地打了招呼。看来先前袭击的战团是唯一发现你罪行的人，大概因此才动手。^^现在该返回潘菲勒处领取报酬了。
menu_bacchus_entrance|当地村庄长老讲述着这个传说：^^阿开亚人战胜特洛伊后，奥林匹斯山举行庆宴。酒醉的狄俄尼索斯误将宙斯的神盾埃癸斯当成盘子，散宴时仍未察觉，便顺手带走。宙斯发现盾牌失踪，勃然大怒，誓要找出罪魁祸首。狄俄尼索斯惧怕他的怒火，将盾牌藏进这个洞穴深处。^^据说宙斯始终未能找回埃癸斯，它至今仍在洞中。
menu_old_mine|远处有一座废弃的旧矿井。
menu_ambush_wixnix|你穿过长长的树林，朝道路前进，始终提防伏击。忽然，一支箭落在身旁。果然有埋伏！
menu_wixnix_won|你击败敌人，在死者中发现一人符合维克斯尼克斯（Wixnix）的描述。搜身时，你在贵重物品中找到一面小镜子，金银制成，镶满宝石，背面绘着一位美丽金发女子。你认出了她，是波佩娅。这一定就是酒馆老板所说的“重要器物”。
menu_enter_royal_tombs|你点燃火把，跟随安东尼娅进入陵墓。墙上仍隐约可见人物、动物与风景图画，这座墓曾经一定装饰华美。
menu_fun_at_tomb|她热情地回应你的吻。你与安东尼娅走向灌木丛，消失在枝叶之后……^^一只奇异鸟儿振翅飞起，羽毛色彩绚烂，如遥远天界的碎片般闪耀，姿态优雅，仿佛出自神域。鸟儿落上树梢时，你与安东尼娅离开陵墓。
menu_main_story_final_phase|你们离开陵墓，分向两方。风掠过野花田，东方天空渐暗，雷声滚动，电光闪烁。暴风雨将至。
menu_goy_purge|清洗与混乱！^^禁卫军已拥立{s12}为凯撒·奥古斯都。随时可能迎来生命的最后一刻，而{s13}已经到了这一刻。^{s14}
menu_the_fleet_landing|舰队在阿雷提乌姆附近登陆，军团下船。四处派出的信使与斥候报告，维特里乌斯的军队正集结于贝德里亚库姆附近，已与多瑙河军团交战。^^向贝德里亚库姆的行军开始了。
menu_first_battle_of_bedriacum_decide|部队集结完毕，准备北上，在敌军抵达罗马之前，于战场将其击败。
menu_first_battle_of_bedriacum_1|军团高举鹰旗，踏上北进征途，天空却显露不祥征兆。乌云汇聚，宛如朱庇特阴沉的面容，为大地蒙上暗影。随后，仿佛被尼普顿三叉戟的怒火搅动，苍穹垂泪，化作倾盆大雨。
menu_first_battle_of_bedriacum|你的军队抵达贝德里亚库姆。{s20}发现你们的行动，下令进攻。{s20}麾下有{s14}军团，你方有{s15}军团。^^{s21}
menu_second_battle_of_bedriacum|你的军队抵达贝德里亚库姆。维特里乌斯发现你们的行动，面对两面夹击，采取战术撤退。你方与多瑙河军团会合。次日，他派奥卢斯·凯基纳率{s14}军团前来迎战，你方有{s15}军团。^^{s21}
menu_the_final_speech|{s16}身穿白色短袍，披着红斗篷走上前，准备在开战前作最后演说。
menu_the_fleet_decide|船只与士兵都已就绪。要登船吗？
menu_the_fleet_conversation|韦斯帕芗与安东尼娅迎接你。庞大舰队停在港中，补给与士兵都已准备登船。^^舰队启航，乌云蔽日，狂风呼啸，雷声滚滚。^^数日后，安东尼娅与{s15}召你商议。
menu_the_fleet_travels|旅程继续……
menu_the_fleet_embarks|安东尼娅披上红斗篷，走上船首平台，向天空举起双臂，祈求神助，也吸引了军团士兵的注意。她等候恰当时机，忽然，远处雷声滚动。
menu_the_fleet_message|信使带来安东尼娅的信：^^“时机到了，{playername}。尽快赶到亚历山大里亚，带上尽可能多的士兵。{s12}已集结舰队与大军。你一到，我们就启航。”
menu_vespasian_enter_palace|你与安东尼娅走出竞技场，民众夹道欢呼。芳香玫瑰花瓣飘洒，熏香燃起，颂歌以你之名传唱。人们谈论东方将出现伟大统治者的预言，说它今日应验了。传言尤其受到穷人欢迎，因为据说那位伟大领袖仁爱为怀，取富济贫。^^随从抵达奥古斯都宫，你与安东尼娅进入，城市长官正在等候。
menu_vespasian_death_of_vitellius|人群聚集竞技场前，观看{s10}受刑。安东尼娅下令将他活活烤死，再以其肉喂野狗。^^角斗士将维特里乌斯带入场中，绑在铁杆上，架于火堆上方。他受烤刑时，角斗士彼此厮杀。最终，胜者离场，野狗被放入。火焰渐熄，狗群扑向维特里乌斯。
menu_player_enter_rome|夕阳渐沉，为永恒之城镀上温暖金光。你的队伍一步步接近罗马，原本遥远的欢呼越来越响。民众的喜悦宣告着你即将进入帝国的心脏。
menu_time_with_antonia|你与安东尼娅聊了数小时，谈罗马、军旅生活与最艰难的战斗。每次目光相遇，她眼中都闪烁着柔情。阳光穿过树叶，将脸庞染成金色，照亮垂落在优雅身躯旁的发丝。^你讲完后，她缓缓靠近，声音如轻柔旋律，满是渴望与温情。你感到她的呼吸拂过脸颊，两具身体在爱中相拥。^^后来，安东尼娅悄然离开营地。
menu_antonia_meeting_before_alexandria|远方雷声滚动。士兵报告，一名女子正接近队伍，是安东尼娅，想与你交谈。^^你将她迎入帐篷。
menu_royal_tombs|这片森林的某处，藏着马其顿诸王的陵墓。
menu_sacred_grove|据说，一个世纪前领导凯尔特伊比利亚人反抗罗马的战首奥林迪库斯，就葬在这里。
menu_bacchus_escape|你在一片小树林中央醒来，除了头痛，似乎没有大碍。
menu_solus_end|抵达泰西封后，你真正的学习开始了。索卢斯摆脱心魔，成了一位严厉而卓越的老师。他不谈哲学，而讲宇宙的运行：丈量天空的几何、构筑世界的原子、光与物质的本性。知识如雪崩涌来，你竭力跟上，思绪几乎到了极限。你并未全懂，却已足够以崭新而深刻的方式看待世界。^^讲授结束，他只收起几卷书。“能给你的，我都给了，”他说，“剩下的路，你得自己走。”他指向一支准备远行未知东方的商队。“我的路在那边。”说罢转身离去，留下已被改变的你。这位开创你新思路的人，渐渐消失在地平线上。
menu_governor_event_1|违法的官员^^信使带来行省总督{s12}的卷轴，求问{s13}附近发生的一件事。冗长而恭敬的称颂列举了你的荣耀头衔，随后才说明问题。^^总督派员调查两处聚落因盗驴引发的纠纷，调查员一行却被涉嫌窝藏窃贼的村庄卫兵以刀剑逼迫逮捕，关押数周。身份确认后，他们获释并得到道歉，但嫌犯早已消失。调查员认为，拘捕就是为了掩护窃贼逃跑；卫兵则称纯属误会，真以为他们是冒充帝国官员的强盗，也没有证据否定这一说法。严格而言，卫兵没有越权，但该村官员经常出现类似行为，似乎一直在包庇本村罪犯。^^此事长期困扰总督，偏偏找不到可适用的具体法律，令他十分恼火。他希望惩罚整个涉嫌腐败的村庄。
menu_governor_event_2|秘密教团^^信使带来行省总督{s12}的卷轴，求问{s13}发生的一件事。冗长而恭敬的称颂列举了你的荣耀头衔，随后才说明问题。^^总督称，城中出现一个令大多数居民厌恶的秘密教团。神秘团体并不罕见，多数也无害，但这次流传着关于极其残忍、令人反感的仪式的指控。民众自行组织团伙，搜寻并杀死藏身其中的教徒。这些团伙当然不遵循任何法律程序，往往只需随口一项指控，被咆哮的暴民接受，便算证据充分。^^{s12}不知如何应对，因为局势一触即发，任何行动都风险极大。
menu_governor_event_3|行省献礼^^信使带来行省总督{s12}的卷轴。冗长而恭敬的称颂列举了你的荣耀头衔，随后才说明求教事项。^^显然，信只是送礼的借口，随信送来{s29}与{s30}。{s12}询问你认为哪件更好，当然，{s12}也坚持请你两件都留下。
menu_girl_fire_talk|姑娘的哀泣^^你骑马前往罗马广场，目光落在一位衣衫褴褛、美丽却痛哭的姑娘身上。你不知她为何悲伤，但这脆弱的人儿触动了你心中深深的怜悯。
menu_intro_to_court|你走向尼禄等候宾客的大厅，一位衣着华美的女子迎上来，说道：^“我没见过你，想必这是你第一次被引见给尼禄。若还不了解这里的规矩，我给你几点提醒，否则连诸神都救不了你免受凯撒的怒火。听好：第一，尼禄讲笑话，就笑。第二，绝不要惹他不快。第三，不要做任何让他嫉妒的事。最后，也是最重要的，只要他表演艺术，无论跳舞、唱歌还是吟诗，都要称赞。记住！”^^她匆匆离去。
menu_nero_special_quest_1|一名信使前来：^^“向您致敬，{s43}！我带来神圣凯撒的口信，元首希望您尽早前去交谈！”
menu_abduction_nero|你等到傍晚，日落夜临。^前往商铺途中，你发现站岗士兵越来越少，提格利努斯一定命他们避开这一带。抵达目标时，尼禄与提格利努斯也走了过来。
menu_abduction_return_fail|你返回宫殿，却没有带回那个女人！^^尼禄不愿再见你，有人通知你最好立即离开。^^提格利努斯还警告，最好别向任何人谈起今夜之事，否则会收到他送的“礼物”。
menu_abduction_return_suc|你带着女人返回宫殿！^^尼禄立刻把全部注意力放在你绑来的女人身上。提格利努斯告诉你凯撒很满意，并给你一袋金币。^^他还警告，最好别向任何人谈起今夜之事，否则会收到他送的“礼物”。
menu_gaius_villa|奴隶告诉你，宴会正在举行，主人佩特罗尼乌斯无暇接见。但你说奉凯撒本人重要命令，必须立即会面，奴隶便准许进入。^^你来到举行宴会的三榻餐厅，许多重要廷臣与人物都在场。
menu_biggus_dickus_villa|前往别墅途中，你遇见一群醉汉挥拳互殴。你想避开这场闹剧，却遭其中几人攻击。虽然他们人多，你仍将其击败，可惜耽误时间，到达太晚，别墅里只剩两位客人。
menu_biggus_event_end|起初只是喝酒闲谈，很快却演变成彻底的淫宴。你与其他人大量饮酒，暴饮暴食，彼此交欢。夜色渐深，“比古斯”提议游逛邻近城镇与村庄，众人欣然同意。^^你们三人来到小村，醉得不省人事的“比古斯”觉得烧一间马厩很有趣。你高喊：“你们想要火！谁想要火？”“比古斯”和“因孔提嫩提娅”喊道：“火！火！火！”你也喊：“好啊，点把火！”随后纵火焚烧马厩。村民醒来发现祸事，拿起工具攻击，幸好你们逃脱。返回途中，一行人遇到独行旅客。对方似乎无害，但“比古斯”觉得打他一顿很好玩，你也参与其中。两个男人把旅客打得半死，“因孔提嫩提娅”则在旁欢呼。^^次日，你头痛欲裂，几乎记不起发生过什么。
menu_nero_performance|你受邀入宫，得知凯撒将表演描写特洛伊毁灭的《特洛伊颂》，你必须出席。^^美丽的奴隶为你穿上精致托加袍，洒上香水，悉心装扮。^^随后你被召入宴会餐厅，安排坐在凯撒旁。宾客陆续入席，你认出了苏尔皮基乌斯·加尔巴、奥卢斯·维特里乌斯、提格利努斯，当然还有波佩娅。凯撒手持里拉琴进入，众人噤声，表演开始。
menu_feast_nero_end|奴隶端上新菜，不停斟满酒杯。两名运动员在席前摔跤，供宾客观赏，随后美丽舞者奉上精彩表演。装扮成萨堤尔、神话生物和动物的奴隶继续上菜。^^宴会进行着，你可以借机改善与其他宾客的关系。
menu_poppaea_event_1|你打开门，进入一条左右延伸的狭窄通道。水向一端流淌，你决定顺流而行。片刻后，远处出现亮光。你来到一处栅栏前，水流穿过，光线洒入。向外看去，是一座美丽花园，你从未见过如此美景。随后传来女子哭声。环顾四周，你发现一位女子坐在溪旁草地上，认出她是奥古斯塔波佩娅，尼禄的妻子。她似乎正在自言自语。
menu_poppaea_event_2|仆人把波佩娅抱走，你觉得该离开了，便循路返回。^^当天晚些时候，你听闻她诞下死胎的传言：尼禄节庆期间，她因尼禄过于沉迷赛马而与他激烈争吵。尼禄盛怒之下踢中她的腹部。她活了下来，尼禄也原谅了她，但腹中的儿子死了。
menu_poppaea_event_3|离开宫殿时，波佩娅走近你。
menu_claudia_event|今天，尼禄将朗诵为女儿克劳狄娅·奥古斯塔写的诗。她出生四个月便夭折了。表演在宫中餐厅举行。^^你入内，被安排坐在凯撒旁。宾客到齐后，尼禄拨动琴弦。
menu_tiggelinius_event_1|奴隶通知你，尼禄正在宫中餐厅等候，要为你举办特别晚宴。^^你前往宫殿，刚进门，一位女子迎上来。你认出了她，正是此前告知宫廷“规矩”的人。^她说：^^“要么你惹怒了他，要么让他嫉妒，要么宫里有人要害你，而且势力很大。无论哪种，你都非常危险！小心。”^^你尚未开口，她便迅速离开。你注意到宫中卫兵增加了，似乎已无退路。现在离开，必会被捕，唯有进入餐厅。^^尼禄、波佩娅与提格利努斯正在等候，桌上摆满珍贵菜肴。你怀疑下了毒，吃得格外小心。
menu_akademeia|雅典学园由柏拉图于数百年前创建，可惜独裁官苏拉下令摧毁，自此荒废。重建需花费150,000第纳尔。
menu_financial_event|通过细心搜集传闻与其他消息，你掌握了有关{s24}财务利益的重要情报。据说，此人对你的态度是{s63}。你将如何利用？
menu_provincial_event|{s23}总督{s24}请求你协助处理下述事项。据说，此人对你的态度是{s63}。^^{s25}
menu_recruit_refugees|由于声望不足，当地首领不准你招募精锐。^^（需要声望超过100，才能招募此类部队。）^^^^不过，你仍可打听是否有牧羊人或贫苦农民自愿加入。
menu_minotau_defeated|你击败了“弥诺陶洛斯”。看来它只是个精神失常的强盗。你搜寻战利品，却只有它使用的斧头值得拿走。迷宫里似乎没有其他宝藏。
menu_event_werewolf|狼人？^^连续几夜，营地周围的树林都不安宁。黑暗中有眼睛注视，营火与哨兵火把照不到的地方经常有东西移动，清晨只留下断枝和奇怪的非人足迹。附近狼群嚎叫，使士兵无法安睡，人人疲惫而紧张。^^今夜，哨兵报告一件怪事。一名身材矮小、据说喝了酒的副百夫长与另一名哨兵打架。本来他落于下风，却突然像狼一样嚎叫，撕掉衣服，将高大得多的对手像布娃娃般抛出去。证人发誓，那名壮兵至少飞出十步，后脑撞上石头，头盔凹陷，当场死亡。副百夫长随后瞪着其余士兵，赤身跑进黑暗树林。^^传言迅速散开，说他是“变皮者”，能像《萨蒂利孔》故事中的怪物一样化为狼。^^副百夫长杀死同袍，必须受罚。满月光线充足，立即追捕在技术上可行，但士兵们显然对此恐惧至极。
menu_event_apple|废弃小屋^^森林深处，你偶然发现一间孤立小屋，半开的门轻轻吱呀。出于好奇，或希望找到庇护，你走了进去。眼前情景阴惨：一位年轻女子僵卧简陋床上，冷手里握着苹果。小屋坐落苹果林中，枝头果实累累，是诱人的补给。但女子的死亡似乎另有蹊跷，苍白面色暗示中毒。这些可口的苹果，会不会就是死因？
menu_event_desert_dates|疑云绿洲^^沙漠烈日无情，地平线上海市蜃楼晃动，你发现一小片近乎奇迹的枣椰树——隐秘的绿洲。微弱泉水旁立着一顶破旧、晒褪色的帐篷。为求水源与阴凉，你谨慎靠近。帐内空气沉重而静止，一位身着沙漠长袍的人伏在旧毯上，一动不动，伸出的手旁放着一把干枣。绿洲四周枣椰树果实累累，是荒漠中珍贵的食物。然而营地的死寂与住客的命运，蒙上阴影。枣子，或泉水，会不会有毒？
mno_option_1_dates|不碰绿洲中的东西，离开。
mno_option_2_dates|冒险采集枣子。
menu_event_witch|女巫？^^森林中央立着一间古老、覆满苔藓的小屋，漆黑半腐的木料还能撑住，简直是奇迹。周围大片果树结着外形略怪、却显然多汁的黄梨。采集者立刻散开准备摘果，却被一个如碎玻璃碾响的老妇声音打断。^^“我要是你们，就不会吃。”老妇从窗里探头说道。她似乎比屋子还老，只剩一颗牙。
menu_event_good_omen|吉兆！^^{s20}
menu_event_bad_omen|凶兆！^^{s20}^^提示：此事件由虔诚值过低引发。向诸神献祭吧！
menu_desperatius_villa|按描述寻找，你终于在市场附近找到他的别墅。与其说别墅，不如说小房子。敲门后，德斯佩拉提乌斯亲自开门，将你引向屋后小花园。总体看来，这“别墅”不过是多年失修的大房子。一个奴隶也看不见，想必他根本没有。
menu_tristitia_watching|特里斯提蒂娅在两名奴隶协助下准备饭菜。奴隶们乐意工作，无须逼迫。她从不如其他人那样动用棍棒或威胁鞭打，显然他们喜欢主人。^随后她采花，在花园摆好餐桌。丈夫稍后归来，带着一朵花，插进她的发间。两人落座吃饭，你一直观察到晚餐结束。^^他们似乎深爱彼此。你见惯各种残酷，他们的关系却近乎完美：住在宁静村庄，家境尚可，相亲相爱，善待奴隶。贫困、暴力与战争的恐怖，在这里似乎远得不能再远。^你没有发现任何支持德斯佩拉提乌斯说法的迹象，总体看来，他们十分幸福。^^继续他的计划，就意味着毁掉这份安宁。思索片刻后，你得出几个结论：^若拒绝帮助，他肯定会自行破坏两人的关系，你也得不到报酬。^但要领取报酬，唯一办法就是毁掉这段关系。^或许还有第三条路，给他另找一个女人，但他似乎太固执。^^无论如何，最好先回去说明情况。
menu_amor_quest_fin|你现在该前往帕特雷，将德斯佩拉提乌斯的阴谋告诉特里斯提蒂娅，否则不幸就会发生。
menu_tristitia_goat|你听闻希腊帕特雷村一位女子的传言：一个男人用丘比特之箭刺中了她，她第一眼看见山羊，便立刻爱上了它。丈夫盛怒之下杀死持箭者，被捕并将受十字架刑。女子离婚，想嫁给山羊，祭司当然不准。前夫知道自己难逃一死，便在狱中自尽。据说，她如今与那只山羊生活在一起。
menu_tristitia_kill|你与士兵扮作强盗，点燃特里斯提蒂娅别墅附近几所房屋，再来到她家。士兵破门，丈夫持短剑攻击，却很快被一名士兵斩首。特里斯提蒂娅吓得僵住，木然望着丈夫尸体。血腥差事完成，你们撤退。^^在村旁山丘上，你见到德斯佩拉提乌斯。
menu_sad_final|几天后，你得知了后续：^^你离村不久，特里斯提蒂娅痛苦难当，从屋旁悬崖跳下。德斯佩拉提乌斯听闻死讯，也随她去了冥界。^^三条生命消逝，如今安息于厄瑞玻斯。
menu_travel_to_sagala|你抵达异邦商队营地，首领法马努斯准许你加入。^^漫长旅途开始，商队翻越你从未见过的山脉与沙漠，穿过帕提亚东方，抵达印度河，沿河北上至塔克西拉，再向东前往萨伽拉。
menu_travel_to_sagala_2|当地人衣着色彩鲜艳，有些人在额头点着彩色圆点。食物出奇辛辣，色泽丰富。有人骑大象运输，还有奇怪的长尾小毛人四足走动。一群小家伙试图偷食物，你无奈看着；想赶走它们时，当地人却说那是圣兽，不许伤害。^^穿过茂密森林后，你终于抵达萨伽拉。法马努斯告诉你，贵霜大帝丘就却正出征征服这些土地，但萨伽拉仍在抵抗。当地人又说，统治此城的是卡里什玛女王，她收了一位肤色苍白、说异国语言的男子作情人。那人会是沃洛多维库斯吗？你该设法找到卡里什玛。
menu_escaped_sagala|卫兵很快放弃追击，返回城中。你成功带着哈德里亚努斯与沃洛多维库斯逃离萨伽拉。^^你们穿行密林，发现瀑布旁的山洞，决定扎营并寻找西归之路。但数日过去，仍走不出丛林。若无神迹，恐怕就要饿死。绝望中，哈德里亚努斯向基督祈祷，沃洛多维库斯向日耳曼诸神献小祭，你也向自己的神祈祷献祭。^^一天，洞外灌木传来响声。你们担心是萨伽拉追兵，或更糟的饥饿猛兽，准备迎战，却见一名穿罗马武具的男人走进来，对大家露出狡黠微笑。
menu_jungle_final|洞外已有一队贵霜士兵等候。你与新朋友们返回已被贵霜占领的萨伽拉，曼基内卢斯将香料平分给四人。贵霜商队集结后，你们离开，踏上返回泰西封的旅程。^^再次穿越印度丛林、波斯山地与沙漠，终于抵达泰西封。你与新朋友决定分道扬镳，各自返回罗马。该带着大理石回去见奥利瓦里乌斯了！
menu_bacchus_feast|奢华菜肴端上餐桌，满是异兽肉、远方水果与香料，都是你从未见过或尝过的美味。丰盛大餐后，所有人又得到大量葡萄酒。就连尼禄宫里也没有这样的珍馐。继续吃时，你发现一只盛食物的“盘子”竟是盾牌，看起来坚固精良。为何有人用这么好的盾作盘子？你想了一阵，却被一位美丽舞者吸引。^宴会继续，你越来越醉。洞中昏暗，醉意朦胧，周围人影逐渐模糊，只能看见彩色轮廓在火把微光下舞蹈、亲吻与交欢。音乐和谈话化作耳边轻语。^有人触碰你，却不知是谁；你也触碰着什么，却分不清是谁、是什么，体验着从未有过的感觉。^火把烟味混着醉人的香水与人们甜腻的汗味。^渐渐地，一切归于黑暗。^^数小时后，你头痛欲裂地醒来。
menu_bacchus_feast_rome|你竭力寻找狄俄尼索斯。^^狂欢仍在继续，罗马街头挤满数千人。他们在神庙、雕像与公共建筑旁呕吐、小解，毫不尊重其神圣与庄严。很快，放荡的人群彼此交欢，街道充斥衰颓喧嚣，呻吟与狂笑混杂。一些醉汉和堕落者竟对动物施暴。你看到一位元老倒骑毛驴，贵妇们如普通妓女般在后巷遭人抚弄、参与淫宴。最恶毒的人趁机强暴、杀死仇敌，洗劫其家宅。混乱每刻都在加剧。幸好，一些未参与或尚清醒的元老通过紧急法令，禁止狂欢，命禁卫军立即制止骚乱。整整四天才恢复秩序，数千人死于谋杀或酗酒。^^你未能找到狄俄尼索斯，他似乎逃回了洞穴。
menu_event_petrus|你往何处去？^^一小群人聚集在小山洞入口，没什么特别，但你还是决定停下，上前看看。
menu_cythnus|你抵达基特诺斯岛。这里狭小多岩，只有少数同伴能跟随你。
menu_fake_nero_defeated|你击败了假尼禄！^^所有非法夺取的物品都已追回，包括奥古斯都的华饰胸甲与一把华饰长剑。假尼禄大概是在洗劫陵墓时找到的。
menu_greek_game_defeat|游戏结束，你被击败了。若想再试一次，请与希腊哲学家交谈。
menu_greek_game_no|游戏结束，你决定不登上最后一层。克制体现了谦卑，却也让你无缘窥见世界的秘密。
menu_greek_game_won|你登上最后一层。希望新知识能帮助你成为更好的统治者。
menu_wait_storm|你命舰队停航，放下一艘小艇，自己登船，并命其他船前往雅典。^^数小时过去，烈日灼身。远方出现乌云，风力渐强，傍晚暴风骤起。巨浪掀翻小艇，你奋力想浮住，却未成功，终于失去知觉。
menu_elysium_reached|“将欢乐牢牢系住的人，^便毁了展翼的生命；^在欢乐飞过时吻它的人，^活在永恒的晨曦里。”^^^^日、周、年悄然流逝，你浑然不觉。帝国兴亡，人类消逝，而你找到了喜悦与幸福，找到了极乐原野。
menu_elysium_refused|你在拜占庭附近海滩醒来，头痛不已。寻找你多日的士兵很快发现了你。^^如今你知道极乐原野确实存在，那里没有饥饿与冬天，没有狼与狮子，没有战争与死亡。可惜你再也无法返回。
menu_flavor_event_1|你被领到妓院，一栋藏在肮脏小巷里、摇摇欲坠的破旧建筑。门呻吟着打开，恶臭迎面而来，混着陈酒、汗水、廉价香水与令人不快的人体气味。清醒的人会退避三舍，但醉意中的你只觉得这无关紧要。^^你与士兵瘫坐在黏腻长凳上，几个疲惫舞女从阴影现身，描画的笑容掩不住眼中倦意。
menu_flavor_event_1_end|夜晚融化在温热的酒流与轻松交谈中。主人笑着领走一位舞女，去享受“私下娱乐”，留下另一位陪你。她随音乐扭动腰肢走近，黑眼睛紧盯着你。^^她贴上你的身体，汗水、香水与洒出的酒混成醉人气息。手指在你臂上轻划，又娴熟地滑向钱袋，你几乎未察觉。前一刻她还在耳边低语许诺，下一刻已如幽灵般消失在人群。^^你尚未完全意识到钱袋空了，一个魁梧身影便压到面前，是盖乌斯。他满脸鄙夷，抓起你，像扔垃圾般扔出妓院。你踉跄回到酒馆，短袍上还残留她的香气，随即昏睡。
menu_flavor_event_3|你随两名萨尔马提亚人来到沃洛达尔诺克萨尔托斯（Wlodarnoxarthos）的屋子，宽敞舒适，装饰着华贵地毯与抢来的罗马丝绸。他的妻子健壮而美丽，双眼如草原天空般清澈，热情迎接你。^^你们坐在柔软垫子上，轮流传递华丽水烟壶，空气渐渐充满甜而浓的烟雾。女儿们安静优雅，如幽灵般走动，替你洗去手脚尘土，再端上饭菜。烤羊肉、腌肉与奇异咸香奶酪，盛在不知哪次劫掠得来的银盘里，彰显着财富。^^饭后，孩子们被打发走，妻子仍倚在丈夫身旁。水烟壶再次传递，肯塔斯克罗斯（Kentaskros）很快瘫倒，陷入鸦片带来的沉睡。沃洛达尔诺克萨尔托斯低声与妻子说话，将她拉近。^^此时，长女端着无花果与更多烟叶回来。放下碗时，她“不慎”撒落果子，跪下捡拾，手轻拂过你的手，久久未离。她看了眼已沉浸在热烈拥抱中的父母，再与你四目相对，发出明确而无声的邀请。她俯身吻你，默许接下来的欢愉……^^^^次日清晨，你裹着皮毛，在沃洛达尔诺克萨尔托斯女儿柔软温暖的臂弯里醒来。屋子另一边，她的父母与肯塔斯克罗斯仍在熟睡。中央的金色水烟壶映着第一缕晨光，宛如昨夜放纵的无声纪念碑。
menu_flavor_event_4|你冲到街上，眼前一片混乱。妇人尖叫，沉重粮车下的血泊在石路上蔓延。那个自称“蒙福者”{s2}的人，尸体扭曲地躺在污秽中。^^目击者说，他冲出酒馆，高呼赞美太阳，径直跑到迎面粮车前，当场毙命。^^身旁酒馆老板摇头，露出阴郁冷笑：“看来太阳神来接走虔诚的信徒了。”^^消防治安队赶来搬走尸体，你想最后看一眼。恰在此时，太阳穿破云层，光芒刺眼得迫使你转开脸，视野里光斑乱舞。
menu_flavor_event_5|酒馆老板终于失去耐心，威胁叫消防治安队来追讨卡沙米尔（Kashamir）的巨额欠债。卡沙米尔慌张地挤过你，拼命奔向门口，却迎头撞上一位刚进门、体格如赫拉克勒斯般的巨汉。^^巨汉转身，面无表情，二话不说便掐住语无伦次的艺术家的喉咙，将他摔倒。接下来不是打斗，而是凶残的殴打，铁锤般的拳头不断落下，直到卡沙米尔不再动弹，仍未停止。你与其他客人冲上去阻止，却为时已晚。拉开巨汉时，卡沙米尔已成地板上一团破碎血肉，最后的诗篇永远沉默。^^凶手挤出门，消失在拥挤街头，此时才响起卫兵赶来的第一声哨响。
menu_flavor_event_5_2|你在酒馆自顾自待着，忽然发生骚动。老板冲卡沙米尔大喊，争吵升级，醉汉试图逃跑，却一头撞上挡门的巨汉。^^巨汉掐住醉汉喉咙，将他摔倒，随后单方面野蛮殴打。拳头带着令人作呕的闷响不断落下，求饶变成咕噜声，最终寂静。你与其他客人试图阻止，但暴力来得太突然、太彻底。等拉开人，醉汉已经死了。^^凶手一言不发，挤过惊呆的人群，消失街头，留下地板上的血淋淋尸体。酒馆老板开始高喊消防治安队。
menu_wlodowiecus_adventure_1_4_journey_starts|见过利比亚人推荐的阿兰向导后，你与商队其他人会合，准备前往赫尔索涅索斯。队伍成分多样，令你惊讶：温尼利佣兵中，有蛮族之地旅途上的熟面孔，也有新人；加拉曼特骑手中，有曾带你穿过撒哈拉、抵达高河的同部落成员；沃洛多维库斯召集的阿兰战士中，也包括你在拜占庭雇的向导。海路平静，无事发生。
menu_wlodowiecus_adventure_1_4_journey_1|你抵达赫尔索涅索斯。阿兰向导很快在酒馆找到族人，他们踊跃聚集，想必是为报酬而来，准备加入商队担任护卫。人手增加后，你们离开这座博斯普鲁斯城市，向东进发。
menu_wlodowiecus_adventure_1_4_journey_temple|旅行数日后，你来到一座敬奉斯基泰女神阿尔廷帕萨的神庙。在阿兰向导帮助下，你与一名埃纳瑞祭司交谈。这些男祭司以女性装束和方式生活，与女祭司一同侍奉。对方解释，神庙属于仅存的几个重要斯基泰部落之一，警告你尊重神庙与族人，否则后果严重。此时，曼基内卢斯突然转身与你说话，打断了交谈。
menu_wlodowiecus_adventure_1_4_fight_1_die|战斗失败了。这个事实如冰冷刀锋刺来：掠夺者蜂拥，混乱回荡，草原无边而空寂。同伴尸体散落，熟悉面容变成毫无生气的面具。曼基内卢斯倒下，仍抓着那只未能据为己有的金手镯；老人力竭，长剑落地。沃洛多维库斯的喊声归于沉默，阿里的嘲弄笑容消失。哈德里亚努斯曾燃烧的双眼，如今茫然望着天空。^^只剩你一人。失败、死亡、空旷草原的重量压来，吞没一切。
menu_wlodowiecus_adventure_1_4_fight_1_victory|你们费尽力气击退袭击者。部分幸存掠夺者惊慌四散，拼命想消失在辽阔草原。曼基内卢斯正搜刮倒地首领，撬下金手镯；老人擦着额汗，冷酷而利落地补刀。沃洛多维库斯又痛又怒，疯狂叫喊；阿里傲慢地踱过战场，挖苦死敌。奇怪的是，哈德里亚努斯眼神阴沉，似乎竭力压抑愤怒。^^稍喘口气，你也加入搜掠，从死者身上拿走值钱的黄金首饰。战利品收齐后，沃洛多维库斯厉声命众人集合扎营。你吩咐照料伤员、埋葬死者，哈德里亚努斯急于找事做，自愿承担。
menu_wlodowiecus_adventure_1_4_journey_camp|营地花了大半个下午才搭好，终于赶在日落前完工。几处营火闪烁，战士三五成群围坐低语。你、同伴与阿兰向导围着中央火堆坐下。远处，几名阿兰人弹奏陌生乐器，用不同于本族的语言歌唱。你疲倦地望着大家。此战幸存，但每个人眼中都有同样无言的认识：前面还会有更多战斗。
menu_wlodowiecus_adventure_1_4_journey_wide|次日，你们将营具装上马匹，包括从掠夺者手中夺来的马，集结商队穿行无尽草原。后来，向导领你转往西南，穿过沙漠，前往当地人称为咸海的海域。随后再次转向东南，沿流入咸海的河流行进，哈德里亚努斯认出这是乌浒河。经过古尔甘吉城后，阿兰向导领队东北行，渡过乌浒河，进入粟特。
menu_wlodowiecus_adventure_1_4_journey_sogdia|你抵达最近的粟特城镇，在酒馆安顿，同伴终于得以休息。但次晨，恐慌与混乱席卷城市。消息传来：一支据说来自遥远匈奴、但当地人也无法确定的大军，在未知首领率领下包围了城镇。居民与国王恳请你援助，担心若无帮助，城内所有人——包括你们——都将遭屠杀。你毫不迟疑，召集部下登上城墙，准备抵御进攻。
menu_wlodowiecus_adventure_1_4_journey_sogdia_end|你终于率众来到自以为安全的地方，确认曼基内卢斯、哈德里亚努斯、老佣兵、阿里、沃洛多维库斯及其他同行者都进来后，穿过一间粟特人曾储存盐和肉的昏暗地窖。恐惧仿佛有了气味，你们喘着气急行。头顶屠杀声回荡：痛苦惨叫、刀剑碰撞，以及匈奴战士得胜的喊叫与残酷笑声。^^继续前进，你发现一扇小门，通往似乎连成片的洞穴，前方开口透入微弱月光。你堵住身后地窖门，跟随沃洛多维库斯进入狭道。洞穴不断延伸，直到他发现一个足够大的洞口，通向城外。你鼓足力气爬出，刚松一口气，便看见矛头与箭尖直指自己。恐惧攫住你，腹中绞紧：匈奴人早知道这个洞口，一直等着你们出来。
menu_wlodowiecus_adventure_1_4_journey_xongnu_prisoner|你们被赶进围栏，等待着沦为奴隶或更悲惨的命运。希望将尽时，你发现一个似乎是大军首领的人——可汗。曼基内卢斯走上前，尝试交谈。出乎意料，可汗似乎颇觉有趣，竟与他聊了起来。
menu_wlodowiecus_adventure_1_4_journey_great_wall_1|你与商队众人被解开束缚，受邀住进准备好的毡帐。数小时后，几名被困城中的部下被拖出，有些已经死去，幸存者获准与你会合；粟特居民与战士则沦为奴隶。夜里举行胜宴，屠耆王召曼基内卢斯赴会，派人护送，你则奉命留在帐中。^^独坐时，印度的记忆涌来。为什么他总能打动领袖？他给所有人惹麻烦，却又总能救下队伍。为什么是他，不是你？再想想，每个人都有独特之处，曼基内卢斯也不例外。^^次晨，他咧嘴笑着回来，身后跟着两名匈奴人。显然，他的故事与笑话深得屠耆王欢心，对方希望保持联系，还赠予金银与奢侈品，并配给匈奴亲卫和向导。
menu_wlodowiecus_adventure_1_4_journey_great_wall_2|重获安心、回到正轨后，你跟随新雇的匈奴向导东北行，进入神秘的费尔干纳谷地。途中经过大城，哈德里亚努斯称其为最远的亚历山大里亚，仍留着亚历山大大帝时代希腊移民的痕迹。你继续穿行当地称作大宛的费尔干纳之地，这名称据说来自伊奥尼亚希腊人。哈德里亚努斯在此与居民交换各地消息。向导最终带你到疏勒，这是神秘塔里木盆地的门户，必须穿过那里，才能抵达神秘的丝国。^^旅程延续数周，或许数月。你开始分不清时日，便在木棒上刻下简陋日历，逐日计数。时间缓慢，生活只剩赶路与求生。终于，无数日夜后，你们抵达一座士兵把守的堡垒外围。匈奴向导说，这是保护汉帝国免受北方袭击的防御体系西段。若要入汉境，必须请守军准许。卫兵已发现你们，你示意愿意交谈，请匈奴同伴翻译。
menu_wlodowiecus_adventure_1_4_journey_end_1|{s25}^^你们花费数周穿回塔里木盆地与费尔干纳谷地，再向东南转行，直到进入喀喇沙尔城。
menu_wlodowiecus_adventure_1_4_journey_end_2|雷利带你们与当年印度之行的帕提亚商队首领法马努斯重逢。他热情欢迎，同意带你们返回亚历山大里亚，条件是会见利比亚人时让他同行，因为他有个相信会令双方感兴趣的私人提议。^^旅途中，你与伊阿玛内（Eamane）及雷利交谈。她讲述了自己如何受到雷利照顾。你们交换故乡与冒险故事，她听得入迷。介绍她给其他同伴时，你主要说希腊语，却很快发现雷利与伊阿玛内都颇懂拉丁语，虽说得犹豫，听懂的却远比表现出来的多。
menu_wlodowiecus_adventure_1_4_journey_end_3|数周平静却疲惫的旅行后，你终于抵达亚历山大里亚。漫长旅途虽劳顿，却无重大意外。现在该再次会见利比亚人，带去他久候的探险消息了。
menu_wlodowiecus_adventure_1_phamanus|你收到法马努斯的消息，告知他的商队生意已经开张。
menu_wlodowiecus_adventure_1_4_intro|旅途中，你遇到带着奥利瓦里乌斯信件的信使。你给年轻人一枚钱币致谢，接过信阅读。^信中写道：^^致友人{playername}，愿你安康。自上次不幸的北方蛮族之地探险后，许多事情已改变。简而言之，著名巨商盖乌斯·安东尼乌斯·盖塔，以“利比库斯”或“利比亚人”的别名闻名，正准备在亚历山大里亚附近的别墅举办盛大私人宴会。他来信托我邀请你与沃洛多维库斯队伍的其他成员。似乎他计划东方探险，而你们的名声已传出罗马，便想雇用你们。不过我要提醒，利比亚人极有权势、财富与影响力。我希望与他建立关系，将生意扩展到埃及及整个阿非利加。因此，务必确保队员别惹恼主人，让他看到一支专业探险队。请你与沃洛多维库斯看好其他人，尤其曼基内卢斯，绝不能让会面泡汤。同样，无论利比亚人想达成什么，探险都必须成功。^^谨致问候，^奥利瓦里乌斯
menu_wlodowiecus_adventure_1_3_intro|今早，一名年轻信使带来奥利瓦里乌斯的口信。他就是派你去印度、又资助非洲探险的著名雕刻家。信很短，显然写信人心情不佳：^^“{playername}，请尽快到曼基内卢斯家来。”
menu_wlodowiecus_adventure_1_2_intro|今早，一名年轻信使带来曼基内卢斯的消息。你曾为奥利瓦里乌斯寻找沃洛多维库斯与哈德里亚努斯，在印度结识这位退伍兵。^^“勇敢的{playername}，我的好朋友，愿你信奉的诸神保佑你！我想把上次印度之行的伙伴们都聚起来，那真是一场冒险！来我罗马的家吧，就在最西侧城墙入口附近。我或许发现了你会感兴趣的东西！”
menu_wlodowiecus_adventure_1_4_lybicus_final|首先映入眼帘的是，火灾痕迹已被精心修复，损伤荡然无存。殷勤奴隶迎来，奉上精织托加袍，帮你穿好，再告知饭菜将在花园供应。^^进入花园，豪华宴席已摆好，佳肴香气弥漫。法马努斯、老佣兵、阿里、哈德里亚努斯、沃洛多维库斯、雷利与伊阿玛内都围桌等你。你落座后，宴席开始，伴着轻声交谈与偶尔碰杯声。^^饭后，四周渐静，对接下来事情的期待留在花园暮色中。大家决定悠闲散步。
menu_wlodowiecus_adventure_1_4_end|夜晚以美酒音乐收尾，却远比上次与比古斯·迪库斯的混乱淫宴克制。^^你心满意足地告辞，感谢利比亚人的款待。哈德里亚努斯、雷利与法马努斯启程前往罗马，急于开店并组建商队行会。你则带着利比亚人慷慨致谢的丰厚报酬，继续自己的道路。
menu_wlodowiecus_adventure_1_4_lybicus_feast|踏进别墅宏伟入口，你领到一件精美托加袍，须换上赴宴。进入花园，利比亚人宅邸的奢华令你惊叹：墙上挂满华贵织毯，空气充斥异域香料气味，厅中商人、学者与贵族等权势宾客交谈不断。哈德里亚努斯一如既往沉着，与神情不露声色的沃洛多维库斯交谈。曼基内卢斯在大理石柱旁兴奋比画，与带着会意冷笑的老不列颠人热烈争论。众人目光不时投向声名显赫的主人利比亚人。
menu_wlodowiecus_adventure_1_4_lybicus_feast_2|仆人穿梭人群，奉上镶宝石金杯，盛满浓郁香料酒。烤肉、蜜渍水果与异域香料的气味弥漫，银盘在灯光下闪耀，堆着酿鹌鹑、浇蜜无花果与香浓奶酪。宾客陆续大快朵颐，笑声越来越响，举止越来越放松。酒与丰盛宴席渐渐起效，面颊泛红，谈话热烈，将所有人带入享乐与放纵的迷雾。
menu_wlodowiecus_adventure_1_4_lybicus_feast_lady|你与她尽快奔跑，抛下宾客和喧嚣，离开仍拼命躲避因孔提嫩提娅的哈德里亚努斯，也离开被烂醉的曼基内卢斯缠住的利比亚人。她低语：“爱情是一簇脆弱火苗，可能熄灭。但我知道他们找不到的地方。”她紧握你的手，穿过亚历山大里亚繁忙街头，在人海中消失。^^最终，你们来到僻静花园，中央立着亚历山大大帝雕像。她脸颊绯红，说：“这里少有人来。让我们呵护爱情的微火。纵然种下的花朵很快凋零，也将永存记忆。”^^在亚历山大的注视下，你们相拥交融。一瞬间，时间静止，世界消融于永恒。
menu_wlodowiecus_adventure_1_3_intro_end|你陪沃洛多维库斯穿过罗马街道，来到他温尼利熟人最后出现的酒食铺。店里肮脏，多是异邦人和非罗马公民：不那么虔诚的犹太人、日耳曼人、凯尔特人，甚至埃塞俄比亚人。朋友很快找到联系人，你让他自行协商。谈完时，你已与这些喧闹的斯坎迪亚人一起喝酒。
menu_wlodowiecus_adventure_1_3_visit_manc|走过罗马贫民区，你听见奥利瓦里乌斯与曼基内卢斯大声争吵。接近屋子时，奥利瓦里乌斯突然惨叫。你正要敲门，曼基内卢斯现任妻子富拉哈开门，拳头带血。“我那可爱又愚蠢的丈夫在里面。告诉那个留胡子的罗马人，别再碰他。”进屋后，奥利瓦里乌斯捂着鼻子，曼基内卢斯捂着下巴，沃洛多维库斯笑得歇斯底里；哈德里亚努斯、瓦鲁斯与老佣兵则满脸困惑地看着。
menu_wlodowiecus_adventure_1_2_visit_manc|曼基内卢斯家老旧破败，却仍比周围房屋好些。你正要敲门，门已打开，出现一位肤色黝黑、颇美却神情凶悍的女子，必是新妻富拉哈。^“我那可爱又没用的丈夫在里面，请随意坐。”她说完离开。屋内比外观好些，但显然夫妻收入不高。曼基内卢斯与另外五名男子围坐圆桌，见你便友善微笑，拥抱欢迎。
menu_wlodowiecus_adventure_1_3_start_1|冒险者已在卡尔农图姆附近扎营，众人欢迎你。要开始旅程吗？
menu_wlodowiecus_adventure_1_3_start|你来到多瑙河，文明的罗马土地与荒野日耳曼森林的边界。沃洛多维库斯率先渡河，领众人北上。
menu_wlodowiecus_adventure_1_3_raid_1|穿过罗马领土的北行平静无事，唯一难处是翻越阿尔卑斯山，路途十分疲惫。但过了科提人的土地，便只剩平原森林。最终抵达莱茵河，文明罗马与荒野日耳曼森林的边界。沃洛多维库斯率先渡河，领众人北上。途中树间沙沙作响，随后林中传来叫喊，男人如野兽般嚎叫低吼，直到一人用日耳曼语高喊：^^Harigasti teiva! Tawol apodu ek erilaz owlpupewaz niwajemariz Sawilagaz haite'ka Harja!^^你示意全员备战。一支日耳曼狂信徒战团发动了伏击。
menu_wlodowiecus_adventure_1_4_lybicus_feast_end_1|宾客掩藏的淫欲终于化成不知羞耻的淫宴。巴克科斯的甜酒抹去羞耻与恐惧，众人只管顺从欲望。^^似乎一个叫因孔提嫩提娅·巴托克斯的女人，正与你在榻上热烈相拥。与此同时，比古斯·迪库斯召集宾客，离开利比亚人别墅，抬着仍有你与她躺在上面的卧榻，像战利品般游过亚历山大里亚街头。队伍前头，是一个赤裸醉酒的西班牙人和一个赤裸醉酒的日耳曼人。^^热闹吸引市民，人群膨胀，街道仿佛狂野的酒神祭。突然，一个赤裸的凯尔特老人骑狮子出现，据说那是利比亚人养的动物。狮子撞翻数只火盆，点燃别墅，引发恐慌。混乱中，你与因孔提嫩提娅仍沉浸拥抱，毫不受扰，消防治安队则疯狂捕狮、镇压骚乱、扑灭蔓延的大火。
menu_wlodowiecus_adventure_1_4_lybicus_feast_end_2|一切结束得太快。她迅速离开，最后吻你，低语：“别忘了诺言。至少在最狂野的梦里，也要记得我！”^^返回利比亚人别墅途中，烟味弥漫，远方叫喊越来越响。你很快发现原因：别墅着火了。人们四处奔跑，抢劫附近店铺与房屋，完全演变成暴乱。酒意未退，你决定回到位于另一区、未受波及的酒馆。^^次日，店主讲起起因。一个叫因孔提嫩提娅·巴托克斯的女人，与一名穿古希腊服饰的男子在榻上热烈相拥。比古斯·迪库斯召集宾客，离开利比亚人别墅，抬着卧榻与恋人，像战利品般游街。前头领路的是赤裸醉酒的西班牙人与日耳曼人。^^市民聚拢，场面如狂野酒神祭。突然，一个赤裸凯尔特老人骑着据说属于利比亚人的狮子出现。狮子撞翻火盆，点燃别墅，引发恐慌。混乱中，榻上恋人仍继续亲热，而消防治安队忙于捕狮、控制暴民和灭火。
menu_wlodowiecus_adventure_1_3_continue_1|最后一名敌人死去，同伴开始搜刮尸体。瓦鲁斯向死去的日耳曼狂信徒吐唾沫，低声咒骂；哈德里亚努斯闭眼静坐祈祷，其余人搜查战场。你问敌人在喊什么，沃洛多维库斯笑道：“他们想把我们献给提瓦兹，看来反倒是我们把他们献祭了！”
menu_wlodowiecus_adventure_1_3_continue_2|抵达卡利萨后，哈德里亚努斯领大家进酒馆，叫来食物酒水，休息一天。你睡觉时，沃洛多维库斯出去买补给。大家决定次晨商议行程。
menu_wlodowiecus_adventure_1_3_continue_3|行进一天后，队伍抵达村庄。这里是典型日耳曼村落：小片农田，外围木栅，房屋是茅草顶长屋，家人住一端，牲畜养在另一端的栏里。你们入村，见到哈德里亚努斯的表亲，受其欢迎，进入家中。
menu_wlodowiecus_adventure_1_3_continue_4|告别哈德里亚努斯的表亲，你与同伴离开阿尔维苏斯的村庄，继续前往波罗的人土地。说实话，你只听过遥远国度的神奇传说，说怪物游荡于沼泽森林，希望不过是吓孩子的故事。
menu_wlodowiecus_adventure_1_3_continue_5|你们决定扎营过夜。不论当下季节，这里都冷得不合理，仿佛野性的自然之神存心刁难旅人。你与曼基内卢斯拾柴，其余人搭营。
menu_wlodowiecus_adventure_1_3_raid_2|忽然，远处传来诡异战吼。日耳曼族人发动攻击，众人咬牙迎战。
menu_wlodowiecus_adventure_1_3_continue_6|沃洛多维库斯刺死最后一名哈里战士，战斗结束。你愤怒地高喊，曼基内卢斯满身血污、神情迷茫。哈德里亚努斯走动查看，惊恐地望着一名温尼利战士尖叫着试图捂住外流肠子；老佣兵警惕其他伏击者。忽然，沃洛多维库斯大喊，众人赶去。瓦鲁斯伏在哈里掠夺者首领身上，曼基内卢斯缓缓翻过他，发现已死。所有人默然凝视。
menu_wlodowiecus_adventure_1_3_continue_7|队伍整理死者，哀悼逝者。温尼利人另行火葬，你与朋友为瓦鲁斯准备正式罗马葬礼。他被洗净，放上柴堆，双手握剑置于胸前。曼基内卢斯把钱币放进他口中，供他前往来世。哈德里亚努斯与曼基内卢斯念过亡兵惯用的祭词后，点燃柴堆。曼基内卢斯向玛尔斯与墨丘利祈祷，身旁哈德里亚努斯则按基督徒方式向唯一的神祈祷。瓦鲁斯化为灰烬，队伍沉默地缓缓北行。
menu_wlodowiecus_adventure_1_3_continue_8|行军重新开始，起初大多沉默。瓦鲁斯之死仍震撼众人。他历经战阵，却仍被一次伏击夺命，同行几名温尼利佣兵也死去。众人又火化了一名因营养不良与疲惫倒下的人。后来，你与曼基内卢斯开始讲笑话、说故事，消磨时间、鼓舞士气。队伍来到冰封湖畔，向来沉静的哈德里亚努斯也咒骂倒霉：如今要么绕行，要么冒冰裂风险横穿。他与沃洛多维库斯都冻得够呛。^^正当绝望时，遇见几名猎人，带你们前往斯基里部落聚落。众人挤在大厅炉边，裹上皮毛，贪婪地迅速喝下热蘑菇汤。几小时后，大门打开，首领携儿子与亲卫前来，欢迎客人，询问来意。
menu_wlodowiecus_adventure_1_3_sciri_1|宴会在大厅内外举行。赫卢德维希与沃洛多维库斯共饮，你与埃克贝尔特掰腕子。首领美丽的女儿亲自送来蜜酒与肉，自称玛蒂尔迪兹，告诉你自己被许配给不愿嫁的人，正在寻求出路。交谈时，她越靠越近，直至你感到温暖的呼吸与身体。然而尚未亲吻，赫卢德维希便发现，命她离开，并派人盯着。^^平时寡言的哈德里亚努斯似乎十分尽兴，与斯基里战士喝酒打赌。他还罕见地看上一位侍女，离开片刻。曼基内卢斯也消失了一阵。^^几乎所有人都醉了。数小时后，一名仆人急忙招你过去。你发现曼基内卢斯站在屋后，满脸笑容，手持一把柄首饰有琥珀的美丽匕首。
menu_wlodowiecus_adventure_1_3_sciri_no_sex|你告诉曼基内卢斯，这很危险，恳求他停止计划，归还匕首。他虽有些不情愿，仍答应照办，并让玛蒂尔迪兹别再纠缠你。
menu_wlodowiecus_adventure_1_3_sciri_sex|你说曼基内卢斯是个疯混蛋，却是好朋友。随后进入他身后的屋子，看见美丽的玛蒂尔迪兹站在炉前，只裹着皮毛。见你进来，她脱下皮毛，显出丰腴身形。你惊叹其美，温柔亲吻。你们缠绵整夜，相拥而眠。
menu_wlodowiecus_adventure_1_3_sciri_2|数小时后，脚步与高声交谈惊醒了你。你刚起身，门就被踢开，数名斯基里战士冲入。你试图反抗，却迅速被制服，遭反复殴打，拖到寒冷屋外。聚落中央附近有几具尸体，战士列队，男女居民向你辱骂。你被拖入中央，围成圈的战士让开，露出被捆绑的同伴。曼基内卢斯遍体瘀伤，哈德里亚努斯神情凄惨，几名温尼利佣兵似乎受了伤，但沃洛多维库斯与老佣兵不在俘虏中。聚落边缘的尸体会不会就是他们？你想起瓦鲁斯，为自己与同伴的命运恐惧。
menu_wlodowiecus_adventure_1_3_sciri_3|赫卢德维希与儿子埃克贝尔特俯视着你。儿子满脸怒火，父亲则既愤怒又悲伤。首领闭眼吸气，再睁眼，向坐在地上的被缚众人讲话。
menu_wlodowiecus_adventure_1_3_sciri_4|赫卢德维希离开，斯基里战士散往聚落各处，一部分与埃克贝尔特留下看守。寒冷让肌肉疼痛，你环顾同伴，人人状况糟糕。很快就会死，愿诸神赐予力量。疲惫终于压倒你，你闭上眼睡去……
menu_wlodowiecus_adventure_1_3_sciri_final_battle|数小时后，你梦见战斗，声音却越来越剧烈，真实得能闻见血味。暖意袭来，你惊恐睁眼，看见：^沃洛多维库斯、老佣兵与赫卢德维希的儿子埃吉诺，率温尼利战士和一部分友方斯基里人，正攻击首领分散的部下。一间屋子着火，玛蒂尔迪兹尖叫求救。哈德里亚努斯似乎已获自由，抓刀迅速割断你的绳索。曼基内卢斯与众人抢武器，你也照做。一名斯基里战士发现你，挺矛指来。^^生死之战开始了。
menu_wlodowiecus_adventure_1_3_sciri_end|你击败敌人。^^{s20} 赫卢德维希战死，儿子埃克贝尔特被活捉。
menu_wlodowiecus_adventure_1_3_sciri_final_loot|你、沃洛多维库斯、老佣兵与温尼利人屠杀埃克贝尔特及其部下，哈德里亚努斯与曼基内卢斯惊恐地看着。埃吉诺命人不许干涉，但他们也同样恐惧。^^不久，温尼利幸存者开始洗劫村庄与尸体，你听说有些男女被佣兵掳为奴隶。你也加入，得到两根金条与价值10,000第纳尔的战利品。^^黎明时，埃吉诺率幸存者远离你们，如今他必须领导余下族人。{s19} 斯基里幸存者避开你们，看着你们把琥珀与返程补给装车。^^几天后，你回到前往波罗的海前住过的卡利萨酒馆。次日，你与同伴会见哈德里亚努斯的表亲。^^{s20}
menu_wlodowiecus_adventure_1_3_sciri_final_sub|斯基里农民与奴隶避开你们，看着你们将琥珀与补给装车，准备返回卡利萨。{s19}^^与非洲之行一样，返程平静。几天后，你回到前往波罗的海前住过的酒馆。次日，你与同伴会见哈德里亚努斯的表亲。
menu_wlodowiecus_adventure_1_3_sciri_final_end|你与哈德里亚努斯的表亲阿尔维苏斯一同返回卡尔农图姆，途中无事。抵达后，众人各自离去，你返回驻扎在附近的主队。
menu_wlodowiecus_adventure_1_3_raid_1_died|铠甲沉重，四肢渐渐无力。你跪倒，大地拥住身体，视线渐暗。最后一刻，你回想着人生、战斗与同袍情谊。深深的平静涌来，知道自己在战火熔炉中已尽全力，便感到慰藉。最后一声微弱呼吸后，你合上双眼，知道自己已加入先行者的队伍，在战场留下勇敢的印记。你在此世的旅程结束了。
menu_wlodowiecus_adventure_1_2_start|你跟随沃洛多维库斯走出大莱普提斯。城门附近有两顶加拉曼特旅人的帐篷，哈德里亚努斯、瓦鲁斯与老佣兵正和这些出奇友善的柏柏尔人交谈。曼基内卢斯与商队最年长者说话，递上一袋钱，对方皱纹深刻的脸上露出大笑。一小时准备后，商队离城，走入灼热沙漠。
menu_wlodowiecus_adventure_1_2_raid_1|几天过去，白日酷热无情，夜晚寒冷残酷，幸好加拉曼特人多数时候准备周全。你们在加达梅斯补给，再向拉普萨前进。一切顺利，直到老佣兵告诉长者，有个独行骑手跟着。长者看了看你们，便高喊“掠夺者！”你尚未反应，骑手已召来部下，沙丘后冲出数名敌对加拉曼特人。
menu_wlodowiecus_adventure_1_2_raid_1_died|你不知如何败的，自己与商队其他人都被柏柏尔强盗击倒。你看着掠夺者绑走妇女、奴役健壮男子，剥走死者财物，又无情杀死伤员。接着轮到你，财物被取走，一支加拉曼特长矛刺入胸膛。随后一切归于黑暗。
menu_wlodowiecus_adventure_1_2_continue_1|最后一名加拉曼特强盗倒在你与同伴手下。有些伤者带伤逃入沙漠，友方长者却坚称他们必死在那里。曼基内卢斯战后兴奋得古怪，向几位加拉曼特妇女炫耀武艺；沃洛多维库斯、瓦鲁斯与老佣兵搜寻财物；哈德里亚努斯简短作了基督徒祈祷，也加入搜掠。你们从强盗尸体上得到一些贵重物品。^“瞧！探险自己就回本了！”曼基内卢斯欢呼，哈德里亚努斯不以为然地翻了个白眼。
menu_wlodowiecus_adventure_1_2_rapsa|此后前往拉普萨的路很顺利，几天后抵达这座柏柏尔城市，停留一天休息补给。沃洛多维库斯与老佣兵围着营火过夜，瓦鲁斯在帐内鼾声如雷，曼基内卢斯忙着勾搭当地女子。哈德里亚努斯不见踪影，但沃洛多维库斯并不担心。你饱餐后睡下。次日得知，哈德里亚努斯与暂住城内的一群犹太旅商谈成交易，给了你一件珠宝。
menu_wlodowiecus_adventure_1_2_camp|次日继续前往遥远的柏柏尔城市阿拉西。加拉曼特人有些不安，因为曼基内卢斯勾引了商队一位重要成员的女儿。沃洛多维库斯正准备一拳打断他的鼻子，哈德里亚努斯却与首领友好交谈，缓和双方紧张。之后旅途较平静，穿越沙丘数小时后，众人决定扎营，再继续去阿拉西。你与冒险伙伴围坐营火旁。
menu_wlodowiecus_adventure_1_2_camp1_end|虽有几次争论与威胁，所有人还是心情愉快地返回帐篷。次晨，大家收拾行装，继续前往沙漠深处最后已知的柏柏尔城市阿拉西。^^数日艰苦跋涉后，终于抵达。城中人口稀少，仅余寥寥居民。询问后得知，多数族人已离城游历沙漠，留下的都是太老或太病、无法同行的人。与长老交换重要消息后，商队得知，在抵达奥亚河前还能停留一座城——“埃塞俄比亚人”的塔贝梅卡。曼基内卢斯一听这个词，脸上便浮现淫笑，令同伴们十分无奈。
menu_wlodowiecus_adventure_1_2_tabemekka|塔贝梅卡居民出奇友善。孩子们不习惯见到柏柏尔旅人之外的异邦人，多次询问能否摸你和你的头发。沃洛多维库斯与哈德里亚努斯大多独处；瓦鲁斯公然鄙视当地人，招来非洲人的嘲笑。老佣兵却无视语言障碍，乐于交谈。曼基内卢斯不停向不同年龄的女子搭讪，甚至打起女首领的主意，令沃洛多维库斯极为恼火。几天停留尚算顺利，直到沃洛多维库斯决定次日离开。
menu_wlodowiecus_adventure_1_2_fuck_1|在塔贝梅卡最后一天，你到溪边洗漱，两位美丽的非洲女子走来，只穿彩裙，上身未加遮盖。她们笑容满面，径直走近，虽不会你的语言，却显然在打量你的身体。尴尬静默数秒后，一人轻抚你的脸颊，试图亲吻。
menu_wlodowiecus_adventure_1_2_fuck_y|你让女子吻你，还未察觉，另一人已来到身旁，轻抚你的身体。你与她们共度数小时，直到三人筋疲力尽，显然她们也很愉快。返回商队，曼基内卢斯笑着走来，紧揽你的脖子。“希望你很尽兴！”他笑得更像狼了，“她们是女首领的女儿！曼基内卢斯总会照顾朋友！”说罢大笑离开。
menu_wlodowiecus_adventure_1_2_fuck_n|你轻轻推开女子，离开溪边。返回商队，失望的曼基内卢斯走来：“哦，维纳斯啊！{playername}，你怎能拒绝两个美人的爱意！我勾引了她们的母亲，也就是女首领，说服她把女儿送给你！她们会多失望啊！”他叹息着离去。
menu_wlodowiecus_adventure_1_2_gao|次日，队伍继续南下，前往曼基内卢斯所说的神话般黄金王国之一，高城。此程比到塔贝梅卡更短、更轻松，仅三天便抵达广阔大城，数百茅屋住着铁匠、陶工、渔民等各业居民。虽然相比沿途城市颇为发达，你们却发现严重缺少一样重要东西：黄金。很快商人解释，尼日尔河黄金贸易由西边沿河数日路程的通布兹城垄断。
menu_wlodowiecus_adventure_1_2_gao_leave|在高城享受几天后，商队继续前往通布兹，两日便抵达黄金贸易中心，却发现这座出奇大的城市几乎空了。走过近百座空屋才找到活人，景象令人发寒。几名妇女与老人住在河边，说多数人暂时离开，寻找更好的土地。问及黄金，他们承认只有国王与亲信知道矿址，自己无金可卖。闻此，沃洛多维库斯狠狠一拳将曼基内卢斯打昏数分钟。“我们走！”他喊道，返回加拉曼特商队。
menu_wlodowiecus_adventure_1_2_raid_2|人人沉默，连话多的曼基内卢斯也垂头丧气。哈德里亚努斯试图安慰，却徒劳。商队前往杰内杰诺，加拉曼特人想在那里停留再返回原路。问起缘由，长者承认，只想吃一顿当地美食，改善这趟混乱探险后的心情。但抵达时，迎接你们的不是新奇异族，而是敌人的标枪。一支盖图利战团正洗劫城市，如今连靠近围城战的商队也要抢！
menu_wlodowiecus_adventure_1_2_continue_2|尽管形势不利，你与商队仍击退凶猛的盖图利人，迫使其逃回沙漠。同伴欢庆，杰内杰诺居民也加入，将你们当成英雄！你们被领到首领家，这是最大、设施最好、最适合招待尊贵宾客的建筑。为感谢救城，首领赐予若干黄金，虽不及期望的巨量，却相当丰厚。商队受邀留城，庆祝胜利！
menu_wlodowiecus_adventure_1_2_raid_2_died|你不知如何败的，自己与商队其他人都被柏柏尔强盗击倒。你看着掠夺者绑走妇女、奴役健壮男子，剥走死者财物，又无情杀死伤员。接着轮到你，财物被取走，一支盖图利长矛刺入胸膛。随后一切归于黑暗。
menu_wlodowiecus_adventure_1_2_final|返回罗马的旅程与前往奥亚河时一样丰富多事，你见识奇兽，忍受无情的非洲天气。幸好不必再与柏柏尔掠夺者交战。数周仿佛无尽的沙漠跋涉后，终于抵达大莱普提斯。
menu_fief_management|封地管理菜单。
menu_langobard_landing|你抵达营地，看见数百帐篷。卢吉人似乎集结了超过两千人的军队！几名战士走来，告知国王正在等候。
menu_langobard_defeat|你倒下，眼前一黑。^^你走过花海，闪耀身影前来，将花冠戴在你头上。阳光触碰你，轻抚脸颊。^你饮着金杯盛的酒，吃着金盘盛的食物。^一只老猫坐在面前，靠近你，以柔软毛皮摩挲，左爪抚脸，右爪递水。你缓缓喝下。日子流逝，猫儿前来，抚摸、喂水，又消失在光中。^^数日过去，忽然你迷失在雾林，恐惧与黑暗似乎要吞噬你。
menu_langobard_defeat_2|你突然醒来，头痛欲裂，躺在长屋中央的一张床上。你起身走向门口，开门进入另一间屋子，里面站着一位老妇与两名男子。
menu_longbard_leave|你道别，收拾物品，离开聚落。穿林不久便迷路，所有树都一样！四处奔走后，终于找到小径，沿路前进，却又远远看见长须人的聚落！^^你徘徊整日，总回到同一地方。天色渐暗，疲惫不堪，只得留下。^^甘巴拉与儿子们早已等着，连房间都替你准备好了。
menu_longbard_stay|饭后你想绕村散步，甘巴拉却劝你上床，说你仍太虚弱。你听从建议。^^渐渐入睡，梦见一只渡鸦在树上注视你，跟随你穿行树林。你停下，因为路中央坐着一只猫。猫望着你……
menu_longbard_1|次日醒来，甘巴拉送来早餐。你决定到村中散步。男人都留长须，女人健康强壮。你想起卢吉人以为温尼利女人高十尺、长着胡须，便问甘巴拉。她解释如何骗过敌人：温尼利只有几百兵，而卢吉人从日耳曼各地集结数千人。她命妇女藏在林中，敌军到来时，把头发披在脸前，扮成有胡须的战士。卢吉人以为被包围，惊慌溃散，国王阿西斯被俘。他们与其兄弟谈成条约：释放阿西斯，温尼利人则获得苏埃博斯河口土地，如今也称伦巴底人，即长须人。
menu_longbard_2|你又梦见渡鸦与猫。^^早餐后散步，发现伊博尔在磨剑。剑柄饰青铜，剑身宽长，极适合劈砍。你问是否是他的剑，他说属于父亲。虽然无人使用，他仍保养，平时挂在大厅墙上。^^继续走，你遇到一名提水女子。她绊倒，不慎把水全泼在你的衣服上。
menu_longbard_2_helped|你扶她起来，又帮忙提水回家。她连声道谢。^^余下时间，你在海滩看浪拍岸。入夜返村，那位女子送来一条面包，是今天用你提的水烤成的。你谢过她。
menu_longbard_3|次日，你决定沿河散步。^^天空清朗，阳光令河水闪耀。河口处，一些妇女正在洗衣，似乎累坏了。^^你注意到，若沿上游继续走，迟早会到另一个村庄，如此便不会迷失森林。
menu_longbard_3_launder|你上前提出帮忙。她们咯咯笑，因为洗衣是女人的活，但实在太累，还是接受了。^^干完后回村，男人们拿你开玩笑，说这古怪异邦人竟帮女人干女人的活，你却不在乎。^^当晚，受助妇女送来烤肉腿、蔬菜与蜂蜜，其中一人还赠你海滩捡到的琥珀。
menu_longbard_3_leave|你继续沿上游走。数小时疲惫跋涉后，旧伤开始疼，渐渐难以忍受。你想坐在河边，却绊倒落水。试图爬回岸上，身体却无力自救。幸好伊博尔发现了你！他正乘船捕鱼，将你救起，带回村庄。
menu_longbard_4|日子过去，体力逐渐恢复，你再次在村中散步。^^这次经过开垦田地，看见奴隶们在烈日下艰难劳作，神情疲惫。^^一只小猫跑过，你几乎敢肯定就是梦中的猫。她在一名奴隶面前停了一瞬，又继续前行。
menu_longbard_4_slaves|起初奴隶以为你开玩笑，直到你拿起锄头，才知是认真的。^^你帮忙劳作，很快疲惫休息。他们劝你停下，说自己毕竟是奴隶，习惯这种活，你却不是。但你仍继续，时间越久，反而越轻松。傍晚与奴隶回村，别人又拿这帮奴隶干活的古怪异邦人取笑，你却不在乎。被迫闲置这么久，终于能出力，感觉很好。^当晚，一名小孩走来，他父亲就是受你帮助的奴隶之一，送上自己做的小护符。
menu_longbard_finale|今天，阿吉奥前来，说甘巴拉想见你。她与她的兄弟伊博尔都在大厅等候。
menu_longbard_finale_2|你离开长须人的村庄，随后在上游河边找到扎营的部队。你问发生何事，为何没找你。他们说卢吉军战败后，先撤至安全处，才开始搜索，却不敢进温尼利领地，因为害怕他们。你的士兵竟以为温尼利人是长着狼头的人！
menu_langobard_village|你抵达长须人的村庄。
menu_investment|投资机会^^{s40}一位显赫商人通过你的受庇护者寻求贷款，要在{s41}行业投资一项可能获利的生意。他需要{reg41}第纳尔，将在下一次每周结算时连息偿还。若经营顺利，除本金外还会分享利润；若失败，你将损失投资。受庇护者认为值得一试。
menu_epidemic_outbreak|疾病与死亡！^^{s10}爆发{s0}，灾病肆虐。{s1}^人们向诸神祈祷，乞求救赎。^{s33}
menu_player_raises_to_nobility|你的财富与名望已足够，赢得了加入罗马贵族的资格！从今往后，你可以当选总督或取得高级军职。
menu_recieve_money|你找到放贷者，取得所需钱款，此外还获得{s22}赠予的2,500第纳尔。^^看来你的谋划只引起少许流言。
menu_recieve_senate|你找到{s22}的元老朋友，在小型宴会上商议妥当。^^看来你的谋划只引起少许流言。
menu_recieve_influence|进城后，信使告诉你{s22}的朋友在哪里。你前往会面，几番讨论后达成交易。^^看来你的谋划只引起少许流言。
menu_iazyges_delegation|首领使团^^有人报告，名为雅济格的游牧部落首领使团抵达罗马城门。他们身穿鳞甲与异域皮毛，风霜面容诉说着无尽草原上的生活。^^你的权势显然已传到遥远土地。他们携礼前来，请求觐见，商议重大事务。
menu_iazyges_event|雅济格人定居^^萨尔马提亚的雅济格部落与罗马签订条约。在罗马力量全力支持下，他们如雷霆般渡过多瑙河，冲入潘诺尼亚平原。马蹄与长矛化作风暴，席卷达契亚聚落。^^当地居民被杀、被奴役或被驱逐，雅济格人夺取肥沃草原放牧。一个新附庸王国在血火中诞生，成为罗马世界边缘野蛮却忠诚的缓冲国。
menu_iazyges_event_2|雅济格人入侵^^虽遭罗马拒绝，雅济格人仍自行侵入潘诺尼亚平原。骑手凶猛，勇气无可置疑，却敌不过达契亚坚固山堡与纪律严明的军队。^^血战之后，他们只在平原边缘夺下一小块不稳立足点。没有罗马支持，新王国如风暴前的微火，可能在下一季战役便被扑灭。
menu_iazyges_feast|你为雅济格首领设宴，精心营造震慑场面。一道道难以想象的奢华食物端上银盘：孔雀脑、火烈鸟舌、埃及海岸的鱼。叙利亚舞女表演诱人而摄魂的舞蹈，令饱经风霜的草原战士说不出话。^^饭后，你领他们去浴场，宏伟大理石与热水让他们惊叹。整夜交谈看似随意，讯息却明确：这仅是罗马力量的一小部分。^^首领休息时，以为无人旁听，但隔墙有耳。次晨，密探报告其低声惊叹：“能这样宴饮的帝国，就能召集吞没世界的大军。他们的力量不是吹嘘，是事实。我们绝不能背叛。”^^展示成功，恐惧将成为束缚他们的缰绳。现在该完成谈判了。
menu_batava_revolt|巴塔维起义！^^下日耳曼尼亚行省的日耳曼部落反抗罗马统治！巴塔维及盟友袭击当地驻军，领袖尤利乌斯·基维利斯的演说在人群中传开：^^“让习惯专制的叙利亚、小亚细亚与东方去屈服于奴役吧。自由却是自然赐予一切生灵的礼物，连不会说话的动物都有。勇气是人类特有的美德，诸神帮助更勇敢的一方！战斗吧，兄弟们！为家园、家人和未来而战！”
menu_rags_to_riches_1|进入迦太基时，一位蓬头垢面的女子递来信，随即消失人群。信只有一句：“酒馆见。”你奇怪地觉得，似乎在哪里见过她。
menu_rags_to_riches_2|她说雷不会两次击中同一处。然而你与西提乌斯·阿费尔刚离开酒馆，整栋建筑便燃起大火。你惊愕回头，想救阿格里皮娜，却只能看着她在火中痛苦死去。那刺耳惨叫将永远留在记忆。西提乌斯同时报告，看见几名武装男子逃走。消防治安队很快赶来扑灭火，至少没有更多人死去。^^阿格里皮娜已死，她的承诺也成空。或许这样最好，与她往来终究只会惹麻烦。你只能希望无人注意到你们的谈话。
menu_death_of_joseph_arimatrea|你站在约瑟尸体旁，一位气度平静而有威严的年轻人持水罐走来，与你对视。“这里酷热难当，可以吗？”他指着杯子问，随后接过，倒入清凉净水。^^“亚利马太的约瑟死了。”你说。男子不看尸体，只看你：“他的苦难结束了，已回到父身边。他既知道你会来，也知道你会渴。”^^你听得困惑。“喝吧，”他温柔地说，“不要害怕。”你迟疑后抿了一口，水起初无味，随即化为烈酒醇厚而温暖的滋味。你盯着杯中清液渐变深红。抬头时，男子已消失在前来为约瑟治丧的人群中。
menu_lose_of_the_gral|圣杯遗失^^闷热空气中，台伯河的污水腐臭浓重弥漫。烈日无情，人群拥挤得令你头晕。你厌烦地躲到悬铃木阴下，稍事喘息。^^一位女子递来酒罐，你伸出约瑟给的朴素杯子。她斟满，你本想解渴，却发现毫无酒味，只是普通水。廉价骗局，还是劣酒？^^尚未想明白，旁边一人睁大眼指着杯子，低语：“鱼……”另一人惊呼：“克瑞斯托斯！”话语如野火传开：“杯子！主的杯子！”人群围拢，面孔混着敬畏与急切渴望。^^狂热爆发。一位女子尖叫倒地，用怪异喉音说话；男人举臂向天，呼喊主名。宗教狂热吞没现场，无数手抓向你，拼命想触摸圣物。杯子被撞落，液体冰冷泼身。你被推倒，最后只听见暴民咆哮与消防治安队尖锐号角，随后骚乱吞没一切。^^数小时后，你遍体瘀伤，从血腥混乱中挣脱，检查口袋。杯子不见了。
menu_save_file_corrupted|存档已损坏。你可以尝试恢复：^^打开“文档”中的 Mount&Blade Warband Savegames 文件夹。^再打开 Aut Caesar aut nihil 文件夹，复制 last_savegame_backup.sav，重命名为 sg00.sav（或 sg01.sav，或其他空闲存档位对应文件名），然后尝试加载此存档。
menu_staying_at_antonias_villa|睡眠如遥不可及的国度。腿上的灼痛拒绝让你入睡，持续跳动的剧痛占据每个念头。绝望中，你找到一瓶酒，不为享受，只求遗忘，直到疼痛边缘模糊，世界终于陷入黑暗。^^你梦见冥界，阴冷灰暗，亡魂低语。随后竟有片刻安宁：父母站在白桦树下，一如记忆。你张口呼唤，他们却如风中灰烬崩散，被涌来的黑暗吞没。^^一道阳光如矛刺眼，将你唤醒。脑袋像裂罐，嘴里满是陈酒与悔意。房间另一端，克劳狄娅·安东尼娅正以宿醉者痛苦的缓慢动作准备简单饭食。“诸神啊，我的头……”她见你醒来，呻吟着端来面包奶酪，坐在对面。寂静中只剩她痛苦而响亮的咀嚼。
menu_staying_at_antonias_villa_2|白昼缓慢拖延，疼痛与无聊组成乏味牢笼。躺在床上，你得以近距离观看安东尼娅笨拙地模仿家务：她像握长矛般握扫帚，把灰从一个角落扫到另一个，嘴里咒骂。厨房远处忽然传来碎裂声，接着是一串连水手都会脸红的脏话。别墅那层贵族式薄尘，大体仍未受扰。^^夜幕降临，她回来时不像温柔护士，倒像满怀怨气的狱卒，把一盘简单面包奶酪塞到你面前。
menu_staying_at_antonias_villa_final|被迫养伤的日子渐渐混成一片，终于，你的腿能承受体重了。别墅中的奇异插曲结束。离开那天清晨，安东尼娅在门口相见，双眼清醒明澈。^^“真正的工作现在才开始，”她低声坚定地说，“你要成为举足轻重的人，让兵营与广场都低声传颂你的名字。建立你的传奇。我则返回罗马阴影，开始编织我们的网。”^^“最后一条，至关重要。”她目光逼人，“别找我，别送信。世人都当我死了或失踪。若把他们引来，就是把我们送进坟墓。时机成熟、你准备好时，我会找你。现在走吧。”
menu_ask_judea_decide|你离开宫殿。现在可以等候，看看她想谈什么。她肯定生气了，但若立即离开，只会更生气。
menu_invitation_to_garden_party|一名骑手来到队伍前，送来在罗马梅塞纳斯花园举行盛大宴会的邀请。
menu_gardens_of_maecenas_1|你进入梅塞纳斯花园，立刻被庆典的宏大奢华震撼。鲜花艳丽，草木繁茂，盛放玫瑰的甜香弥漫。^^漫步其间，乐声与宾客笑声相迎。众人身着最华美服饰，优雅托加袍与闪耀珠宝相映。^^你来到宴会主区，目光被尼禄之妻波佩娅·萨比娜吸引。她穿着华丽的白金色长裙，胸衣与袖口精绣繁复；秀发盘成光洁髻，饰金冠与珍珠串。举止优雅高贵，堪称罗马贵族的典范。^^眼前奢华令人敬叹，你迫不及待想享用必将奉上的佳肴美酒。
menu_gardens_of_maecenas_2|她如此美丽迷人，你不禁心生吸引。夜渐深，她似乎更加放松坦率，与你分享更多私事。^^夜将尽，宾客陆续离开，波佩娅·萨比娜转向你：“和你聊天真愉快，{playername}。在你身边，我仿佛可以做自己。”她俯身轻吻你的唇，起初温柔，随后愈发热烈。唇间触感撩人，你不由沉醉其中。最后，她轻抚脸颊，低语“期待再会”，结束了吻。你留在原地，惊喜交织，这个吻会在心中萦绕多日。
menu_gardens_of_maecenas_final|宴会将尽，尼禄站在梅塞纳斯花园中央。他身穿金绣纯白托加袍，头戴金冠，一手持金色里拉琴，一手持羊皮卷。宾客围拢，期待今晚最后的表演。他清了清嗓，优雅娴熟地拨弦，音符回荡花园，和谐旋律充满空气。
menu_gardens_of_maecenas_concludes|诗歌结束，宾客爆发掌声，为尼禄欢呼。他微笑鞠躬，再转向众人，举琴致意：^^“让我们庆祝今夜，以及在此留下的回忆，愿它们永存。”^^^^宴会至此结束，宾客开始离去，但今夜与尼禄的表演，将长久留在他们心中。
menu_poppaea_event_chain_1|你还没摘下头盔、把剑交给卫兵，就被奥古斯塔的一名仆人拦住。她听说你到了罗马，要立即见你。
menu_poppaea_event_chain_final|你还没摘下头盔、把剑交给卫兵，就被奥古斯塔的一名仆人拦住。她听说你到了罗马，要立即见你。
menu_year_of_four_ceasars|四位凯撒！^^尼禄在罗马贵族与元老中的声望已下滑多时，反对者日渐大胆。卢格敦高卢最新报告显示，当地精英可能已不服命令，拒绝纳税。^^他们还呼吁塔拉科西班牙总督加入高卢叛乱，自称统帅，对抗尼禄。^^元老院也暗潮涌动，反对者集结支持，传闻即将举行重要表决。^^最终，罗马城内的政敌采取行动，取得足够票数，正式宣布尼禄为公敌，命禁卫军逮捕。^^尼禄担心被杀，与最忠诚的仆人逃离罗马，并自尽。^^然而，加尔巴、奥托、维特里乌斯与韦斯帕芗各自成为派系领袖，自称凯撒。^^你现在可以选边，也可以保持中立，无论如何都会失去官职。但若一开始就加入某方，可以向新领袖求取职位。
menu_civil_war_start|诸位凯撒已备好军团，战争将起。罗马的命运将由战场决定！
menu_end_civil_war|内战结束^^{s22}击败各路对手，最终被宣布为凯撒·奥古斯都。
menu_asket|你与苦修者共度数日，白天帮他砍柴、采集资源，傍晚与夜里则听他传授知识。他研究高加索山中的动物、草木，也研究星辰运动。^^一夜天朗，你们坐在小屋附近草地上。他教你观察星辰移动，解释星并非固定，而是不断运动。不止如此，整个世界都在变化，万物恒常流转。人与动物不断出生、死亡；房屋建起，很快毁坏；帝国建立，终将崩解。再伟大的王迟早也被遗忘，有人或能被铭记千年，但苦修者说，与世界的岁月相比，仍微不足道。^^日子过去，你的知识不断增长。
menu_slave_revlot_failed|你未能平定奴隶起义。阿尔布斯与奴隶们洗劫意大利数月，最终被当地军队杀死。
menu_vitellius_victory|阴沉的死神塔纳托斯靠近，以冰冷之触将灵魂带往哈迪斯之国，那里冥河低诉哀歌。^^到了2020年，一本普通历史书中，关于所谓“四帝之年”可读到以下文字：^^据塔西佗记载，维特里乌斯是一位远见卓识的统治者。他开启复兴时期，提倡艺术、文学与哲学，大力投资帝国基础设施，改善贸易与交通，推动繁荣。他治政公正，延揽贤明顾问，力求弥合长期困扰罗马的分裂。^^历史学家至今仍争论，这究竟属实，还是维特里乌斯派的宣传。
menu_otho_victory|阴沉的死神塔纳托斯靠近，以冰冷之触将灵魂带往哈迪斯之国，那里冥河低诉哀歌。^^到了2020年，一本普通历史书中，关于所谓“四帝之年”可读到以下文字：^^据塔西佗记载，奥托是一位远见卓识的统治者。他开启经济增长时期，提倡艺术、文学与哲学，大力投资帝国基础设施，改善贸易与交通，推动繁荣。他治政公正，延揽贤明顾问，力求弥合长期困扰罗马的分裂。^^历史学家至今仍争论，这究竟属实，还是奥托派的宣传。
menu_toilet_talk_tavern|你们结伴穿行繁忙城市，笑声洒满窄街。每走一步，情谊便更深，在最意想不到的地方结成联系。绕过曲巷，谈笑间酒馆灯光招引。始于厕所偶遇的共同冒险，变成难忘一夜。杯盏碰响，故事交织，你明白最鲜活的交情，也可能起于最古怪的相遇。
menu_toilet_tavern_escape|昏暗酒馆中，提加努·塔特、海杜斯与皮罗马尼亚库斯和你喧闹共饮。笑声中忽然发现，人人口袋空空。三人想出坏主意，拔腿就跑，留下你面对未付账单。你无奈还清欠账，既恼火又哭笑不得。这场闹剧再次说明友情难以预料，快乐混着恶作剧与气恼，永远留在酒馆记忆和你缩水的钱袋中。
menu_toilet_tavern_leave|喧笑与空酒杯间，提加努·塔特、海杜斯与皮罗马尼亚库斯发现身无分文，你不情愿地替他们结账。惯爱惹事的提加努·塔特提议去妓院，你拒绝了，摇头告别，也明白共同狂欢并不意味着共同担责。酒馆暖意留在身后，夜路各分，剩下友情的回响与略轻的钱袋。
menu_toilet_tavern_go|酒馆灯火摇曳，兴致高涨，钱袋却空，提加努·塔特、海杜斯与皮罗马尼亚库斯面对未付账单。你出钱承担狂欢费用。随后，淘气的提加努·塔特提议去妓院换个乐子。众人交换眼色，露出笑容，便穿过迷宫般街道，追寻另一种放纵。笑声与低语伴着夜色，秘密欢会的短暂诱惑盖过了账单烦恼。月光下，你们终于找到合适的地方。
menu_toilet_tavern_victory|昏暗酒馆里，笑声混着麦酒香，欢乐却因人人钱袋空空而中断。提加努·塔特、海杜斯与皮罗马尼亚库斯盯着出口，谋划逃账。良心驱使你出手，以坚硬拳头阻止他们退走。你离开酒馆，留下老板向他们榨取欠账。
menu_toilet_brothel_escape|本能地，你决定丢下妓女，迅速寻找逃路。趁混乱溜走，身后扭打声渐远。狭巷提供短暂庇护，你穿过迷宫般街道，抛下妓院中的不安场景。始于结伴欢游的夜晚，如今成了挥之不去的阴影，背弃的污点染上这次城市暗角的意外冒险。^^妓女后来如何，你不得而知。
menu_toilet_brothel_victory|妓院昏暗迷雾中，夜晚急转直下。提加努·塔特、海杜斯与皮罗马尼亚库斯的狂欢化作暴力，突然针对你与无助的妓女。保护她的本能与怜悯涌起，你正面迎战。狭小空间里，拳头与绝望碰撞。^^尘埃落定，三人被你击败制服。寂静中，你转向妓女，她眼中刻着一生苦难。不习惯善意的她，惊讶而感激地望着你。第一次，有人在这个只向她展示残酷的世界里，挺身保护。妓院阴角见证了短暂同盟，一位意外卫士打破无情生活的循环。但只有片刻，很快下一个醉酒“客人”就会出现……
menu_toilet_brothel_defeat|妓院阴影中，提加努·塔特、海杜斯与皮罗马尼亚库斯陷入狂乱，欢宴化为暴力。你挺身保护无助的妓女，决心替她挡住风暴。然而形势不利，三人压倒了你的防守。拳头飞舞，绝望笼罩，尽管竭力抵抗，你与受压迫的同伴仍遭击败。^^骚动平息，昏暗房中只剩令人沮丧的景象：你战败，妓女遍体伤痕，空气被残暴污浊。沉重的余波提醒人们，在罗马阴暗无情的角落，反抗有时也意味着更加脆弱。
menu_werdheri_fight|你等到傍晚。^^在卡利萨高耸城门下，你与维尔德赫里坚定走入暗林。月光小径通向即将到来的冲突，树叶沙沙加重紧张。每一步，他无声的自信都坚定你的决心。远处有两百强盗等候，但你们的同盟毫不动摇。城镇在后，命运在前，你们消失林深处，勇气的脉搏回荡夜空。
menu_werdheri_fight_alone|日耳曼战士维尔德赫里如孤独风暴冲进强盗巢穴，周身透出不屈决心，双眼燃烧古老的勇气。他在阴影中冷静而优雅地移动，刀剑与亡命徒激撞。混乱中，他像孤狼，以力量和技巧穿透敌阵。洞穴回荡战斗乐章，每一击都彰显战士面对悬殊敌势的顽强精神。火光闪烁间，他坚定抗住强盗洪流，将自己的传奇刻入巢穴深处。
menu_werdheri_duel|你现在可以选择逃跑，或接受挑战。
menu_werdheri_duel_lost|战斗展开，你面对目光坚毅的日耳曼强者维尔德赫里。钢铁碰撞回荡，技艺对技艺，力量对力量。他动作迅捷精确，剑锋舞出致命轨迹。你虽尽全力，局势仍转坏。一记重斩出其不意地击中你，冲击贯穿全身。你踉跄后退，试图稳住，他却抓住机会，再以迅速果断的一击命中。你战败倒地，世界模糊。
menu_werdheri_duel_won|你迅捷而精准地出剑，与维尔德赫里的剑碰撞，回声传遍古林。强大的日耳曼战士凶猛娴熟，你却预判动作，找到破绽。古树枝冠下，决斗如刀锋之舞。^^关键时刻，你向一侧虚晃，迅速改变进攻角度。他措手不及，试图格挡，你的剑却命中。最后一次金属撞击响起，他的武器脱手，你的剑刺入胸膛。胜利属于你，森林见证凯旋。
menu_werdheri_lost|强盗巢穴中，战斗如暴风。你与维尔德赫里虽寡不敌众，却坚定并肩，勇抗不息敌潮，钢铁回声充满洞穴。然而敌人数量压倒一切，疲惫侵袭，你们终于倒在无尽进攻之下。强盗获胜，占据黑暗。最后时刻，并肩的勇气给你慰藉，如洞穴深处一缕短暂回声。
menu_werdheri_won|强盗巢穴深处，战斗交响轰鸣。维尔德赫里在侧，坚不可摧，你们一同穿行混乱。钢铁碰撞回荡洞壁，团结压倒掠夺者。战术与坚定意志扭转战局，两人杀穿敌阵，败敌的回响传入巢穴深处。喧嚣渐息，你们喘着胜利的气息，洞穴重归寂静，铭记着以二敌众的勇气。
menu_triumph_awared_emperor|凯旋式！^^{s15}率军征战，赢得威名，元老院想授予他凯旋式。不过，你可以行使执政官权力否决。
menu_triumph_awared_ai|凯旋式！^^^信使传达元老院与元首颁布的敕令：^^罗马公民们：^我们荣幸地宣布，鉴于{s15}在近期战役中展现卓越勇气与领导才能，特授予凯旋式。这项殊荣见证了{s15}为罗马尽忠不渝、功勋卓著。元老院与罗马人民决定举行盛大游行，庆祝这一重要时刻。^向凯旋统帅致敬！
menu_triumph_awared_player|凯旋式！^^信使通知，你已获准以自己之名举行凯旋式。尽早前往罗马，领取这份荣耀。
menu_prophecy_final|你站着吸入内衣甜美醉人的香气，空气中开始变化。起初细微，一股温暖、近乎舒适的感觉爬过皮肤。但随着时间过去，气味愈发浓烈，压倒一切，每次呼吸都灌满肺部。^^巴苏斯也似被香气迷住，双眼大睁，瞳孔扩张，挥手想驱散气味，却徒劳。他几乎……迷失其中，神情松垮，动作紊乱。他唤奴隶靠近，随着他们上前，香雾更浓。^^奴隶也开始失神，起初好奇地踉跄走来，很快面色苍白、身体摇晃，仿佛空气本身迷乱了心智。你听见他们语无伦次地嘟囔，香气正淹没一切。
menu_prophecy_final_2|起初稀薄的雾如今浓厚，将众人包裹。空气变得沉重、压迫、令人窒息。每次呼吸更困难，思绪更混乱，仿佛香气织进灵魂，扭曲感知。你几乎看不穿烟雾，周遭世界模糊。^^巴苏斯突然大笑，声音诡异不安，不是平常喜悦的笑，而是带着疯狂的躁笑。“它……太完美了！”他喊道，不知对谁说，还是自言自语。他抓挠脸庞，仿佛要撕去无形面具，香气却愈发浓重。^^奴隶们已彻底昏沉，跪倒，含糊祈祷、胡言乱语。其中一人无法控制地咯咯笑，脸因谵妄而扭曲。
menu_prophecy_final_3|气味……如今令人窒息。思绪蒙尘，视野收窄，每次呼吸都像让意识流失。原本单纯的香味化作更加邪恶的力量，弯折意志，扭曲现实。四周疯狂滋长，将你越拖越深。^^巴苏斯再次喊叫，更响，却仿佛来自另一个世界：“我们……被选中了！诸神找到我们了！我们将成为祭司、仆人……”话语破碎，每秒都更不连贯。^^随后，仿佛听见号令，迷雾达到顶点，一切归于黑暗。世界被浓烈香气吞没，心智终于屈服于疯狂。
menu_prophecy_final_4|你缓缓醒来，脑中沉重混乱，仿佛刚走出浓雾。吞噬你的压迫迷雾消失了，汉尼拔也不见了。感官恢复后，你发现巴苏斯跪在面前，鼻子带血，满脸瘀伤，神情充满深深愧疚。他结结巴巴地道歉，声音因羞耻悔恨颤抖。^^疼痛如潮冲刷全身。双手火辣跳痛，擦伤破皮，证明发生过某场已忘却的搏斗。此时你才发现环境变了，迦太基废墟不见踪影，取而代之的是总督宫殿安静清凉的房间。
menu_state_sacrifice_prompt|{s1}落成启用的时刻到了。身为皇帝与大祭司，主持国家祭祀、敬奉{s2}、为罗马人民争取神恩，是你的神圣职责。祭司在神庙等候命令，民众也已聚集，见证你的虔诚。你将如何行事？
mno_perform_personally_large|亲自主持仪式。（大型献祭：500,000第纳尔）
mno_perform_personally_medium|亲自主持仪式。（中型献祭：250,000第纳尔）
mno_perform_personally_small|亲自主持仪式。（小型献祭：100,000第纳尔）
mno_delegate_duty|委托祭司主持。（花费：50,000第纳尔）
mno_refuse_duty|什么也不做，让诸神自己操心！
menu_meadow_romance|你跟随波佩娅来到俯瞰山谷的僻静草地。野花芳香，一瞬间，政治与职责仿佛远在千里。她转向你，卸下面具，神情柔和而沉思。“在这里，”她轻声说，“我不是神的妻子，你也不只是卫兵。片刻之间，我们只是一个男人和一个女人，不是吗？”^^你尚未回答，灌木被撞开的声响便打破这一刻。一名禁卫军喘着气、汗流满面地冲进空地。“夫人！{playername}！”他喘道，“元首的口信！”^^“他求问了神谕，征兆……不明。他很不高兴，不愿见任何人。我们必须立即启程去奥林匹亚，行李已经在准备。”^波佩娅柔和神情瞬间冷硬。“不明？皮提娅竟敢对神含糊其辞？”她烦躁叹气，“好吧，又一天，又一条尘土飞扬的路。看来片刻安宁结束了。命令已到……”
menu_temples_submenu|你想拜访哪座神庙？
mno_jupiter|拜访朱庇特神庙。
mno_mars|拜访玛尔斯神庙。
mno_aphrodite|拜访阿佛洛狄忒神庙。
mno_sons_of_zeus|拜访卡斯托尔与波吕克斯神庙。
mno_saturn|拜访萨图尔努斯神庙。
mno_vesta|拜访维斯塔神庙。
mno_mithras|拜访密特拉神庙。
menu_test_scene|你进入了测试场景。
mno_testing|测试围城事件。
menu_debug_alert_from_s65|调试警报：{s65}
menu_cheat_menu2|更多作弊选项
mno_faction_debug|调试阵营数据槽
mno_text_scene|测试场景。
