str_yes|是。
str_no|否。
str_noone|无人
str_s50_and_s51|{s50}与{s51}
str_s52_and_s51|{s52}与{s51}
str_s5_s_party|{s5}的队伍
str_given_by_s1_at_s2|由{s1}在{s2}交付
str_given_by_s1_in_wilderness|由{s1}在野外交付
str_s7_raiders|{s7}掠夺者
str_bandits_eliminated_by_another|滋事匪徒已被另一支队伍消灭。
str_msg_battle_won|战斗胜利！按Tab键离开……
str_randomize|随机
str_charge|徽记
str_color|颜色
str_flip_horizontal|水平翻转
str_flip_vertical|垂直翻转
str_hold_fire|停止射击
str_blunt_hold_fire|钝器／停止射击
str_tutorial_ammo_refilled|弹药已补充。
str_tutorial_failed|这次你被击败了，但别担心。仔细遵循指引，下次就会做得更好。按Tab键返回菜单，即可重试本教程。
str_finished|（已完成）
str_delivered_damage|造成{reg10}点伤害。
str_archery_target_hit|距离：{reg10}码。得分：{reg11}
str_use_baggage_for_inventory|战斗中可通过辎重访问物品栏（辎重位于你的初始位置）。
str_cant_use_inventory_now|现在无法访问物品栏。
str_cant_use_inventory_arena|在竞技场中无法访问物品栏。
str_cant_use_inventory_disguised|伪装时无法访问物品栏。
str_cant_use_inventory_tutorial|在训练营中无法访问物品栏。
str_1_denar|1第纳尔
str_reg1_denars|{reg1}第纳尔
str_january_reg1_reg2|{reg2}年1月{reg1}日
str_february_reg1_reg2|{reg2}年2月{reg1}日
str_march_reg1_reg2|{reg2}年3月{reg1}日
str_april_reg1_reg2|{reg2}年4月{reg1}日
str_may_reg1_reg2|{reg2}年5月{reg1}日
str_june_reg1_reg2|{reg2}年6月{reg1}日
str_july_reg1_reg2|{reg2}年7月{reg1}日
str_august_reg1_reg2|{reg2}年8月{reg1}日
str_september_reg1_reg2|{reg2}年9月{reg1}日
str_october_reg1_reg2|{reg2}年10月{reg1}日
str_november_reg1_reg2|{reg2}年11月{reg1}日
str_december_reg1_reg2|{reg2}年12月{reg1}日
str_january|1月
str_february|2月
str_march|3月
str_april|4月
str_maius|5月
str_june|6月
str_july|7月
str_august|8月
str_september|9月
str_october|10月
str_november|11月
str_december|12月
str_town_nighttime| 夜色已深，安分守己的居民都已离开街道。
str_door_locked|门锁着。
str_castle_is_abondened|这座要塞似乎无人占据。
str_town_is_abondened|这座城镇没有驻军防守。
str_place_is_occupied_by_player|此地由你的部队控制。
str_place_is_occupied_by_enemy|此地由敌军控制。
str_place_is_occupied_by_friendly|此地由友军控制。
str_do_you_want_to_retreat|你确定要撤退吗？
str_give_up_fight|放弃战斗吗？
str_do_you_wish_to_leave_tutorial|你要离开教程吗？
str_do_you_wish_to_surrender|你要投降吗？
str_can_not_retreat|无法撤退，附近有敌人！
str_s1_joined_battle_enemy|{s1}加入了敌方参战。
str_s1_joined_battle_friend|{s1}加入了我方参战。
str_entrance_to_town_forbidden|城门卫兵正警惕着闯入者，看来你无法不受盘查地穿过城门。
str_sneaking_to_town_impossible|城门卫兵已提高警惕。无论伪装得多好，你也无法从这道门混进去。
str_battle_won|你赢得了战斗！
str_battle_lost|你输掉了战斗！
str_attack_walls_success|经过一场血战，你英勇的士兵从敌人手中夺下了城墙。
str_attack_walls_failure|你的士兵冲向城墙时接连倒下，少数幸存者很快溃逃，再也没有回来。
str_attack_walls_continue|一场血战随之展开，双方奋勇厮杀。尽管你的部队竭尽全力，要塞仍在敌军手中。
str_order_attack_success|你的士兵英勇作战，击败了敌人。
str_order_attack_failure|你绝望地看着敌军砍倒你的士兵，随后轻易赶走了少数狼狈的幸存者。
str_order_attack_continue|虽然交战已久，你的部队仍未取得决定性的胜利。
str_join_order_attack_success|你的士兵与盟军并肩奋战，击败敌人，共享胜利的荣耀。
str_join_order_attack_failure|你绝望地看着敌军砍倒你的士兵，随后轻易赶走了少数狼狈的幸存者。
str_join_order_attack_continue|虽然交战已久，你的部队和盟军仍未能对敌人取得决定性的胜利。
str_siege_defender_order_attack_success|驻军凭借勇气和技艺坚守城墙，击退敌军的进攻，并巧妙地将敌人的败退化为彻底溃败。
str_siege_defender_order_attack_failure|进攻很快变成了一场屠杀。驻军虽奋勇抵抗，仍不敌强大的攻势，无法守住城墙。敌军将守军杀戮殆尽。
str_siege_defender_order_attack_continue|敌军反复发起血腥攻势，却未能夺下城墙。但剩余敌军仍然太多，守军还无法宣告真正的胜利。围城继续。
str_hero_taken_prisoner|{s3}的{s1}被{s2}俘虏了。
str_hero_freed|{s3}的{s1}被{s2}从囚禁中解救了。
str_center_captured|{s2}从{s3}手中夺取了{s1}。
str_center_looted|{s2}洗劫了{s3}的{s1}。
str_troop_relation_increased|你与{s1}的关系从{reg1}提升到了{reg2}。
str_troop_relation_detoriated|你与{s1}的关系从{reg1}恶化到了{reg2}。
str_faction_relation_increased|你与{s1}的关系从{reg1}提升到了{reg2}。
str_faction_relation_detoriated|你与{s1}的关系从{reg1}恶化到了{reg2}。
str_party_gained_morale|你的队伍士气提高了{reg1}点。
str_party_lost_morale|你的队伍士气降低了{reg1}点。
str_other_party_gained_morale|{s1}的士气提高了{reg1}点。
str_other_party_lost_morale|{s1}的士气降低了{reg1}点。
str_qst_follow_spy_noticed_you|间谍发现你了！他正要逃跑！
str_s3s_s2|{s3}的{s2}
str_s5_is_s51|{s5}是{s51}。
str_s5_is_the_ruler_of_s51|{s5}是{s51}的统治者。
str_s5_is_a_nobleman_of_s6|{s5}是{s6}的一位{reg4?女贵族:男贵族}。
str_relation_mnus_100|仇深似海
str_relation_mnus_90|仇深似海
str_relation_mnus_80|仇深似海
str_relation_mnus_70|憎恨
str_relation_mnus_60|憎恨
str_relation_mnus_50|敌对
str_relation_mnus_40|愤怒
str_relation_mnus_30|怨恨
str_relation_mnus_20|不满
str_relation_mnus_10|怀疑
str_relation_plus_0|冷淡
str_relation_plus_10|合作
str_relation_plus_20|欢迎
str_relation_plus_30|好感
str_relation_plus_40|支持
str_relation_plus_50|友善
str_relation_plus_60|亲切
str_relation_plus_70|喜爱
str_relation_plus_80|忠诚
str_relation_plus_90|忠心耿耿
str_relation_mnus_100_ns|{s60}对你仇深似海。
str_relation_mnus_90_ns|{s60}对你仇深似海。
str_relation_mnus_80_ns|{s60}对你仇深似海。
str_relation_mnus_70_ns|{s60}憎恨你。
str_relation_mnus_60_ns|{s60}憎恨你。
str_relation_mnus_50_ns|{s60}敌视你。
str_relation_mnus_40_ns|{s60}对你感到愤怒。
str_relation_mnus_30_ns|{s60}怨恨你。
str_relation_mnus_20_ns|{s60}对你心怀不满。
str_relation_mnus_10_ns|{s60}怀疑你。
str_relation_plus_0_ns|{s60}对你态度冷淡。
str_relation_plus_10_ns|{s60}愿意与你合作。
str_relation_plus_20_ns|{s60}欢迎你。
str_relation_plus_30_ns|{s60}对你有好感。
str_relation_plus_40_ns|{s60}支持你。
str_relation_plus_50_ns|{s60}对你友善。
str_relation_plus_60_ns|{s60}待你亲切。
str_relation_plus_70_ns|{s60}喜爱你。
str_relation_plus_80_ns|{s60}忠于你。
str_relation_plus_90_ns|{s60}对你忠心耿耿。
str_relation_reg1| 关系：{reg1}（{s63}）
str_center_relation_mnus_100|居民对你恨之入骨
str_center_relation_mnus_90|居民极其憎恨你
str_center_relation_mnus_80|居民十分憎恨你
str_center_relation_mnus_70|居民憎恨你
str_center_relation_mnus_60|居民对你怀有恨意
str_center_relation_mnus_50|居民极其敌视你
str_center_relation_mnus_40|居民十分敌视你
str_center_relation_mnus_30|居民敌视你
str_center_relation_mnus_20|居民抵制你
str_center_relation_mnus_10|居民反对你
str_center_relation_plus_0|居民对你态度冷淡
str_center_relation_plus_10|居民接受你
str_center_relation_plus_20|居民愿意与你合作
str_center_relation_plus_30|居民有些支持你
str_center_relation_plus_40|居民支持你
str_center_relation_plus_50|居民十分支持你
str_center_relation_plus_60|居民忠于你
str_center_relation_plus_70|居民对你十分忠诚
str_center_relation_plus_80|居民对你忠心耿耿
str_center_relation_plus_90|居民对你死心塌地
str_town_prosperity_0|{s60}城镇穷困得令人难以忍受。
str_town_prosperity_10|{s60}城镇肮脏破败，几乎空无一人。
str_town_prosperity_20|{s60}城镇看上去凄惨荒凉。
str_town_prosperity_30|{s60}城镇看上去贫困而疏于管理。
str_town_prosperity_40|{s60}城镇看上去正勉强维持生计。
str_town_prosperity_50|{s60}城镇看上去平平无奇。
str_town_prosperity_60|{s60}城镇似乎正欣欣向荣。
str_town_prosperity_70|{s60}城镇繁荣兴旺，一派忙碌景象。
str_town_prosperity_80|{s60}城镇看上去富裕且维护良好。
str_town_prosperity_90|{s60}城镇富丽繁华，富足的居民熙熙攘攘。
str_town_prosperity_100|{s60}城镇富丽堂皇，毫不掩饰地炫耀着巨大的财富。
str_fort_prosperity_0|^{s60}要塞穷困得令人难以忍受。
str_fort_prosperity_10|^{s60}要塞肮脏破败，几乎空无一人。
str_fort_prosperity_20|^{s60}要塞看上去凄惨荒凉。
str_fort_prosperity_30|^{s60}要塞看上去贫困而疏于管理。
str_fort_prosperity_40|^{s60}要塞看上去正勉强维持生计。
str_fort_prosperity_50|^{s60}要塞看上去平平无奇。
str_fort_prosperity_60|^{s60}要塞似乎正欣欣向荣。
str_fort_prosperity_70|^{s60}要塞繁荣兴旺，一派忙碌景象。
str_fort_prosperity_80|^{s60}要塞看上去富裕且维护良好。
str_fort_prosperity_90|^{s60}要塞富丽繁华，富足的居民熙熙攘攘。
str_fort_prosperity_100|^{s60}要塞富丽堂皇，毫不掩饰地炫耀着巨大的财富。
str_village_prosperity_0|{s60}村庄穷困得令人难以忍受。
str_village_prosperity_10|{s60}村庄看上去贫困潦倒、凄惨不堪。
str_village_prosperity_20|{s60}村庄看上去十分贫困荒凉。
str_village_prosperity_30|{s60}村庄看上去贫困而疏于管理。
str_village_prosperity_40|{s60}村庄看上去有些贫困，正勉强维持生计。
str_village_prosperity_50|{s60}村庄看上去平平无奇。
str_village_prosperity_60|{s60}村庄似乎正欣欣向荣。
str_village_prosperity_70|{s60}村庄看上去兴旺发达。
str_village_prosperity_80|{s60}村庄看上去富裕且维护良好。
str_village_prosperity_90|{s60}村庄看上去非常富裕繁荣。
str_village_prosperity_100|{s60}村庄四周环绕着广阔肥沃的田野，看上去极为富裕。
str_acres_grain|英亩粮田
str_acres_orchard|英亩果园与葡萄园
str_acres_oasis|英亩绿洲灌溉园地
str_looms|织机
str_silver_smiths|银匠
str_boats|船只
str_head_cattle|头牛
str_head_horses|匹马
str_head_sheep|只羊
str_amber_riverbeds|出产琥珀的海滩与河床
str_frankincense_trade|乳香商人
str_perfume_factory|香水工坊
str_mills|磨坊
str_kilns|窑炉
str_pans|盐池
str_deposits|矿藏
str_woods|林地
str_hives|蜂箱
str_breweries|酿酒坊
str_presses|压榨机
str_smithies|铁匠铺
str_caravans|陆路商队
str_traps|陷阱
str_gardens|小花园
str_tanneries|鞣皮缸
str_master_miller|磨坊师傅
str_master_brewer|酿酒师傅
str_master_presser|压榨师傅
str_master_smith|锻造师傅
str_master_tanner|制革师傅
str_master_weaver|织造师傅
str_master_dyer|染色师傅
str_war_report_minus_4|我们就要输掉这场战争了
str_war_report_minus_3|局势看起来很不乐观
str_war_report_minus_2|我们的战况不太顺利
str_war_report_minus_1|只要重整旗鼓，我们仍能赢得这场战争
str_war_report_0|我们与敌人势均力敌
str_war_report_plus_1|我们颇有希望赢得这场战争
str_war_report_plus_2|战况相当顺利
str_war_report_plus_3|我们应该能轻易击败他们
str_war_report_plus_4|我们就要赢得这场战争了
str_antonia_dead|克劳狄娅·安东尼娅冰冷的遗体被轻轻抬出花园绿荫环抱的餐厅。一座摆满芬芳鲜花的祭坛已经备好，等候接纳她。人们怀着温柔的敬意，将她安放在神圣的石台上，让花香萦绕四周。作为最后的献礼，他们为她放上一枚奥波尔银币，指引她的灵魂踏上尘世之外的旅途。火葬堆上摇曳的烈焰吞没了她的身躯，庄严的火光伴着回忆与追思的芬芳熊熊燃烧。
str_poppaea_divorced|终于，波佩娅与尼禄离婚的消息得到正式宣布。她必须离开罗马，回到家人身边。
str_poppaea_dead|最终，波佩娅被斩首处死。正如尼禄死时一样，她的敌人欢庆胜利。百姓毫不掩饰自己的喜悦，庆祝这个他们最憎恨的女人走向死亡。
str_poppaea_banished|波佩娅与尼禄一同被逐出罗马帝国，并陪他踏上旅途。
str_nero_dead|前任元首尼禄·凯撒·奥古斯都奉你的命令被处决。自大火以来便开始憎恨尼禄的民众，在刑场上高声呼喊，欣喜若狂。尼禄屈辱而痛苦地死去。他的情妇阿克忒怀着哀伤，依照罗马的礼仪安葬了这位昔日的皇帝情人。
str_nero_banished|尼禄·凯撒·奥古斯都被逐出罗马帝国，与阿克忒一起戴着锁链被押出罗马。他们共同踏上前往远方的旅程，将昔日身处其中的帝国荣华抛在身后。漫长的流放之路在他们面前展开，通往未知的土地，远离罗马那些神圣的街道。
str_nero_explain_action|我是神圣的凯撒！我要处理国事，哪有时间打仗，去管那些令人不快的事？否则，我养着军团干什么？
str_nero_tour_greece_thessaolonica_1|快去和那个长官谈谈！我要在这座城里休息，等阿克提亚竞技会开幕。
str_nero_rumor_1|尼禄宫廷的堕落简直没有底线！据说波佩娅·萨比娜，就是那个策划谋杀屋大维娅的妖妇，有一座奢华的浴池，里面灌满了五百头母驴的奶。每天都要给这些驴挤奶，让她沐浴养颜。我们勉强才能熬过一个月、买得起吃的，这个妖妇却如此挥霍！
str_nero_rumor_2|你可得看好自己的女奴和女雇员。罗马这里夜里总有女人被掳走。官府说这是匪帮干的，可事实根本不是这样！卫兵知道这些绑架，却什么也不做。据说是尼禄和他的朋友在掳掠女人，把她们带进皇宫。
str_nero_rumor_end|请报告此错误
str_antonia_speech_1|罗马的将士们！^^今天，你们站在命运的关口，准备将自己的名字写入史册。你们迈步出征，已不只是凡人，而是承继了先辈英雄精神的战士。像伟大的埃涅阿斯一样，你们肩负着帝国未来的重任。
str_antonia_speech_2|坚定的英雄埃涅阿斯曾航行于凶险的海洋，迎战强大的敌人。你们也同样顶住了前途未卜的风暴，直面那些企图瓦解罗马统一的敌人。和他一样，我们被选中去引领众人，为更伟大的目标而战，为我们深爱的帝国开辟新的道路。
str_antonia_speech_3|今天，你们面对的敌人妄图破坏你们奋力建立的秩序。但我要提醒你们，罗马的儿子们：我们是战神玛尔斯本人的后裔。我们的勇气、纪律与不屈的决心，必将带领你们走向胜利！
str_antonia_speech_4|记住，我的将士们，你们的事业是正义的，你们的意志不可摧折。你们不是为了个人的荣誉而战，而是为了罗马的荣耀，为了更加光明的未来。你们的凯旋将回荡千秋，正如埃涅阿斯的功业至今仍在神话的殿堂中激荡。
str_antonia_speech_5|前进吧，勇敢的战士们！让命运之风引领你们走向荣耀。埃涅阿斯的精神在你们心中燃烧，你们必将获胜！^^为了罗马！为了胜利！
str_poppaea_dead_honorable|波佩娅·萨比娜之死^^^一片忧伤的寂静笼罩着奥古斯都宫的厅堂。她站在镜前，油灯摇曳的光芒在大理石墙上投下转瞬即逝的影子。侍女们为她穿上参加仪式的衣装。^^她走进餐厅，你与众位廷臣正在那里等候。她身披最上等的丝绸，佩戴着如群星般璀璨的珠宝，仪态犹如一尊优美的大理石雕像。她坐到你的身旁，安东尼娅则坐在你的左侧。菜肴盛放在装饰华美的金盘中，逐一端上餐桌。^^宴席以一道美味的甜点结束。波佩娅看着你，说：“时候到了，{playername}。”你拿起一把罗马匕首，握住她的手臂，随后割开她的静脉。^^金色战车的旅程，缓缓驶向终点。月光穿过窗户，将银辉洒在波佩娅的脸上。她的灵魂已经离开了尘世。
str_poppaea_banned|波佩娅·萨比娜的惩罚^^^命运令人心碎地逆转，波佩娅·萨比娜被逐出罗马，锦绣般的人生像一根纤细的丝线般散开。这座曾见证她荣耀的城市，如今将她驱逐；身边的奢华已被流放的荒凉取代。她的名字，昔日象征着美貌与权势，如今却成为一声悲怆的回响，诉说着帝国的短暂与命运的无常。
str_poppaea_dead_brutal|波佩娅·萨比娜之死^^^提格利努斯亲自将波佩娅带入地牢，随后把她扔进幽深的囚室。囚犯们被告知，可以随意处置她。他们大多已经在阴暗肮脏的牢房里腐烂了多年。当只裹着一条毯子的波佩娅出现在牢房中时，他们彻底陷入狂乱。然而，波佩娅竟然设法迷住了囚犯，让他们听从自己的心意。他们打扫牢房，自愿把饭食中最好的部分让给她，还用自己的毯子给她做了一件简单的衣服。^^一周过去，圆形竞技场终于坐满了观众。灿烂的阳光将金色光辉洒向热切聚集的人群。空气中充满期待，观众的低语如风中的耳语般回旋。沙土的气息混着香油浓郁的芬芳，为即将上演的奇观铺下背景。号角响起，宣告波佩娅到来。她在那些成了仆人的囚犯陪同下出现。尽管与罗马最粗野凶残的罪犯一起坐了一周牢，她看起来依旧美丽动人，令所有人惊讶。^^猛兽被放出牢笼，竞技场顿时迸发出原始声响的交响：兽爪踏在沙地上，如雷鸣般震响；群兽的咆哮愈来愈高；观众发出阵阵惊呼与低语。在这一切之中，波佩娅挺立着，即使面对自然最狂野力量的化身，姿态仍然坚定。
str_poppaea_killed|波佩娅·萨比娜之死^^^一片忧伤的寂静笼罩着奥古斯都宫的厅堂。朦胧的月光下，她的遗体被抬走了。她能在来世找到安宁吗？
str_antonia_killed_suicide|安东尼娅·克劳狄娅被迫自尽。她颤抖的手紧握利刃，眼中透着决绝，将刀锋抵住手腕，划开柔嫩的皮肤。鲜红的生命流淌而出，仿佛低语着摆脱尘世痛苦的解脱。随着体温消散，她的生命也汇入古老悲剧的回声。
str_antonia_killed_brutal|克劳狄娅·安东尼娅之死^^^安东尼娅被带入地牢。在盛大的表演开始前，她被囚禁了一周。当卫兵进入牢房时，却发现她已死去。她以自尽逃脱了你那令人屈辱的惩罚。
str_description_mirror_poppaea|描述：^^这面金镜的背面绘有波佩娅·萨比娜的肖像。^^背景：^^这面镜子及其图像均为虚构。
str_poppaea_assassination_1|消息传来，{s25}昨天刚吃完饭便死去了。她一直担心被安东尼娅谋杀，因此处处小心，只吃自己做的食物。有人传言她遭到毒杀，也有人说她吃苹果时噎死了。不过，大多数人相信{s26}与她的死有关。
str_poppaea_assassination_2|{s25}昨天死了。人们在她的卧室发现了她的尸体，静脉已经被割开，旁边还有一把罗马匕首。证据指向自杀，然而传言说她遭到了谋杀。她原本无瑕的身体上发现了暴力痕迹，也支持了这种说法。大多数人相信{s26}与她的死有关。
str_poppaea_assassination_3|{s25}昨天死了。她在湿滑的地面上失足，摔下了楼梯。湿大理石固然很滑，人们却不明白楼梯为什么会湿。传言说，凶手特意将大理石擦得尽可能光滑；也有人认为这只是意外。不过，大多数人相信{s26}与她的死有关。
str_poppaea_assassination_4|{s25}昨天拜访当地总督时死去了。她倚在一扇窗上，窗框断裂，她便从窗口坠落。后来，人们发现窗框的木料已经腐朽。自称目击事故的人说，总督从背后推了她，才使她跌出窗外。大多数人相信{s26}与她的死有关。
str_poppaea_assassination_end|波佩娅遇刺事件结束
str_wlod_4_temple_1|你和曼基内卢斯走进阿尔廷帕萨的圣所，几位雌雄莫辨的埃纳瑞祭司迎了上来，似乎被你们俩迷住了。你们正享受着这段时光，一位斯基泰酋长却走进帐篷，本想请埃纳瑞祭司赐福，却撞见你和曼基内卢斯在亵渎他们。你们被赶出圣所，和朋友一起跑回同伴身边。见你们都光着上身，沃洛多维库斯立刻明白了怎么回事，给了你们俩各一拳，随后扑向曼基内卢斯，差点把他掐死，幸而被你和其他几人拦住。你们匆匆收拾行装，带领商队离开眼前的险境。然而，那位斯基泰酋长很快召集了一队战士，追赶了你们好几天，直到你们迎头撞上一支阿兰部众。向导立刻告诉你，他不认识这个部落，不久箭矢便向你们飞来。看来你们被夹在了两支军队之间。好消息是，斯基泰人与阿兰人彼此憎恨！
str_wlod_4_temple_2|曼基内卢斯不顾你的警告，走进阿尔廷帕萨的圣所。亵渎埃纳瑞祭司的举动激怒了斯基泰人。不过，你亲自拒绝参与，还是赢得了他们的一些尊重，尽管在他们看来，是你的部下违抗了命令。他们要求沃洛多维库斯和商队立刻离开神庙，永远不许回来。沃洛多维库斯召集众人向东出发，阴沉而不满地瞪着曼基内卢斯；后者似乎根本没有意识到，他的无礼行为又一次惹来了麻烦，毁掉了你们与当地人的关系。沃洛多维库斯怒不可遏，扑向曼基内卢斯，差点把他掐死，直到你和其他几人将他拉开。你暗自思忖，是否每次进入聚落，都该把曼基内卢斯软禁起来，交给老佣兵和哈德里亚努斯看守，以免他再受那些不健康的冲动和愚蠢念头驱使。你心中的争论忽然被打断：阿兰斥候正在高喊，警告一支阿兰大军即将向你们进攻。
str_wlod_4_temple_3|你和曼基内卢斯走进阿尔廷帕萨的圣所，几位雌雄莫辨的埃纳瑞祭司迎了上来，似乎被你们俩迷住了。你找到女祭司，与她共度欢愉，而曼基内卢斯则在附近与埃纳瑞祭司寻欢。突然，一位斯基泰酋长走进帐篷，本想请埃纳瑞祭司赐福，却撞见你和曼基内卢斯在亵渎他们。你们被赶出圣所，和朋友一起跑回同伴身边。见你们都光着上身，沃洛多维库斯立刻明白了怎么回事，给了你们俩各一拳，又扑向曼基内卢斯，差点把他掐死，幸而被你和其他几人拦住。你们匆匆收拾行装，带领商队离开眼前的险境。然而，那位斯基泰酋长很快召集了一队战士，追赶了你们好几天，直到你们迎头撞上一支阿兰部众。向导立刻告诉你，他不认识这个部落，不久箭矢便向你们飞来。看来你们被夹在了两支军队之间。好消息是，斯基泰人与阿兰人彼此憎恨！
str_flirt_poppaea_failure|-- 你开始与她交谈。谈话间，你发现她并不自在。你说什么都让她烦躁，交谈十分艰难。--^^你倒是……挺逗人的，就像一只笨得出奇的甲虫。快走吧，我还有要事。
str_flirt_poppaea_neutral|-- 你开始与她交谈。谈话间，你发现她还算自在。你讲的笑话有时能逗她发笑，但她偶尔也会打哈欠。--^^这番谈话倒也愉快。你有一种……乡野的魅力。失陪了。
str_flirt_poppaea_success|-- 你开始与她交谈。谈话间，你发现她感到自在。她会被你的笑话逗笑，也认真听你说话。--^^你比这宫廷里大多数蠢货有趣得多，说话也机敏。别总是久不露面。
str_flirt_poppaea_crit_success|-- 你开始与她交谈。谈话间，你发现她感到非常自在。只有你知道自己做了什么，让她开始轻轻触碰你，随后吻了你。--^^-- 她靠得更近，声音低柔，如猫儿轻吟。--^^你的眼中有一簇危险的火花。我觉得……很难抗拒。我们还会再谈的。很快。
str_nero_greece_arrival_menu_text|经过漫长的伊奥尼亚海航行，你的船终于停靠在都拉基乌姆港。城中乱而有序，地方官员正忙着应付凯撒及其随从出人意料的到访。你还来不及弄清周围的情况，一名禁卫军士兵就走到面前，传来简短的口信：“元首命你立刻前往总督的别墅。别让他久等。”
str_nero_reaction_good_meal|仙馔！这是诸神的食物！这场盛宴才配得上我的胜利！干得好，{playername}。你很有识人的眼光。
str_nero_reaction_player_meal|嗯，乡野风味。我想，倒是有几分……质朴的真诚。虽然欠缺真正大师的精妙手艺，但用来庆祝行省的喜事，还算过得去。你的用心，我记下了。
str_nero_reaction_bad_meal|这是什么！？你想拿这种平庸货色毒死我吗？这是在侮辱我的味觉，玷污我的凯旋！这堆泔水，连给做出它的奴隶吃都嫌差。
str_neros_tomb_arrival_menu_text|穿越马其顿崎岖腹地的旅途十分艰辛，但你们终于抵达目的地。眼前的景色豁然开朗，一条湍急的河流切出了幽深苍翠的峡谷。一条狭窄蜿蜒的小路沿着峭壁向下，带领队伍前往河岸。走到水边，景象渐渐清晰：右侧，一道壮丽的瀑布坠入清澈的水潭，轰鸣声被水雾柔化；左侧，岩石上直接凿出了数座古老而庄严的门面——埃盖王陵。尼禄沉默片刻，目光扫过眼前的景物，脸上混杂着对艺术的赞赏与争胜的嫉妒。他转向你，准备开口。
str_nero_reaction_flattery|哈！正是如此！这是个懂得尊卑秩序的人。说得好。
str_nero_reaction_pragmatic|士兵的眼中只有堡垒。意料之中，却也诚实。你看见的是石头，我看见的是灵魂。
str_nero_reaction_philosophical|何必如此阴郁。你简直像是心情糟糕时的塞涅卡。我们来这里，是要从往昔汲取灵感，而不是被埋进过去！
str_neros_delphi_arrival_menu_text|通往德尔斐的道路不断盘旋向上，攀登帕尔纳索斯山神圣的山坡。当你们抵达圣域，就连随从中最玩世不恭的人也安静下来。宝库与神殿古老的石块，仿佛在低声诉说数百年神谕的分量。^^尼禄自诩为新的阿波罗，毫不迟疑地傲然穿过敬畏的祭司们，径直走向内殿，要在那里独自向皮提亚神谕求问。^^你和其他随从被留在阿波罗神庙前的大庭院中等候。就在这时，波佩娅·萨比娜离开其他廷臣，缓缓而有意地向你走来，脸上的神情难以捉摸。
str_neros_olympia_arrival_menu_text|离开德尔斐，经过漫长的旅途，你们终于抵达奥林匹亚的圣地。这里与其他圣域不同：一片广阔的圣林，献给的不只是诸神，还有竞技场上纯粹而浸透汗水的荣耀。空气仿佛也在无数往昔胜利的回声中震颤。^^尼禄把到访安排成了一场盛大的凯旋。他乘坐镀金战车，拉车的不是战马，而是四匹纯白的公马。他身披胜利者的紫袍，头上早已戴好金色月桂冠，仿佛比赛尚未开始，他便已经获胜。^^当地民众站在道路两旁欢呼，声音里尽义务的成分多于狂喜。一个白袍代表团走上前来，正式迎接元首——他们是竞技会的神圣裁判，赫拉诺狄凯。从他们镇定的神情可以看出，他们早已为这一刻做好准备。你下马跟在凯撒身后，看他准备接受欢迎。
str_neros_olympia_failure_menu_text|皇家竞技会开幕时，人们感受到的不是辉煌的盛景，而是切实的恐惧。三天里，奥林匹亚陷入了公开的羞辱与勉强压抑的惊慌。^^尼禄的表现是一场灾难。战车急转时，他被甩了出去；禁卫军冲上前救援，一名斯巴达运动员却在全场震惊的寂静中越过终点。摔跤时，一个魁梧的彼奥提亚冠军尽力不让自己赢得太明显，却仍旧带着歉意哼了一声，将凯撒的双肩压进尘土。他的里拉琴演奏只换来稀稀落落的礼貌掌声，裁判们汗流满面，勉强夸赞他的“热情投入”。^^凯撒的脸色愈发阴沉，你的职责也变成了一场手忙脚乱的危机处置。你不只要保障安全，还要压制可能的骚乱，让士兵用严厉的目光制止嘲笑，同时眼看着总督别墅变成猜疑与恐惧的巢穴。^^最后一天傍晚，你正在安排卫队换岗，波佩娅·萨比娜找到了你。她已经遣走侍女，脸上笼着冰冷而克制的怒意。玩闹的时候结束了。显然，她想与你单独谈谈。
str_nero_athens_proclamation_menu_text|竞技会结束后的第二天，尼禄将你与全体随从召到宙斯神庙的台阶前。他穿着凯旋者的紫袍，手持金色里拉琴，浑身散发着近乎耀眼的自鸣得意。^^“赫拉克勒斯凭蛮力创立了这些竞技，”他向众人宣告，声音回荡在圣林间，“而我……我以神圣的艺术使它们臻于完美！我已向希腊证明，真正的胜利不在于肌肉的紧绷，而在于灵魂的纯洁！”^^他刻意停顿片刻，随后说道：“如此胜利，怎能只在这片简陋的树林里庆祝？不！这般伟大的凯旋，需要与之相称的舞台！就在智慧与哲学的心脏……雅典！我们要在卫城的庇荫下，举办最后一场壮丽的盛宴。它将成为此次巡游最璀璨的明珠，也是在返回罗马前向缪斯献上的最后礼赞。”^^廷臣们熟练地爆发出掌声。事情就这样定了下来，旅途的最后一站已经决定。
str_nero_athens_departure_failure_text|竞技会以屈辱告终后，皇帝的随从之间弥漫着明显的紧张。奥林匹亚的别墅里，只有低声的指责与恐惧的沉默。奉波佩娅之命，营地被迅速而匆忙地撤去。前往雅典的旅途不像巡游，倒像逃亡。你带着沉默的队伍向东行进，急切地想离开主人的失利之地，摆脱他此刻如瘟疫般散发的愤怒与沉默。
str_nero_athens_arrival_success_text|凯旋的队伍抵达了希腊的明珠——雅典。在奥林匹亚的胜利使尼禄意气风发，仿佛这里正是他的天地。他自视为伯里克利的继承者，一位以神圣亲临为城市增光的艺术赞助人。^^卫城映入眼帘时，他高声说道：“看啊，{playername}！哲学家与诗人的城市！他们用大理石筑城，而我要用灵魂筑城！我们将在这里办一场盛宴，让柏拉图的会饮也显得像是农民聚会！”^^城市以迎接皇帝应有的全套仪仗接待他，尽管集市广场上的学者们掩着嘴窃窃私语。对尼禄而言，这就是盛大的终幕，是他以艺术征服希腊的终极舞台。
str_nero_athens_arrival_failure_text|进入雅典时，并没有你曾想象的盛大行列。随从们沉郁而紧张，恰好映照着凯撒无声却翻涌的怒火。他在奥林匹亚惨败的传闻早已传到城中，迎接他的执政官代表团显得十分不安。^^尼禄几乎没有回应他们的问候，只阴沉地盯着卫城。他来这里，不是为了接受哲学家的评判，而是要对自己的伟大作出最后一次不容置疑的宣示。^^他已宣布举行盛大宴席，其目的不是庆祝，而是展示皇权的壮丽，让所有人忘记他近日在竞技上的失态。这不是一次聚会，而是一场政治表演，成功与否至关重要。
str_nero_banter_sober|-- 尼禄举起酒杯。--^^敬我们！敬诗人！敬真正的征服者！亚历山大攻占城市，而我……我俘获灵魂！
str_nero_banter_drunk|-- 尼禄猛地放下酒杯，酒液洒了出来。--^^我发明了……-- 嗝 --……紫色！你知道吗？千真万确！是诸神告诉我的。
str_poppaea_response_honor|荣誉？荣誉是我们负担不起的奢侈品！你的职责是维护帝国的稳定，而这份稳定，全系于我丈夫脆弱的情绪。他的自尊，就是他的安全——也是我们的安全！
str_poppaea_response_pragmatic|骚乱？集市广场上几个砸坏的摊位？只要能换走如今我丈夫别墅里的沉默，我宁肯要一百场骚乱！你为了扑灭一场小火，竟然招来了一场地震。
str_poppaea_response_blunt|真相？真相是一件武器，{playername}，而你刚刚把它交到了我们的敌人手里。真相就是皇帝也会犯错，可罗马承受不起这样的真相。这关乎生存，不是哲学！
str_nero_dismissal_epilogue_text|第二天清晨，雅典城渐渐苏醒，皇室的一名信使找到了你。他带来尼禄一道简短而不可更改的命令。^^“元首宣布，此次希腊大巡游取得了历史性的成功。他与身边的廷臣将乘坐御船返回罗马。你的护卫任务已经结束。”^^没有正式的告别，也没有最后的觐见。这出宏大而混乱的戏剧落幕了。随着凯撒离去，你如今可以自由地在希腊处理自己的事务。
str_poppaea_romance_outcome|奥古斯塔的寝宫与宴会仿佛分属两个世界：这里奢华而寂静，空气中弥漫着浓郁的埃及香水气息。波佩娅转身望向你，动作从容而有意。她解开斯托拉长袍的别针，任丝衣滑落，在地上堆成一团。柔和灯光中显露的身体，宛若一尊活着的雕像，无瑕而傲然。^她斜倚在卧榻上，目光始终没有离开你。“你说过要膜拜，”她低声说道，柔和的嗓音却是一道命令，“开始吧。”^你走上前去，此刻已不是醉酒的士兵，而是忽然清醒，心怀敬慕的信徒。你的双手与嘴唇化作赞颂的器具，贴着她的肌肤轻声赞美她的眼睛、嘴唇与腰臀的曲线。你不是在占有情人，而是在向一件杰作献礼。^她的回应没有旁人那般狂乱的激情，而是一种深沉、低吟的满足。她像女神般接受配得上自己的供奉，将你拉近，身体以慵懒而自信的优雅起伏。这是一场从容至极的欢愉，是对她完美之美的印证。她得到的不只是快感，更是对自身信念的肯定。^事后，你们静卧着，早已忘却宴会的喧闹。她用一根手指在你的胸膛上划过，脸上满是平静的满足……^^终于，晨曦开始透过窗户，将长长的影子投在精疲力竭、沉睡着的宴客身上。盛宴，以及这场漫长的巡游，终于结束了。^^{s13}
str_npc1_intro|喂，旅行者。你该不会正巧需要一名追踪者吧？
str_npc2_intro|你好！能赏脸陪我喝一杯吗？我只剩最后五个第纳尔了，不想独自喝酒。
str_npc3_intro|你好，祝你今天愉快！
str_npc4_intro|你好，陌生人。喝一杯吗？
str_npc5_intro|你好，旅行者。愿意陪我喝一杯吗？
str_npc6_intro|我迷失了……迷失了……
str_npc7_intro|什么事？顺便说一句，离我远点。
str_npc8_intro|喂，你想干什么？
str_npc9_intro|你好，好心的{先生/女士}。劳驾再给我拿杯酒，好吗？
str_npc10_intro|你好，{兄弟/姐妹}！来，为人类的毁灭和衰亡干杯！
str_npc11_intro|你好，{小伙子/姑娘}。我请你喝一杯。
str_npc12_intro|你好，同为旅人，或许你能帮帮我。
str_npc13_intro|你好，战士。我是考底利耶。你一定听说过我。
str_npc14_intro|你好。你有什么事？
str_npc15_intro|你好！朋友，你是否正巧打算近期离开这座城？
str_npc16_intro|你好。看你的样子，我猜你不久就会遇上些战斗。你是不是正在找帮手？
str_npc1_intro_response_1|也许吧。什么事这么急？
str_npc2_intro_response_1|只剩最后五个第纳尔？你遭遇了什么？
str_npc3_intro_response_1|你好！像你这样教养良好的年轻女士，怎么会来这种地方？
str_npc4_intro_response_1|请问你是谁？
str_npc5_intro_response_1|当然。请问我有幸与谁共饮？
str_npc6_intro_response_1|朋友，为何如此忧郁？
str_npc7_intro_response_1|抱歉。我只是想说，你看起来有些潦倒。
str_npc8_intro_response_1|只是想聊聊天，如果你没有别的事的话。
str_npc9_intro_response_1|你一定把我当成酒馆老板了。
str_npc10_intro_response_1|为什么这么说？
str_npc11_intro_response_1|有什么值得庆祝的事吗？
str_npc12_intro_response_1|怎么帮？
str_npc13_intro_response_1|呃……好像没有。
str_npc14_intro_response_1|如果你不介意，我想和同为旅人的你聊聊。
str_npc15_intro_response_1|没错。请问这与你有什么关系？
str_npc16_intro_response_1|可能需要。说说你的经历吧。
str_npc1_intro_response_2|先生，退后点，别把手伸向我的钱袋。
str_npc2_intro_response_2|我还有更重要的事。
str_npc3_intro_response_2|走开吧，姑娘。我还有事要做。
str_npc4_intro_response_2|嗯？不，谢谢，我不想喝。
str_npc5_intro_response_2|我没时间。
str_npc6_intro_response_2|看得出来。那就祝你早日找回自己吧。
str_npc7_intro_response_2|好吧，那我不打扰你了。
str_npc8_intro_response_2|既然你这么不愿寒暄，那就没什么可说的了。再见。
str_npc9_intro_response_2|自己去拿！
str_npc10_intro_response_2|这是叛逆之言，我不想听。告辞。
str_npc11_intro_response_2|女士，还是算了。
str_npc12_intro_response_2|抱歉，我现在恐怕有别的事。
str_npc13_intro_response_2|没有，而且我也不怎么想认识你。
str_npc14_intro_response_2|没什么。抱歉。
str_npc15_intro_response_2|先生，请管好你自己的事。
str_npc16_intro_response_2|管好你自己的事，姑娘。
str_npc1_backstory_a|唉，{先生/女士}，说来话长……
str_npc2_backstory_a|这可是个悲惨的故事，大人。
str_npc3_backstory_a|问得好，我来告诉你！
str_npc4_backstory_a|当然。我的故土远在北方，你们罗马人称那里为斯坎迪亚。那里森林幽暗，冬日严寒。
str_npc5_backstory_a|我是萨提巴尔扎尼斯，普雷克萨斯佩斯之子，布巴勒斯之孙。如果你不是个蛮族，大概就能从我的家系知道：我是帕提亚人，出自帕尔尼部落的梅尼德家族。我来自阿萨克附近的一座村庄，那城靠近尼萨，也正是帕提亚帝国的发源地。
str_npc6_backstory_a|我犯下了最深重的罪。倘若你愿意听，我只能羞愧地向你忏悔。
str_npc7_backstory_a|运气？你这么说也行。
str_npc8_backstory_a|啊，既然你非要知道，那我就告诉你。我不是这里的人。
str_npc9_backstory_a|万分抱歉。这里烟雾缭绕、光线昏暗，有时实在认不清人。我仍不敢相信，自己竟得以这种地方为家。
str_npc10_backstory_a|说来话长，不过你若拿杯酒来，我很愿意讲给你听。
str_npc11_backstory_a|嗨，我把马车和锅具卖掉了，{小伙子/姑娘}。难得手里有钱，我打算好好享受一下。
str_npc12_backstory_a|我会告诉你，不过你要知道，这是一桩极其不公的事。我先提醒你，免得你性情急躁，听了我的冤屈后义愤填膺，反倒伤了自己。
str_npc13_backstory_a|你没听说过？那或许你听过我的骏马吧？它如一束月光般掠过平原。或是我的宝剑？它饱饮过无数匪徒强盗之血，早已深谙其中滋味。
str_npc14_backstory_a|好吧，我不介意。我叫提图斯。
str_npc15_backstory_a|我是个工程师，专精筑城之术。你若想拆掉城墙，只要时间够，我就能办到。你若想把城墙重建起来，我也能办到，不过需要更久，花费也更多。而且你不能偷工减料，除非想让新建筑在自己脚下垮掉，就像这里某个人刚刚领教过的那样。
str_npc16_backstory_a|唉，打我记事起，我就总是抵挡不住漂亮东西的诱惑。你看，这让我惹上了麻烦。
str_npc1_backstory_b|我{s19}在{s20}闹了点误会，牵涉到一匹拴在客栈外的马。它和几天前把我掀下马背后跑掉的那匹简直一模一样。我自然就解开缰绳，想仔细看看。结果那马属于一个商人，一个尖脸老混蛋。他不肯相信这只是场误会，跑去叫卫兵了。
str_npc2_backstory_b|你要知道，我曾是个发了财的罗马商人。不过前些时候，我带着一支满载货物的商队，离开了帕提亚首都泰西封。我原本希望把货运到罗马卖掉，大赚一笔。可谁能料到……一群帕提亚掠夺者伏击了我们，抢走了大部分马匹和货物。两天后，连我自己的商队护卫都卷走剩下的财物逃跑了。
str_npc3_backstory_b|我父亲是{s19}在{s20}颇有名望的商人，他决定把我嫁给一位生意伙伴，那人早就过了三十岁。我一向是个听话的女儿，可这门亲事实在荒唐又可怕，所以我逃出来了！
str_npc4_backstory_b|我出身于众多氏族中的一个。和族里的男人一样，我来到异乡，想靠劫掠和战争闯出名声，然后回乡接管自己的土地。可惜罗马官府根本不懂战士的准则，竟把我叫作强盗，还悬赏我的人头。那群混蛋。
str_npc5_backstory_b|从人们记事起，我们族人就与瓦尔达尼德家族结下了世仇，他们许多人住在邻近的山谷里。双方为此死了不少人，包括我的两个兄弟。沙阿亲自命令我们停手，好留下人力对抗罗马。可我知道自己的权利，兄弟的鲜血也在呼唤复仇。我在去尼萨的路上伏杀了一个瓦尔达尼德家族的人，当晚便骑马离村，连向父亲告别都来不及。我会在罗马帝国暂避一两年，等沙阿的人忘了此事再回去。当然，瓦尔达尼德家族不会忘，但这就是荣誉的代价。
str_npc6_backstory_b|我曾是一支佣兵团的队长，在{s20}效力，我的兄弟也和我在一起。但我们爱上了同一个女人，一个……呃，“快活寡妇”——一个玩弄我们嫉妒之心的妖妇！我和兄弟争吵起来。当时我喝多了，他用手套打了我，我就用长矛刺穿了他……我亲生的兄弟！我的手臂沾满了至亲的鲜血！
str_npc7_backstory_b|我倒霉，生来就有个软弱的父亲，把我嫁给了一个酗酒懒汉，还总打我。我倒霉，逃离丈夫后又落进一伙匪徒手里。我倒霉，那伙人中唯一善待我、教我狩猎和战斗的人，却引来了其他人的嫉妒。他们用刀杀了他，逼得我再次逃亡。
str_npc8_backstory_b|我来自北方一个古老的家族，你们称那里为大日耳曼尼亚。我父亲是国王的亲随，我丈夫也是。他出征时由我管理家务。可我还没有孩子，他就战死了。丈夫曾立下遗嘱，若没有子嗣，就由我继承他的土地。可他的兄弟，愿他的名字受诅咒，说我们的习俗不许女人继承土地。这简直是胡说，可他用金钱收买了足够多背信弃义的家仆，霸占了我的厅堂。于是我逃走了。我从小受教绝不逃跑，也希望今后永远不必再逃。
str_npc9_backstory_b|我是父亲的长子，也是继承人。但母亲去世后，父亲再婚了。他的新妻子认为该由她儿子继承。她不敢公开对付我，可前些天，我把留给我的一罐板油喂给了一条猎犬，它当即倒毙。我指控继母，可父亲被她的巫术迷住了，不肯相信，还命令我滚出他的视线。
str_npc10_backstory_b|我曾是一支佣兵团的队长，我们自称“战争兄弟”，替{s20}这里的商人办事。二十年来，我为这座城作战，在无数苦战中挨过许多重击。我们打击匪徒强盗，保护道路安全，也追捕逃奴。可有一天，我的一个手下说我太老，不配再当首领。他向我挑战，打败了我。
str_npc11_backstory_b|三十年来，我跟着军队走，卖给他们吃的喝的，看他们掷骰子，替他们找姑娘。到头来，我钱袋里连一个第纳尔都没剩下。
str_npc12_backstory_b|我受过自然哲学的训练，却因那些愚蠢医生的嫉妒，不得不靠四处行医谋生。这城里一位贵族雇我救治他的儿子，那孩子从阳台摔下后昏迷不醒。我成功打开他的颅骨，减轻了颅内肿胀。但家人不听我的建议，不肯用柳树皮药剂治疗随后的发热，孩子便死了。父亲非但不酬谢我的辛劳，反而指控我施行妖术巫法——我可是一位研究自然的哲人！人类就是如此无知，如此忘恩负义。
str_npc13_backstory_b|我的本行是战士。不过你也许听说过我的诗才，能让最冷若冰霜的少女为之倾倒。或是我在床笫之间的本领，在这方面我得承认自己略有心得。我也承认，对罗马帝国有些好感。过去几年，我遍访这里的城镇、要塞和村庄，尽情发挥我的才能。
str_npc14_backstory_b|我是克拉库斯·卢库卢斯的次子，你一定听过他的名字。我没有属于自己的遗产，便来这里谋求前程，教人作战。可惜{s20}的总督不喜欢我的严厉训练手段，而这些手段正是将乌合之众变成士兵所必需的。我告诉他，现在鞭打他们，总比将来埋葬他们明智。但他不肯听，叫我另寻雇主。
str_npc15_backstory_b|{s19}在{s20}的城防队长想在城墙上加建一座塔楼。问题是工程才进行一半，支撑结构还没完工，他的钱就花光了。我告诉他塔会倒，结果果然倒了。不幸的是，那时他正站在上面。新任队长不想偿还前任的债，还暗示如果我坚持讨债，可能就会被控谋杀。
str_npc16_backstory_b|我在埃博拉库姆长大，是个奴仆，和母亲一起在领主的厨房干活。我常在储藏室和洗碗间捉老鼠取乐。我捉得太好了，连猫都没了用武之地。后来城防指挥官发现，我也能追踪更大的猎物，替他办些或许不说为妙的差事。不必多说，我也找到了不少机会，把领主敌人的小玩意据为己有。就这样，我赎回了自由，开始独立受雇办事。我上一份差事是{s19}在{s20}。
str_npc1_backstory_c|不过，如果我加入一支大些的队伍，有人替我担保，他们或许就不追究了。我会非常感激你。
str_npc2_backstory_c|所以我就困在这里，没钱，也回不了家。
str_npc3_backstory_c|我要嫁给谁、什么时候嫁，都得由我自己决定。而且不管父亲怎么想，我完全有能力照顾自己。我正琢磨着，也许该加入一群吉卜赛人，或者一支佣兵团！
str_npc4_backstory_c|不过我不想再惹麻烦，所以如果你知道哪支战团愿意收我，我会非常感激。
str_npc5_backstory_c|在此期间，只要有机会靠这张弓谋生，我都很乐意。
str_npc6_backstory_c|你觉得像我这样的人还有希望吗？我还能走上正道，还是注定要追随心中的恶魔？
str_npc7_backstory_c|但我不觉得自己倒霉，陌生人。我并不比这世上任何其他女人更倒霉。这世界就是个臭气熏天的穷乡僻壤、一堆粪土、冥界深渊，尽是白痴和混蛋。
str_npc8_backstory_c|等我攒够钱组建军队，就会回去夺回属于我的一切。我要拿他献祭诸神！
str_npc9_backstory_c|我原本希望加入罗马军队当军官。对我这等出身的人来说，除了拥有土地，这是唯一体面的职业。可我那权势显赫的父亲贿赂了官员，毁了我的打算。如今我只能与盗贼、流浪汉、商人和路上其他下等人混住。
str_npc10_backstory_c|如今我就在这里喝醉，等卡戎把我渡到冥界去。
str_npc11_backstory_c|给军队供货根本不是人过的日子。士兵花钱时，你东赚一点、西赚一点，可只要打一次败仗，一切就得重来，还得借债买新车新牛。所以我决定不干了，可除了军旅生活，我什么也不懂。
str_npc12_backstory_c|这里的总督不太愿意逮捕我，但我还是急着去别处。
str_npc13_backstory_c|说到这里，我想起来了——城里某处还有个怒气冲冲的丈夫。你能不能考虑帮我离开这座城？
str_npc14_backstory_c|所以，如果你认识哪位指挥官，认为自己的职责是打胜仗，而不是娇惯士兵，我很乐意请你引荐。
str_npc15_backstory_c|我想，没有先收预付款就接下工程，确实是我太蠢了。总之，我现在处境很难，路上到处是匪徒，我又没钱雇护卫。所以如果哪支装备精良的队伍几天内要出城，肯带我一程，我会十分感激。
str_npc16_backstory_c|可惜，我上一位雇主的妻子有枚漂亮的护身符，恰好是我无法抗拒的那种。她还没发现东西不见了，不过可能很快就会发现。所以告诉我，你在找帮手吗？
str_npc1_backstory_later|我一直在附近东奔西走，尽量不惹麻烦。不过我急需一份工作。
str_npc2_backstory_later|我卖掉了靴子，靠着在城镇之间贩卖小商品赚了几个第纳尔，但日子实在艰难。
str_npc3_backstory_later|我给路过的商队当厨娘，至少能填饱肚子。但路上同伴粗野，总有护卫和其他人想轻薄我，我已经厌倦了不停赶开他们。我想，如果能当个战士，男人们就会懂得别来招惹我。
str_npc4_backstory_later|我回故乡查看过自己的土地。可那儿冬天严寒，雨水也不好，还有别的灾祸，所以我又回来找活干了。
str_npc5_backstory_later|我一直在这片饱受战争蹂躏的土地上游荡，寻找值得追随的首领。
str_npc6_backstory_later|我一直四处漂泊，却还没找到救赎。
str_npc7_backstory_later|我四处流浪，想找份追踪的活，却并不容易。人类大多粗鄙、满身虱子又无知，跟这些人共事可不容易。
str_npc8_backstory_later|我还在寻找一位军阀，愿意为他站进盾墙作战。但我急需金钱，而这片土地上的领主往往宁可躲在堡垒里，也不愿出征去赢取荣耀和财富。
str_npc9_backstory_later|我也考虑过加入佣兵团。但他们多半受雇护送商队，或追捕逃奴和逃亡角斗士。我觉得这些活不配我的出身。
str_npc10_backstory_later|不知道我有没有告诉过你，我最近打了一个年轻贵族，我欠他一大笔钱。他说如果我不还钱，就把我钉上十字架……从那以后我一直躲着。好在离开前我机灵地偷走了他的钱袋，不过钱也快花光了。
str_npc11_backstory_later|我四处打听，想在佣兵团里找活干。但很少有队长肯让像我这样的老骨头当战士，哪怕我能打赢他手下一半的小伙子。
str_npc12_backstory_later|我一直四处行医，能拿多少报酬就拿多少。可这里的人愚昧无知，也不尊重我的医术。我赚到的几个第纳尔，勉强够补充药材。如果能找到别的工作，我会很感激。
str_npc13_backstory_later|我游历世界各地的城市，身后留下无数相思成疾的女人和戴了绿帽的丈夫。但这种简单的挑战已经让我厌倦，我正想转向更尚武的消遣。
str_npc14_backstory_later|我辗转各地寻找职业，但至今没遇到合我心意的将军。
str_npc15_backstory_later|我逐城打听，看看有没有城墙或塔楼需要修缮。但不是领主不在，就是他另有心事。要不就是我在街上碰见向人讨零钱的债主，便知道这活接不得。所以你若听到什么消息，请告诉我。
str_npc16_backstory_later|我时不时接点零活。但没有什么比稳定的工作和源源不断可供搜刮的尸体更好了。
str_npc1_backstory_response_1|也许吧。但我怎么知道，我的马不会也闹出一场“误会”？
str_npc2_backstory_response_1|那么，也许我可以给你份工作。你能打仗吗？
str_npc3_backstory_response_1|巧得很，我现在正在寻找战士。
str_npc4_backstory_response_1|我就带着这样一支战团，也许能再雇个帮手。
str_npc5_backstory_response_1|这股劲头很好！我或许能给你点活干。
str_npc6_backstory_response_1|你可以加入我们。匡扶正义，对抗暴虐之徒，救赎自己，诸如此类。
str_npc7_backstory_response_1|嗯……你是不是正在找工作？
str_npc8_backstory_response_1|我可以让你靠真刀真枪的战斗和劫掠赚钱。
str_npc9_backstory_response_1|也许你愿意在我的队伍里待一阵子。
str_npc10_backstory_response_1|如果你在找活干，我需要经验丰富的战士。
str_npc11_backstory_response_1|你现在打算怎么办？
str_npc12_backstory_response_1|你可以和我们同行，但你必须能在我们的战线上作战。
str_npc13_backstory_response_1|我的队伍也许还需要一把剑。
str_npc14_backstory_response_1|我的队伍也许用得上你。
str_npc15_backstory_response_1|你需要去哪里？
str_npc16_backstory_response_1|也许吧。你会做什么？
str_npc1_backstory_response_2|我不会这么做。我还有更重要的事，没空帮小偷逃避惩罚。
str_npc2_backstory_response_2|真不走运，朋友。告辞。
str_npc3_backstory_response_2|回家去吧，姑娘。父亲的话必须听。
str_npc4_backstory_response_2|抱歉，我没听说过。
str_npc5_backstory_response_2|唉……只要你们这些山地氏族还在互相仇杀，就永远是一群愚蠢软弱的人。
str_npc6_backstory_response_2|滚开，你这该受诅咒的弑亲者！
str_npc7_backstory_response_2|其实我还挺喜欢这里。告辞。
str_npc8_backstory_response_2|一个想夺回“土地”的日耳曼女人。回家看你的炉灶去吧。
str_npc9_backstory_response_2|我最好的朋友里就有几个下等人。先生，告辞。
str_npc10_backstory_response_2|你无疑只是个杀人凶手。告辞。
str_npc11_backstory_response_2|很有意思，但我还有事。
str_npc12_backstory_response_2|抱歉，我不能再招人了。
str_npc13_backstory_response_2|抱歉，我帮不了你。
str_npc14_backstory_response_2|如果听到消息，我会告诉你。告辞。
str_npc15_backstory_response_2|抱歉，我现在的人手已经够多了。
str_npc16_backstory_response_2|抱歉，姑娘。听起来你可能会惹麻烦。
str_npc1_signup|大人，你竟然这么想，真让我伤心。我会欠你一个大人情，你也会看到我的报答。
str_npc2_signup|嗯，我得承认，我并不是职业战士。
str_npc3_signup|是吗？好吧，我也没资格挑三拣四！我很乐意加入。
str_npc4_signup|好！我期待着击败你的敌人。
str_npc5_signup|啊，这个提议真慷慨。
str_npc6_signup|好！你一定是诸神派来的！带领我吧——带我走出黑暗！
str_npc7_signup|也许吧。我确实需要钱。
str_npc8_signup|是吗？我接受你的提议。
str_npc9_signup|佣兵团？我说过，我觉得那不是我想要的。
str_npc10_signup|是吗？那可比被钉上十字架强多了。
str_npc11_signup|嗨，我自己当兵去！让这双老手捞点战利品，好安享晚年。我生过两个儿子，父亲都是士兵，他们自己后来也当了兵。一个被帕提亚人的斧头劈开脑袋，另一个死于天花，但至少他们不是饿死的。
str_npc12_signup|我说过，我是个外科医生，不是那种穿着丝袍、从没碰过人体的医师。我不怕弄脏双手。
str_npc13_signup|真的？招募我准没错。
str_npc14_signup|我很乐意与你同行，至少待上一阵子，只要给我薪饷和一份战利品。
str_npc15_signup|最后是要回罗马附近的一个村庄，但我想先赚几个第纳尔，免得空手回家。所以如果你保证给我饭吃，再分一份战利品，我很乐意为你战斗一阵子。
str_npc16_signup|朋友，让我告诉你。我或许不识字，可我知道抵达人心最快的路就在第四根和第五根肋骨之间，你懂我的意思吧。
str_npc1_signup_2|这些年来我骑马走过不少险路，往往还赶得很急。我善于追踪，也很会辨认地形。你觉得怎么样？
str_npc2_signup_2|我学得很快。我会骑马，也懂些买卖、行情之类的事。
str_npc3_signup_2|你会发现，有我加入，你的队伍将受益匪浅。我熟读文学经典，能朗诵我们民族的几部史诗。我会弹鲁特琴，也很擅长管理家仆。
str_npc4_signup_2|不过，身为有自己领地的领主，我希望担任指挥职务，而不是被当作普通战士。
str_npc5_signup_2|我不会背叛你——当然，前提是你也尽到对我的责任，给我吃的，付我薪饷，别把我这条贱命拖进毫无胜算的战斗。
str_npc6_signup_2|我精通战阵之术——但我求你，指挥官，我想用这些本领保护无辜、纯洁和无力自卫的人，而不是做个普通强盗，制造比过去更多的苦难。
str_npc7_signup_2|但请告诉你的手下，我容不下粗鄙蛮横之徒。谁敢在我身边放肆，很快就会喉咙中箭。
str_npc8_signup_2|我很乐意在你的盾墙中作战。但警告你，要是叫我拾柴或做饭，后果不会让你满意。
str_npc9_signup_2|可我急需钱，或许也别无选择——所以我愿意加入你的队伍。我也知道你的出身比我低，但听命于一位经验丰富的队长，并不算丢脸。当然，前提是你的手下别对我太过随便。我想这不会是问题吧？
str_npc10_signup_2|你不会后悔招募我，{兄弟/姐妹}。我射箭百发百中——弓真是好兵器。你得知道，我来自克里特，自然懂得用弓。恕我直言，我训练过的新兵，比你吃过的热饭还多。我可不会巴结贵族。
str_npc11_signup_2|我懂得挥刀、止血，还能让行军中的部队吃饱。哪个队长错过了雇我这种老行伍的机会，才真是傻子！我说，{小伙子/姑娘}，你自己不就带着一支佣兵团吗？
str_npc12_signup_2|人手所能造成的各种伤口，我都医治过。不过我既能治伤，也能伤人，因为我不会任人欺负。
str_npc13_signup_2|剑、长矛、弓——我的各项武艺都值得写进史诗。我们将一起创造壮举，让后世的人们在节庆与篝火旁、肮脏酒馆里和王者厅堂中，传颂许多代。
str_npc14_signup_2|我是个剑术高手，也能教你的士兵战斗。但我要警告你，我不愿为对{他/她}的部下疏于管教的首领效力。长远看来，士兵不会尊重软弱的手腕。
str_npc15_signup_2|攻城是我的专长，不过必要时，我在野战中也能应付。我参加过许多战争，也在罗马军中服役多年。
str_npc16_signup_2|除了用刀刺人，我还会投掷飞刀，而且像水银一样滑溜。我敢保证，打起来时你会发现我很有用。
str_npc1_signup_response_1|好。你能帮上我们的忙。
str_npc2_signup_response_1|那就够了。
str_npc3_signup_response_1|嗯，这是个开始。其他的我们可以教你。
str_npc4_signup_response_1|很好。我很高兴有你同行！
str_npc5_signup_response_1|当然，我们会相处愉快的。
str_npc6_signup_response_1|很高兴能帮上忙！收拾好东西，我们准备出发。
str_npc7_signup_response_1|我雇你。第一天尽量别射中谁。
str_npc8_signup_response_1|放心。你是国王亲随的遗孀，也是亲随之女，会得到相应的待遇。
str_npc9_signup_response_1|应该没问题。我会跟他们谈谈。
str_npc10_signup_response_1|好汉。我们会给你应得的尊重。
str_npc11_signup_response_1|听起来你很有用。你被雇用了。
str_npc12_signup_response_1|那么欢迎加入，医生。
str_npc13_signup_response_1|好。准备一下，我们就出发。
str_npc14_signup_response_1|很好。我很乐意雇用像你这样的人。
str_npc15_signup_response_1|我觉得可以。我很乐意雇你。
str_npc16_signup_response_1|听起来你能胜任。我雇你了。
str_npc1_signup_response_2|我宁可不冒这个险。先生，告辞。
str_npc2_signup_response_2|恐怕我只招有经验的人。告辞。
str_npc3_signup_response_2|其实我们需要的是另外一些本领。
str_npc4_signup_response_2|其实我们没有雇用蛮族的习惯。就此别过。
str_npc5_signup_response_2|其实仔细想想，我更愿意与文明些的人同行。
str_npc6_signup_response_2|再想想，或许佣兵团不是你眼下需要的。
str_npc7_signup_response_2|其实仔细想想，你似乎会惹麻烦。就此别过。
str_npc8_signup_response_2|啊，如果你不肯服从我的一切命令，最好还是到别处谋生。
str_npc9_signup_response_2|你想错了，大人。在我的队伍里，勇气和本领比高贵出身更值得尊重。
str_npc10_signup_response_2|仔细想想，我们的队伍很重视纪律。告辞。
str_npc11_signup_response_2|抱歉，不行。我们的人手已经够多了。
str_npc12_signup_response_2|战场和酒馆斗殴可不是一回事。也许你该去别处找活。
str_npc13_signup_response_2|其实仔细想想，把一个过于渴望荣耀的战士留在队里很危险。
str_npc14_signup_response_2|其实我并不想惹出兵变。就此别过。
str_npc15_signup_response_2|其实我需要的是别方面的专才。抱歉。
str_npc16_signup_response_2|说实话，我更愿意找个没那么想偷东西的人。
str_npc1_payment|大人，我一定会很有用，你尽管放心。不过出发前还有件事，能借我{reg3}第纳尔吗？说来惭愧，过去几周我住在这家酒馆，欠下了一点债。店主们已经不相信我从前那套满身黄金的说辞了。要是他们看到我没结账就跟你走，恐怕会闹得很难看。
str_npc4_payment|太好了。出发前，能劳驾借我{reg3}第纳尔吗？我在{s20}欠了些债，想走之前还清。
str_npc5_payment|谢谢。现在，为了敲定协议，请先付我{reg3}第纳尔。这是父亲给我的忠告。他对我说：“萨提巴尔扎尼斯，在蛮族先付给你应得的金钱之前，绝不要为{他/她}打仗。”
str_npc7_payment|那好，我跟你走。不过我先要{reg3}第纳尔。你不会指望我白干吧？
str_npc8_payment|那我就替你对付敌人。不过先给我{reg3}第纳尔的赏金。如果你是个称职的队长，能带领{他/她}的队伍赢得财富和战利品，付这点钱应该不难。我可跟不起乞丐。
str_npc9_payment|你真慷慨。加入之前，能借我{reg3}第纳尔吗？我得买些像样的衣服，才配得上我这种出身高贵的骑士。近来时运不济，衣服都磨破了，我不能让普通士兵把我当作他们的同类。
str_npc10_payment|这是好消息。不过队长，我还要最后求你一件事。我在{s20}有个女人，是个酒馆女侍，她说肚子里怀了我的孩子。我想走之前留点钱给她……给孩子，你懂的。你能拿出{reg3}第纳尔吗？
str_npc11_payment|谢谢你，队长。不过加入之前，我想先拿到{reg3}第纳尔。我知道出征时，士兵常常几周见不到薪饷。我还算明白，不会毫无保障就答应受雇。
str_npc13_payment|加入之前，还有点我住在这里欠下的费用——{reg3}第纳尔。你能帮我付清，表示一下友谊吗？
str_npc14_payment|啊，最后一件事。我加入你麾下之前，要先拿到{reg3}第纳尔的赏金。我的原则是，不先得到应有的报酬，就不为人效力。
str_npc15_payment|好。顺便说一句，身为熟练的工程师，我的服务应该有报酬。我想{reg3}第纳尔的入队酬金很公平。
str_npc16_payment|这可真是好消息，队长。那么，先付我一点钱，算是敲定协议，如何？只要{reg3}就够。别误会，只是我过去遇到的雇主不太可靠。
str_npc1_payment_response|好吧，这是{reg3}第纳尔。现在去和其他人会合。
str_npc4_payment_response|当然。这是{reg3}第纳尔。
str_npc5_payment_response|嗯……那就给你{reg3}第纳尔，作为第一笔报酬。
str_npc7_payment_response|当然不会。这是{reg3}第纳尔。
str_npc8_payment_response|哦，我可不是穷光蛋！给你{reg3}第纳尔。
str_npc9_payment_response|好吧，这是{reg3}第纳尔。
str_npc10_payment_response|当然。给你，{reg3}第纳尔。
str_npc11_payment_response|好吧，这是{reg3}第纳尔。准备一下，我们很快出发。
str_npc13_payment_response|当然，这是{reg3}第纳尔。准备好，马上出发。
str_npc14_payment_response|好，这是{reg3}第纳尔。热烈欢迎你加入。
str_npc15_payment_response|好，这是{reg3}第纳尔。很高兴有你同行。
str_npc16_payment_response|那么，给你{reg3}第纳尔。准备一下吧。
str_npc1_morality_speech|喂——大人，别误会我的意思，可日子已经够难了，我们还{s21}，未免太过分。如果你不介意，队长，以后请多留神。
str_npc2_morality_speech|希望你别介意我直说，可看到我们{s21}，我心里实在难受。也许我该学着当个铁石心肠的士兵，但如果偶尔能仁慈一点，我会睡得更安稳。
str_npc3_morality_speech|{大人/夫人}，也许我不该多嘴，但我得承认，我们竟然{s21}，让我颇为震惊。我当然知道战争残酷，但没必要让它变得更加残酷。
str_npc4_morality_speech|首领——你得知道，我们族人不愿意{s21}。如果你继续这样做，我会很不高兴。
str_npc5_morality_speech|恕我直言，队长。{s21}可不好。你的首要责任，是对那些为你拼命的人负责。他们至少该有饭吃、有薪饷、有战利品可拿，而且你不该无谓地浪费他们的性命。
str_npc6_morality_speech|抱歉，指挥官。你知道，我加入你是为了匡扶正义，保护无辜，弥补我的罪过。我没想到会{s21}。
str_npc7_morality_speech|队长，我不愿看到我们{s21}。这只是个不顾手下死活的普通匪首才会干的事。
str_npc8_morality_speech|你决定{s21}，让我很不高兴。战死是荣耀，但在懦夫率领的战团中作战，是耻辱。
str_npc9_morality_speech|{大人/夫人}，我不会去{s21}。我们家族的人宁死也不受辱。请别让我为在你麾下效力而羞愧。
str_npc10_morality_speech|恕我直言，队长。看见我们{s21}，我实在高兴不起来。他们只是些想糊口的普通人。队长，如果能对这些可怜人宽容一点，我会好受得多。
str_npc11_morality_speech|抱歉，队长。我们{s21}可不好。我跟着军队走了三十年，士兵对首领最起码的期望，就是让他们吃饱，付清薪饷，并尽{他/她}的全力，尽{他/她}所能保住他们的小命。
str_npc12_morality_speech|队长，我不愿看到我们{s21}。我愿意当士兵，却不愿当强盗。请让我们多一点同情心。
str_npc13_morality_speech|队长，如果能避免，我宁可不{s21}。世界很小，名声珍贵。我可不想让哪个对头把最近这件倒霉事编进讽刺诗里。
str_npc14_morality_speech|我不愿意{s21}。一个背着懦夫恶名的人，无法让手下真正敬畏。
str_npc15_morality_speech|指挥官——我只是想让你知道我的看法：有头脑的将军不会让自己的步兵队{s21}。希望你别介意我说得直白。
str_npc16_morality_speech|队长，我不喜欢{s21}。还有那么多喉咙没割，那么多钱袋没搜过……
str_npc1_2ary_morality_speech|大人——说一声，我们{s21}，我没意见。活下来改日再战，我觉得很明智。
str_npc2_2ary_morality_speech|{大人/夫人}，我们{s21}，我不太高兴。我是个商人，做生意讲究言而有信。我不想落个不诚实的名声，那会毁掉我的商人生涯。
str_npc3_2ary_morality_speech|{大人/夫人}，我认为你决定{s21}，很有勇气。想办法避免流血，并不可耻。
str_npc4_2ary_morality_speech|首领——不管别人怎么说，你{s21}，我并不在意。身逢乱世，为了活下去，任何计谋都可以用。
str_npc6_2ary_morality_speech|指挥官——你可以选择{s21}，但我宁愿不参与。这不是我寻求救赎的道路。
str_npc9_2ary_morality_speech|指挥官，你竟然{s21}，让我很失望。像你这样的{男子/女子}，理应时刻恪守最高的荣誉准则。
str_npc10_2ary_morality_speech|{兄弟/姐妹}，看见我们{s21}，我可高兴不起来。善待你的士兵，他们会加倍回报你。
str_npc14_2ary_morality_speech|队长——你{s21}，不必为此烦心。军队就是要服从首领的命令，吃苦也是士兵生活的一部分。
str_npc15_2ary_morality_speech|朋友{playername}，看到你就这么{s21}，实在让人难以安心。依我看，你既然能对他们食言，也能对我食言。
str_npc16_2ary_morality_speech|队长——告诉你一声，我们{s21}，我没有意见。为了活命，该做什么就做什么。如果他们处在我们的位置，也会这样对我们。
str_npc1_personalityclash_speech|大人，恕我直言，我有点受够{s11}了。她总是摆出高人一等的架子。
str_npc2_personalityclash_speech|{大人/夫人}，你应该记得，加入你之前我是个商人。我尊重那些和平谋生、冒着一切风险从远方运来货物的人。
str_npc3_personalityclash_speech|队长——依我看，{s11}是个冷酷残忍的人。他整天只会谈论该怎么鞭打、殴打和绞死自己的士兵。
str_npc4_personalityclash_speech|首领。我的氏族是斯坎迪亚最古老、最受尊敬的家族之一，连大日耳曼尼亚都知道我们的名声。然而{s11}却公然侮辱我，玷污我氏族和家族的名誉。
str_npc5_personalityclash_speech|占用你一点时间，队长。{s11}似乎把我当成普通匪徒，只因我过去从穿过家族领地的商队那里，拿过一些正当的战利品来犒劳自己。
str_npc6_personalityclash_speech|恕我直言，指挥官，我实在不能再沉默了。那个娼妇{s11}，每次见我，都伸出两根手指指着我——那是驱邪的手势。
str_npc7_personalityclash_speech|队长，我已经尽力忍受你手下的粗言秽语和肮脏习惯。但那个自称{s11}的人，实在让我忍无可忍。
str_npc8_personalityclash_speech|我得告诉你，我受不了那个无礼的江湖骗子{s11}。几分钟前，我跟同伴们说，这一带的农民比别处更目光呆滞、眉骨突出，猜想他们也许和驴杂交过。
str_npc9_personalityclash_speech|大人——{s11}是个卑鄙的吹牛者，根本不尊重女人的名节。我已经听腻了他如何征服这个或那个姑娘。
str_npc10_personalityclash_speech|抱歉，队长。我不愿拿这种事烦你，但还是想告诉你，我受不了那个阿巴杜提克尔，就是自称来自斯坎迪亚的领主的家伙。
str_npc11_personalityclash_speech|恕我直言，队长，可我不能不说。那个人，{s11}——他杀了自己的亲兄弟。
str_npc12_personalityclash_speech|队长。那个蛮族女人{s11}说自己头疼，这可能是血液过盛的症状。我打算给她用水蛭。
str_npc13_personalityclash_speech|队长，我已经听腻{s11}了，他满口都是骑士风范和战功。
str_npc14_personalityclash_speech|抱歉，队长。几分钟前，我说要维持军纪，就必须多用鞭子，偶尔也得用绞架。对指挥官没有足够畏惧的士兵，更容易临阵脱逃。
str_npc15_personalityclash_speech|抱歉。希望你别介意我直说，我认为那个姑娘{s11}会危及队伍。她是个野丫头，既不敬畏权威，也不懂兵法的基本原则。
str_npc16_personalityclash_speech|喂，队长，告诉你一声——{s11}有些古怪。他在地上画些奇怪的涂鸦，还自言自语。
str_npc1_personalityclash_speech_b|她和我一样，只是个普通匪徒，没资格像刚才那样叫我离她远点。
str_npc2_personalityclash_speech_b|我不喜欢听{s11}得意洋洋地谈论自己劫过、或者打算劫掠的商队。他似乎根本不尊重正当买卖。
str_npc3_personalityclash_speech_b|我知道军队不是育儿房，严格的纪律很重要。但我确实觉得，那人就是为了残忍而残忍。希望你别介意我这么说。
str_npc4_personalityclash_speech_b|首领，如果连平民都能嘲笑身份高于自己的人，那真是世风日下。我就说这些。
str_npc5_personalityclash_speech_b|我告诉他，如果战士的生活让他如此不满，不如去当祭司或乞丐，就不必操这些心了。希望你别介意我这么说。
str_npc6_personalityclash_speech_b|我知道自己犯下的罪令人发指，但我正在寻求忏悔，不该沦为某个巫婆迷信的靶子。我只是觉得该让你知道。
str_npc7_personalityclash_speech_b|我不喜欢他吃完饭坐在篝火旁，一边剔牙一边盯着我。我想起了从前做匪徒时似乎见过他。他卑鄙又无知。我不愿与这种人为伍。
str_npc8_personalityclash_speech_b|那个无礼至极的{s11}听见了，竟骂我无知、野蛮，还说了些我不想重复的话。要不是尊重你，我当场就割了他的喉咙。我觉得应该提醒你。
str_npc9_personalityclash_speech_b|如果他再这样，我会告诉他，他就是个卑鄙的无赖。如果因此打起来，我也不会道歉。指挥官，我说完了。
str_npc10_personalityclash_speech_b|依我看，他不过是个普通强盗。强盗不该自称出身高贵。总之，刚才我可能说了几句尖刻的话，他似乎生气了。我只是觉得你该知道。
str_npc11_personalityclash_speech_b|他弑杀至亲，受到诸神诅咒，肯定会给我们带来灾祸和悲伤。我不想待在他身边，也不觉得该让他留在队伍里。就这些，抱歉打扰你。
str_npc12_personalityclash_speech_b|可我想把水蛭贴上去时，她却退缩着打了我，还指控我施巫术。队长，我真的厌倦了给这些忘恩负义又无知的人治病。
str_npc13_personalityclash_speech_b|英勇壮举当然很好，但人生值得追求的目标不止这些。就我而言，一个人若从没醉倒在沟里醒来，也没被情人的拖鞋打过，我绝不信任他。
str_npc14_personalityclash_speech_b|那个丫头{s11}竟然为此训斥我。我不能容忍有人当着士兵的面质疑我的方法，也不会为容忍这种违抗行为的指挥官效力。谢谢你让我把话说完。
str_npc15_personalityclash_speech_b|而且我怀疑她是个小偷。我发现她在翻我的行李，乱动我的图纸，我一提出抗议，她就拔刀相向。明智的百夫长绝不会把她留在步兵队里。
str_npc16_personalityclash_speech_b|我担心是巫术，便问他。他却说像我这种小丫头该管好自己的事。于是我翻了他的行李，发现一些奇怪的图纸和图案。队长，我觉得他是个巫师。要是让我发现他想对我下咒，我就把刀插进他的喉咙。
str_npc1_personalityclash2_speech|喂，大人，我不觉得自己是个多愁善感的人，但刚才{s11}到处割断敌方伤兵的喉咙，我实在不喜欢。
str_npc2_personalityclash2_speech|{大人/夫人}，如果可以，我不想被安排在{s11}附近作战，尤其是上次战斗中他对我说了那些话之后。
str_npc3_personalityclash2_speech|{大人/夫人}，加入你的队伍以来，我一直努力学习如何像士兵一样生活，如何遵守战士的准则。如果我偶尔犯错，希望能得到原谅。
str_npc4_personalityclash2_speech|首领。分战利品时，我与{s11}说了几句话。请告诉她，跟我说话时，该叫我“领主”，或者“阿巴杜提克尔领主”，绝不能只叫“阿巴杜提克尔”。
str_npc5_personalityclash2_speech|队长，{s11}的舌头该割掉。
str_npc6_personalityclash2_speech|指挥官。上次战斗中，你看见{s11}了吗？敌人受伤倒地、无力反抗，他却奚落他们，嘲笑他们的出身，讥讽他们竟蠢到与我们为敌。
str_npc7_personalityclash2_speech|队长，我一直在想，我究竟在哪里见过那个自称领主的{s11}。上次战斗中看着他出手，我突然想起来了。他是个好战士，但也凶残得很。
str_npc8_personalityclash2_speech|队长，{s11}真是个无礼的姑娘。我尽量礼貌待她，甚至主动示好，可她却拒人于千里之外。
str_npc9_personalityclash2_speech|{大人/夫人}，希望你别介意我直说，依我看，商人{s11}不懂自己的身份。上次战斗时，他竟抢到我前面，去对付那个我已经选中的敌人。
str_npc10_personalityclash2_speech|{兄弟/姐妹}，问你一句。这支队伍究竟是你说了算，还是{s11}说了算？
str_npc11_personalityclash2_speech|队长，我不怎么喜欢那个{s11}。上次打完仗，他一边在死者身上搜刮战利品，一边四处念叨着什么咒语。
str_npc12_personalityclash2_speech|队长，我再也受不了{s11}那不可救药的无知了。上次战斗中，我给伤员做手术时用鸦片酊止痛，用蜂蜜敷料治伤，他却在旁边贬低这些疗法。
str_npc13_personalityclash2_speech|你好，队长！{s11}脾气可真大，是不是？上次战斗中，我不过是在交锋时跟敌人亲切地聊了聊他们的母亲，他就大发雷霆！
str_npc14_personalityclash2_speech|大人，{s11}毫无纪律，简直无可救药。交战时，我叫他和其他人一起保持阵形，他却回我一句“滚一边去”。
str_npc15_personalityclash2_speech|指挥官——我必须告诉你，我怀疑{s11}的医术资格。上次战斗后他照料伤员时，我提醒他，无与伦比的希波克拉底常主张服用甜菜根蒸馏液，以恢复失血造成的体液失衡。
str_npc16_personalityclash2_speech|恕我直言，队长。{s11}或许是个好小偷，但依我看，他没胆量当战士。
str_npc1_personalityclash2_speech_b|她做这事时还欢快地吹着口哨——真让我脊背发凉。
str_npc2_personalityclash2_speech_b|敌人正朝我们冲来，他却说：“让开，商人，这是士兵的活。”下次我真会让开，任由长矛刺穿他的肚子。
str_npc3_personalityclash2_speech_b|上次胜利后，我在死者中搜找，拿了一个敌人的钱袋。刚拿到手，{s11}就从背后过来，把它打落，说那人是她杀的，战利品就该归她。指挥官，混战之中，我怎么分得清是谁打倒了谁？如果{s11}只是告诉我钱袋该归她，我很乐意给她。
str_npc4_personalityclash2_speech_b|我出身高贵，她却卑微至极。她必须记住自己的身份。
str_npc5_personalityclash2_speech_b|上次战斗后，战利品堆在一起，我在敌人行李里找到一口很好的锅。我早就想要这样一口锅，好煮些我们族人冬天用来暖肚子的炖菜。但{s11}一把抢走，说不许我用蛮族食物“污染”它，还说锅理应归她。我把锅让给了她，但以后不会再容忍这种无礼。
str_npc6_personalityclash2_speech_b|指挥官，这种狂妄不会逃过诸神的惩罚！我怕我们所有人都要付出代价。
str_npc7_personalityclash2_speech_b|从前我住在山沟里时，偶尔会和另一伙匪徒打仗，他们大多是逃奴。队长，我不会相信隐瞒出身的人，更不会相信一个自称高贵领主、实际上很可能是逃奴的普通匪徒。
str_npc8_personalityclash2_speech_b|上次战斗后清理武器时，我说她长得俊俏，等我夺回土地，很愿意把她许配给我的一位战士。我觉得这提议十分慷慨，毕竟一个被父亲剥夺继承权的女人，不会有多少好出路。可她不仅不道谢，还一句话不说就转过身去。要不是尊重你的领导，我当场就会教教她规矩。
str_npc9_personalityclash2_speech_b|我欣赏他愿意冒死作战，但光凭这一点成不了士兵。他出身并不高贵，家财来自经商和放贷。他可以作为辅助兵与我们并肩作战，却不该抢夺身份高于他的人的荣耀。
str_npc10_personalityclash2_speech_b|上次战斗，他一直对我喊：“前进，后退，守住阵线。”我叫他管好自己，他就说要鞭打我。恕我直言，队长，那人简直是想让自己的胸口挨上一箭。
str_npc11_personalityclash2_speech_b|他说是在祈祷，感谢胜利，可我听着不像。队长，我可不想让他召来亡魂，在路上找我们麻烦。我觉得你最好赶走他，否则诸神会惩罚我们。
str_npc12_personalityclash2_speech_b|队长，那人但凡懂一点医术，就该知道绝不能动摇病人对医生的信心，尤其是在复杂的手术中。如果你能把他逐出队伍，就是帮了我们所有人的大忙。
str_npc13_personalityclash2_speech_b|尘埃落定后，{s11}转过身来，叫我别用自己的“狂妄”去“招惹诸神的怒火”。我回答说，至少我没杀自己的亲兄弟，我想诸神对那种事的在意远胜于战场闲聊。{s11}顿时涨红了脸，要不是我灵巧地躲开，他就打中我了。劝他放轻松点，好吗？
str_npc14_personalityclash2_speech_b|如此公然违抗正当权威，会败坏我们步兵队的风气。他要是再犯，我就让人鞭打他。
str_npc15_personalityclash2_speech_b|{s11}却说希波克拉底是个“过时的无知之徒”。指挥官，真正的医生绝不会如此轻慢昔日的大师。我认为你不该雇用这么明显的骗子。
str_npc16_personalityclash2_speech_b|上次打完，我剖开几个敌人的肚子，看看有没有藏着黄金，一个精打细算的姑娘就该如此。他却干呕起来，还嘟囔着说我是“畜生”。他要是再不管住嘴，我就检查他的肚子里有没有违禁品。
str_npc1_personalitymatch_speech|大人。刚才{s11}在上一场战斗中表现得相当不错。他也是个好人。
str_npc2_personalitymatch_speech|{大人/夫人}，我只是想告诉你，{s11}或许粗野，我甚至敢说他是个十足的无赖，但能称他为同伴，我很骄傲。
str_npc3_personalitymatch_speech|你好，{大人/夫人}！我只是想告诉你，{s11}真是位英勇风雅的男子。上次战斗中，你看见他了吗？
str_npc4_personalitymatch_speech|首领。我只是想夸一夸{s11}。上次战斗他表现很好。
str_npc5_personalitymatch_speech|这场仗打得漂亮，{playername}！打仗时能有{s11}在身边，真是好事。
str_npc6_personalitymatch_speech|指挥官。有时这些杀戮让我心烦，虽然我知道，要让世界重归和平，就必须挫败傲慢的军阀，制服残暴的匪徒。
str_npc7_personalitymatch_speech|队长。我刚和{s11}聊过。她或许有些野蛮，但我相信她是个忠诚的朋友。
str_npc8_personalitymatch_speech|队长，这场仗打得漂亮。我得说，{s11}扔向敌人的那些嘲讽，真让我佩服。
str_npc9_personalitymatch_speech|指挥官。刚才那场战斗，{s11}表现很好。恕我冒昧，她真是个出色又谦逊的姑娘。
str_npc10_personalitymatch_speech|嘿，兄弟！祝贺你获胜！我说，{s11}老妈这把年纪，打起来还真不赖，是吧？不过我自己也快成条老狗了。
str_npc11_personalitymatch_speech|哎，队长！这样打一场，我这老骨头都吱吱作响。不过，我们把他们揍得够呛，对吧？
str_npc12_personalitymatch_speech|真是血腥的差事，队长，血腥的差事——当然，也是必要的。我想，对于这无休止的战斗，{s11}和我一样心情矛盾。
str_npc13_personalitymatch_speech|勇士，今日你赢得了威名！{s11}也是！我喜欢她。她上阵时唱着自己民族的歌，很合我这种艺术之魂的心意。
str_npc14_personalitymatch_speech|队长。能与{s11}这样的人并肩作战，真是令人愉快。
str_npc15_personalitymatch_speech|指挥官。上次战斗后，我和{s11}聊了几句，觉得那人很有头脑。
str_npc16_personalitymatch_speech|喂，队长。上次小打了一场后，我和{s11}一边翻检尸体，一边聊了聊。
str_npc1_personalitymatch_speech_b|要是没有他这样的老实好人往帝国运来银钱，像我这样的无赖，日子准不好过。我很高兴他和我们在一起。
str_npc2_personalitymatch_speech_b|看他上次的表现，我随时愿意把后背交给他，尽管还是会捂住自己的钱袋。
str_npc3_personalitymatch_speech_b|我也承认，他真是个讨人喜欢的同伴，既机智又有礼貌。或许，或许……啊，我说得太多了。{大人/夫人}，告辞。
str_npc4_personalitymatch_speech_b|招他加入战团，你选得很对。他懂得打仗，也知道尊重战友的重要性，不像某些人。
str_npc5_personalitymatch_speech_b|至于其他方面，我怀疑他并不比我更像个领主，但我不得不佩服他如此厚颜无耻地宣称自己是领主。
str_npc6_personalitymatch_speech_b|我得说，{s11}给了我很大的安慰。我向他诉说自己的罪，他告诉我，只要真心悔过，真心渴望宽恕，诸神就会原谅我的过错。他很有智慧，我很高兴他和我们在一起。
str_npc7_personalitymatch_speech_b|她答应我，今后如果你不再需要我们效力，她就和我回山沟，找到那些杀害我爱人的匪徒，帮我复仇。这番好意让我感动。我很高兴她和我们在一起。
str_npc8_personalitymatch_speech_b|他把敌人的家世、长相和饮食习惯，都编进了一句精妙的古日耳曼谚语。我个人更喜欢萨迦，但我们日耳曼人听到精湛的诗艺，都会心生敬意。
str_npc9_personalitymatch_speech_b|如果她出身贵族，我或许会向她求婚。可惜她只是商人的女儿。不过行军时和她说话，仍是很愉快的消遣。
str_npc10_personalitymatch_speech_b|嘿，这正说明年轻不是一切，经验也能赢得战斗。我想，她和我能给世上那些小崽子好好上几课，不是吗？
str_npc11_personalitymatch_speech_b|我觉得老{s11}尤其让他们见识了厉害。我们俩都挺不错，毕竟加起来大概已见过近百个冬天了。
str_npc12_personalitymatch_speech_b|无论理由多么正当，夺去同胞的生命都让他深感悲伤。我和他谈过更光明的未来，谈过必须给这世界带来和平，让这苦难的岁月结束。
str_npc13_personalitymatch_speech_b|另外，虽然我通常更喜欢娇羞的女子，而不是亚马孙女战士那样的女人，但我承认，也注意到了她想藏在尚武举止之下的女性柔情。没错，她在行军和营地里都颇为冷淡，但或许我的甜言蜜语能融化她心头的日耳曼寒冰。
str_npc14_personalitymatch_speech_b|他是个职业军人，脚步或许没别人快，却明白在严整战线中团结作战的道理。把他招进这支步兵队，是你明智的决定。
str_npc15_personalitymatch_speech_b|战争和别的事情一样，需要周密的计划、充分的准备，以及对战略原则的牢牢把握。其他条件相同，训练最好的军队就能取胜，我想上次战斗已经证明了这一点。士兵现在可能咒骂他，但我敢保证，他们终会学着感谢他。
str_npc16_personalitymatch_speech_b|你听过她的故事吗？真能相信她受过那些冤屈？告诉你，听得我怒火中烧。我想把那些虐待她的混蛋身上所有小零件都割下来——如果旅途中真遇上他们，我一定会动手。
str_npc1_retirement_speech|我有点厌倦了在各地行军，为别人的事业流血。战利品不错，但我觉得已经够了。我打算回村，娶妻安家，有钱的话也许养些马。
str_npc2_retirement_speech|我有点厌倦士兵生活了。我打算把分到的战利品换成一批货，大概是毛皮、亚麻布和天鹅绒，运到波斯去赚钱。再次感谢你收留我，也祝你好运。
str_npc3_retirement_speech|恐怕我有件事要告诉你。我认定士兵的生活不适合自己。现在想找门好亲事，大概已经太晚——我们那儿没人肯娶在军队里服过役的女人。不过我或许攒够了钱，可以自己经商。指挥官，希望你别生气。
str_npc4_retirement_speech|我光荣地与你并肩作战，也赢得过许多辉煌胜利，但我对你的领导十分不满。我将回到斯坎迪亚的祖传领地，那里很需要我。
str_npc5_retirement_speech|队长——加入战团以来，我一直勇猛而忠诚地为你作战。但你并非总能以我应得的领导来回报。所以我要回乡，希望沙阿的人已经忘了我，再去见见父亲和兄弟们。
str_npc6_retirement_speech|我加入这支队伍，是希望你带我走出黑暗，而我确实在这里得到了一些安宁。但我对你的领导仍有疑虑，也开始觉得，救赎之路也许在别处。
str_npc7_retirement_speech|我厌倦了这种无休止战争中的污浊生活，厌倦看到人被恐惧、贪婪、色欲和无数罪恶摧残。我袋里有钱，要渡海去寻找更好的土地，也许去阿非利加碰碰运气。我想，没有我你也能过得很好。
str_npc8_retirement_speech|我在你的盾墙中作战，表现也不差。但你的领导并非总合我意，而且我另有使命。我将用所得的战利品组建自己的战团，回日耳曼尼亚，从背信弃义的夫家兄弟手中夺回丈夫的厅堂。祝你顺利。
str_npc9_retirement_speech|我们一起打过好仗，赢得许多荣耀。但我对你的领导有些保留，何况我还要夺回祖产。我得走了。或许我们还会再见。
str_npc10_retirement_speech|我受够了在帝国各地来回跋涉。我攒的钱够在某处买一小块地，想去试试。再见，祝你好运。
str_npc11_retirement_speech|你把一个老太婆收入队伍，帮了她大忙。但恐怕这种生活并不比赶马车更合我心意。太冷，太饿，到头来我面前只剩一个土坑。所以我要走了，虽然还不知道去哪儿。
str_npc12_retirement_speech|在你队伍里，我过得不错。填饱了肚子，攒了点钱，也增长了关于创伤的知识——这些我没什么可抱怨的！但如今我觉得，留在这里反而束缚了我。我有责任把发现分享给其他外科医生，为此需要雇些抄写员。我该回家了。
str_npc13_retirement_speech|你的威名越来越耀眼，我怕自己的名声相比之下会黯然失色，就像月亮被太阳遮住光辉。我决定独自闯荡。衷心祝你好运！
str_npc14_retirement_speech|我想通知你，我希望结束我们的关系。我打算另寻雇主。
str_npc15_retirement_speech|感谢你雇用了我，但事情的发展并不完全如我所愿。我打算去别处——也许回家，也许再找份工作，还没完全决定。
str_npc16_retirement_speech|我在这队伍里过得挺快活，也从战场上捡到了几件漂亮的小玩意，但现在不太顺心。我要离开，去向别人施展我的本领。
str_npc1_rehire_speech|大人，很高兴再见到你。我知道我们过去有些分歧，但说实话，那是我经历过的一些最好的日子。而且坦白说，我找工作也不太顺利。听着，如果你愿意让我回来，我愿意重新加入你的队伍。
str_npc2_rehire_speech|{大人/夫人}！很高兴再见到你。不过我得承认，我一直在找你。正如我说的，我买了批货，装船运回“我们的海”另一边——可谁想到，我又遭了抢，这次是海盗，什么都没剩下。看来我注定得靠战斗谋取财富。而且大家都说你混得很好。所以告诉我，{大人/夫人}，你愿意让我回来吗？
str_npc3_rehire_speech|你好，{大人/夫人}！真高兴再见到你。恐怕分别后，我过得并不好。我本想靠母亲的家族帮忙开始经商，可他们并不像我期望的那样欢迎我。姨母们只会教训我，说我加入佣兵团，毁了自己的婚姻前途。也许我更适合战争，而非经商；更适合与粗汉在篝火旁分食，而非和谦恭的罗马公民饮酒。{大人/夫人}，我必须问你——你愿意收留我回来吗？
str_npc4_rehire_speech|首领！好久不见。听说你过得不错。至于我，要靠领地糊口却有些困难——严冬、坏雨水、不听话的奴隶，诸如此类。我想，也许该再拿起长矛。我知道我们之间有些嫌隙，但若能再次在你麾下作战，我会感到荣幸。
str_npc5_rehire_speech|{playername}！你的名声越来越响亮，连我在帕提亚的故乡都听说了。我回去过，希望沙阿的人已经忘记。可惜没有——我连自己的山谷都还没踏进去，家人就传话说，沙阿和瓦尔达尼德家族都在找我。所以我又回来了，希望你忘掉我说过的重话，看看能否再次与你同行作战。
str_npc6_rehire_speech|很高兴见到你，我的老指挥官。无论走到哪里，人们都敬畏你的事迹。我离开后却过得不太好。无论到哪儿，我都感觉心魔又回来了，灵魂不得安宁。虽说我对你的领导有过疑问，但不知为何，在你队伍里我曾找到平静。你愿意让我再次效力吗？
str_npc7_rehire_speech|队长！很高兴见到你。请原谅分别时我说过的话。我从尼亚波利斯乘船，向东去迦太基，却被海盗劫了。交过赎金后，我又被送回这里上岸。世上也许有比这里更好的地方，但我还没见过。所以我想，如果注定得住在这里，加入你的队伍也是条不错的生路。你愿意让我回来吗？
str_npc8_rehire_speech|你好，{playername}。我想知道，我们过去说过的重话，能否一笔勾销。我一直在这附近招人，想凑足兵力夺回丈夫的厅堂。可人没招够，招来的人很快又厌倦离去——还得补一句，他们走之前，已经把我攒的钱全喝光了。于是我想起我们并肩作战的日子。那是好日子，也很赚钱。
str_npc9_rehire_speech|亲爱的{先生/女士}！见到你真好！我曾向这片土地上的贵族谋求职位，却失望透顶。一半的人叫我向公民讨债，仿佛我是钱庄跑腿的，或叫我追捕奴隶，仿佛我是监工。还有一个竟让我杀他的债主！我一直在找你，想看看你是否愿意让我重新加入。
str_npc10_rehire_speech|队长！很高兴见到你。结果证明，我不太会种地。我想，大概对雇工太心软，让他们把我骗了个精光。看来我最懂的还是打仗。所以告诉我，队长，你还在找好手吗？
str_npc11_rehire_speech|队长！见到你真好！人们说你赚得盆满钵满。我承认，自己是个闲不住的老骨头。当初离开，是因为不喜欢士兵生活，可在城里待了一阵，我才明白，能吃饱肚子，有实在的同伴，还有看敌人逃跑的乐趣，已经比许多日子强多了。那么，你还招人吗？
str_npc12_rehire_speech|队长！见到你这张诚实的脸真好。这世界满是谎言。我回家整理发现，雇了抄写员，做出几部书册，等着有人订购。可其他医生和哲人不关心真正的医学知识，只想要翻来覆去的希波克拉底。至于书商——告诉你，你从没见过这么没良心的人。他们把书一章章租给学生抄写，一半收不回来，收回来的又浸满酒渍，如今连一部完整的著作都找不到了。我还会继续努力，但得先赚点钱。你需要外科医生吗？
str_npc13_rehire_speech|你好，勇士。我一直盼着再见到你。无论去哪儿，都能听到你的事迹和歌谣。我承认，分别让我有些后悔，也承认，对你的声望有一丝嫉妒。我想，也许可以再次与你并肩作战，沾一沾你的荣耀。我们能否再同行一阵子？
str_npc14_rehire_speech|队长，很高兴见到你。上次分别时，我几乎发誓绝不再为你效力，但也许我对你太苛刻了。各地的人都在赞颂你。我试着为别的军队服役，相信我，那里的见闻让我重新肯定了你的领导。只要你愿意收下我，我愿再次为你作战。
str_npc15_rehire_speech|你好，{playername}。见到你，我倒也不是不高兴。你看，离开前我又接了一份工程，果然，到了收钱时，那领主就只会找借口、空谈，再对我的手艺挑些鸡毛蒜皮的毛病。在你的队伍里，我并非总是开心，但至少每次打完仗，都能直接把钱放进袋里。你还提供工作吗？
str_npc16_rehire_speech|队长！听说自从上次见面后，你混得不错。我坦白说，分别时我咒骂过你，可回头想想，你也没那么糟。那些领主都很乐意派我做些小差事，却不愿让我站进主力战线。显然我吓着了他们的士兵。我听见有人嘀咕，说我是巫婆，或杀人后会吃掉他们的心，还有别的胡话。倒不是我介意趁人睡觉捅刀子，可对方醒着、还会挣扎的时候，可痛快多了。所以我想再来找你，看看你肯不肯收我。
str_npc1_home_intro|大人，你知道我就出生在这附近、辛梅里亚的高地草原吗？我就是在这里练出了相马的眼力。这地方适合马，却苦了人。我想斯基泰人因此才喜欢这里。
str_npc2_home_intro|我们快到安条克了。我被帕提亚人抢劫时，就是要去那里。
str_npc3_home_intro|看见远处的城了吗？那是尼科米底亚。小时候，父亲外出经商，我便在母亲家族的花园里玩耍，在这里度过了许多快乐的夏天。
str_npc4_home_intro|日耳曼尼亚的幽深森林。这里到处都是好战的条顿人。
str_npc5_home_intro|队长，我们快到泰西封了，美索不达米亚最大的城市，帕提亚帝国的心脏。我母亲的姐妹来这里嫁给了一个富有贵族，我原本也想来这里当商队护卫。就在那时遇见了你。
str_npc6_home_intro|看山坡上的葡萄藤和梯田，我就知道快到家了。我不想见家人，所以你若进城，我会留在城墙外。我相信你能理解。
str_npc7_home_intro|闻到了吗？咸鱼、腐烂的亚麻，还有河泥。都是我童年的气味。我想吐。
str_npc8_home_intro|哼。听见了吗？那一定是海浪撞击海岬的声音。我们肯定靠近日耳曼尼亚的北海海岸了。
str_npc9_home_intro|看见远处两河汇流处的城市了吗？那是我的出生地，科洛尼亚·科皮亚·费利克斯·穆纳提亚，更广为人知的名字是卢格杜努姆。
str_npc10_home_intro|兄弟，闻到清新的空气了吗？我离开克里特寻求财富后，就住在这里。
str_npc11_home_intro|闻到海上清新的空气了吗？我们一定快到家了。
str_npc12_home_intro|我们正路过我一项最伟大医疗成就发生的地方，不知你有没有兴趣。
str_npc13_home_intro|啊，科尔基斯！黑海尽头，多么美丽的地方。前年夏天，我在这里度过了何等快乐的时光。
str_npc14_home_intro|看见河边那座要塞了吗？那是温多博纳。几年前，我在那里过了一个冬天，训练驻军。
str_npc15_home_intro|看见河边那座要塞了吗？叫伦迪尼乌姆。不久前，我在那里干过活。它不像这里其他要塞那么华丽，但那石工手艺绝对是你见过最好的。
str_npc16_home_intro|哎，队长，看见那些兔子了吗？这么多兔子，说明我们快到我的出生地了！
str_npc1_home_description|斯基泰人并非一直住在这里。据说，游牧的斯基泰人曾居于亚细亚，与马萨革泰人交战失利，便离开家园，渡过阿拉克塞斯河，进入辛梅里亚。有人告诉我，祖父曾是斯基泰首领，虽然母亲不认识他，就像我不认识父亲一样。母亲还是小姑娘时，斯基泰人第一次入侵达契亚，为了劫掠和财富。
str_npc2_home_description|哦，安条克。你要知道，它是由亚历山大的一位将军，塞琉古·尼卡托尔建立的。他建立了四座姊妹城，安条克便是其中之一。安条克位于丝绸之路上，因此积累了巨大的财富和地位，也成为罗马与帕提亚争夺的战场。沿着丝绸之路，香料、丝绸，当然还有黄金等珍宝，从遥远的土地流向世界的中心——罗马。
str_npc3_home_description|尼科米底亚是很久以前由比提尼亚国王尼科米德建造的。罗马统治后，它成了比提尼亚行省的首府。你要知道，父亲是希腊商人，母亲则是色雷斯人。尽管文化不同，他们仍相爱了，就像这一带许多人一样。
str_npc4_home_description|加入你的战团前，我为马科曼尼国王效力。一伙条顿人蹂躏乡间，我们必须阻止他们。那是一场持续数日的血战。战斗中，我遇到一个近十尺高的条顿人，披着狼皮，手持战斧。我掷出长矛，刺进他的胸口。可他竟拔出长矛，把它折断，然后以迅猛有力的斧击攻向我。最后我连砍他的头好几斧，才把他杀死。
str_npc5_home_description|一个世纪前，在奥罗德斯统治期间，泰西封成了帕提亚帝国的第二座都城。嗯，我们帕提亚人也并非一直统治着这样的帝国。很久以前，这些土地属于塞琉古人，但我们击败了他们。
str_npc6_home_description|你要知道，科尔多巴是伊斯帕尼亚·贝提卡行省的首府。它历史悠久，小塞内卡和他的父亲老塞内卡等名人都出自这里。我们种橄榄和葡萄，也遵循古老的罗马习俗。我们信守诺言，偿还债务。
str_npc7_home_description|在我被嫁出去、被匪徒掳走之前，我就住在这里。我出生在破屋里，童年都在田间度过。地主是希腊人，但我们从没见过他们，只见过他们那些该死的走狗和监工。我父亲那个懦夫，总在他们面前卑躬屈膝。
str_npc8_home_description|啊，日耳曼尼亚，遍布幽暗茂密森林的土地。日耳曼人热爱树木，对我们来说，它们是神圣的。这也是我们憎恨罗马人的一个原因。几十年前，他们来到日耳曼尼亚，砍伐树木，修建巨大的城市和道路。但在条顿堡战败后，他们就不再建城了。
str_npc9_home_description|它是卢格杜努姆高卢行省的首府。尼禄的前任克劳狄乌斯凯撒就出生在这里。你要知道，在罗马统治前，高卢到处都是蛮族，也就是高卢人。
str_npc10_home_description|哦，雅典，这座伟大的城市历史悠久。据我所知，雅典人也是最早放弃僭主统治、采用民主的人！民主意味着权力来自人民！
str_npc11_home_description|我来自塞萨洛尼卡附近的村庄。我们在田里主要种葡萄和谷物，葡萄酿酒，谷物做面包。那是我小时候的生活。十四岁时，我的心上人，一个英俊的纯正马其顿男子，加入了一支辅助军步兵队。我便跟着他离开了家。可我运气不好，他很快就战死了。我不知道怎么回家，只好跟着军队，成了随军妇女。
str_npc12_home_description|那边阿格里皮娜殖民城的总督患了水肿，请罗马派医生治疗。那医生像典型的受过教育的医师一样，直接去希波克拉底的书里找疗法。希波克拉底推荐用太阳金属治水肿。他的大部分著作在希腊人最初写下时就没什么用，如今更是毫无价值，但偶尔也会碰巧说中：小剂量的太阳金属确实能治某些水肿。然而大剂量就是毒药，那些崇拜希波克拉底的人始终不明白这一点。
str_npc13_home_description|我跟着一支小商队来到这里，可他们在山里遭了匪徒伏击，骑手在树林间被砍倒。我逃了出来，在高处山谷里寻得庇护，投进了你见过最美丽的牧牛姑娘怀中。她带我去高山牧场附近的洞穴，送来奶酪和浆果，讲山里的故事——顽皮的羊人把迷途牲畜领回畜群，幽灵猎手骑风追逐雷雨云。多么质朴的人啊！
str_npc14_home_description|当时，我是阿波利纳里斯军团下属一支步兵队的百夫长，驻守温多博纳。我得训练那些新兵。他们连勺子和短剑都分不清，谁一提切鲁西人，就像孩子一样哭起来。但完成我的训练后，他们都成了出色的战士，真正的军团兵。
str_npc15_home_description|你要知道，与罗马治下不列颠的许多城市不同，伦迪尼乌姆并不是建在凯尔特人的堡邑旧址上。它建立于几十年前，如今在这遥远北方，正成为日益兴盛的财富中心。我相信罗马迟早会征服这座岛，为这里的居民带来文明之光。
str_npc16_home_description|埃博拉库姆一直有兔患。它们繁殖得飞快，嗯，毕竟是兔子。所以这里的地主派出猎队捕杀它们，不然收成就遭殃了。
str_npc1_home_description_2|战争没有持续太久，斯基泰大军败了，退回草原。劫掠邻人是斯基泰人的古老传统，所以斯基泰常招来征讨。比如很久以前，波斯人统治世界时，斯基泰人劫掠了他们的土地。于是大流士率领波斯人渡过多瑙河，入侵斯基泰领土。但斯基泰人避而不战。哈哈，波斯大军走遍了他们的土地，却一场仗也没打成！
str_npc2_home_description_2|我装满了藏红花、肉桂、丁香、胡椒和其他香料，还有一箱第纳尔。我算过，即使买上亚麻布、毛皮、天鹅绒、铁和羊毛，再添些驮货回去的马，也仍有利润。可我没算到帕提亚掠夺者，他们显然不愿别人染指自己的垄断生意。
str_npc3_home_description_2|也许将来某天，我也会嫁给一个色雷斯男子？谁知道命运会带来什么呢。
str_npc4_home_description_2|我告诉你这些，只是为了提醒你！居住在大日耳曼尼亚的大多数人，都被严酷的环境逼成了野兽。
str_npc5_home_description_2|但在塞琉古人之前，这片土地由波斯人统治，他们被亚历山大击败，你大概知道。我想说的是，帝国也会灭亡，一个曾经强盛的国度，化为尘土的速度可能比你想象的更快。
str_npc6_home_description_2|我们科尔多巴人也敬奉诸神，像真正的罗马人一样遵守祖先之道。我敢说，正是罗马人的荣誉，让我落到如今的境地。即便如此，我仍为出身帝国这一地区而自豪。
str_npc7_home_description_2|我们可以在河里捕鱼，在芦苇丛中养猪，在自家小地块里随意种点东西。但大田里只准种葡萄，用来酿酒。所以我们总是饥饿、虚弱，从没有反抗的勇气。
str_npc8_home_description_2|你要知道，日耳曼人热爱自由。我们不喜欢纳贡，纳贡会被视为软弱，尤其是向外族人纳贡。这也是我们恨罗马人的另一个原因。不过别担心，你是我唯一不恨的罗马人。
str_npc9_home_description_2|他们被尤利乌斯·凯撒征服了，你大概知道。但你可别以为我也是那种蛮族。我的家族是纯正罗马血统，祖父是位老兵，他的将军在卢格杜努姆这里赐给他土地。
str_npc10_home_description_2|雅典也是贸易中心，更重要的是知识中心。最著名的希腊哲人都出自这里。它是爱琴海的明珠，希腊的心脏。
str_npc11_home_description_2|我对一个英俊男孩的幼稚感情，让我开始了这段冒险人生。唉，要是能告诉年轻时的自己，这决定会带来多少艰辛……算了，不提了。
str_npc12_home_description_2|毒药和良药的区别就在剂量。你遇到谁都可以这么告诉他，还要说这是伟大的杰雷姆斯最先讲的。人们以为一切值得知道的智慧都写在古希腊的书里，可我说，向村中接生婆学习，细察自然，学到的东西比向罗马所有医生求教还多一倍。总之，我让那总督重新站了起来，他给了我一袋黄金，还有一具刚被钉死的罪犯尸体供我解剖。哈！想想那时候，为了得到标本，我得费多少工夫。
str_npc13_home_description_2|最终我还是得离开。有时我会想，她每天早晨赶牛上牧场时，背上是否裹着一个小牧童。我很想去找她——但不，不，人不该总回头看。
str_npc14_home_description_2|我得说，只要有纪律和训练，再肮脏的暴民也能变成强军。而我相信，罗马人的教官最好。所以我认为，总有一天，罗马会统治世界其余的地方，日耳曼尼亚、不列颠尼亚、达契亚、帕提亚……
str_npc15_home_description_2|平定蛮族，是罗马为这个世界做的最重要的事情之一。我想你和我一样，冒险途中见过不少地方。只要把凯尔特和日耳曼部落臭烘烘的茅屋，与罗马帝国的住宅、宫殿和要塞比较一下，你就该明白，为什么罗马注定要统治世界。
str_npc16_home_description_2|总之，上次来这里时，我和一个地主家的年轻小伙有过些——乐子。不知道他还认不认得我……嗯，大概不记得，男人都那么……蠢。不过队长，我可不是针对你。
str_npc1_home_recap|我来自{s21}附近、辛梅里亚的高地草原。
str_npc2_home_recap|我出生在伊斯帕尼亚，父亲是罗马商人，母亲是伊斯帕尼亚女子。我是个商人，和父亲、祖父一样。
str_npc3_home_recap|我从前住在{s20}的父亲家里，但童年有很长时间是在{s21}度过的。
str_npc4_home_recap|我的祖传领地在大日耳曼尼亚以外，横渡北海便是斯坎迪亚。
str_npc5_home_recap|我出生在阿萨克附近高地的一个村庄，但在{s21}也有亲戚。
str_npc6_home_recap|我的家人住在{s21}，但我无颜面对他们。
str_npc7_home_recap|我出生在一间破屋里，离{s21}不远。
str_npc8_home_recap|我出生在格勒夫附近、北海岸边的一座村庄。
str_npc9_home_recap|我来自卢格杜努姆高卢行省的卢格杜努姆城。
str_npc10_home_recap|{兄弟/姐妹}，我在克里特的戈尔廷出生长大，希望有一天能在那里买块地。但我想先见见世面，所以带着弓箭去参战了。
str_npc11_home_recap|我出生在塞萨洛尼卡附近的村庄，后来成了随军妇女。
str_npc12_home_recap|我来自希腊的纳克索斯岛。我周游世界，寻求医学知识。
str_npc13_home_recap|哦，那地方离这里很远，{大人/夫人}，否则你早该听说过我，也不必再问这些。那是印度河彼岸的一片神秘土地，罗马人和希腊人都以为世界在那里终结。
str_npc14_home_recap|我是克拉库斯·卢库卢斯的小儿子，他是罗马一位富有的贵族和慈善家。
str_npc15_home_recap|我来自罗马附近的小村庄。但如今，如果你靠工程技艺吃饭，战争才是赚钱的地方。
str_npc16_home_recap|队长，我出生在埃博拉库姆，但母亲的土地被一个心术不正的亲戚夺走，她只好卖身给附近的地主。
str_npc1_honorific|大人
str_npc2_honorific|{大人/夫人}
str_npc3_honorific|{大人/夫人}
str_npc4_honorific|首领
str_npc5_honorific|{playername}队长
str_npc6_honorific|指挥官
str_npc7_honorific|队长
str_npc9_honorific|{playername}指挥官
str_npc10_honorific|{兄弟/姐妹}
str_npc11_honorific|{小伙子/姑娘}——我是说，队长
str_npc12_honorific|队长
str_npc13_honorific|勇士
str_npc14_honorific|指挥官
str_npc15_honorific|指挥官
str_npc16_honorific|队长
str_npc1_kingsupport_1|大人，这是个好主意。如今掌权的国王和地主贵族，摆出监牢、绞架和刑台，鞭打、烙印、绞死、钉十字架，专门对付那些被孩子哭声逼得去偷一块面包，或一匹马的人——这世界值得更好的统治。
str_npc2_kingsupport_1|嗯，队长，我会支持你。我认为你能给罗马帝国带来它长久以来所需要的开明统治。
str_npc3_kingsupport_1|指挥官，我会为你担心。历史告诉我们，权力容易使人腐化。但想到你领导这支队伍时表现出的仁慈和判断力，我最终还是感到宽慰。
str_npc4_kingsupport_1|首领，我想你会成为那种{国王/女王}，让像我这样出身高贵的领主乐于追随你上阵……
str_npc5_kingsupport_1|好主意，队长。你已证明自己懂得统御众人。不过，记得要公正地治理他们……
str_npc6_kingsupport_1|我无法判断你的主张在法理上是否正当。但我认为，你不同于过去那些皇帝，有能力恢复奥古斯都时代的罗马和平——终止这些手足相残、无休无止的战争，不再让我们在诸神眼中蒙羞。
str_npc7_kingsupport_1|是的，你会做得很好。你知道怎么对付匪徒和恶棍。
str_npc8_kingsupport_1|古老萨迦大多告诉我们，一个人的功绩若超过同时代所有人，便可宣称王位。我认为你有资格这么做。
str_npc9_kingsupport_1|很好，我的指挥官。我是罗马血统，但从不喜欢尼禄统治帝国的方式。我不欠他什么，我要说：“让王位归于最勇敢的人！”归于一位恪守祖先之道的真正罗马人。那就是你，{playername}指挥官。
str_npc10_kingsupport_1|嗯，{兄弟/姐妹}，我想总得有皇帝。既然如此，你当凯撒不会比任何人差……
str_npc11_kingsupport_1|嗨，这主意真好，{小伙子/姑娘}！看来我得学着叫你“神圣的凯撒”，或者直接叫“神圣者”了……
str_npc12_kingsupport_1|我相信你会是位好凯撒，队长。我自认看人还准，你表现出的同情心，远远超过其他那些自称君主的人。
str_npc13_kingsupport_1|那可真好，{先生/夫人}！许多故事都讲述英雄凭勇武证明自己有资格戴上王冠。也许你知道旃陀罗笈多·孔雀的歌谣，他从默默无闻中崛起，建立了孔雀帝国。多精彩的故事！
str_npc14_kingsupport_1|先生，诸神为这世界定下了等级秩序，通常我绝不赞同篡位。但我也认为，罗马过去的皇帝都是些软弱可悲之徒，配不上凯撒·奥古斯都之名。这样一来，王位便该由你这样更出色的人夺取。
str_npc15_kingsupport_1|嗯，总的来说，只要有能力，你都会按时付清军饷。依我看，这就是当皇帝最好的资格。你懂得尊重别人的权利。
str_npc16_kingsupport_1|为什么不呢，队长？我相信你会成为一位出色的{国王/女王}。当然，我也希望你记得像我这样的小人物，曾在你争夺王位时帮过忙。
str_npc1_kingsupport_2|当然，大人。不过我来告诉你，怎样能让别人，尤其是我们穷人支持你。你若以新登基元首的身份宣布大赦，除最恶劣的罪犯外，放出牢里其他人，让他们重新做人——就像你给过我第二次机会一样，大人。
str_npc2_kingsupport_2|这片土地上的贵族，多半——这么说吧，他们手里的第纳尔，不是地租就是劫来的。可你不同，你懂一些商业和贸易，知道要让罗马粮食过剩时亚历山大里亚的人不至于挨饿，需要付出怎样的努力、冒怎样的风险，这只是个例子……队长，如果你愿意，我想我能替你在这个国度的商人中争取些支持。
str_npc3_kingsupport_2|我愿意，指挥官。但我强烈建议你巩固一项古老的罗马传统——元老院，从本国贵族和受过良好教育的有产者中选任成员，赋予它权力，否决任何可能诱使你施行的新税或暴政。{大人/夫人}，这也是为你好。
str_npc4_kingsupport_2|当然，首领。现在的关键是让其他人追随你。你知道，血统很大程度上决定了一个人的资格。或许你有位失散已久的祖先，还没告诉过我？
str_npc5_kingsupport_2|是的，队长，我愿意。但我得代表像我这样的东方人说几句。如果能从未来元首口中听到，你将颁布保障商队安全的法令，我们会非常高兴。你要知道，丝绸之路穿过帕提亚帝国。单举一例，商队就在安条克城门前遭到抢劫，总让人觉得可耻。
str_npc6_kingsupport_2|我愿意。我会向每个愿意倾听的人讲述，你如何保护弱小无助的人，如何率众以少胜多。我会告诉他们，如果你成为凯撒，从小亚细亚的山岭到赫拉克勒斯之柱，从尼罗河到多瑙河，都将共守一套法律，同享一片和平。
str_npc7_kingsupport_2|是的，队长，我愿意。凯撒的职责，就是让正派人在路上安全行走，让女人拾柴打水时，不被流口水、满身癞疮的亡命混蛋骚扰。你已经劈开过不少这类恶徒的脑袋。如果你当了元首，路上的男人恐怕连和女人对视都不敢。
str_npc8_kingsupport_2|我愿意，但有一个条件。你可以在图利富尔杜姆、罗马，或任何你想统治的地方当王，但我的厅堂由我做主。如果我与你麾下其他领主发生争执，不论为了土地、牲畜还是血仇，你都得让我们依照古法，以剑相决，让诸神决定谁是谁非。
str_npc9_kingsupport_2|我会，其他人也会。但我认为，你必须向罗马贵族表明，会维护他们古老的权利。如今帝国乱作一团，元首蔑视祖先之道，无视古老传统。他为所欲为，大办奢华宴会，把无数第纳尔浪费在个人享乐上。所以我说，要让一切回到奥古斯都时代——恢复旧有传统与价值。
str_npc10_kingsupport_2|当然，{兄弟/姐妹}。但请考虑我的一个想法。如果你成为元首，我希望你向平民开放宫廷，而不只是接待贵族、富人和权贵。我希望你公开宣布，任何人受审获刑后，都有权直接向你申诉。如今只有少数富有势力的混蛋享有这个权利——我说，世上每个人都应该有。
str_npc11_kingsupport_2|当然愿意！让我看看你的手……啊哈！你有“诸神的印记”。至少我们塞萨洛尼卡人这么叫。听说雅典人叫它“赫拉克勒斯之线”，他们什么都要换个说法。总之，你这条纹很长——我觉得这说明你注定要统治！这是你的命运！其实，我好像还记得一个相应的预言。嗯，是怎么说的来着……
str_npc12_kingsupport_2|当然，队长。但我在这片土地上游历，至少学到了一件事：人类死守先例。什么都得照古老共和国时代的方式来——尽管一百个人里也未必有一个识字到能读懂编年史！罗马贵族照着“祖先之道”嫁女儿。当然，每一位元首也都得让元老院承认自己的统治合法。
str_npc13_kingsupport_2|当然，{大人/夫人}。而且，正如旃陀罗笈多·孔雀的故事告诉我们的，争夺王位时，若有一部史诗在篝火和炉火旁传唱自己的事迹，总没有坏处。你一定知道，我自认为写对句诗的本领还不错。
str_npc14_kingsupport_2|我的确愿意。我认为你能统一这片土地，然后我们就能组建一支许多代人都没见过的强军，征服罗马皇帝从前没能征服的所有土地。
str_npc15_kingsupport_2|我愿意。人们也许会说你出身低微。但依我看，高贵血统只会让人变成吝啬鬼。凯撒和罗马贵族借钱、委托建筑工程时，从不认真想想该如何偿还那些干了一天实在活、指望吃上饭的平民。依我说，让一个{男人/女人}成为{凯撒/奥古斯塔}的，是诚实守信，而不是华丽家谱。
str_npc16_kingsupport_2|当然，队长。而且我想，像我这样的姑娘，还能帮你争取这片土地上的贵族支持。这些年，我在他们的阴谋诡计里或许只扮演小角色，但我想我知道他们想要什么。而我知道他们那么多秘密，他们应该不会想把我拒之门外，对吧？
str_npc1_kingsupport_2a|请继续……
str_npc2_kingsupport_2a|请继续……
str_npc3_kingsupport_2a|请继续……
str_npc4_kingsupport_2a|当然，让我把他的事都告诉你。
str_npc5_kingsupport_2a|请继续……
str_npc6_kingsupport_2a|太好了。
str_npc7_kingsupport_2a|嗯，没错，我会尽力维持秩序……
str_npc8_kingsupport_2a|很公平。
str_npc9_kingsupport_2a|这似乎有道理……
str_npc10_kingsupport_2a|当然，我会给臣民这项权利。
str_npc11_kingsupport_2a|看看能不能想起那个预言。
str_npc12_kingsupport_2a|有意思，请继续……
str_npc13_kingsupport_2a|是的，你确实有这本领。
str_npc14_kingsupport_2a|请继续……
str_npc15_kingsupport_2a|说得好，我的好伙计。
str_npc16_kingsupport_2a|有意思……请继续。
str_npc1_kingsupport_2b|嗯，我们已经看见那会有什么结果了……
str_npc2_kingsupport_2b|我不求他们支持，他们肯定想从这笔交易里获利。
str_npc3_kingsupport_2b|我不打算这样束缚自己。
str_npc4_kingsupport_2b|我不会参与这种事。
str_npc5_kingsupport_2b|我会考虑。
str_npc6_kingsupport_2b|我不确定自己能做到这些。
str_npc7_kingsupport_2b|我觉得你把国王维持和平的意思理解得有些过头了。
str_npc8_kingsupport_2b|这条件可不低。
str_npc9_kingsupport_2b|我不确定实行你的想法会像你想的那样“简单”。
str_npc10_kingsupport_2b|嗯，让我考虑一下。
str_npc11_kingsupport_2b|啊……请把我的手放开。
str_npc12_kingsupport_2b|够了！我不许你嘲笑我们的传统。
str_npc13_kingsupport_2b|嗯，我对此不太确定。
str_npc14_kingsupport_2b|其实，成为{国王/女王}以后，我还想休息一下……
str_npc15_kingsupport_2b|也许是办事员们的{凯撒/奥古斯塔}吧。别再说这种话了。
str_npc16_kingsupport_2b|无意冒犯，但我不确定自己会用这种办法。
str_npc1_kingsupport_3|如果让我在这片土地上走几个星期，告诉平民你将赦免他们的亲人，他们就会开始把你当作凯撒谈论，为你的登基铺路。大人，要我这么做吗？
str_npc2_kingsupport_3|如果你愿意，队长，我可以花几周拜访有人脉的市政厅和商旅客栈，向他们说明，有了你，他们就会有一位遏制贪婪贵族的元首。那些贵族为了多收几个第纳尔去打仗、办宴会，就用关税和赋税扼杀商业。队长，你觉得如何？
str_npc3_kingsupport_3|如果你愿意作出这样的承诺，指挥官，我想这能消除许多贵族的顾虑。如果你旨在恢复古老的罗马制度，那么论理，你比其他任何人都更有资格成为凯撒。准我离开几周，我会向各地贵族宫廷和商人家族宣扬，你打算恢复他们古老的权利。
str_npc4_kingsupport_3|是的，我想我听过这一支血脉。其实，我已经能想象出{他/她}的整个家系。如果你准许，我的“国王”，接下来几周，我会走遍这片国度的村庄和要塞，传播你高贵的出身。当然，我也希望分封土地时，你还记得忠实的臣下……
str_npc5_kingsupport_3|总之，队长，在这悲惨的时代，许多人落草为寇，道路很不安全。如果给我几周时间，我可以走遍帝国，告诉公民，你将努力铲除匪患。
str_npc6_kingsupport_3|很好。虽然我现在与家人形同陌路，但随你进过许多贵族的厅堂，我想他们还会欢迎我。我会四处告诉贵族，等你成为元首，将竭力保护弱者，平息纷争，让任何人都不能伤害他人而不受惩罚。也许有一天，手足相残的罪行将不复存在。
str_npc7_kingsupport_3|队长，我有个主意。给我几周，我去走访一些村庄——虽然都是臭烘烘的破屋，不过如今我能照顾自己。我会告诉那里的人，你一旦统一这片土地，就会扫清匪患。你会在道路两旁竖起十字架，挂满盗贼，让每个路人都知道，做匪徒的下场就是死。
str_npc8_kingsupport_3|好！给我几周，我就去各地宫廷宣扬，你是一位尊重领主及其古老权利的{国王/统治者}。你不会仗着王权插手不该管的事，王国也会因此更好。
str_npc9_kingsupport_3|当然合理，指挥官。准我离开，我会向帝国的罗马贵族传播，你是来恢复旧日秩序的。我敢说，会有许多人支持你的主张。
str_npc10_kingsupport_3|那么，{兄弟/姐妹}，准我离开几周，我会四处告诉平民，你将公正公平地统治，在你的法律面前人人平等。人们会把你当作凯撒谈论，而这正是成为凯撒的好开端……
str_npc11_kingsupport_3|我现在想不起来，但如果让我回乡，可以找个白胡子老人，他还记得全文。而且我能四处宣扬，你手上有诸神的印记！我家乡许多人都在等待公正的统治者，而一个人的手，会道尽他值得了解的一切。给我几周，我想能让不少人盼着你成为下一任元首。
str_npc12_kingsupport_3|但你知道吗？如今元老院根本没有发言权。人们挂在嘴边的共和传统和祖先之道，都毫无用处。我们需要新的眼光。因此，帝国的王位应归于最适合治理的人，自然就是你。给我几周，我会写篇文章论证这一点，再找抄写员，把副本贴进各地每家酒馆。队长，你觉得如何？
str_npc13_kingsupport_3|那么准我离开几周吧，勇士。我会编出一个故事，连最迟钝的心都为之感动，让人敬佩你的美德，同情你的苦难，痛恨那些挡你去路的人。当然，我想在细节上可以允许我稍作诗意发挥吧？
str_npc14_kingsupport_3|准我离开几周，我会让这片土地上所有值得尊敬的人知道，你将使罗马帝国走向辉煌，征服其他所有土地。因为依我看，没有统治全世界的能力，就不配在这里成为神圣的凯撒——而只有你证明了这种能力，指挥官。
str_npc15_kingsupport_3|很高兴你这么想。我建议这样：我在罗马认识些人，也认识罗马军官，都是像我一样被欺压勒索到忍无可忍的人。我会告诉他们，你诚实守信，会偿还债务，不会把臣民逼成乞丐。
str_npc16_kingsupport_3|准我离开几周，我会去从前雇主的庄园转一圈。我会给他们唱支好听的歌，说你当上{国王/女王}后会怎样，给他们多少自由——任他们盘剥佃户，向商人征税，打自己的仗，挥霍到发昏，不用考虑明天，都是老一套的废话！队长，你觉得如何？
str_npc1_kingsupport_objection|大人——你让阿图里乌斯·斯普鲁斯去告诉贵族，他们将拥有牧场、市场和森林的权利？我可不喜欢这样。任他去做，每个村庄都会竖起绞架，上面吊着像我这样的可怜人，只因想拿起弓进树林，给饭桌添点肉。
str_npc2_kingsupport_objection|嗯，队长。希尔德骑马去告诉各地贵族，你允许他们用武力和暴力解决争端。你知道这不合罗马法！如果听她的，我怕贵族为小事争斗，遭殃的多半是往来他们领地之间的商人和旅客。大人，我真希望是她误解了你。
str_npc3_kingsupport_objection|指挥官——拉维娅出门办事了，她说得到了你的准许。她说要走遍村庄，告诉穷苦村民，你一旦成为他们的凯撒，就会绞死所有盗贼和匪徒。{大人/夫人}，我是商人的女儿，深知匪患的祸害，也知道拉维娅受过很大的伤害。但你一定不是要不分青红皂白地绞死人吧？你的国度总该留些仁慈。
str_npc4_kingsupport_objection|首领。阿尔提梅努斯出去告诉公民，你要争夺王位，是因为你懂得收支平衡。这简直胡说。贵族和国王负责作战与统治。如果在他们领地里干过一点活的流浪汉，都能来和他们争工资、计较超支，那世上就只剩混乱了。
str_npc5_kingsupport_objection|{playername}，我听到了你对普尔克拉说的话。但我在想，如果靠农耕生活的地主贵族，和靠贸易挣钱的商人，都能决定征什么税，那税该向谁收？靠畜群生活的人吗？我不觉得这能行。所有自由民都该平等，受同一位君主统治，无论是万王之王还是凯撒，就这么简单。
str_npc6_kingsupport_objection|我听说你派阿巴杜提克尔去编造王室血统。指挥官，我必须告诉你，我不觉得诸神会眷顾这种靠欺诈夺位的企图。
str_npc7_kingsupport_objection|我听到了你对阿塔克洛斯说的话，要给每个普通罪犯向元首上诉的权利。我不赞成。匪徒抓到就该钉十字架。给他们审判或上诉的机会，他们就会靠花言巧语逃脱绞索。阿塔克洛斯是个好人，但没有男人能完全理解，这些披着人皮的狼会怎样对待女人。
str_npc8_kingsupport_objection|队长，你派菲伦特里克斯去告诉各地领主，你要强制实行和平，不许任何人用剑解决争端。难道要我们都死在床上吗？对我的族人来说，那是极大的耻辱。{国王/君主}的职责是带领我们战斗，而不是教我们如何处理争吵和分歧。
str_npc9_kingsupport_objection|{playername}指挥官，我十分遗憾地得知，你让萨提巴尔扎尼斯告诉人们，你将把时间浪费在剿匪上。我希望是自己误解了他，因为我不认为凯撒对普通匪徒发动战争是合适的。对付强盗是城防卫兵的职责！
str_npc10_kingsupport_objection|听说你让考底利耶编诗，为你登基辩护。{兄弟/姐妹}，我可不赞同。人们若为凯撒而战，应该是知道自己能得到些好处，而不是因为喜欢一首傻乎乎的歌。
str_npc11_kingsupport_objection|听说提图斯正四处告诉人们，你要成为神圣的凯撒，然后率军征服世界。{小伙子/姑娘}，这些战争就没个尽头吗？我原以为你当了凯撒，也许能给我们一点和平。不过看来诸神造出鲜血就是让它流淌，造出骨头就是让它折断，我们无法违抗神命。
str_npc12_kingsupport_objection|队长。听说你偏偏选了提托库娜，当什么贵族使节。一想到那个毫无道德的姑娘会以你的名义许下什么，我就发抖。我们原本希望你能帮助帝国走出血腥的过去，迈向和平与求知的新时代。你这样做，简直是在嘲弄我们的期望。够了，我的话说完了。
str_npc13_kingsupport_objection|勇士，听说你准许杰雷姆斯写一篇措辞尖刻的论文，抨击这片土地上人们珍视的一切，指责旧道无用。队长，身为诗人，我知道人们需要效仿的英雄，需要重现的黄金时代。难道你要建立一个由讥世者和学者规定我们信什么的帝国？我想不出比这更无趣的事。
str_npc14_kingsupport_objection|听说你派普拉瓦雷·伊塔里姆向人们宣告，登基后要释放这片土地上的所有恶徒。多糟糕的主意……人必须受到管束，指挥官，必要时就用鞭子、锁链和绞索。我敢保证，等你成了元首，会吃够苦头才明白这一点。
str_npc15_kingsupport_objection|听说你准许狄俄尼西娅散播关于你手上纹路的胡话。我只想说，身为受过教育的人，看到你用老太婆的迷信支持自己的主张，我很不安。村妇今天信这个，明天信那个。内脏占卜师也许还能告诉你些有价值的事，但这种乡野迷信纯属胡扯。
str_npc16_kingsupport_objection|喂，队长！听说马里乌斯·盖乌斯去给商人唱好听的歌，说你会把整个世界装在银盘里奉给他们，让他们大快朵颐、舔嘴咂舌，连骨髓都吸干。我希望这只是你编的说辞。贵族办宴会，至少还会给穷人几枚铜钱，让仆人和奴隶吃饱再回去。商人嫁女儿，奴隶能捞到几块面包皮和碎软骨，就算走运了。至少我的经历如此。
str_npc1_intel_mission|大人，巧得很，我在{s17}有几个堂亲，和家里某些人不同，他们还不至于见了我就讨厌。他们做马匹生意，我偶尔还给他们供些货，所以能听到{s18}各处堡垒和大宅的闲话。我可以去待几天，把打听到的事告诉你。
str_npc2_intel_mission|{大人/哦，夫人}，如果你关心{s18}的动向，我还能联系{s17}的老生意伙伴。他们通常很了解政局。
str_npc3_intel_mission|指挥官，虽然我不能回到父亲在{s17}的家，但仍可联系我的姐妹。她能知道那些大家族商议的事，也许能告诉我们许多关于{s18}的情况。
str_npc4_intel_mission|首领，如果能让我离开几天，我想去{s17}拜访一位老战友。他时常带着小战团，受雇于{s18}。他是个好人，少说多听。我相信喝上一两杯，他就可能告诉我们那里的政局风向。
str_npc5_intel_mission|{playername}，如果你愿意，我可以花几天去看望姨母一家。他们在{s17}的商旅客栈干活，能听到{s18}各地的消息。如果你感兴趣，他们也许知道大贵族之间的仇怨和争斗。
str_npc6_intel_mission|指挥官，严格说来，{s17}并不欢迎我，但我能联系上附近从前庄园的几个佃户。我匆忙离开后，把土地所有权给了他们。如今他们地位不错，也比多数人更不愿拿我的罪责怪我。如果给我几天，我也许能搜集到一些关于{s18}的有趣消息。
str_npc7_intel_mission|队长。离开从前在{s17}的家时，我曾发誓，除非向伤害我的人复仇，否则绝不回去。也许我太冲动了。有时我也好奇家人过得怎样。或许可以带些礼物，让他们知道我如今成了什么样！总之，他们虽然卑微可怜，却像畏缩的狗一样，时刻竖耳听风。如果给我几天去探望，他们或许有关于{s18}的有用情报。
str_npc8_intel_mission|如果你对{s18}的情况感兴趣，我丈夫从前的一位盾友已经退役，如今在{s17}附近经营农场。他和其他一些老战士还有联系。我可以去拜访几天，多了解那里的近况。
str_npc9_intel_mission|{playername}指挥官，我已经有一阵子没享受过{s17}的乐趣了。在那里，像我这样的体面人，常能受到最有权势、最慷慨的贵族款待。如果你愿意，我可以去一趟，告诉你{s18}的大贵族们正为什么事烦心。
str_npc10_intel_mission|队长，我想，{s17}的一些老朋友会很高兴见到我。他们是好伙计，绝不会背叛城市，但和我一样，对指挥他们的富人权贵没什么好感，也许愿意透露一点政坛闲话。上等人总为各种小事闹翻，不过伙计们或许能分辨，是否真有不满在酝酿。
str_npc11_intel_mission|{小伙子/姑娘}，我想起很久没去{s17}看望亲戚了。这些年他们待我不错，穷困时帮过我，所以我想把新得的财富分给他们一些。我也向{s17}的粮商批购过很多次，他们信得过我。如果你有兴趣，我想也许能劝他们透露些{s18}的消息。
str_npc12_intel_mission|队长，如果你愿意，我想抽时间去看望一个学生，他如今受雇于{s17}的总督。我曾对他寄予厚望，可听说他最近主张用甜瓜治疗瘫痪，理由是它性寒，能抵消过量的黄胆汁。这简直糟蹋医学，我必须尽快去纠正他。在那里时，如果你愿意，我也可以问问{s18}的最新动向，这或许对你有用。
str_npc13_intel_mission|勇士！如果你允许，我想去{s17}附近的山谷走走。我尽量不吃回头草，但不得不承认，很想知道从前认识的一位美丽牧羊姑娘近况如何。途中我还可以试着拜访几座城堡。我想，凭我的魅力进入大厅并不难，也许能给你带来{s18}的最新消息。
str_npc14_intel_mission|队长……你也许知道，我曾帮助训练{s17}的驻军。其中一人最近联系了我，说如果去看他，他可以提供{s18}内部的消息。如果你能让我离开，我愿意去。虽然做叛徒极其可耻，但利用叛徒并不丢脸。
str_npc15_intel_mission|指挥官。你也许知道，我早就想去{s17}，研究那里的石工——那是罗马风格最出色的典范之一。恰好我一位同行正在那里修补围墙。我想，他的职业责任感会让他理所当然地拒绝透露防御弱点，但如果你感兴趣，他应该不介意谈谈对{s18}整体状况的看法。
str_npc16_intel_mission|喂，队长！我想去{s17}的老地方走走。这么说吧，那里的领主和夫人曾让我办一件事，却不怎么积极付钱。不过夫人手里有件闪亮的小玩意，正好能抵账。我觉得不必惊动他们，告诉他们我来了。但我可以和会放我进去的老朋友卫队长聊聊，问问{s18}的近况。
str_npc1_fief_acceptance|大人，你要让我做{s17}的领主？这么多年来，还没人对我这么好过。嘿，我一定会好好利用这个机会，你尽管放心。不过我得说，其他贵族发现我这个普通小偷跻身他们尊贵的行列时，会有什么反应，我可没把握。
str_npc2_fief_acceptance|让我治理{s17}？嗯，我一直考虑的是买卖货物，而不是治理什么。但你既然提起，我敢说能让那地方赚进不少收入。谢谢你，{我的大人/我的夫人}，你真是帮了我大忙。
str_npc3_fief_acceptance|{大人/夫人}，你把{s17}赐给我，实在慷慨。我很乐意治理那里，致力于改善居民的品德和生活。
str_npc4_fief_acceptance|你将{s17}赐为我的封地，十分慷慨，也十分合宜。有我这样声名卓著的军阀当{他/她}的封臣，国王确实该感到骄傲。
str_npc5_fief_acceptance|哦，队长，我非常乐意领有{s17}。我会传信回山里，告诉族人，在你的军队中听我指挥，可以光荣地挣到钱——他们会争相赶来，为你而战！
str_npc6_fief_acceptance|指挥官，我才刚开始学会约束自己，你竟认为我有资格治理他人，这让我惊讶。但如果这确是你的意愿，我将荣幸地以你的名义领有{s17}，竭力保护那里的居民。
str_npc7_fief_acceptance|好，我会领有{s17}，让它的名声令整个帝国的盗贼强盗闻风丧胆。队长，谢谢你给我这个机会。
str_npc8_fief_acceptance|你要让我成为国王亲随，成为独立领主？那么，我想可以暂时推迟夺回祖产，在{s17}建立自己的大厅。将来某天，我也许会回乡夺回属于我的东西，但在此之前，我很乐意招募一队身经百战的勇士，在你的旗帜下作战。
str_npc9_fief_acceptance|{playername}指挥官，我曾被人骗走继承权——如今你赐给我这片领地，纠正了那份不公。为你效力，为你而战，并治理好这片土地，将是我莫大的荣幸。
str_npc10_fief_acceptance|你要让我当总督？我想我可以试着替你管理{s17}。我会让饥饿的人吃饱，组建一支精良的部队，为你而战，{兄弟/姐妹}。但我不能保证，那些真正的贵族愿意在议事时和我平起平坐。
str_npc11_fief_acceptance|哎！你要让老狄俄尼西娅治理一座城？我要是拒绝，岂不是傻子？天哪，人生真是变化莫测……想想我这老骨头，竟成了帝国有影响力的人物之一。
str_npc12_fief_acceptance|队长，做你的总督将是我的荣幸。把那片土地交给我，我会努力为它开创更光明的未来——即使这一代做不到，也许下一代可以。
str_npc13_fief_acceptance|你真是慷慨仁慈，{陛下/夫人}。请允许我对你选择我的智慧，致以最崇高的敬意。你的洞察力确实超过宾头沙罗王，他能凭一根头发看透一个人的品性。你的判断力胜过阿育王，连恶魔都要把争端交给他裁决。总之，我接受。
str_npc14_fief_acceptance|队长，你给了我莫大的荣耀。在杰罗亚，像我这样的幼子，很少有机会获得自己的封地。但在这片已知世界里，人仍能凭手中剑，赢得出身未曾给予的东西！我将作为你的封臣领有{s17}，组建军队，为你我双方的荣耀而战。
str_npc15_fief_acceptance|指挥官，这份恩典证明，你正是能够将这片可悲土地从现任那些无能之辈手中拯救出来的元首。我猜这里不少贵族会觉得，像我这样的平民不配治理城镇。等他们看到我的成果，看到我能带来多少收入，就会改口了！
str_npc16_fief_acceptance|哦，我的队长，你真是慷慨。我进出过许多厅堂和庄园——得补一句，并不总经过主人的允许——但从没想过自己会拥有一座。让我想想……收齐第一年的地租后，该给自己买些什么小玩意呢？
str_npc3_woman_to_woman|夫人，恕我直言，我认为你如今已证明，自己是这个国度最伟大的战士之一。但奇怪的是，没有国王主动赐你封地。也许只因你是女人。没关系，我相信你终会跻身这片土地上的大领主之列，哪怕必须比别人战斗更久、更艰苦，付出双倍代价，才能得到应有的回报！
str_npc7_woman_to_woman|队长，恕我直言，你长期奋勇对抗已知世界的败类，击败他们，让这片土地变得更好。你完全配得上自己的封地。我怀疑，如果你不是女人，早就有国王赐给你了。这片可悲土地上的男人就是这样：他们让我们站在阵线前面，承受敌人的打击，分战利品时却希望我们退到后面。
str_npc8_woman_to_woman|打扰一下，{playername}。我想向你道贺，看来你正逐渐成为声名远扬、令人畏惧的战士。如果你是男人，我想这里的国王早就争先恐后地招你为封臣了。唉，在这个世界上，像我们这样的女人，必须加倍奋战，才能得到本来就应得的东西。
str_npc11_woman_to_woman|哎，姑娘，我忍不住在想，你已闯下不小的名声了，不是吗？在各地行军打仗。要是你是男人，我想早就有国王赐你封地了。嗯，你或许还是能得到应得的东西，只是得再多证明自己一些。
str_npc16_woman_to_woman|喂，队长，恕我直言，你在这一带已很有名气了。如果你是男人，我猜早就有国王赐你封地。不过，我们女人也该习惯这种事。男人总会找借口，不肯回报我们的劳动。所以要是看上哪块地，也许就该伸手自己拿。至少我是这么看世界的。
str_npc1_turn_against|大人，抱歉，我们竟以这种方式相见。毫无疑问，我能出人头地，全靠你。你一定觉得我忘恩负义。然而，人总得追随自己的命运，不是吗？
str_npc2_turn_against|这真是悲伤的一天。我从没想过，会在战场上遇到自己的老队长。就算获胜，也不会让我快乐。
str_npc3_turn_against|哦，{playername}，我们的人生竟发生了如此悲惨的转折！我只能希望，既然战争的潮流让我们成为敌人，总有一天也能让我们重归友谊。
str_npc4_turn_against|唉，嗯……我不知道该说什么。如果非打不可，就赶快结束吧。
str_npc5_turn_against|{playername}！我加入过你的战团，也得到丰厚回报！但我要提醒你一个古老的道理：帕提亚人可以是热忱的追随者、忠诚的朋友，却永远不会是你的奴隶……总之，今天我举弓与你为敌，但希望某天，我们能再次举杯，为重续的友谊祝酒。
str_npc6_turn_against|{playername}，以这种方式与你相见，我的悲伤难以言表。我不想再细究是什么让我们走到这一步，只希望终有一天可以和解。
str_npc7_turn_against|队长，你让我成为显贵的女士，我为此感激。但你并没有买下我。如今局势使我们的利益冲突，我可以问心无愧地与你交战。即便如此，我仍希望有朝一日，局势再次改变，我们能以朋友的身份相见。
str_npc8_turn_against|如今我们作为敌人相见，很快也许就要隔着盾沿彼此对峙。真是阴沉的一天。有时，编织命运者的幽默实在黑暗。
str_npc9_turn_against|对于让我们成为敌人的种种境况，我不会认错。我希望你知道，虽然心情沉重，我仍问心无愧。
str_npc10_turn_against|看来命运的潮流让我向老队长开战了。也许从你成为我的主君时，事情就开始不对劲——我想自己本来就不适合当封臣。总之，我们已走到今天。也许世界改变后，不再有主人和仆从，也不再有贵族和奴隶，我们就能作为朋友重逢。
str_npc11_turn_against|诸神啊，{小伙子/姑娘}。看来如今你我成了敌人。我不是说过，人生会经历许多奇怪的转折吗？命运有时真有种残酷的幽默，我只能这么说。
str_npc12_turn_against|看来我们必须开战了。{先生/夫人}，我希望你知道，我没有背叛你。我从来不是为你这个人效力，而是为我以为你所坚持的原则效力。既然你不再坚持它们，我就必须竭力阻止你。但我对你并无恶意，希望有一天，我们还能作为朋友相见。
str_npc13_turn_against|队长，作为敌人与你相见，我很难过。但另一方面，能与像你这样的战场巨人交锋，也是难得的荣幸。真的，我们今日对决的消息，足够让世上的吟游诗人和诗人们几个月都有酒喝、有钱赚，你说呢？
str_npc14_turn_against|{playername}，我们如今作为敌人相见。我承认，心情很复杂。向你开战让我悲伤，但如果交锋后我获胜，就击败了整个已知世界最值得尊敬的对手，也就证明，我的兵法造诣已经圆满！
str_npc15_turn_against|啊……我从不盼望这一天到来。我只想说，依我看，如果你始终信任我，事情绝不会走到这一步。不过你一定有不同的看法。
str_npc16_turn_against|你好，队长！看来我们成了敌人！如果真打起来，我先提醒一句：战斗的狂怒一上来，我并不总能控制自己的行为。无论做出什么，都不是私人恩怨。也许我们若都能活着离开，还能再以朋友的身份相见？
str_npc17_intro|喂，指挥官！我看你在战场上颇有本事，可到了海上呢？你手下需要一个经验丰富的船长，否则就是等着沉船！
str_npc18_intro|你好！愿意陪我喝一杯吗？
str_npc19_intro|你好！美酒乃诸神的恩赐！我总是这么说。
str_npc20_intro|你好！来，陪我喝一杯。那么，干杯吧！
str_npc21_intro|你好！要我说，这里的酒可真难喝……
str_npc22_intro|你好，旅人。看起来，你懂得自由人的劳作有多大价值。我叫提罗。我愿献上盾与剑，以伙伴的身份，而非奴隶的身份。此时正当举杯！
str_npc23_intro|别烦我。我的麻烦够多了，没必要再卷进你的事里。这里不欢迎我，别处也一样。你不会想知道原因的。
str_npc24_intro|你好！有什么可以帮忙？
str_npc25_intro|你好！陌生人，你想要什么？
str_npc26_intro|你好！来，喝点酒。饮酒的理由多得很！
str_npc27_intro|你好！或许我们可以谈谈这个国家眼下的政局？
str_npc28_intro|你好，陌生人。
str_npc29_intro|你好！喝一杯吗？
str_npc30_intro|你好！要喝酒的话，酒馆老板在那边。
str_npc32_intro|大人，准备出征了吗？看到罗马旗帜下有这样一支精锐，真让人高兴！我多希望能与你同行，像引以为傲的祖先那样为罗马效力……对了，你也许需要一个学徒？
str_npc17_intro_response_1|怎么？你是水手？
str_npc18_intro_response_1|我在招人。
str_npc19_intro_response_1|我在招人。
str_npc20_intro_response_1|我在招人。
str_npc21_intro_response_1|我在招人。
str_npc22_intro_response_1|伙伴？那得看你的本事。
str_npc23_intro_response_1|恰恰相反，我想知道。说吧，你看起来像个军团士兵。
str_npc24_intro_response_1|我在招人。
str_npc25_intro_response_1|我在招人。
str_npc26_intro_response_1|我在招人。
str_npc27_intro_response_1|你看起来是位值得尊敬的战士。我想多了解你一些。
str_npc28_intro_response_1|我在招人。
str_npc29_intro_response_1|我在招人。
str_npc30_intro_response_1|我在招人。
str_npc32_intro_response_1|嗯，你觉得自己准备好了？
str_npc17_intro_response_2|罗马靠步步进军的大军征服了一切。滚开，你这可怜的渔夫！
str_npc18_intro_response_2|没什么。
str_npc19_intro_response_2|没什么。
str_npc20_intro_response_2|没什么。
str_npc21_intro_response_2|没什么。
str_npc22_intro_response_2|我不需要释奴。走开。
str_npc23_intro_response_2|诸神虽未赐我无穷智慧，可我看得出你是个逃兵。滚开！
str_npc24_intro_response_2|没什么。
str_npc25_intro_response_2|没什么。
str_npc26_intro_response_2|没什么。
str_npc27_intro_response_2|我才不关心你的本事，再见！
str_npc28_intro_response_2|没什么。
str_npc29_intro_response_2|没什么。
str_npc30_intro_response_2|没什么。
str_npc32_intro_response_2|你还太年轻。先回去继续学习吧。
str_npc17_backstory_a|呸！问我是不是水手？！大人，你去本都，随便找个人打听阿尼刻图斯是谁！去啊，现在就去，找个最笨的刷甲板水手问问！
str_npc18_backstory_a|很好，我正想找份差事。
str_npc19_backstory_a|很好，我正想找份差事。
str_npc20_backstory_a|很好，我正想找份差事。
str_npc21_backstory_a|很好，我正想找份差事。
str_npc22_backstory_a|有道理。你想知道我值多少。我生来就戴着锁链，在新迦太基附近的一座大庄园里……
str_npc23_backstory_a|朱庇特在上！混账！小声点，除非你想让我割掉你的舌头！啊，操……好吧，既然你让我开了口，我就告诉你我是谁。我的本名是卢基乌斯·瓦鲁斯·德鲁苏斯。不过，我大多自称瓦古斯，别人也这样叫。我总是坐立不安，紧张得很。
str_npc24_backstory_a|很好，我正想找份差事。
str_npc25_backstory_a|很好，我正想找份差事。
str_npc26_backstory_a|很好，我正想找份差事。
str_npc27_backstory_a|别把我当成普通佣兵。我叫卢库卢斯·凯皮奥，曾任第VII克劳狄军团第二大队的百夫长副官。我在多瑙河边境训练小伙子，对付那些达契亚蛮族，以此谋生。后来肩膀中了一箭，我便开始在帝国各地辗转找差事。只要你付得起钱，我很乐意加入你的队伍，将你视为兄弟和指挥官。
str_npc28_backstory_a|很好，我正想找份差事。
str_npc29_backstory_a|很好，我正想找份差事。
str_npc30_backstory_a|很好，我正想找份差事。
str_npc32_backstory_a|我的学业快结束了。我学过如何用剑突刺，如何在行军时判断地形，也熟记从亚历山大至今的所有大战，研究过其中的战术。我能成为一名好指挥官，只是还需要实践……
str_npc17_backstory_b|他们全都会告诉你，阿尼刻图斯曾是波勒蒙二世国王麾下的首席海军统帅，皇家舰队司令，黑海最大的鲨鱼，而且人也棒极了！
str_npc18_backstory_b|我是罗马公民，曾在罗马军队服役多年。退伍多年后，我开始怀念战争的艰辛。
str_npc19_backstory_b|我是罗马公民，曾在罗马军队服役多年。退伍多年后，我开始怀念战争的艰辛。
str_npc20_backstory_b|我是罗马公民，曾在罗马军队服役多年。退伍多年后，我开始怀念战争的艰辛。
str_npc21_backstory_b|我是罗马公民，曾在罗马军队服役多年。退伍多年后，我开始怀念战争的艰辛。
str_npc22_backstory_b|我的自由来之不易。不是靠钱，而是靠竞技场里的鲜血。我当了五年角斗士，活了下来，赢得象征自由的木剑鲁迪斯，以自由人的身份走了出去。但在罗马，自由很昂贵。我需要钱，才能维持自己的……独立。
str_npc23_backstory_b|我生在卡普亚附近，父母是一对佃农。日子还过得去，父亲是重征老兵。他曾在日耳曼尼库斯麾下服役，征战中学到了许多东西，包括如何活下去。这世道残酷，不会用罗马短剑，就活不长。军团养活了他，也占有了他。我们都是罗马的奴隶。不……这么说不对。就是这样！不……啊。总之，成年后我离开了家，想去参军，因为父亲把追随鹰旗的日子说得无比美好。于是我去了。到尼禄继位时，我早已渡过幼发拉底河，迎战过帕提亚人的箭雨，亲眼见它们遮蔽天空，也曾在亚美尼亚的战事中被尸体包围。
str_npc24_backstory_b|我是罗马公民，曾在罗马军队服役多年。退伍多年后，我开始怀念战争的艰辛。
str_npc25_backstory_b|我是罗马公民，曾在罗马军队服役多年。退伍多年后，我开始怀念战争的艰辛。
str_npc26_backstory_b|我是罗马公民，曾在罗马军队服役多年。退伍多年后，我开始怀念战争的艰辛。
str_npc27_backstory_b|说起肩伤，倒是个值得讲的故事。那本是平常的一天，我在行军营地站岗。军团正在一片发现达契亚人踪迹的区域巡逻。嗯，正如我说的，我当时在站岗。
str_npc28_backstory_b|我是罗马公民，曾在罗马军队服役多年。退伍多年后，我开始怀念战争的艰辛。
str_npc29_backstory_b|我是罗马公民，曾在罗马军队服役多年。退伍多年后，我开始怀念战争的艰辛。
str_npc30_backstory_b|我是罗马公民，曾在罗马军队服役多年。退伍多年后，我开始怀念战争的艰辛。
str_npc32_backstory_b|我知道，你不能立刻让我领兵。只要让我跟着你，看看你怎么做就行。我学得很快，也不会有比我更忠于罗马的人了。
str_npc17_backstory_c|好了，别追究我怎么困在{s20}的。这么说吧，要是有人带着忠诚的伙计们，嗯，借……借国王几艘船，来一场漫长而愉快的巡游，顺便在卢西塔尼亚到陶里卡之间四处抓些软弱的商人，卖给奴隶贩子，再拿走他们的货物……那么，这可是重罪，在{s20}这样的地方，整船人都会被钉上十字架，对吧？当然，你知道，我绝不会做这种事。我只是恰好待在这里，没船，也没船员。对你这样需要好统帅的人来说，这可是天大的好运。
str_npc18_backstory_c|现在，我四处游历，寻找值得追随的能干指挥官。
str_npc19_backstory_c|现在，我四处游历，寻找值得追随的能干指挥官。
str_npc20_backstory_c|现在，我四处游历，寻找值得追随的能干指挥官。
str_npc21_backstory_c|现在，我四处游历，寻找值得追随的能干指挥官。
str_npc22_backstory_c|我不是普通佣兵。我作战严守纪律，懂得稳住阵线。只要你尊重我，我就会像为亲兄弟一样为你而战。
str_npc23_backstory_c|我做过一些事，一些血腥的事，可比起那个贵族，维雷孔杜斯……蠢货……那个叫盖乌斯·卡西乌斯的白痴指挥官，根本不算什么。他憎恨行省居民，克扣军饷，把士兵当狗。后来有一天，一个帕提亚小村已经投降，我们也早就走过去了，可我们伟大的长官偏要回去烧掉那些茅屋。我看见一个受伤的小女孩躺在地上。听不懂她的话，但我猜她在求我别烧她们的家。我拒绝了，已经够了。盖乌斯拿过火把，正要烧那间屋子，我却用罗马短剑刺穿了他，直刺喉咙，然后逃走了……士兵们开始追我……没追上……我跑得太快。从那以后，我就一直东躲西逃。
str_npc24_backstory_c|现在，我四处游历，寻找值得追随的能干指挥官。
str_npc25_backstory_c|现在，我四处游历，寻找值得追随的能干指挥官。
str_npc26_backstory_c|现在，我四处游历，寻找值得追随的能干指挥官。
str_npc27_backstory_c|突然，不知从哪里飞来一支箭，射中了我。几秒后，我看见大群达契亚人向营地冲来。虽然肩上插着箭，我当然还是发出了警报。我参加了战斗，击败许多敌人。我们当然打赢了。可伤势比我想的严重，治好之后，胳膊也不如从前灵便。百夫长说我没用了，把我赶出了军队。真是耻辱。
str_npc28_backstory_c|现在，我四处游历，寻找值得追随的能干指挥官。
str_npc29_backstory_c|现在，我四处游历，寻找值得追随的能干指挥官。
str_npc30_backstory_c|现在，我四处游历，寻找值得追随的能干指挥官。
str_npc32_backstory_c|我的家族，莱莫尼乌斯，是古老的世家。历史久远得连罗马建城时我们是否在这里，都没人说得清。反正我们肯定就在这一带。塞尔维乌斯划分的十六个乡村部落中，就有一个以我们命名。我们可是最初共和国的创立者！如今虽不如克劳狄、尤利乌斯或弗拉维乌斯家族富有强大，可论荣誉与尊严，丝毫不逊色，不像莫迪乌斯家那些下等货色。
str_npc17_backstory_later|喂，又是你！海上过得怎么样？要是需要好船长，我还没找到下家。
str_npc18_backstory_later|我走过一个又一个地方，却还没找到中意的指挥官。
str_npc19_backstory_later|我走过一个又一个地方，却还没找到中意的指挥官。
str_npc20_backstory_later|我走过一个又一个地方，却还没找到中意的指挥官。
str_npc21_backstory_later|我走过一个又一个地方，却还没找到中意的指挥官。
str_npc22_backstory_later|仍是自由身，也仍饿着肚子。有时竞技场还在召唤我，不过我更愿在蓝天下作战。你在招人吗？
str_npc23_backstory_later|还在附近晃悠？
str_npc24_backstory_later|我走过一个又一个地方，却还没找到中意的指挥官。
str_npc25_backstory_later|我走过一个又一个地方，却还没找到中意的指挥官。
str_npc26_backstory_later|我走过一个又一个地方，却还没找到中意的指挥官。
str_npc27_backstory_later|我从一座城走到另一座城，还是找不到满意的差事。
str_npc28_backstory_later|我走过一个又一个地方，却还没找到中意的指挥官。
str_npc29_backstory_later|我走过一个又一个地方，却还没找到中意的指挥官。
str_npc30_backstory_later|我走过一个又一个地方，却还没找到中意的指挥官。
str_npc32_backstory_later|大人！很高兴再次见到你。我照你说的，一直刻苦学习，每天都有进步，可我真的需要实践。我觉得自己准备好了！现在你愿意收下我了吗？
str_npc17_backstory_response_1|好。你能帮上我们的忙。
str_npc18_backstory_response_1|你要找差事的话，我需要有经验的士兵。
str_npc19_backstory_response_1|你要找差事的话，我需要有经验的士兵。
str_npc20_backstory_response_1|你要找差事的话，我需要有经验的士兵。
str_npc21_backstory_response_1|你要找差事的话，我需要有经验的士兵。
str_npc22_backstory_response_1|角斗士的纪律或许能派上用场。我有兴趣。
str_npc23_backstory_response_1|训练有素的士兵，也许能派上用场……也许吧。
str_npc24_backstory_response_1|你要找差事的话，我需要有经验的士兵。
str_npc25_backstory_response_1|你要找差事的话，我需要有经验的士兵。
str_npc26_backstory_response_1|你要找差事的话，我需要有经验的士兵。
str_npc27_backstory_response_1|我的队伍确实需要你这样意志坚毅的老兵。
str_npc28_backstory_response_1|你要找差事的话，我需要有经验的士兵。
str_npc29_backstory_response_1|你要找差事的话，我需要有经验的士兵。
str_npc30_backstory_response_1|你要找差事的话，我需要有经验的士兵。
str_npc32_backstory_response_1|很好。你可以跟着我当学徒。
str_npc17_backstory_response_2|我宁愿不冒这个险。再见。
str_npc18_backstory_response_2|其实我不需要更多人。
str_npc19_backstory_response_2|其实我不需要更多人。
str_npc20_backstory_response_2|其实我不需要更多人。
str_npc21_backstory_response_2|其实我不需要更多人。
str_npc22_backstory_response_2|我需要士兵，不是竞技场演员。
str_npc23_backstory_response_2|你会像背叛指挥官那样背叛我，流浪汉！滚出我的视线！
str_npc24_backstory_response_2|其实我不需要更多人。
str_npc25_backstory_response_2|其实我不需要更多人。
str_npc26_backstory_response_2|其实我不需要更多人。
str_npc27_backstory_response_2|我不需要一个老残废。
str_npc28_backstory_response_2|其实我不需要更多人。
str_npc29_backstory_response_2|其实我不需要更多人。
str_npc30_backstory_response_2|其实我不需要更多人。
str_npc32_backstory_response_2|我觉得你还没准备好。
str_npc17_signup|嘿嘿，我就想听这话。朋友，听着，我会好好为你效力，必要时，还会带领你的舰队赢得荣耀。
str_npc18_signup|很好。我相信自己能好好为你效力。
str_npc19_signup|很好。我相信自己能好好为你效力。
str_npc20_signup|很好。我相信自己能好好为你效力。
str_npc21_signup|很好。我相信自己能好好为你效力。
str_npc22_signup|你很有眼光，不会后悔的。如今我为自己的理由而战，而你的事业看起来……颇有赚头。
str_npc23_signup|我不会再任人利用了！！我已经离开了那种生活，士兵的生活。我意识到，父亲也可能骗过我，谁知道他做过什么可怕的事，却没告诉我……我想要更好的生活，更好的道路，不需要杀害无辜的道路。我知道，谁算无辜，并不那么容易判断……但我绝不会为了谁取乐而杀手无寸铁的农民。罗马要我打仗、征服她的敌人，可我已经受够了。不过，我也不想在这里把钱全花在酒和妓女身上。我得做点什么……更有意义的事。
str_npc24_signup|很好。我相信自己能好好为你效力。
str_npc25_signup|很好。我相信自己能好好为你效力。
str_npc26_signup|很好。我相信自己能好好为你效力。
str_npc27_signup|只要有足够的敌人可打，有贫苦平民可供我训练，我俩一定都会满意！
str_npc28_signup|很好。我相信自己能好好为你效力。
str_npc29_signup|很好。我相信自己能好好为你效力。
str_npc30_signup|很好。我相信自己能好好为你效力。
str_npc32_signup|谢谢您，大人！我保证，您不会后悔收下我。
str_npc17_signup_2|最妙的是，我会免费加入，因为……某些原因。那都不重要。不过，我至少要分到一份不错的战利品。
str_npc18_signup_2|我会以性命保护你，也会帮你管理军队。
str_npc19_signup_2|我会以性命保护你，也会帮你管理军队。
str_npc20_signup_2|我会以性命保护你，也会帮你管理军队。
str_npc21_signup_2|我会以性命保护你，也会帮你管理军队。
str_npc22_signup_2|我精通罗马短剑和盾牌，也能训练新兵，免得他们第一场小仗就送命。你的答复是什么？
str_npc23_signup_2|我会杀人，会伤人……也会拷问……不……不是那个……不，也许是？我在说什么？……啊……我的意思是，士兵能做的，我全能做。不过，你要雇我，最好只命我攻击罪有应得的人，比如强盗。但我不会白干，我也得吃饭……
str_npc24_signup_2|我会以性命保护你，也会帮你管理军队。
str_npc25_signup_2|我会以性命保护你，也会帮你管理军队。
str_npc26_signup_2|我会以性命保护你，也会帮你管理军队。
str_npc27_signup_2|虽然有伤，我仍能在战斗中击败一个臭达契亚战士。而且，你找不到比我更会训练士兵的人！
str_npc28_signup_2|我会以性命保护你，也会帮你管理军队。
str_npc29_signup_2|我会以性命保护你，也会帮你管理军队。
str_npc30_signup_2|我会以性命保护你，也会帮你管理军队。
str_npc32_signup_2|莱莫尼乌斯家的人都是最好的士兵！
str_npc17_signup_response_1|太好了，这正合我意。
str_npc18_signup_response_1|我会雇你。
str_npc19_signup_response_1|我会雇你。
str_npc20_signup_response_1|我会雇你。
str_npc21_signup_response_1|我会雇你。
str_npc22_signup_response_1|提罗，欢迎加入。
str_npc23_signup_response_1|有明确道德底线的士兵，或许比佣兵更有用。成交！
str_npc24_signup_response_1|我会雇你。
str_npc25_signup_response_1|我会雇你。
str_npc26_signup_response_1|我会雇你。
str_npc27_signup_response_1|听起来正合适。你被雇用了。
str_npc28_signup_response_1|我会雇你。
str_npc29_signup_response_1|我会雇你。
str_npc30_signup_response_1|我会雇你。
str_npc32_signup_response_1|准备好，我们很快就要开拔。
str_npc17_signup_response_2|对我来说，这太冒险了。抱歉。
str_npc18_signup_response_2|其实我不需要更多人。
str_npc19_signup_response_2|其实我不需要更多人。
str_npc20_signup_response_2|其实我不需要更多人。
str_npc21_signup_response_2|其实我不需要更多人。
str_npc22_signup_response_2|我改主意了。再见。
str_npc23_signup_response_2|原来你不会服从命令。你对我毫无用处，不如去卖身吧，你也只配干那个。
str_npc24_signup_response_2|其实我不需要更多人。
str_npc25_signup_response_2|其实我不需要更多人。
str_npc26_signup_response_2|其实我不需要更多人。
str_npc27_signup_response_2|我不确定你带着伤还能不能作战。
str_npc28_signup_response_2|其实我不需要更多人。
str_npc29_signup_response_2|其实我不需要更多人。
str_npc30_signup_response_2|其实我不需要更多人。
str_npc32_signup_response_2|我改主意了。我要你先完成学业。
str_npc18_payment|不过，加入之前，我需要{reg3}第纳尔报酬。
str_npc19_payment|不过，加入之前，我需要{reg3}第纳尔报酬。
str_npc20_payment|不过，加入之前，我需要{reg3}第纳尔报酬。
str_npc21_payment|不过，加入之前，我需要{reg3}第纳尔报酬。
str_npc22_payment|我需要{reg3}第纳尔作为入队酬金。人总得吃饭，而且庆祝获得自由那些日子欠下的债，也得还。
str_npc23_payment|等一下……我需要预付{reg3}第纳尔……我在这家酒馆欠了些债……
str_npc24_payment|不过，加入之前，我需要{reg3}第纳尔报酬。
str_npc25_payment|不过，加入之前，我需要{reg3}第纳尔报酬。
str_npc26_payment|不过，加入之前，我需要{reg3}第纳尔报酬。
str_npc27_payment|很好。不过，加入之前，我需要{reg3}第纳尔报酬。我欠了……呃，某些人不少债，必须先还清。
str_npc28_payment|不过，加入之前，我需要{reg3}第纳尔报酬。
str_npc29_payment|不过，加入之前，我需要{reg3}第纳尔报酬。
str_npc30_payment|不过，加入之前，我需要{reg3}第纳尔报酬。你明白吗？
str_npc18_payment_response|好，这是给你的{reg3}第纳尔。准备一下。
str_npc19_payment_response|好，这是给你的{reg3}第纳尔。准备一下。
str_npc20_payment_response|好，这是给你的{reg3}第纳尔。准备一下。
str_npc21_payment_response|好，这是给你的{reg3}第纳尔。准备一下。
str_npc22_payment_response|这是{reg3}第纳尔。欢迎加入队伍。
str_npc23_payment_response|你会得到{reg3}第纳尔。
str_npc24_payment_response|好，这是给你的{reg3}第纳尔。准备一下。
str_npc25_payment_response|好，这是给你的{reg3}第纳尔。准备一下。
str_npc26_payment_response|好，这是给你的{reg3}第纳尔。准备一下。
str_npc27_payment_response|很好，给你{reg3}第纳尔。
str_npc28_payment_response|好，这是给你的{reg3}第纳尔。准备一下。
str_npc29_payment_response|好，这是给你的{reg3}第纳尔。准备一下。
str_npc30_payment_response|好，这是给你的{reg3}第纳尔。准备一下。
str_npc17_morality_speech|真是一场血洗，而且不是我们希望的那种。大人，我直说了，打仗不是为了让我们全都壮烈牺牲，而是让对面的人去死。人死了，要战利品还有什么用？
str_npc18_morality_speech|你好，指挥官。我只想提醒一句，有头脑的指挥官不会让自己的队伍{s21}。
str_npc19_morality_speech|你好，指挥官。我只想提醒一句，有头脑的指挥官不会让自己的队伍{s21}。
str_npc20_morality_speech|你好，指挥官。我只想提醒一句，有头脑的指挥官不会让自己的队伍{s21}。
str_npc21_morality_speech|你好，指挥官。我只想提醒一句，有头脑的指挥官不会让自己的队伍{s21}。
str_npc22_morality_speech|队长，借一步说话。我为自己的自由而战，可不是为了给别人戴上锁链，或焚毁农民的家园。竟然{s21}……这让我恶心。我们不该如此。
str_npc23_morality_speech|别给我{s21}的任务。我已经不是那种人了！我受不了！这让我恶心！那些哭泣的妇女和孩子……他们的痛苦与折磨……
str_npc24_morality_speech|你好，指挥官。我只想提醒一句，有头脑的指挥官不会让自己的队伍{s21}。
str_npc25_morality_speech|你好，指挥官。我只想提醒一句，有头脑的指挥官不会让自己的队伍{s21}。
str_npc26_morality_speech|你好，指挥官。我只想提醒一句，有头脑的指挥官不会让自己的队伍{s21}。
str_npc27_morality_speech|大人，粮食储备偶尔不足，我能理解，也能忍受；不得不撤退，我也能理解和忍受。没错，我打过许多仗，忍得了很多事。但我受不了看着我们的士兵，我亲手训练的士兵，被这样屠杀。大人，如果你知道打不赢，就撤退！别让我们这样白白送命。
str_npc28_morality_speech|你好，指挥官。我只想提醒一句，有头脑的指挥官不会让自己的队伍{s21}。
str_npc29_morality_speech|你好，指挥官。我只想提醒一句，有头脑的指挥官不会让自己的队伍{s21}。
str_npc30_morality_speech|你好，指挥官。我只想提醒一句，有头脑的指挥官不会让自己的队伍{s21}。
str_npc31_morality_speech|指挥官，我得说，我们竟然{s21}，这让我很不高兴。我是个有荣誉的战士，守信很重要。你已经作出承诺。战士一旦许诺，就必须遵守。
str_npc18_personalityclash_speech|你好，指挥官。我得说，我不喜欢{s11}。那人不可信，只是个没用的文书，还崇拜那个该死的神。
str_npc19_personalityclash_speech|你好，指挥官。我想让你知道，我不喜欢{s11}。
str_npc20_personalityclash_speech|你好，指挥官。我想让你知道，我不喜欢{s11}。
str_npc21_personalityclash_speech|你好，指挥官。我想让你知道，我不喜欢{s11}。
str_npc22_personalityclash_speech|队长，我得说说{s11}。那人的眼神像条疯狗。
str_npc24_personalityclash_speech|{大人/女士}，{s11}是个懦弱的操马混蛋。
str_npc25_personalityclash_speech|你好，指挥官。我想让你知道，我不喜欢{s11}。
str_npc26_personalityclash_speech|你好，指挥官。我想让你知道，我不喜欢{s11}。
str_npc27_personalityclash_speech|大人，我只想说，我觉得{s11}很可疑。每次战斗过后，他都要搞那些古怪仪式，似乎也毫不尊重鹰旗。我只想提醒你：换作我，就把这只猴子赶走。
str_npc28_personalityclash_speech|{大人/女士}，{s11}很古怪……
str_npc29_personalityclash_speech|你好，指挥官。我想让你知道，我不喜欢{s11}。
str_npc30_personalityclash_speech|你好，指挥官。我想让你知道，我不喜欢{s11}。
str_npc31_personalityclash_speech|首领，我得说，{s11}是个可疑的人。他整天谈海、鱼和航行，不是好战士，只是个普通渔夫。
str_npc32_personalityclash_speech|大人，你是伟大的罗马人，可为什么执意庇护{s11}这条毒蛇？莱莫尼乌斯家的人恨不得把他和所有莫迪乌斯家的人都钉上十字架，扔到河里漂走。莫迪乌斯家世世代代都是叛徒，总想伤害正直的罗马人，破坏帝国！他们打官司陷害我们，烧毁我们的生意，杀害我们的族人，已经一百多年了，全因为他们是毫无荣誉的渣滓！
str_npc18_personalityclash_speech_b|战斗时，他竟敢对我发号施令！他只是个文书，我却是身经百战的老兵。下次他再这样，我就打断他的鼻子。
str_npc19_personalityclash_speech_b|我不觉得女人该上战场。按罗马传统，女人就该做饭、治伤，还有……陪我们这些真正的士兵“玩”。
str_npc20_personalityclash_speech_b|我不觉得女人该上战场。按罗马传统，女人就该做饭、治伤，还有……陪我们这些真正的士兵“玩”。
str_npc21_personalityclash_speech_b|我不觉得女人该上战场。按罗马传统，女人就该做饭、治伤，还有……陪我们这些真正的士兵“玩”。
str_npc22_personalityclash_speech_b|他竟然夸耀自己杀了百夫长。杀害长官的人背叛了军纪，也会危及我们所有人。我可不敢把后背交给他。
str_npc24_personalityclash_speech_b|战斗时，我看见他随我们的骑兵一起冲锋，可就在骑兵要撞上敌阵之前，他却转向了右边。战后我发现他裤子湿了，可那不是血！我敢肯定，他吓得尿了裤子。这样的渣滓，竟还自称骄傲而高贵的战士！
str_npc25_personalityclash_speech_b|我不觉得女人该上战场。按罗马传统，女人就该做饭、治伤，还有……陪我们这些真正的士兵“玩”。
str_npc26_personalityclash_speech_b|我不觉得女人该上战场。按罗马传统，女人就该做饭、治伤，还有……陪我们这些真正的士兵“玩”。
str_npc27_personalityclash_speech_b|我会尽量和这只猴子相处，不过大人，正如我说的，你该考虑把他赶走。罗马的队伍里不需要这样的东西。
str_npc28_personalityclash_speech_b|说实话，我觉得他是个变态。我发现他总盯着女人拉屎。更恶心的是……前几天，一个随军女人刚方便完，他就走过去摸那堆粪，把一些抹在手上，凑到鼻子前！我只想提醒你，干这种事的人脑子都有毛病！
str_npc29_personalityclash_speech_b|我不觉得女人该上战场。按罗马传统，女人就该做饭、治伤，还有……陪我们这些真正的士兵“玩”。
str_npc30_personalityclash_speech_b|我不觉得女人该上战场。按罗马传统，女人就该做饭、治伤，还有……陪我们这些真正的士兵“玩”。
str_npc31_personalityclash_speech_b|我只想告诉你，他不是好士兵。像你这样的伟大首领，战团里不该养渔夫，而该有懂得用矛和盾的好战士。
str_npc32_personalityclash_speech_b|如果你觉得{s11}有用，我会为了你尽量和他相处，不过别指望我对那个废物客气。
str_npc18_personalityclash2_speech|你好，指挥官。我觉得{s11}是个懒婊子。
str_npc19_personalityclash2_speech|你好，指挥官。我觉得{s11}是个懒婊子。
str_npc20_personalityclash2_speech|你好，指挥官。我觉得{s11}是个懒婊子。
str_npc21_personalityclash2_speech|你好，指挥官。我觉得{s11}是个懒婊子。
str_npc22_personalityclash2_speech|队长，{s11}跟我说话的口气，仿佛我还是奴隶。“提罗，去拿这个。”“提罗，把那个擦干净。”
str_npc24_personalityclash2_speech|你好，指挥官。我觉得{s11}是个懒婊子。
str_npc25_personalityclash2_speech|你好，指挥官。我觉得{s11}是个懒婊子。
str_npc26_personalityclash2_speech|你好，指挥官。我觉得{s11}是个懒婊子。
str_npc27_personalityclash2_speech|大人，{s11}这家伙就是个没用的蠢货！
str_npc28_personalityclash2_speech|你好，指挥官。我觉得{s11}是个懒婊子。
str_npc29_personalityclash2_speech|你好，指挥官。我觉得{s11}是个懒婊子。
str_npc30_personalityclash2_speech|你好，指挥官。我觉得{s11}是个懒娼妇。
str_npc18_personalityclash2_speech_b|我叫她给我做点吃的，她却让我自己做。昨晚我想和她玩一会儿，她居然骂我是猪。
str_npc19_personalityclash2_speech_b|我叫她给我做点吃的，她却让我自己做。昨晚我想和她玩一会儿，她居然骂我是猪。
str_npc20_personalityclash2_speech_b|我叫她给我做点吃的，她却让我自己做。昨晚我想和她玩一会儿，她居然骂我是猪。
str_npc21_personalityclash2_speech_b|我叫她给我做点吃的，她却让我自己做。昨晚我想和她玩一会儿，她居然骂我是猪。
str_npc22_personalityclash2_speech_b|我赢得自由，可不是为了被某个从没尝过自己鲜血的自大贵族呼来喝去。
str_npc24_personalityclash2_speech_b|我叫她给我做点吃的，她却让我自己做。昨晚我想和她玩一会儿，她居然骂我是猪。
str_npc25_personalityclash2_speech_b|我叫她给我做点吃的，她却让我自己做。昨晚我想和她玩一会儿，她居然骂我是猪。
str_npc26_personalityclash2_speech_b|我叫她给我做点吃的，她却让我自己做。昨晚我想和她玩一会儿，她居然骂我是猪。
str_npc27_personalityclash2_speech_b|除了写字，他什么都不干，真的什么都不干。他只会吃我们的粮食，更要命的是，还拿我们的酒去搞那些毫无用处的仪式。
str_npc28_personalityclash2_speech_b|我叫她给我做点吃的，她却让我自己做。昨晚我想和她玩一会儿，她居然骂我是猪。
str_npc29_personalityclash2_speech_b|我叫她给我做点吃的，她却让我自己做。昨晚我想和她玩一会儿，她居然骂我是猪。
str_npc30_personalityclash2_speech_b|我叫她给我做点吃的，她却让我自己做。昨晚我想和她玩一会儿，她居然骂我是猪。
str_npc18_personalitymatch_speech|你好，指挥官。我只想说，我觉得{s11}是个能干的人。
str_npc19_personalitymatch_speech|{大人/女士}，{s11}是个好士兵。
str_npc20_personalitymatch_speech|{大人/女士}，{s11}是个好士兵，对我们的大队大有帮助。
str_npc21_personalitymatch_speech|你好，指挥官。我只想说，我觉得{s11}是个能干的人。
str_npc22_personalitymatch_speech|队长，提托库娜真是个野姑娘，是吧？没错，她是个贼，可她心里有一团火。
str_npc24_personalitymatch_speech|你好，指挥官。我只想说，我觉得{s11}是个能干的人。
str_npc25_personalitymatch_speech|你好，指挥官。我只想说，我觉得{s11}是个能干的人。
str_npc26_personalitymatch_speech|你好，指挥官。我只想说，我觉得{s11}是个能干的人。
str_npc27_personalitymatch_speech|大人，我只想赞赏你雇用了{s11}。他是真正的罗马人，尊崇共和国古老的价值观，这点令我十分钦佩。总的来说，我很敬佩莫迪乌斯家族。他们代表着让罗马从城邦崛起为帝国的品质。
str_npc28_personalitymatch_speech|你好，指挥官。我只想说，我觉得{s11}是个能干的人。
str_npc29_personalitymatch_speech|你好，指挥官。我只想说，我觉得{s11}是个能干的人。
str_npc30_personalitymatch_speech|你好，指挥官。我得说，我很喜欢{s11}。
str_npc18_personalitymatch_speech_b|他是真正的罗马人，重视职责，尊崇祖制。换作我，只会雇用这种来自意大利的人。
str_npc19_personalitymatch_speech_b|他说以前主要在图书馆和港务机构当文书，可尽管出身如此，他还是个有用的好士兵。他会做饭，帮着捡柴、搭营，而且从不抱怨！有他加入大队，真不错。
str_npc20_personalitymatch_speech_b|起初我以为他是个懦夫，可上次战斗，他竟然救了我的命！我与主力失散，被十二个敌人围住，独自一人几乎不可能取胜。可他骑马赶来，杀了两个敌人，我便得以跳上他的马，由他带回了主力身边。
str_npc21_personalitymatch_speech_b|他是真正的罗马人，重视职责，尊崇祖制。换作我，只会雇用这种来自意大利的人。
str_npc22_personalitymatch_speech_b|她按自己的规矩生活，想要什么就拿什么。我欣赏这一点。她的叛逆中有一种坦诚，让我觉得……很有吸引力。
str_npc24_personalitymatch_speech_b|他是真正的罗马人，重视职责，尊崇祖制。换作我，只会雇用这种来自意大利的人。
str_npc25_personalitymatch_speech_b|他是真正的罗马人，重视职责，尊崇祖制。换作我，只会雇用这种来自意大利的人。
str_npc26_personalitymatch_speech_b|他是真正的罗马人，重视职责，尊崇祖制。换作我，只会雇用这种来自意大利的人。
str_npc27_personalitymatch_speech_b|大人，我只想说：多雇些这样的真正罗马人，你就能征服全世界。
str_npc28_personalitymatch_speech_b|他是真正的罗马人，重视职责，尊崇祖制。换作我，只会雇用这种来自意大利的人。
str_npc29_personalitymatch_speech_b|他是真正的罗马人，重视职责，尊崇祖制。换作我，只会雇用这种来自意大利的人。
str_npc30_personalitymatch_speech_b|她真是个漂亮姑娘。上次战斗之后，她脱衣洗澡，我看见她赤裸的身体……然后我们稍稍“玩”了一会儿。 ^^-- 他笑了。 --
str_npc17_retirement_speech|大人，这真是一趟好航程。和你一起游历世界，击败敌人，夺取战利品，我很开心。不过，我该走了。如今我攒下的战利品足够置办自己的船，而且本都正有些事情发生，我很想参与。我会一直记得我们并肩作战的日子。也许，我们还会再次相逢。
str_npc18_retirement_speech|跟着你的日子，我过得不错。不过，我想自己该再次退隐了。事情并不像我想象的那样。
str_npc19_retirement_speech|跟着你的日子，我过得不错。不过，我想自己该再次退隐了。事情并不像我想象的那样。
str_npc20_retirement_speech|跟着你的日子，我过得不错。不过，我想自己该再次退隐了。事情并不像我想象的那样。
str_npc21_retirement_speech|跟着你的日子，我过得不错。不过，我想自己该再次退隐了。事情并不像我想象的那样。
str_npc22_retirement_speech|队长，我受够了。路太长，这点报酬已经不值得再流血。我打算买个小农场，也许教人习武，作为自由公民过安静的生活。
str_npc23_retirement_speech|我怎么会以为，独自当个士兵就能得到救赎？现在该怎么办……也许我该去当农民。
str_npc24_retirement_speech|跟着你的日子，我过得不错。不过，我想自己该再次退隐了。事情并不像我想象的那样。
str_npc25_retirement_speech|跟着你的日子，我过得不错。不过，我想自己该再次退隐了。事情并不像我想象的那样。
str_npc26_retirement_speech|跟着你的日子，我过得不错。不过，我想自己该再次退隐了。事情并不像我想象的那样。
str_npc27_retirement_speech|我们一起赢过许多胜仗。总的来说，在你麾下的日子很愉快。不过，现在我该走了。我会去别处碰碰运气。
str_npc28_retirement_speech|跟着你的日子，我过得不错。不过，我想自己该再次退隐了。事情并不像我想象的那样。
str_npc29_retirement_speech|跟着你的日子，我过得不错。不过，我想自己该再次退隐了。事情并不像我想象的那样。
str_npc30_retirement_speech|跟着你的日子，我过得不错。不过，我想自己该再次退隐了。事情并不像我想象的那样。
str_npc31_retirement_speech|首领，我们一起打过许多好仗，不过现在该分别了。我想回家看看族人是否需要帮忙，或者投奔另一位伟大首领的军队。但我永远会记得我们那些伟大的胜利。
str_npc32_retirement_speech|大人，你教会了我太多东西，也帮助我成长为一个真正的莱莫尼乌斯，我永远感激！我想自己已经学得够多了。现在，我得回到家族，为我们光荣的帝国继续与莫迪乌斯家斗争。大人，若你需要支持，尽管来找我！
str_npc17_rehire_speech|大人，又来看这条老海狗了？你知道，本都的计划我已经办妥，也打过几场痛快的海战。可惜，我如今又没船了。所以，如果你还有位置留给这个老统帅，我很愿意。
str_npc18_rehire_speech|指挥官，很高兴再次见到你。过去我们虽有分歧，可我实在找不到差事。我愿意再和你一起作战。
str_npc19_rehire_speech|指挥官，很高兴再次见到你。过去我们虽有分歧，可我实在找不到差事。我愿意再和你一起作战。
str_npc20_rehire_speech|指挥官，很高兴再次见到你。过去我们虽有分歧，可我实在找不到差事。我愿意再和你一起作战。
str_npc21_rehire_speech|指挥官，很高兴再次见到你。过去我们虽有分歧，可我实在找不到差事。我愿意再和你一起作战。
str_npc22_rehire_speech|队长，看来安静日子终究不适合我。农场无聊，酒也酸。我想念盾墙了。你愿意让我回来吗？
str_npc23_rehire_speech|不是拿起草叉，就能开始种黑麦的。我真傻，竟以为那么容易。让我回来吧。我需要更多时间和钱，才能熬过去。
str_npc24_rehire_speech|指挥官，很高兴再次见到你。过去我们虽有分歧，可我实在找不到差事。我愿意再和你一起作战。
str_npc25_rehire_speech|指挥官，很高兴再次见到你。过去我们虽有分歧，可我实在找不到差事。我愿意再和你一起作战。
str_npc26_rehire_speech|指挥官，很高兴再次见到你。过去我们虽有分歧，可我实在找不到差事。我愿意再和你一起作战。
str_npc27_rehire_speech|啊，大人，很高兴再次见到你。看来你还活着，而且过得不错。我可不一样，倒霉事碰了一大堆。如今，我又想在军队里找份差事了。
str_npc28_rehire_speech|指挥官，很高兴再次见到你。过去我们虽有分歧，可我实在找不到差事。我愿意再和你一起作战。
str_npc29_rehire_speech|指挥官，很高兴再次见到你。过去我们虽有分歧，可我实在找不到差事。我愿意再和你一起作战。
str_npc30_rehire_speech|指挥官，很高兴再次见到你。过去我们虽有分歧，可我实在找不到差事。我愿意再和你一起作战。
str_npc31_rehire_speech|啊，我的老首领。我们虽有分歧，可到头来也没什么要紧。我得说，你仍是我这辈子见过最伟大的战士，而我这辈子可见过不少好战士。
str_npc32_rehire_speech|大人，有兴趣再次携手吗？我意识到，自己还有许多东西能向你学习，而且现在的我也更会领兵了。
str_npc17_home_intro|大人，这就是特拉佩祖斯，黑海最伟大的港口。
str_npc18_home_intro|你好，指挥官。我们正行经意大利，我的故乡。
str_npc19_home_intro|这么说，我们要去罗马，嗯？愿朱庇特劈中它，把它烧成灰。
str_npc20_home_intro|我亲爱的故乡塔尔苏斯，我多么想念你——你的宫殿、集市、桥梁和浴场，喷泉与水道，当然，还有我的母校，那所学院。
str_npc21_home_intro|大人，我对那不勒斯有许多美好回忆。我年轻时刚成为自由人，就是在这里起步的。没有家，没有亲人，口袋里也没有银子，我便决定去竞技场搏命。不是赢，就是死。诸神一定眷顾了我，因为我活下来了。
str_npc22_home_intro|想听听两种文化是怎么把这个地方的名字彻底搞乱的吗？事情是这样的。迦太基人原本并不来自迦太基，至少故事是这么说的。他们建立迦太基时，把它叫作“新城”，迦太基就是这个意思。
str_npc23_home_intro|卡普亚。别以为我会踏进那……那个罪恶之坑。它就在那不勒斯往前不远的路上，却和塔尔塔罗斯的入口没什么两样。这座城因贪食和残忍而脑满肠肥。我发誓，要是再看见一个浑身香水味的官员在阿庇亚大道上趾高气扬地走着……我……
str_npc24_home_intro|大人，我们该去我家在这里的别墅看看。这些山丘出产的葡萄酒，好得让人甘愿赴死！我们把酒藏在地窖深处冰着，炎热夏日打开一桶新酒，坐在阴凉处，望着蔚蓝的海水，让清凉甜美的酒液滑过舌尖，那滋味简直就是神酿，巴克科斯的恩赐。
str_npc25_home_intro|大人，这片被烈日烤灼的土地，世代都是我家的故乡。两百年前，迦太基陷落时，我的祖先就在西庇阿军中。有人说，他们往土里撒了太多盐，寸草不生，人也住不下去，可那是谎话。
str_npc26_home_intro|欢迎来到陶里卡。我父亲曾在这里任职，是博斯普鲁斯宫廷的外交官。不过说实话，我们罗马人在这里与其说是谈判者，不如说是监督者。辛梅里安博斯普鲁斯王国曾是罗马的附庸国，他们可挡不住帝国的威势！
str_npc27_home_intro|大人，让我给你讲讲这座城。奥古斯都之前，这里除了山羊，什么都没有。北方坎塔布里亚战役之后，许多像我祖先这样的老兵获得了退伍资格，他们被称为功成退伍者。第V云雀军团、第X合组军团和第XX英勇胜利军团的人全都来到这里。奥古斯都让他们建起这座城，用来养老。
str_npc28_home_intro|告诉我，我们不会在这里久留。^哦，我了解奥古斯塔。有人会跟你讲它的历史、美丽的群山。我会讲些别的。
str_npc29_home_intro|在那不勒斯，我有道美味要请你尝尝。这里的海水鱼产丰富，连穷人都吃得起鲜鱼。
str_npc30_home_intro|感受到这清爽、带着咸味的海风了吗？我们离伊提乌斯港不远了，那是通往不列颠的门户。我在那里驻守多年，感觉就像家。我敢说，那不是最艰苦的驻地，不过也有难熬的时候。即使如今，距离伟大的尤利乌斯·凯撒远征已过一百年，通往不列颠的联系仍不太稳固。
str_npc31_home_intro|首领，我们正行经非洲，我的故乡，也是我族人的故乡。
str_npc32_home_intro|我们莱莫尼乌斯家一直住在罗马，在周边乡间拥有大片土地。
str_npc17_home_description|我曾在这里担任波勒蒙二世国王皇家舰队的统帅，那还是我纵横各海之前的事。
str_npc18_home_description|意大利是个美丽的地方，世上无处可比。永恒之城罗马就在这里，它是世界的中心。你知道吗，几个世纪前，罗马不过是个普通城邦，如今却统治着世界。
str_npc19_home_description|大人，别那样看着我。没错，我是个痛恨罗马的罗马公民。别误会，我愿为帝国而死，可这座城里满是披着人皮的毒蛇，还有这里的法律……我宁愿待在行军途中。不，大人，我不是罪犯。好吧，也许我是，可我没做错什么。我把经历告诉你，由你来评判。
str_npc20_home_description|许多伟人曾光临这座城。教导过伟大奥古斯都的哲学家阿忒诺多罗斯·卡纳尼忒斯，就出自我们的学院。安东尼和克娄巴特拉也是在这里相会的，当时他正利用我们著名的船厂打造庞大的舰队。
str_npc21_home_description|后来，我加入军团，忠诚服役，赢得光荣退伍的铜牌证明，然后就到了今天。大人，我年纪大了。要不是这么爱冒险，大概早就在这里找个有着棕色大眼睛的漂亮姑娘安家了。总有一天会的。
str_npc22_home_description|后来，他们继续往西航行，建起这里，也叫它“迦太基”。很合理，对吧，为什么不能有两座同名的城呢？大家不都很喜欢没完没了地解释自己说的是哪个迦太基吗？真是天才。接着，伟大的阿非利加努斯·西庇阿狠狠收拾了这群拿婴儿献祭的混蛋，为罗马征服了这里，给它起名叫新迦太基。
str_npc23_home_description|啊……我厌恶卡普亚，还有别的原因。它自称“第二罗马”，却只学会了罗马的罪恶。这里满是傲慢的角斗士老板和被娇养的斗士，他们畅饮最好的坎帕尼亚美酒，而种葡萄的农民却饿倒在田里。这算什么生活？
str_npc24_home_description|布伦迪西乌姆本身也一定要去看看。这是真正的交通枢纽，阿庇亚大道和新阿庇亚大道在此相交，再化作通往整个希腊的海路。最睿智的哲学家、最出色的演员和艺人都会经过这里。你可以去圆形剧场看他们演出，甚至在广场偶遇他们。
str_npc25_home_description|也许他们确实毁了城，可乡下的土地一直肥沃。嘿，你真该看看这里的椰枣有多大，像瓜一样！^后来，更多罗马人随盖乌斯·格拉古来到这里，建立尤诺尼亚殖民地，我们也过上了好日子，可惜没持续多久。元老院不喜欢盖乌斯·格拉古，便撤销了殖民地。
str_npc26_home_description|不过，他们可不是会轻易屈服于帝国武力的人。宫廷里阴谋密布，权力斗争错综复杂。你刚以为自己占了上风，结果却发现自己一直在按他们的心意行事。也许正因如此，他们才长久维持附庸王国身份，没有并入帝国——直到尼禄把他们吞并。^被废的科提斯国王后来怎样了，没人知道。也许他正在草原上集结力量，准备出手挑战帝国。^记住我的话，这里的局面不会长久。总有一天，这里还会有国王，而我们一点办法也没有。也许，我们也不想阻止。
str_npc27_home_description|这里大多数家族都能追溯到那些坚韧的士兵，许多家庭从那时起就代代出战士。我家每一代，至少有一个男人曾在凯撒的军团服役。
str_npc28_home_description|狭窄阴暗的地洞里，营养不良的奴隶爬来爬去，日复一日地刨挖坚硬岩石，一天比一天衰弱，病得越来越重，直到死去。幸运的被塌方压死，或被毒气窒息。不幸的则活下来，再受一天苦。只为给主人挖出那些该死的白银。
str_npc29_home_description|捕鱼是这里的大生意，我的一位门客经营鱼酱出口。他有一支小船队，把渔获发酵成酱，再卖到罗马。全靠它，好公民们才没被寡淡的饭菜活活折磨死，嘿嘿！
str_npc30_home_description|天气能把渡海之旅搅得一团糟，小股日耳曼劫掠者有时也会深入这里洗劫。就算他们不来，本地部落自己做起强盗也很拿手，完事还怪到莱茵河对岸的入侵者或海盗头上。
str_npc31_home_description|非洲是个美丽的地方，也许热了些。不过，这里的宝物可多了，比如大象的象牙。有时间的话，我们该去猎象，首领。至少参加过一次狩猎，才算真正的男人。^而且，没有人能比得上真正的盖图利姑娘。希腊和意大利姑娘太白了，不合我的口味……
str_npc32_home_description|是我们让这座城、这个帝国有了今天的模样，当然，也有其他伟大家族的功劳。
str_npc17_home_description_2|我告诉你，这里出最好的水手。不过小心那些商人，不然他们讨价还价，连你身上最后一件衣服都能要走！特拉佩祖斯是座商贸城，一面是海，另一面是连接东方富庶内陆王国的山口。亚美尼亚很富有，而我们是他们贸易最便利的港口。我们是可靠的伙伴，总会妥善照料货物，一路送到海边。当然，一旦出海，什么都可能发生，你明白我的意思吧。嘿嘿嘿。
str_npc18_home_description_2|我们罗马人拥有世上最好的军队，所以罗马才能征服世界！为了罗马，你愿走多远？真正的罗马人，只需问自己这一件事。
str_npc19_home_description_2|年轻时，我爱上一个姑娘，她就住在同一条街上，离广场只有几个街区。她也爱我，可她家更有钱，父亲不许我们见面。我们相爱，无论如何都得在一起，于是我们就在一起了。一天夜里，他听见动静，发现我在她床上。那该死的法律说，我和她在一起，就是侵犯了他；作为家长，他有权在自己家中杀我。于是他动了手，却失手了……他没杀死我，反而杀了我美丽的莉维娅，杀了自己的亲生女儿！随后，他反过来指控我，说我是盗贼、凌辱者、杀人犯。而我除了自己的一面之词，无从反驳。我只好逃走，连到她的火葬柴堆前道别都做不到。大人，这哪里公平？！根本不公平！不过，你放心，这事还没完。几十年过去，我从未忘记。
str_npc20_home_description_2|大人，你知道吗，加入军团之前，我人生的头二十六年，连这座城都没出过。我热爱学习、辩论，常常撰写文稿直到深夜。我知道你会怎么说，读书的人当不了凯撒。那你可就错了。有学问，又敢于在深思熟虑后冒险的人，比那些头脑简单、鲁莽冲动、像蛮族一样赤膊迎着难题冲上去的人，能做得好得多。明智的策略、勤奋与周密准备，才能赢得胜利。
str_npc21_home_description_2|也许到那时，我就有足够的钱开办自己的角斗士学校。罗马就在附近，永远渴求热闹表演。不过，我一定会善待手下。你知道，斯巴达克斯那场乱子，就起于离这里不远的卡普亚。总得好好对待为你搏命的人，你说是不是？美色加美酒，总能大大增进忠诚。
str_npc22_home_description_2|这样就解决混乱了，对吧，旧迦太基和新迦太基。清清楚楚。可正如我说的，迦太基本来就叫“新城”。所以，我们现在待的是“新新城”。也许他故意开了个玩笑，嘿嘿。我发誓，如果我是元首，就再下令修几座迦太基，叫“最新迦太基”和“新最新迦太基”，专门把大家搅糊涂。^^总之，这里是周边最好的港口，控制住它，就能在掌控伊斯帕尼亚上迈出一大步。
str_npc23_home_description_2|朋友，告诉我，如果共和国那些古代英雄看到如今的卡普亚，会骄傲吗？你觉得，诸神会对一座靠竞技场鲜血发家的城市微笑吗？如果会，那他们比我想的还恶毒。其实，我早知道诸神都是恶毒的烂货；当年他们让汉尼拔放过这座城，却任它从内部腐烂时，我就明白了。
str_npc24_home_description_2|你知道，这里以前是希腊殖民地。在归属罗马之前，整个地区都叫大希腊，那些影响至今可见。如今市民都是忠诚的罗马人，不过有些人仍怨恨凯撒内战时承受的围城之苦。这也怪不得他们。身处罗马和平之中，他们期待的自然是安宁与繁荣。
str_npc25_home_description_2|直到伟大的尤利乌斯·凯撒，才真正把它重建起来。如今，它是罗马以西最大的城市！有人说这里有五十万人，只有罗马更多。我们有宏伟的神庙、圆形剧场、谷物、大象和狮子，还有，我提过椰枣了吗？！真难相信，这片土地曾是罗马最大的敌人。
str_npc26_home_description_2|博斯普鲁斯一直是个好附庸。他们维持秩序，管控贸易，把财富送回罗马。大多数时候，他们也能镇住北边的斯基泰人，我告诉你，那可不容易！^那些蛮族生来就在马背上。男人、女人、孩子，人人都有马。他们不会像文明军队那样列阵迎战。不过，守住这里仍然值得。陶里卡两侧的两条河，都伸向极为遥远的内陆，大量商货顺流而下。而那些骑马蛮族，可敌不过守在城墙上的重步兵。
str_npc27_home_description_2|所以，你大概能想象住在这里的都是什么人。嘿，要有人在旁边守住阵线，我宁愿选埃梅里塔最胆小的鱼贩，也不要罗马那些娇生惯养的富家子。当然，不包括在座诸位。^我们也很会寻欢作乐。看见那座圆形剧场了吗？看台能坐下全城的人。没看过埃梅里塔的四马战车赛，就不算真正看过四马战车赛，这一点毫无疑问！
str_npc28_home_description_2|每一枚刻着尼禄那张该死胖脸的第纳尔，都是一小块闪闪发光的苦难与绝望，是一个病人放弃挣扎后，逐渐窒息的生命。^^诸神啊，我恨白银！大人，答应我。如果我倒在战场上，大势已去，就用这把罗马短剑刺穿我的心脏。我绝不做奴隶而死。
str_npc29_home_description_2|不过，我想让你尝的不是他的鱼酱。他也会拿最好的渔获做顶级美食。想象一下：上好的巨型红鲻鱼，能卖到几千塞斯特尔提乌斯的那种，刚烤好，还滋滋作响，配上烤焦的洋葱、松子，再撒些新鲜香草。嗯，那可是配得上凯撒的一餐！
str_npc30_home_description_2|这片边疆在地图上或许涂着罗马的颜色，可帝国在这里扎根，远不如意大利或希腊深。我们总要准备应付叛乱，当然，那是在没追剿匪徒的时候。^有些人逃进沼泽躲我们，我们也就任他们走。大人，这没什么可耻。我曾带人进去追过一次，那里的景象见过就再也忘不掉。统治那些沼泽的神明邪恶透顶，凡人不敢触怒。连鸟都不往那里飞，还需要什么别的征兆吗？
str_npc31_home_description_2|盖图利人是个强大的民族，生活在阿特拉斯山脉附近。我们是牧人，也是商人，当然，还是世上最好的猎象者。^我们也是伟大的战士，战场上的标枪致命无比。古时候，许多族人曾为迦太基当佣兵。迦太基灭亡后，我们有时也与罗马交战，但只有迫不得已才如此。通常，我们更愿意和罗马做生意。
str_npc32_home_description_2|在最艰难的年月，我们就在这里了。那时罗马还只是个小城，四周的敌人都比她强大。靠着我们的效力，罗马才撑了下来，成长为今天的模样。那些靠联姻发财的恶心暴发户，比如莫迪乌斯家，休想从我们手中夺走这份荣誉。
str_npc17_home_recap|我来自特拉佩祖斯，黑海最伟大的港口。
str_npc18_home_recap|我来自罗马附近的一个小村庄。
str_npc19_home_recap|我把罗马叫作故乡，虽然我并不喜欢它。
str_npc20_home_recap|伟大的塔尔苏斯城是我的故乡。
str_npc21_home_recap|很久以前，我生于那不勒斯。
str_npc22_home_recap|我的故乡是新迦太基。
str_npc23_home_recap|卡普亚是我所知最接近故乡的地方，可我在哪里都找不到家的感觉。
str_npc24_home_recap|我来自布伦迪西乌姆，大希腊的一座港城。
str_npc25_home_recap|我生在迦太基，我家人居住的地方。
str_npc26_home_recap|我生在陶里卡，当时父亲在那里任职。
str_npc27_home_recap|多年前，我生于奥古斯塔·埃梅里塔。
str_npc28_home_recap|多年前，我生于奥古斯塔。
str_npc29_home_recap|我的家族住在那不勒斯。
str_npc30_home_recap|我的家族住在高卢伊提乌斯港附近。
str_npc31_home_recap|我是盖图利人之子，沙漠之子。
str_npc32_home_recap|莱莫尼乌斯家是罗马的灵魂。我家在城外乡间拥有大片庄园种植地。
str_npc17_honorific|{大人/女士}
str_npc18_honorific|{大人/女士}
str_npc19_honorific|{大人/女士}
str_npc20_honorific|{大人/女士}
str_npc21_honorific|{大人/女士}
str_npc22_honorific|队长
str_npc23_honorific|{朋友/朋友}
str_npc24_honorific|{大人/女士}
str_npc25_honorific|{大人/女士}
str_npc26_honorific|{大人/女士}
str_npc27_honorific|{大人/女士}
str_npc28_honorific|{大人/女士}
str_npc29_honorific|{大人/女士}
str_npc30_honorific|{大人/女士}
str_npc31_honorific|首领
str_npc32_honorific|{大人/女士}
str_npc17_kingsupport_1|啊，大人，现在要和大鱼过招了。好，好！没错，我也许有些人脉能派上用场。
str_npc18_kingsupport_1|很好，指挥官。过去的皇帝们什么也没为帝国做。我相信，你终于能恢复奥古斯都时代的罗马和平。
str_npc19_kingsupport_1|很好，指挥官。过去的皇帝们什么也没为帝国做。我相信，你终于能恢复奥古斯都时代的罗马和平。
str_npc20_kingsupport_1|很好，指挥官。过去的皇帝们什么也没为帝国做。我相信，你终于能恢复奥古斯都时代的罗马和平。
str_npc21_kingsupport_1|很好，指挥官。过去的皇帝们什么也没为帝国做。我相信，你终于能恢复奥古斯都时代的罗马和平。
str_npc22_kingsupport_1|队长，帝国是靠我这样的人——奴隶和释奴——撑起来的，可我们却受尽鄙夷。你能改变这一切。
str_npc23_kingsupport_1|我不关心王权的事，不过我支持你。别指望我下跪。
str_npc24_kingsupport_1|很好，指挥官。过去的皇帝们什么也没为帝国做。我相信，你终于能恢复奥古斯都时代的罗马和平。
str_npc25_kingsupport_1|很好，指挥官。过去的皇帝们什么也没为帝国做。我相信，你终于能恢复奥古斯都时代的罗马和平。
str_npc26_kingsupport_1|很好，指挥官。过去的皇帝们什么也没为帝国做。我相信，你终于能恢复奥古斯都时代的罗马和平。
str_npc27_kingsupport_1|坦白说，帝国如今糟糕透顶。如果你这样有魅力、有信念的人，能正当地宣称皇位，那可真是好事。你能恢复帝国赖以建立的古老价值观。
str_npc28_kingsupport_1|很好，指挥官。过去的皇帝们什么也没为帝国做。我相信，你终于能恢复奥古斯都时代的罗马和平。
str_npc29_kingsupport_1|很好，指挥官。过去的皇帝们什么也没为帝国做。我相信，你终于能恢复奥古斯都时代的罗马和平。
str_npc30_kingsupport_1|很好，指挥官。过去的皇帝们什么也没为帝国做。我相信，你终于能恢复奥古斯都时代的罗马和平。
str_npc31_kingsupport_1|你想当这片土地的国王，嗯？首领，我也许有些法子能帮你。
str_npc32_kingsupport_1|当然，大人！我支持你，而且也想好了该怎么做。
str_npc17_kingsupport_2|大人，假如黑海海盗突然猖獗起来，尤其盯着亚历山大里亚来的航线，掐断罗马的贸易。那么，罗马人收不到平时的运粮船，只好挨饿，岂不是一场悲剧？而要是有位伟人能赶走海盗、恢复商贸，罗马人民和元老院岂不会感激涕零？
str_npc18_kingsupport_2|我会支持你，指挥官。我会走遍各地，争取支持。人人都该知道，你才是唯一真正的凯撒·奥古斯都，罗马的元首。
str_npc19_kingsupport_2|我会支持你，指挥官。我会走遍各地，争取支持。人人都该知道，你才是唯一真正的凯撒·奥古斯都，罗马的元首。
str_npc20_kingsupport_2|我会支持你，指挥官。我会走遍各地，争取支持。人人都该知道，你才是唯一真正的凯撒·奥古斯都，罗马的元首。
str_npc21_kingsupport_2|我会支持你，指挥官。我会走遍各地，争取支持。人人都该知道，你才是唯一真正的凯撒·奥古斯都，罗马的元首。
str_npc22_kingsupport_2|如果你是凯撒，就能宣布：任何人为罗马战斗十年，都能获得完整公民权和一块土地，不论出身。以服役换取自由。
str_npc23_kingsupport_2|你也许会是个不错的{国王/女王}。
str_npc24_kingsupport_2|我会支持你，指挥官。我会走遍各地，争取支持。人人都该知道，你才是唯一真正的凯撒·奥古斯都，罗马的元首。
str_npc25_kingsupport_2|我会支持你，指挥官。我会走遍各地，争取支持。人人都该知道，你才是唯一真正的凯撒·奥古斯都，罗马的元首。
str_npc26_kingsupport_2|我会支持你，指挥官。我会走遍各地，争取支持。人人都该知道，你才是唯一真正的凯撒·奥古斯都，罗马的元首。
str_npc27_kingsupport_2|在我看来，唯一正当的办法，就是建立继承皇位的理由。你说过，父母是在台伯河上漂着的一条小船里发现你的？这可以利用！我会告诉人们，你是老凯撒克劳狄乌斯的儿子！这样，你就有了合法的皇位继承权。
str_npc28_kingsupport_2|我会支持你，指挥官。我会走遍各地，争取支持。人人都该知道，你才是唯一真正的凯撒·奥古斯都，罗马的元首。
str_npc29_kingsupport_2|我会支持你，指挥官。我会走遍各地，争取支持。人人都该知道，你才是唯一真正的凯撒·奥古斯都，罗马的元首。
str_npc30_kingsupport_2|我会支持你，指挥官。我会走遍各地，争取支持。人人都该知道，你才是唯一真正的凯撒·奥古斯都，罗马的元首。
str_npc31_kingsupport_2|我想，我可以四处旅行，宣扬你的名声，向人们讲述你的累累战功与战士的荣誉。一旦他们明白你是伟大的战士，就会支持你。
str_npc32_kingsupport_2|而且，我相信能说服我的家族和所有门客一起支持你。你是伟人，理应成为凯撒·奥古斯都，罗马的元首。不过，有件事，他们需要你亲口承诺……
str_npc17_kingsupport_2a|请继续说……
str_npc18_kingsupport_2a|有意思……请继续。
str_npc19_kingsupport_2a|有意思……请继续。
str_npc20_kingsupport_2a|有意思……请继续。
str_npc21_kingsupport_2a|有意思……请继续。
str_npc22_kingsupport_2a|有意思的提议……
str_npc23_kingsupport_2a|继续说……
str_npc24_kingsupport_2a|有意思……请继续。
str_npc25_kingsupport_2a|有意思……请继续。
str_npc26_kingsupport_2a|有意思……请继续。
str_npc27_kingsupport_2a|听起来不错，请继续。
str_npc28_kingsupport_2a|有意思……请继续。
str_npc29_kingsupport_2a|有意思……请继续。
str_npc30_kingsupport_2a|有意思……请继续。
str_npc31_kingsupport_2a|请继续。
str_npc32_kingsupport_2a|什么事？
str_npc17_kingsupport_2b|我眼下不想利用海盗。
str_npc18_kingsupport_2b|让我想想。
str_npc19_kingsupport_2b|让我想想。
str_npc20_kingsupport_2b|让我想想。
str_npc21_kingsupport_2b|让我想想。
str_npc22_kingsupport_2b|那会过分扰乱社会秩序。
str_npc23_kingsupport_2b|要我说，这主意还可以更好些。
str_npc24_kingsupport_2b|让我想想。
str_npc25_kingsupport_2b|让我想想。
str_npc26_kingsupport_2b|让我想想。
str_npc27_kingsupport_2b|我会考虑的。
str_npc28_kingsupport_2b|让我想想。
str_npc29_kingsupport_2b|让我想想。
str_npc30_kingsupport_2b|让我想想。
str_npc31_kingsupport_2b|也许改天吧。
str_npc32_kingsupport_2b|你没资格提条件！
str_npc17_kingsupport_3|其实很简单。给我几周，海盗或许就会更活跃。你再设法受命处理这件事，袭击便会奇迹般地少下来。显然，是因为涅普顿亲自保佑你，嘿嘿嘿。大人，要我起航吗？
str_npc18_kingsupport_3|给我几周，我会走遍帝国，为你争取支持。
str_npc19_kingsupport_3|给我几周，我会走遍帝国，为你争取支持。
str_npc20_kingsupport_3|大人，给我几周，我会走遍帝国，为你的名声与事业争取支持。我会讲述一颗划破苍穹的彗星，那是预示新时代来临的神兆，属于你的时代。人们喜欢好故事，而诸神的意志显现在头顶天空，最能打动人心。也许根本没有彗星，可那真的重要吗？真相，由我们塑造。
str_npc21_kingsupport_3|给我几周，我会像真正的罗马士兵一样走遍帝国，为你的事业争取支持。我会让天下都知道，你的血脉直承我们伟大城市的创建者罗慕路斯！军团敬重力量与传统，而没有什么传承比罗慕路斯更加显赫。相信我，从罗马繁忙的街头，到帝国最偏远的哨站，我都会让人们怀着敬意与忠诚念诵你的名字。等我办完，连诸神都会听说你有权统治！
str_npc22_kingsupport_3|让我去各城，把这消息传给同业团体和平民。只要知道你愿给他们尊严，他们就会蜂拥到你的旗帜下。
str_npc23_kingsupport_3|{朋友/朋友}，我走过不少地方，知道一些法子，能让你的继承权更有合法依据。这需要时间，但值得。
str_npc24_kingsupport_3|给我几周，我会走遍帝国，为你争取支持。
str_npc25_kingsupport_3|给我几周，我会走遍帝国，为你争取支持。
str_npc26_kingsupport_3|给我几周，我会走遍帝国，为你争取支持。
str_npc27_kingsupport_3|几周之内，我就能走遍帝国，告诉人们，你是凯撒克劳狄乌斯的儿子。把你放进那条船里的，是邪恶的阿格里皮娜，因为她想让自己的儿子尼禄当元首。
str_npc28_kingsupport_3|给我几周，我会走遍帝国，为你争取支持。
str_npc29_kingsupport_3|给我几周，我会走遍帝国，为你争取支持。
str_npc30_kingsupport_3|给我几周，我会走遍帝国，为你争取支持。
str_npc31_kingsupport_3|四处旅行，宣扬你的名声，需要几周时间。正如我说的，你是伟大的战士，只要胜利的故事传开，你的统治权就会更稳固。
str_npc32_kingsupport_3|你知道，莫迪乌斯家都是背信弃义的毒蛇，与莱莫尼乌斯家积怨已久。如果你承诺支持我们，站在最早的罗马世家一边，并在成为元首后让莫迪乌斯那些暴发户渣滓认清自己的位置，我的家族就会倾尽全力支持你。大人，我可以告诉他们，你已经作出承诺了吗？
str_npc17_kingsupport_objection|我可不会派阿尔米尼乌斯这样的人去巩固你的统治权，除非你想看着它像涨潮时的沙堡一样崩塌。他的名字带着诅咒，只在阴暗角落被人低声提起，正派人听了都要唾弃。至于他本人，简单说，就是个蠢货。他既没有狐狸的机敏，也没有狗的忠诚，更没有狮子的力量。若把这么重要的任务交给他，你还不如把命运扔给风，祈求诸神怜悯。
str_npc18_kingsupport_objection|我只想提醒，依靠阿尼刻图斯这样的海盗来巩固统治权，也许不是明智之举。他目无法纪、惯于欺诈的名声，可能削弱而非加强你的权威。和如此臭名昭著的人来往，人们会质疑你的判断，盟友和对手也都会怀疑你统治的合法性。统治者的根基应是尊重与信任，而不是投机者和罪犯之间摇摇欲坠的联盟。
str_npc20_kingsupport_objection|指挥官，我无意质疑你的判断，可派埃拉扎尔·巴尔·约海去执行这种任务？那人以为凭嘴皮子和闲聊就能赢得帝国。他说要“传播消息”，仿佛在酒馆和犹太会堂里低声念你的名字，就能唤起大批忠诚追随者。我们是罗马人！我们的名声靠行动，不靠空谈。
str_npc21_kingsupport_objection|大人，恕我冒昧，我必须直说。派埃拉扎尔·巴尔·约海这样的人去执行如此重要的任务，是个错误。犹太商人的女婿，耶路撒冷圣殿的祭司？我们就靠他？恕我直言，大人，这种人说得太多，做得太少。他许下的承诺，竟是用宗教事务自治换取整个民族的支持？太夸张，也太冒险。
str_npc22_kingsupport_objection|队长，我听说卢基乌斯·瓦鲁斯·德鲁苏斯正告诉人们，你会铁腕统治，到处施行军法。这是真的吗？那可不是我想生活的罗马。我们需要法律，没错，可不是刀剑的暴政。统治者该保护人民，而非恐吓他们。
str_npc24_kingsupport_objection|{大人/女士}，我觉得向蛮族争取支持是个坏主意！你需要罗马人民，尤其是贵族和元老院的支持，不是那些连正经房屋都没有、和牲畜一起住茅屋的臭游牧民！
str_npc32_kingsupport_objection|大人，这一定是诽谤！你真的答应那些卑劣的莫迪乌斯家人，站在他们一边对付我古老的家族？！大人，我告诉过你，他们邪恶狡诈，根本不爱帝国，一有机会就会背叛你。大人，你怎么能这样？
str_npc17_intel_mission|当然，大人。我到过世界各地的港口，{s18}也不例外。我去看看能打听到哪些关于{s17}的消息。
str_npc18_intel_mission|指挥官，我正想去{s17}拜访远亲。他们也许很了解意大利目前的政局，我想其中一人还身居高位。
str_npc19_intel_mission|指挥官，我正想去{s17}拜访远亲。他们也许很了解意大利目前的政局，我想其中一人还身居高位。
str_npc20_intel_mission|指挥官，我正想去{s17}拜访远亲。他们也许很了解意大利目前的政局，我想其中一人还身居高位。
str_npc21_intel_mission|指挥官，我正想去{s17}拜访远亲。他们也许很了解意大利目前的政局，我想其中一人还身居高位。
str_npc22_intel_mission|队长，我在{s17}有人脉。竞技场的老朋友，如今给当地贵族当护卫。宫殿阴暗角落里的窃窃私语，他们全听得到。我可以去看看，他们有什么秘密愿意出卖。
str_npc23_intel_mission|我不是外交官，也没钱行贿。不过，我有刀，也有走路无声的靴子。让我在{s17}待一夜，我就能偷来{s18}官员想藏起来的卷宗或公文。只别问我是怎么拿到的。
str_npc24_intel_mission|指挥官，我正想去{s17}拜访远亲。他们也许很了解意大利目前的政局，我想其中一人还身居高位。
str_npc25_intel_mission|指挥官，我正想去{s17}拜访远亲。他们也许很了解意大利目前的政局，我想其中一人还身居高位。
str_npc26_intel_mission|指挥官，我正想去{s17}拜访远亲。他们也许很了解意大利目前的政局，我想其中一人还身居高位。
str_npc27_intel_mission|大人，我想去{s17}拜访亲戚。他们也许了解当前政局，手里可能还有其他有价值的消息。
str_npc28_intel_mission|指挥官，我正想去{s17}拜访远亲。他们也许很了解意大利目前的政局，我想其中一人还身居高位。
str_npc29_intel_mission|指挥官，我正想去{s17}拜访远亲。他们也许很了解意大利目前的政局，我想其中一人还身居高位。
str_npc30_intel_mission|指挥官，我正想去{s17}拜访远亲。他们也许很了解意大利目前的政局，我想其中一人还身居高位。
str_npc31_intel_mission|首领，我想去{s17}探望家人。他们也许知道当地发生的事，能提供非洲目前局势的消息。
str_npc32_intel_mission|立刻就去，大人。我不太擅长潜行侦察，不过好指挥官也得精通情报。去{s17}拜访家人，或许能打听到更多关于{s18}的消息。
str_npc17_fief_acceptance|大人，给我自己的港口？！真不知道该怎么感谢你！等等，{s17}是港口，对吧？你不会让我去什么该死的草原腹地管个村子吧？啊，无所谓。不管住着什么人，我都会把那里整顿得井井有条。你尽管放心！
str_npc18_fief_acceptance|谢谢，指挥官。我会好好治理这里，维持秩序与和平。
str_npc19_fief_acceptance|谢谢，指挥官。我会好好治理这里，维持秩序与和平。
str_npc20_fief_acceptance|谢谢，指挥官。我会好好治理这里，维持秩序与和平。
str_npc21_fief_acceptance|谢谢，指挥官。我会好好治理这里，维持秩序与和平。
str_npc22_fief_acceptance|你把{s17}给我？给一个曾经的奴隶？队长……这远超我的梦想。我会秉公治理，不忘自己的出身。罗马会看到，释奴也能与任何贵族一样高尚。
str_npc23_fief_acceptance|首领？{朋友/朋友}，让我当{s17}的首领？说实话，我不想当任何统治者或地方长官。但既然这是你的心愿，我就接受。也许，是时候尝试仁慈一些的统治了。
str_npc24_fief_acceptance|谢谢，指挥官。我会好好治理这里，维持秩序与和平。
str_npc25_fief_acceptance|谢谢，指挥官。我会好好治理这里，维持秩序与和平。
str_npc26_fief_acceptance|谢谢，指挥官。我会好好治理这里，维持秩序与和平。
str_npc27_fief_acceptance|让我治理自己的城镇？哦，大人，没有什么能让像我这样的老兵更高兴了。我会利用职位，好好奖赏那些为你打仗的老兵，建立供他们居住的殖民地。
str_npc28_fief_acceptance|谢谢，指挥官。我会好好治理这里，维持秩序与和平。
str_npc29_fief_acceptance|谢谢，指挥官。我会好好治理这里，维持秩序与和平。
str_npc30_fief_acceptance|谢谢，指挥官。我会好好治理这里，维持秩序与和平。
str_npc31_fief_acceptance|首领，成为你的封臣，是莫大的荣幸。我会像一个好领主那样，以荣誉和公正治理人民。
str_npc32_fief_acceptance|你要我掌管一个行省？太不可思议了！莱莫尼乌斯家的历史正在翻开新篇章。大人，我将永远感激、忠诚于你！
str_npc17_turn_against|伙计，走到这一步，真遗憾。我们曾一起痛快航行，痛快劫掠。不过，你知道人们怎么说贼之间的义气吧？根本没有！嘿嘿嘿。
str_npc18_turn_against|这真是悲伤的一天。我从没想过，会在战场上遇见旧日的指挥官。即使取胜，也不会让我快乐。
str_npc19_turn_against|这真是悲伤的一天。我从没想过，会在战场上遇见旧日的指挥官。即使取胜，也不会让我快乐。
str_npc20_turn_against|这真是悲伤的一天。我从没想过，会在战场上遇见旧日的指挥官。即使取胜，也不会让我快乐。
str_npc21_turn_against|这真是悲伤的一天。我从没想过，会在战场上遇见旧日的指挥官。即使取胜，也不会让我快乐。
str_npc22_turn_against|队长，我们又见面了。没错，你给过我权力，可你也教会我把握自己的命运。我是自由人，不受任何人束缚，连你也不例外。今天，我们就一战，看看谁的命运更强。
str_npc23_turn_against|命运已将你定为我的敌人。我知道，我们曾有过美好时光，可无法抗拒注定之事。拔出武器吧，我保证，一切很快就会结束！
str_npc24_turn_against|这真是悲伤的一天。我从没想过，会在战场上遇见旧日的指挥官。即使取胜，也不会让我快乐。
str_npc25_turn_against|这真是悲伤的一天。我从没想过，会在战场上遇见旧日的指挥官。即使取胜，也不会让我快乐。
str_npc26_turn_against|这真是悲伤的一天。我从没想过，会在战场上遇见旧日的指挥官。即使取胜，也不会让我快乐。
str_npc27_turn_against|哦，我旧日的大人，如今成了新的敌人。如果你肯听我的，坚守古老价值观，就不会发生这种事。不过，今天就让更强的一方获胜吧。
str_npc28_turn_against|这真是悲伤的一天。我从没想过，会在战场上遇见旧日的指挥官。即使取胜，也不会让我快乐。
str_npc29_turn_against|这真是悲伤的一天。我从没想过，会在战场上遇见旧日的指挥官。即使取胜，也不会让我快乐。
str_npc30_turn_against|这真是悲伤的一天。我从没想过，会在战场上遇见旧日的指挥官。即使取胜，也不会让我快乐。
str_npc31_turn_against|啊，{playername}，我从未想过，会在战场上与旧日的首领为敌。真是悲伤的一天。但我已向新国王立誓许诺，所以必须作战。
str_npc32_turn_against|事情走到这一步，我的遗憾难以言表。我们莱莫尼乌斯家以荣誉和忠诚为傲，而你给过我这么多，教会了我大部分本领……但你做了不可饶恕的事，必须为此付出代价。
str_npc33_intro|主人，您近期是否打算率军离开这座城？我多么希望能追随一位优秀的指挥官，像我引以为傲的祖先一样为罗马效力……
str_npc34_intro|向您致敬，{主人/女主人}。您近期是否打算离开这座城？
str_npc36_intro|[他以军礼向你致敬。]向您致敬，{主人/女主人}。
str_npc37_intro|向您致敬，主人。您是否需要一位史官，记录您在世上的胜利？
str_npc38_intro|向您致敬，尊贵的主人。看起来您急着离开这座城，能借用您一点时间吗？
str_npc40_intro|嘿，朋友。你在招人吗？我正在找活干。
str_npc42_intro|喂，陌生人。有什么我能帮忙的吗？
str_npc33_intro_response_1|没错，我率领着一支精良的军队。
str_npc34_intro_response_1|确实如此。你为什么问？
str_npc36_intro_response_1|向你致敬。[你回应道。]在这种寒酸的地方，与这些……普通人混在一起的罗马军团保民官，可不常见。
str_npc37_intro_response_1|史官，有意思。多讲讲你自己，也许你能说服我。
str_npc38_intro_response_1|也许是，有什么事？
str_npc40_intro_response_1|也许。你有什么本事？
str_npc42_intro_response_1|我注意到你的环首剑。你是萨尔马提亚人？
str_npc33_intro_response_2|你还太年轻，不该上战场。
str_npc34_intro_response_2|是，但我不打算招募同伴。
str_npc36_intro_response_2|向你致敬，不过我现在没心情闲聊。
str_npc37_intro_response_2|没兴趣。去别处写你的破书吧，我的队伍只收强大的战士。
str_npc38_intro_response_2|你看起来既像逃犯，又像乞丐。我现在可没时间搭理这两种人。
str_npc40_intro_response_2|我不想和埃及人渣打交道。
str_npc42_intro_response_2|我不想在萨尔马提亚人渣身上浪费时间。
str_npc33_backstory_a|我的学业快结束了。我学过如何刺剑，如何在行军时辨认地形，还记住了从亚历山大时代至今的所有大战，研究过其中的战术。我能成为优秀的指挥官，只缺实践。所以我想加入一位优秀指挥官的队伍，精进兵法。
str_npc34_backstory_a|我会告诉您我的故事，但恳请您不要告诉任何人，尤其不能告诉尼禄的爪牙。
str_npc35_backstory_a|我是卡莉娜的护卫。我发誓保护她，哪怕付出性命，也会郑重践行誓言。我和她一样是基督徒，但我觉得自己还没像卡莉娜那样成为文明的人。不过，我会尽力履行誓言，约束自己的野蛮本性。
str_npc36_backstory_a|确实，以前我去的地方……要气派得多，结交的人也高贵得多。不过那之后，许多事都变了。
str_npc37_backstory_a|主人，我叫约瑟夫，不过罗马人称我为约瑟福斯。我父亲是犹太行省耶路撒冷神庙的祭司，让我受过良好的教育。但我觉得祭司并非我的志向，便去追求真正的热爱，成为历史学者。现在我四处旅行，观察世界，尽可能多地记录。不幸的是，生活开支似乎一直上涨，而我的钱越来越少，所以我决定碰碰运气，向希望自己的荣耀流传后世的冒险者兜售我的工作。不知阁下是否就是这样一位冒险者？
str_npc38_backstory_a|{主人/女主人}，这是一个漫长而苦乐交织的故事……
str_npc39_backstory_a|你和同伴来到我们村子时，距我嫁给邻近部落酋长的儿子，只剩一周。我试图……把自己从这场婚姻中解救出来……可惜事情的发展与我的希望截然不同。……总之，最后我让哥哥埃克贝特当上酋长，带着另一个兄弟埃吉诺来到这里。
str_npc40_backstory_a|尊贵的{主人/女主人}，我几乎样样精通！比如，让我想想，我很会做饭，尤其是有益战士健康的高蛋白食物！我还会什么？想想……我还是个出色的战士。前些天，我杀了一个偷我钱袋的贼。有人说那只是个街头流浪儿，但不是那么回事。我不是杀孩子的凶手。那是个八英尺高的巨人！
str_npc41_backstory_a|我还没走稳就学会了射箭，还没学会跑就学会了骑马。族人……曾是我的一切。在这个仿佛永远濒临混乱的世界里，他们是唯一不变的依靠。可混乱还是找上了我们。汉军来袭，我们寡不敌众，也无力抗衡。他们不在乎我们只是想活下去。许多人死了，另一些人……被带走了。我和几个人逃了出来，可部落已四分五裂，就这样消失了。此后，我没有家，也没有部落。我漂泊多年，当斥候、当向导，什么能让我继续走下去就做什么。我来到卡尔沙，那座位于世界边缘、尘土飞扬的前哨。在那里，我遇见雷利。他教我语言，让我学着不只考虑明天。某种意义上，他把我从空虚中救了出来。你出现后，谈起遥远的土地与新的旅程……我想，也许这是重新开始的机会，能摆脱过去的幽魂，书写新的故事。
str_npc42_backstory_a|首领，没错。我是个骄傲的战士，擅长长骑枪和环首剑。我的家族世代都是伟大的战士，曾为萨尔马提亚诸王担任卫队长。可惜，我们被放逐了。我父亲的朋友嫉妒他的名声与地位，背叛了他。父亲被杀，全家遭到放逐！
str_npc33_backstory_b|我知道您不能立刻让我领兵。只要让我跟着您，看您如何指挥就好。我学得很快，也会永远忠于您的事业。
str_npc34_backstory_b|我是卢吉酋长的女儿，族人的公主。我被送到罗马做人质，名义上成了尼禄的财产。我住在奥卢斯·普劳提乌斯和妻子蓬波妮娅·格拉埃基娜家里。他们抚养我、照顾我，待我如亲生女儿。他们品格高尚，真正配得上罗马贵族的身份。他们也是基督徒，向我传授了信仰，也同样感化了我的护卫兼同乡乌尔苏斯。受洗后，我不再用卢吉名字卡莉娜，而改名莉吉娅；他则以乌尔班之名为人所知。
str_npc36_backstory_b|正如您所言，我是军团保民官。确切地说，曾经是。我参加过帕提亚战争，直到双方缔结和约。此后我退役，来到了罗马，凭借与尼禄的风雅总管盖乌斯·佩特罗尼乌斯的友谊，加入了奥古斯都颂赞团。我常赴皇宫宴会，在贵族圈中颇有名气。不过，自从某天在保卢斯的别墅遇到莉吉娅，一切都变了。
str_npc37_backstory_b|谢谢您，主人。除了食宿和薪饷，我唯一的请求是不要攻击无辜者。毕竟，我不想被后人记作强盗和劫匪的史官。
str_npc38_backstory_b|好心的先生，我正被父亲派来的人追捕——或者说，被我曾称作父亲的那个人追捕。我出生时叫尤利西斯，因为父母喜爱希腊神话。要我说，以前的日子还算不错。作为迦太基一位退役百夫长的儿子，我在父母的别墅里过得舒适；直到有一天，我遇到一个改变了我世界观的人。  
str_npc40_backstory_b|尤其是，我从父亲身上学到了很多。他教我读写与算术，这些至今都让我受益匪浅。我在{s20}的图书馆工作过一年，后来又在小店里帮忙记账。我也在{s20}的港口做过会计，还替一个富有的地主管理过奴隶。父亲还教过我诗艺。
str_npc42_backstory_b|母亲带着我和两个妹妹离开部落，向南走。最后，我们到了{s20}，她决定留下。两个妹妹都只有八岁，我也才十四岁。我和母亲竭尽全力挣钱，可那些达契亚人都是他妈的混蛋！他们憎恨我们萨尔马提亚人，谁都不肯给我们正经工作。我只好去竞技场搏斗，靠下注挣钱。父亲教过我战斗，所以至今我每场都赢。但我已经厌倦了。整整六年，我都靠在竞技场厮杀谋生！
str_npc33_backstory_c|我们莫迪乌斯家族历史悠久。我带着这枚钱币，纪念祖先。它已有三百多年历史，是伟大的盖乌斯·莫迪乌斯任官时铸造的。如今我们或许不如克劳狄、尤利乌斯或弗拉维乌斯家族富有显赫，却依然像过去一样光荣而有尊严，不像莱莫尼乌斯家族的某些下贱之辈。
str_npc34_backstory_c|尊贵的{主人/女主人}若能带我们这两个可怜的基督徒离开此城，救我们脱离他们对基督信徒的憎恨，我会感激不尽。
str_npc36_backstory_c|那时的我判若两人：专横、傲慢、暴躁而残忍。起初我不爱莉吉娅，却仍对她有了兴趣。我试图追求她，未能成功，几乎酿成悲剧，也险些死在她的护卫乌尔苏斯手中。那是我人生的转折。首先，我发现莉吉娅是基督徒。我雇了个希腊人监视她，这让我亲自接触了基督徒群体。其次，我看清尼禄的生活方式何等堕落无耻。我失去了兴趣，离开皇宫，不再理会那些事，转而追求更高尚的生活，逐渐了解基督徒。最重要的是，我明白自己爱的其实是莉吉娅这个人，而不只是她的“肉体”。我正在寻找她，想当面忏悔罪过。不过在此期间，我总得想办法谋生，比如重新从军。
str_npc37_backstory_c|我相信自己能为您效力。
str_npc38_backstory_c|那人是一位拉比，教给我最重要的一课：“Shma Yisrael, Adonai Elohenu, Adonai Ehad。以色列啊，你要听，主是唯一的神，主独一无二。”这些话，以及此后所学的一切，让我开始质疑从前的生活。几个月里，我偷偷溜出家，跟他和其他犹太人学习。我知道父母发现一定会出事，可惜，还是发生了。父亲对犹太教的看法与我截然不同，而我的老师很快因高烧去世。我怀疑是父亲下了毒。他还想强迫我到当地朱庇特神庙服役，于是我尽可能带上钱和食物，买了匹马，逃离家门。主人，问题是我父亲绝非慷慨之人。他吝啬成性，竟悬赏捉我，您能想象吗？我可是他的亲儿子！在他眼里，钱比家人还重要！现在就是这样，我从一座城辗转到另一座城，目标是去以色列圣地。求学时听到的故事总让我惊叹，所以跟着您能安全些。您意下如何，愿意让我加入队伍吗？
str_npc40_backstory_c|所以，我还是个有名的诗人，写过不少歌。您想听一首吗？也许稍后吧……我还会什么？我跑得快，也会骑马，可以当信使。在{s20}，这些本事让我颇有名气。{主人/女主人}，我会是您得力的帮手。
str_npc42_backstory_c|首领，我想离开{s20}，靠正经方式挣钱：搜刮敌军战士的尸体。首领，您或许正在招募战士？
str_npc33_backstory_later|主人！很高兴又见到您。我照您说的用功学习，每天都在进步，但我真的需要实践。我觉得自己准备好了！您现在愿意收下我吗？
str_npc34_backstory_later|也许您改变主意了？在这里躲避狂热者仇恨的目光，实在痛苦。
str_npc36_backstory_later|欢迎，亲爱的朋友。也许我可以为您效力？
str_npc37_backstory_later|我四处游历乡间，但钱快用完了，外面还有那么多值得看的地方。主人，您还需要史官吗？
str_npc38_backstory_later|我一直四处漂泊。城里若有犹太社群，我便请求收留，却不敢久住，以免连累主人。没有的话，就哪里能睡睡哪里，有时住旅店，甚至住废弃房屋。这样的生活太苦了。主人，恳请您重新考虑，让我加入您的军队吧。
str_npc40_backstory_later|我一直在{s20}找工作。我找到了一份，可现在……您知道，我又被解雇了……
str_npc42_backstory_later|首领，自从家人被逐出萨尔马提亚王廷，我就一直待在{s20}。
str_npc33_backstory_response_1|只要愿意，你可以加入我的军队。
str_npc34_backstory_response_1|我可以，高贵的莉吉娅。但你的脸上为何满是忧伤？
str_npc36_backstory_response_1|我想，我的部队总需要有经验的军官，无论是否信奉基督。
str_npc37_backstory_response_1|也许我确实需要有人记录所有功绩，让后人懂得欣赏我在战场上的神威。
str_npc38_backstory_response_1|也许吧。说说，我为什么要冒这个险？我能得到什么？
str_npc40_backstory_response_1|你究竟为什么在找工作？为何离开之前的岗位？
str_npc42_backstory_response_1|我一直在招募有本事的战士！
str_npc33_backstory_response_2|我觉得你还没准备好。
str_npc34_backstory_response_2|很遗憾，我的队伍不收基督徒。
str_npc36_backstory_response_2|很遗憾，我的部队不收基督徒。
str_npc37_backstory_response_2|回你的沙漠去，别烦我。
str_npc38_backstory_response_2|抱歉，小伙子。你的麻烦不归我管，还是祝你好运……
str_npc40_backstory_response_2|听起来太可疑了，我不喜欢。再见。
str_npc42_backstory_response_2|我现在不需要更多人手。
str_npc33_signup|当然，当然，不抓住这个机会才是傻子。非常感谢您，主人！我保证，您不会后悔收下我。
str_npc34_signup|我只是思念一个深爱却无法相守的人，马尔库斯·维尼基乌斯。他是罗马军团保民官。可是，因为我是基督徒，又发生了一些误会，我不得不离开奥卢斯家，躲着马尔库斯。或许有一天，若他心中也看见基督之光，我们还能相见。不过，我可以先说说自己。我会是您值得信赖的同伴。
str_npc36_signup|作为有经验的军官，我自然懂得战术与维持军纪。必要时，我也不怕亲自上阵。
str_npc37_signup|是，我高贵的指挥官。我一定会记录您的胜利。虽然我不喜欢说谎，但仅仅为了您，我可以把您的功绩……写得“更加辉煌”。既然希罗多德能对希波战争这么做，我又为何不能呢，对吧？
str_npc38_signup|主人，别看我如今这副模样，父亲从前训练过我。我擅长用剑，长矛使得更是致命，也会骑马。我学过军事史，还会读写，一定能派上用场。
str_npc40_signup|问得好……首先，我找工作，是因为压根没有工作。上一份是在店里，可女店主的丈夫不知怎的讨厌我……她很漂亮，我想，她对我的喜欢有些过头了……
str_npc42_signup|那太好了！我会成为您卫队中的好手。我使长骑枪堪称大师，单挑能杀死任何人。不过，我有点不放心把母亲和妹妹们独自留下。但我会把搜刮赚来的钱全寄给她们。当战士可是正经营生。
str_npc33_signup_2|莫迪乌斯家的人是最好的士兵！您很快就会亲眼看到，我如何在战场上击败最可怕的野蛮人。
str_npc34_signup_2|作为送往罗马的人质，我学习了罗马的文化与习俗。我能背诵荷马及其他希腊、罗马诗人的作品，懂基本数学，会读写，也了解罗马法律。但最重要的是，我也没有忘记族人的习俗。作为虔诚的基督徒，我参加过弥撒，还见过著名的保卢斯。您也该知道，我绝不会和乌尔苏斯分开。您雇用我，他就一同加入；您解雇我，他也会离开。无论您派我去哪里，他都会跟随。
str_npc36_signup_2|不过，皈依基督后，我懂得了平民所承受的苦难。战争破坏、屠杀、饥荒，无不给他们带来沉重灾难。因此，我希望您的部队不会采用这些野蛮手段。
str_npc37_signup_2|父亲的教导也让我熟悉外交和政治，因此我能成为得力助手。只要您不把我送进死地，我在战场上也能照顾自己。
str_npc38_signup_2|而且，我可以立刻为您工作，不用预付任何钱。只要确保我安全，好吗？
str_npc40_signup_2|这基本就是我总被解雇的原因。要么人们开始讨厌我，说我古怪，因为……您懂的……要么就是和某个女人出了什么事，您懂的……
str_npc42_signup_2|也许我能给妹妹们找到好归宿。我不觉得达契亚贵族会娶她们。至今只有些穷人表示过兴趣，可她们有高贵的血统！我必须确保她们嫁给真正的战士，而不是店铺伙计。
str_npc33_signup_response_1|准备好装备，我们很快就要出发。
str_npc34_signup_response_1|好。你能为我们出力。
str_npc36_signup_response_1|我可以向你保证。我也是罗马人，是文明人，而文明人绝不会滥用暴力。
str_npc37_signup_response_1|好。我也许用得上你。
str_npc38_signup_response_1|好，欢迎加入……
str_npc40_signup_response_1|很好。我用得上你。
str_npc42_signup_response_1|我能让你得到大量战利品！
str_npc33_signup_response_2|我改主意了。我希望你先完成学业。
str_npc34_signup_response_2|我还是不冒这个险了。再会。
str_npc36_signup_response_2|战争自有它的规矩。这些想法虽高尚，却完全不切合战场现实。
str_npc37_signup_response_2|抱歉，我现在需要的不是这些本事……
str_npc38_signup_response_2|抱歉，听起来还是风险太大。再见。
str_npc40_signup_response_2|嗯，这对我而言风险太大。再见。
str_npc42_signup_response_2|与其加入我的战团，你还是照顾家人为好。
str_npc37_payment|指挥官，我保证自己对您大有用处。走之前还有件事，能借我{reg3}第纳尔吗？我需要多买些纸莎草纸、墨水和旅途所需的材料。
str_npc38_payment|主人，您尽管放心，我一定会很有用。走之前还有件事，能借我{reg3}第纳尔吗？说来惭愧，过去几周住在这家酒馆，我欠了一点债。我从前总说自己有的是金子，可店主已经不信了。您知道，要是他们看见我没付钱就跟您走，恐怕会闹得很难看。
str_npc40_payment|走之前还有件事，能借我{reg3}第纳尔吗？说来惭愧，我失业了半年，在{s20}欠了些债……但总得付账、买吃的，所以只好借钱……
str_npc42_payment|请稍等。说来惭愧，我在{s20}欠了些债……有几笔账没付。我想向您要{reg3}第纳尔。我知道不少，但不想把债留给母亲和妹妹们。
str_npc37_payment_response|好，这是{reg3}第纳尔。去买东西吧，我们黎明出发。
str_npc38_payment_response|好，这是{reg3}第纳尔。现在去和其他人集合。
str_npc40_payment_response|这是{reg3}第纳尔。现在去和其他人集合。
str_npc42_payment_response|好。给你{reg3}第纳尔。我相信你值得这个价。
str_npc34_morality_speech|{主人/女主人}，您{s21}，这让我很不高兴。他们或许是敌人，但伤害无辜者总是不对的。
str_npc36_morality_speech|{主人/女主人}，您{s21}，这让我很不高兴。那些可怜的灵魂还没机会赎罪，就被我们像牲畜一样宰杀了。
str_npc37_morality_speech|指挥官，希望我的话不会冒犯您，但请别临阵逃跑。您若逃了，我还写什么？
str_npc38_morality_speech|胜利固然是目标，但为此损失如此多的人手，实在浪费。请别重蹈皮洛士的覆辙。主人，记住他的话：再赢一次这样的胜利，他就完了。
str_npc39_morality_speech|{playername}，想到我们{s21}，我有些难以接受。或许我们偶尔可以仁慈一点，那一定能让我睡得安稳些。
str_npc40_morality_speech|{主人/女主人}，我必须批评您上次的决定。{s21}实在有失荣誉。不该再发生了！
str_npc41_morality_speech|{主人/女主人}，您{s21}，我觉得这很糟糕。好首领应该照顾自己的战团！
str_npc42_morality_speech|首领，战士绝不应该{s21}。不该再发生了！我是个骄傲而有荣誉的贵族战士，不能为下达这种命令的首领效力！
str_npc34_2ary_morality_speech|{主人/女主人}，您{s21}，我很高兴。基督会在天国奖赏虔诚的灵魂，善行正是衡量虔诚与否的依据。避免流血总是一桩善举。
str_npc36_2ary_morality_speech|{主人/女主人}，您{s21}，我很高兴。基督会在天国奖赏虔诚的灵魂，善行正是衡量虔诚与否的依据。
str_npc37_2ary_morality_speech|指挥官，我只是想提醒您，临阵逃跑可不是您这样的征服者该有的表现。
str_npc38_2ary_morality_speech|我为了自由逃离父亲，若还批评您，未免虚伪。
str_npc40_2ary_morality_speech|{主人/女主人}，我很高兴为您效力。但您应该留意，别让我们{s21}。我想说的就这些。这真的让我很困扰。
str_npc42_2ary_morality_speech|首领，为您效力是我的荣幸。我知道，有些人觉得{s21}有失荣誉，但我不这么认为。战争残酷，有时确实必须{s21}。
str_npc33_personalityclash_speech|主人，请原谅我冒昧直言。您雇用了莱莫尼乌斯家的人，一定是还不知道他们有多卑劣歹毒。他们世世代代都是叛徒，企图伤害正直的罗马人、损害帝国！一百多年来，他们家在法庭上攻击我们，放火烧我们的产业，谋杀我们的族人，只因他们是一群毫无荣誉的人渣！
str_npc34_personalityclash_speech|主人，我不想打扰您，但有件事想说。
str_npc35_personalityclash_speech|{主人/女主人}，我话不多，可是……{s11}那家伙很烦人……
str_npc36_personalityclash_speech|主人，我得和您谈谈{s11}。
str_npc37_personalityclash_speech|指挥官，无意冒犯，但我有些受够了{s11}。他总打断我的祈祷，挑衅我。我加入队伍，不是为了因信仰而受欺凌。
str_npc38_personalityclash_speech|主人，我尽量保持冷静，可基督徒马尔库斯·维尼基乌斯真的让我恼火。
str_npc40_personalityclash_speech|{主人/女主人}，我受够了{s11}。他在散布关于我的谣言。
str_npc42_personalityclash_speech|{主人/女主人}，我受够了{s11}。他总说我们萨尔马提亚人是懦夫，因为我们骑马作战，而不徒步战斗。
str_npc33_personalityclash_speech_b|主人，您教会了我很多，也给了我机会，我永远感激！我想自己现在已经学得够多，该为帝国效力，开创自己的事业，为家族争光。主人，您若需要支持，随时都可以找我！
str_npc34_personalityclash_speech_b|主人，{s11}拒绝罗马伪神是好事，但他不肯抛弃旧律法。那些已经没有意义，我们如今信奉基督。他拒绝承认降临世间的救主，宁可沉溺于更古老的人写下的旧书。
str_npc35_personalityclash_speech_b|他总盯着莉吉娅，还写些关于她的古怪诗句……
str_npc36_personalityclash_speech_b|主人，这人和他的同类一样顽固，不肯面对自己不再蒙受特殊恩宠的事实。他们拒绝了神之子，也不愿改过。
str_npc37_personalityclash_speech_b|他崇拜偶像，我却从不说什么，也从不干涉队里任何人的事。我甚至自己做饭，免得您为了遵守我的饮食禁忌而费心，他为何总要挑衅我？昨天，明明我已说过不吃这种不洁的肉，{s11}还想给我吃猪肉，之后又骂了我许多难听的话。希望您别介意，但我加入队伍，不是为了因信仰不同而受人斥责。
str_npc38_personalityclash_speech_b|他对经书一无所知。他追随的那个所谓耶稣根本不是弥赛亚，而是个骗子，如今正在粪秽中受焚烧之刑。他的作为是诅咒，他的信徒把犹太教真正的一神信仰与偶像崇拜混在一起，奉他为神。神只有独一无二的一位，即圣名所指的那位，敬奉主的神庙就在耶路撒冷！
str_npc40_personalityclash_speech_b|他总说我盯着随军妇女排便，可这不是真的！我不盯着排便的女人！别人排便关我什么事？我没那种癖好。他才总盯着她们！那是他的癖好！我看的是她们的粪便，而且只是偶尔……可她们是随军妇女，不是吗？她们来这里，不就是为了让我们快活吗？
str_npc42_personalityclash_speech_b|简直胡说！事实上，罗马也采用骑兵，还在辅助军中大量使用。他该停止这些无聊纠缠。这种话有失战士身份。
str_npc34_personalityclash2_speech|{主人/女主人}，{s11}是个……愿基督宽恕我，他是个变态！
str_npc37_personalityclash2_speech|指挥官，我不想惹人厌，但实在不喜欢{s11}看我、和我说话的样子。总是戒备着，仿佛一直鄙视我。
str_npc38_personalityclash2_speech|主人，如今惹我烦的不止一个人，麻烦翻了倍：莉吉娅和她的护卫乌尔苏斯。他们没完没了地劝我，说我必须追随那个所谓耶稣，认他为弥赛亚。
str_npc40_personalityclash2_speech|{主人/女主人}，{s11}总是反应过度。她容不下旧神，而她的新神又那么古怪……
str_npc34_personalityclash2_speech_b|昨天我正切菜做饭，他走了过来，念了一首他写的诗，既令人难堪又恶心！谢天谢地，乌尔苏斯就在附近，帮了我……还不止这些，有时候我方便时，他也盯着我……
str_npc37_personalityclash2_speech_b|他总瞪着我，说话也满是敌意，这很不正常。似乎只因我是犹太人，就会让他心情不好……
str_npc38_personalityclash2_speech_b|他们不明白，皈依基督之前，他们公然崇拜偶像，如今仍在盲目做同样的事。耶稣是骗子，他的信徒奉行的不是一神信仰，而是偶像崇拜，玷污了对独一真神的信仰。
str_npc40_personalityclash2_speech_b|昨天我在做饭，偶尔朝她那边看一眼，只想瞥一下她美丽的胸脯。可她突然发狂，尖叫着说我让她蒙羞，违背了她那位神克瑞斯托斯的律法。她的朋友乌尔苏斯冒出来，差点杀了我！那家伙完全疯了。他平时一声不吭，可你只要看莉吉娅一眼，他就立刻出现，想把你揍个半死！
str_npc34_personalitymatch_speech|{主人/女主人}，很高兴您让马尔库斯加入队伍。他确实变了。如今他和我一样，是虔诚的基督徒，也是个有荣誉的人。我……觉得自己对他的爱与期盼终于有了结果！
str_npc36_personalitymatch_speech|{主人/女主人}，谢谢您让我再次见到莉吉娅。我感到……如释重负，并发誓绝不再苛待她或其他人。
str_npc37_personalitymatch_speech|指挥官，刚才{s11}英勇迎敌，危难时有这样的好战士在身边，真让人安心。
str_npc38_personalitymatch_speech|主人，约瑟福斯是个好人。有敌人从背后袭击我时，他救了我。他还精通经书，恰好是一位亚伦后裔的祭司。
str_npc40_personalitymatch_speech|{主人/女主人}，{s11}是个好伙伴。
str_npc42_personalitymatch_speech|首领，{s11}是个出色的战士。
str_npc34_personalitymatch_speech_b|马尔库斯确实让队伍温暖了许多。我希望我们很快就能成婚。也许将来可以退隐，到西西里过安宁的日子？
str_npc36_personalitymatch_speech_b|希望将来有一天，我们能成婚。我们可以退隐，在西西里安宁度日……
str_npc37_personalitymatch_speech_b|指挥官，犹太人与波斯人历来关系还算不错，甚至有犹太人在古代波斯诸王手下身居高位。帕提亚人既是他们的继承者，我得感谢您雇用了{s11}这样的勇士。虽然彼此有差异，但我们聊得来，战场上我也敢把后背交给他。
str_npc38_personalitymatch_speech_b|他让我有些想起已故的老师，愿老师的记忆蒙福。总之，他是个谈得来的好朋友，也是能在战场上守住阵线的可靠同伴。
str_npc40_personalitymatch_speech_b|他不但会帮忙给部队做饭，还知道女人哪里好……当然是胸脯。真是个好小伙，也是个好同伴。
str_npc42_personalitymatch_speech_b|上场战斗中，我们并肩奋战，互相帮助！这才叫同袍情谊。我们一起杀了许多敌人，彼此掩护，确保谁都不被包围。打得痛快，战利品也多。
str_npc33_retirement_speech|主人，您教会了我很多，也给了我机会，我永远感激！我想自己现在已经学得够多，该为帝国效力，开创自己的事业，为家族争光。主人，您若需要支持，随时都可以找我！
str_npc34_retirement_speech|我只是……需要休息。在罗马的土地上不停行军，与士兵为伍，其中许多人和他们家乡的城里人一样狂热……我觉得自己需要休息，也许去乡下某处。请原谅我现在离开。
str_npc36_retirement_speech|我需要退隐。战争会从根本上改变一个人，有时我觉得，它几乎让我们沦为野兽。我需要退隐，也许去西西里买座小庄园。
str_npc37_retirement_speech|指挥官，感谢您为我做的一切。不过现在，我想回故乡开始写作，眼下已经有足够多的经历可以记录了。
str_npc38_retirement_speech|主人，多亏了您，我积累了一笔小财富，父亲的人也早就跟丢了我。我想该安定下来了，也许在耶路撒冷附近买块好地，种苹果，娶个妻子，安享余生。谢谢您的一切。果园若结出果实，您随时可以来我家品尝。愿平安与你同在，我的朋友。
str_npc40_retirement_speech|我厌倦了走遍各地、不停行军……战利品和薪饷都不错，可眼下我已经打够了仗。我打算回城里，也许再试试去图书馆当抄写员……或许还能找到妻子。
str_npc42_retirement_speech|首领，我要离开您的战团。事情并未如我所愿发展，我想回到母亲和妹妹们身边，看看她们是否安好。
str_npc33_rehire_speech|主人，您愿意再次与我共事吗？我发现自己仍能向您学到很多，而我如今也成了更好的指挥官。
str_npc34_rehire_speech|哦，向您问好，{主人/女主人}。我确实怀念在您队中效力的日子。能再给我和乌尔苏斯一次机会吗？
str_npc36_rehire_speech|哦，向您问好，{主人/女主人}。原来在庄园里安宁度日，实在……平淡无奇。那些奢靡的宴会、园艺劳作，都不适合我这样的尚武之人。
str_npc37_rehire_speech|主人，很高兴再见到您。我从记忆里搜刮出不少篇章，可还是有些地方写不下去。也许再去旅行，让“文思枯竭”的困境消失，会是个好主意。您意下如何，我能重新归队吗？
str_npc38_rehire_speech|主人，见到您真高兴。可惜事情没像我想的那样发展。有一天田里劳作完，我正要吃晚饭，两个人突然持匕首来刺杀我。幸好我杀了一个，伤了另一个，不过让他逃了。看来父亲还是没放弃……于是我又开始四处奔波，只能等那个可怕的人死掉，才终于能清静……您还需要人手吗？我的本领一点没荒废，那两个刺客足以证明。
str_npc40_rehire_speech|{主人/女主人}，很高兴再见到您。结果我又在找工作了……和您一起经历那么多痛快的战斗后，抄写员的工作实在无聊……也许您又在招人？
str_npc42_rehire_speech|首领，很高兴再见到您。您又在招战士吗？我重新回竞技场谋生了，妹妹们还没出嫁，我们需要钱……
str_npc33_home_intro|虽然如今住在罗马，但我家在爱奥尼亚海与亚得里亚海之间的阿普利亚仍有土地。
str_npc34_home_intro|我觉得离家近了。我认得族人都城卡利西亚的古老城墙。那里的人与你们罗马人所谓大日耳曼尼亚、也就是蛮族地区的其他居民不太一样。其实，我们从前属于邻近马科曼尼人的酋长马尔博德建立的强大联盟。 
str_npc35_home_intro|我来自卢吉人。卡莉娜还是婴儿时，我就属于她的卫队。有时我几乎把她当女儿看待，不过这也是我的职责。
str_npc36_home_intro|我不喜欢东方诸行省。入伍前我在那里住过，可生活在帕提亚人的阴影下，并不是什么好体验。
str_npc37_home_intro|啊，耶路撒冷……对我们犹太人而言，这是世上最神圣的城市。您可以想象，有多少同胞前来朝圣，街上随处可见。想听听它的历史吗？
str_npc38_home_intro|主人，您看，我们离迦太基很近了。我从前很喜欢附近的海，总能让我平静。港口的落日景色非常美。您大概知道，这里是帝国最富裕的城市之一，四方船只都来贸易。
str_npc40_home_intro|{主人/女主人}，我们靠近三角洲了。我能感到那里清新的空气！
str_npc42_home_intro|首领！闻到清新的空气，看见无尽的平原了吗？这里就是萨尔马提亚！
str_npc33_home_description|意大利半岛形如靴子，阿普利亚就是靴跟。
str_npc34_home_description|马尔博德是伟大的改革者，热爱罗马生活。他和我一样曾在罗马宫廷做人质，不过成年后就回到故土。此后，他推行了许多重要改革：以罗马习俗为基础制定法律，仿照罗马建立强大而纪律严明的军队，实行定期征税制度，以及许多其他措施，增强了整个国家。但这引起了提比略治下罗马人的不满，他们试图用直接或间接的手段摧毁他的联盟。
str_npc36_home_description|帕提亚人不是普通的野蛮人。大多数野蛮人作战纯粹为了掠夺，通常没有精巧的战略战术，只凭人数优势压倒罗马军团，因此极易预测——条顿堡森林之战是个重大例外，但终究只是例外。帕提亚人恰恰相反。 
str_npc37_home_description|这座城几千年前由耶布斯人建立，当时就叫耶布斯。大卫王征服这里后，将它定为以色列王国的都城。他的儿子所罗门在此建造神庙，敬奉我们的神。但由于百姓的罪，几百年后，巴比伦人摧毁了神庙，愿他们受诅咒！
str_npc38_home_description|您也能想到，罗马人并非一直统治这里。被罗马征服前，这里曾是一个重要腓尼基海上霸权的中心。最终，迦太基的海上帝国与日益强大的罗马发生冲突，战争持续了一百年。后来迦太基败仗越来越多，最终西庇阿·埃米利安努斯围困并攻克此城，布匿战争就此结束。
str_npc40_home_description|尼罗河三角洲坐落在生机盎然的故乡，蜿蜒水道与葱郁草木交织成令人屏息的美景。它是我们的命脉，是自然节律引领万千生灵起舞的庇护所。三角洲映照着我们的精神，坚韧而彼此相连，承载着我们珍爱家园的心与魂。
str_npc42_home_description|无尽天空下，金色草海延伸至目光尽头，在风的轻抚下如波浪般起伏。我们萨尔马提亚人就在这里放牧牛群和马群。偶尔，地平线上会出现圆形棚屋，见证着世代以草原为家的萨尔马提亚人坚韧的精神。 
str_npc33_home_description_2|大量贸易从这里经过，不过我们不太参与。我们的天地在乡间，保护并管理大庄园，那才是配得上贵族的事业。不像那些可鄙的莱莫尼乌斯家人。
str_npc34_home_description_2|最终，在罗马人与卢吉诸部的支持下，一位名叫卡陶尔达的贵族崛起。他得到罗马资金支持，入侵我国，摧毁了马尔博德的联盟及其都城马罗布杜姆。此后，马尔博德再次来到罗马，这次却是流亡者，直到三十年前死于拉文纳。尽管联盟瓦解，我们部落仍然存在，并因琥珀商路而繁荣。琥珀在罗马价值不菲，因此这条商路深受罗马商人欢迎。您哪天该去卡利西亚看看。它不如罗马或帝国其他城市宏伟，却是兴旺的主要贸易中心，城里还有罗马人的独立聚居区。
str_npc36_home_description_2|他们的劫掠队或许会蹂躏边境，但帕提亚诸王始终谋求扩张领土，包括罗马行省。我们见过许多他们精心策划、以优势兵力发动的入侵，不得不应付那些令人羡慕的骑兵战术，尤其是迂回机动，以及用佯退打乱我们的阵线。与帕提亚作战是可怕的经历，我们都很清楚。
str_npc37_home_description_2|后来，在阿契美尼德王朝统治时期，我们在原址重建了神庙，就是如今仍矗立的那座。我父亲也是其中的祭司。您愿意的话可以去看看，那里氛围很好，附近广场出售各式货物，所以即使不去祈祷，也总能找到事情做。
str_npc38_home_description_2|主人，我明白您可能有事进城，但跟您进去对我而言太危险。我不想再被迫杀死父亲派来的人。所以请容我留在城外营地，等您回来。祝您一路平安，我会祈祷您安全归来。
str_npc40_home_description_2|我出生在离亚历山大里亚不远的小村子，就在三角洲里！那里美极了！真怀念年轻的时候……那时一切都简单得多……
str_npc42_home_description_2|天神与大地女神保护着我们的族人，护佑我们远离邪恶。时节一到，我们便收拾行囊，穿过无尽的平原，迁往新的牧场。无尽的平原，就是无尽自由的天地。
str_npc33_home_recap|我在罗马长大，但我家仍在阿普利亚拥有大庄园，离塔伦图姆不远。
str_npc34_home_recap|我来自卡利西亚附近的卢吉人土地。被送去罗马做人质前，我是族人的公主。
str_npc36_home_recap|我来自罗马的东方行省，主要住在安条克附近的家族庄园。因帕提亚战争入伍，战后迁到罗马，遇见了莉吉娅。
str_npc37_home_recap|我来自犹太，{s21}。
str_npc38_home_recap|我来自阿非利加元老院行省，具体说是{s21}。
str_npc40_home_recap|我来自{s21}附近的一个小村庄。
str_npc42_home_recap|我来自{s21}。
str_npc33_honorific|{主人/女主人}
str_npc34_honorific|{主人/女主人}
str_npc35_honorific|{主人/女主人}
str_npc36_honorific|{主人/女主人}
str_npc37_honorific|指挥官，主人
str_npc38_honorific|主人
str_npc39_honorific|首领
str_npc40_honorific|{主人/女主人}
str_npc41_honorific|首领
str_npc42_honorific|首领
str_npc33_kingsupport_1|当然，主人！我支持您，我的家族多半也会支持。
str_npc34_kingsupport_1|这种顾虑可以理解，{主人/女主人}。不过，若想成为公正高贵的凯撒，我有几点建议希望您遵循。
str_npc36_kingsupport_1|罗马需要公平公正的统治者，{主人/女主人}，我相信您能胜任。不过，我也有些意见。
str_npc37_kingsupport_1|主人，我全力支持您。在我看来，您是位英明的领袖，如同我们伟大的所罗门王。这正是世界所需：一位公正裁断、运用智慧改善百姓生活的统治者。
str_npc38_kingsupport_1|主人，我认为您会是出色的统治者，只求两件事：在帝国内颁布宽容敕令，并将公民权授予所有人。如今的局面不可能长久维持，迟早会有许多人反抗，没人愿意追随残暴的君主。请效法亚历山大或居鲁士王，愿二人蒙福。他们明白这一点，始终公平对待各族臣民。
str_npc40_kingsupport_1|好主意，{主人/女主人}。世界和人民值得更好的统治者，而您就是最好的选择！
str_npc42_kingsupport_1|好主意，首领。我知道您是优秀的战士、指挥官和首领，所以也会是完美的领袖与国王。
str_npc33_kingsupport_2|我相信还能说服家族和所有门客一起支持您。您是伟大的人，应当成为凯撒·奥古斯都，罗马的元首。不过，有些话他们需要听您亲口说……
str_npc34_kingsupport_2|我愿意，{主人/女主人}。不过，也希望您能尊重基督徒。不管狂热者怎么说，我们都不是坏人，许多人和您一样敬重罗马。我希望您成为凯撒后，能立法保护基督徒。另一点，是尊重您所谓的野蛮人。我们并非都如罗马人描绘的那样贪婪野蛮。从我或马尔博德的故事就能看出，许多人熟悉罗马生活，也十分敬重罗马的美德。
str_npc36_kingsupport_2|我愿意，{主人/女主人}。只是对阁下有所期望。首先，应当约束士兵的暴行，严禁劫掠、屠杀和族群清洗，重建必要的军纪，让罗马军团成为文明而纪律严明的军队。我们不是会做这些事的野蛮人或帕提亚人，士兵与指挥官都该明白这一点。此外，我希望您允许基督徒自由实践信仰，并妥善守卫帕提亚边境。我们都知道，基督徒通常品格高尚，理解平民和行省居民面对的苦难。他们的教义并不败坏道德，恰恰相反，它赞扬真正的罗马人应有的美德：真诚、诚实、慷慨和守法。因此，迫害他们不仅违背道德，也损害国家。至于帕提亚边境，我们都知道敌人有多危险，东方行省需要充分保护，即使为此必须向帕提亚领土扩张。
str_npc37_kingsupport_2|遵命，阁下。那么让我说说想法。首先，正如我所言，您必是英明的统治者，我们应向平民、乡绅乃至贵族宣传：无论如何，您都会以智慧公正待人，不像过去许多暴君那样受情绪支配、鲁莽行事。此外，主人，请您颁布宗教宽容法令，让帝国内信仰各异的族群知道，统治者并不想剥夺他们的身份，只想改善他们的生活，而要求的回报仅是忠诚……
str_npc38_kingsupport_2|主人，请记住，堡垒里的士兵若离心离德，就无法抵挡任何侵略者；而团结一致、士气高昂的守军，才是最令人畏惧的敌手。以身作则，给予人们基本自由，很快就会有成千上万人听从您的号令。我就是例子：您给我生存与自由的机会，所以如今我在这里报答您的恩情。
str_npc40_kingsupport_2|我当然愿意，{主人/女主人}。我能帮助您赢得平民支持。我知道他们想要什么，因为我就是他们中的一员！哈哈哈！若平民都聚集在您的旗帜下，您就可能成为世上最有权势的人！东方已有传闻，说诸神派遣的新王已经降临。
str_npc42_kingsupport_2|我支持您，首领。我可以尝试争取萨尔马提亚人的支持。若那里的诸王与酋长承认您的统治地位，您就更容易与他们结盟。
str_npc33_kingsupport_2a|什么话？
str_npc34_kingsupport_2a|我当然会。现在去向其他人宣传我的主张吧。
str_npc36_kingsupport_2a|看来我们有许多共同之处，亲爱的马尔库斯。
str_npc37_kingsupport_2a|请继续……
str_npc38_kingsupport_2a|假如我照做，告诉我，你能如何利用这些敕令宣传我的主张。
str_npc40_kingsupport_2a|请继续……
str_npc42_kingsupport_2a|我在听。
str_npc33_kingsupport_2b|你没资格提要求！
str_npc34_kingsupport_2b|我还需要想想。
str_npc36_kingsupport_2b|我以后会考虑。
str_npc37_kingsupport_2b|好吧，看看结果如何……
str_npc38_kingsupport_2b|人们会照我说的做，听从我的命令。
str_npc40_kingsupport_2b|够了！
str_npc42_kingsupport_2b|我不需要野蛮人的支持！
str_npc33_kingsupport_3|您知道，莱莫尼乌斯家是一窝奸诈毒蛇，与我们莫迪乌斯家世代结仇。只要您承诺支持我们，成为元首后好好教训那些人渣，我家就会全力拥护您。主人，我可以告诉他们，您已经答应了吗？
str_npc34_kingsupport_3|我会拜访罗马的基督徒和卢吉同胞，告诉他们您品格高尚，是虔诚的基督徒。希望我们很快就能再见。
str_npc36_kingsupport_3|我会去见罗马军中的朋友，以及信奉基督的贵族家族。只要您遵循我的建议，他们一定认为您是位好元首。
str_npc37_kingsupport_3|指挥官，我可以暂时离队，为您传播声名吗？我能联系帝国各地犹太社群的代表，让他们帮忙宣传。要传播您的名声，没有什么比让百姓彼此谈论您的美德更有效。
str_npc38_kingsupport_3|旅途中，我结识过一位犹太商人，他的女婿是耶路撒冷神庙的祭司。我可以找他，争取与祭司们会面。如果您承诺让他们自主处理宗教事务，他们就能说服帝国所有犹太人支持您的事业。主人，能让我离开几天，去传播消息吗？
str_npc40_kingsupport_3|若能让我在各地走上几周，告诉百姓，您就是从东方而来、将帮助并统治他们的那位君王，必能增进百姓对您统治权的认可。我确信如此。
str_npc42_kingsupport_3|若能让我回萨尔马提亚一周，就能尝试争取贵族和酋长的支持。我家被放逐过，难免有些风险，但我还是愿意试试……也因为我想再看看故乡。我很思念草原。若萨尔马提亚人支持您，您就能缔结盟约，帮助击败敌人。
str_npc33_kingsupport_objection|主人，这一定是谣言！您真的答应卑劣的莱莫尼乌斯家，站在他们那边对付我家？！主人，我说过，他们邪恶而狡诈，对帝国毫无忠心，一有机会就会背叛您。主人，您怎么能这样？
str_npc34_kingsupport_objection|{主人/女主人}，我只想说，您派卡拉·博加去散布谣言，声称您是弥赛亚，这让我很不安。基督才是弥赛亚，冒称救世主是罪！
str_npc37_kingsupport_objection|指挥官，您准许小塞孔杜斯离队，去传播那个所谓的“诸神征兆”。我得告诉您，神只有一位，您不该把自己的功业建立在从未发生过的神迹与无用迷信上。
str_npc38_kingsupport_objection|主人，您准许德鲁苏斯离队，去编造您的血统。请重新考虑这种做法。您的功业应建立在坚实的基础上，而不是谎言上。请记住，散布谎言的舌头，正是主所憎恶的事物之一。
str_npc40_kingsupport_objection|您为什么让莉吉娅四处奔走，替那些克瑞斯托斯狂热信徒争取支持？他们憎恨我们和我们的生活方式。您没看见她怎样对我吗？我从未做过什么对不起她的事，她却总叫情人乌尔苏斯打我……{playername}，我告诉您，不能信她。她或许容貌漂亮，有圆润的胸脯和小巧的腰腹……可她就是一条毒蛇！
str_npc42_kingsupport_objection|为什么让阿尼刻图斯那个海盗四处奔走，争取海盗支持！他们是一群毫无荣誉的强盗。首领，您不能信他们。这毫无益处，只会惹麻烦！
str_npc33_intel_mission|我可以去{s17}探望家人，大概能打听到更多关于{s18}的消息。我们家门客众多，在帝国那一带人脉很广。
str_npc34_intel_mission|主人，如我之前所说，我是来自卡利西亚的卢吉公主。我肯定能找到几位仍记得我、尊重我的贵族。他们会很高兴再次见到我。
str_npc36_intel_mission|{主人/女主人}，我可以去帕提亚边境侦察。我在帕尔米拉有几个老朋友，一定能告诉我当地情况。他们是上次帕提亚战争中为罗马效力的忠实密探，我相信他们仍健在，日子也过得不错。
str_npc37_intel_mission|指挥官，若您愿意，我可以去{s17}探望家人。父亲常从接待旅人的祭司那里听到许多消息，因此我能为您打听{s18}的近况。我可以去几天，尽快回来向您汇报。
str_npc38_intel_mission|主人，我在{s17}有人脉。也许可以去看看，能打听到什么。
str_npc40_intel_mission|我在{s17}有些朋友。他们或许知道埃及最新的传闻，您知道，埃及属于{s18}。我可以去几天，回来向您汇报。
str_npc42_intel_mission|我在{s17}有些朋友，童年的大部分时光都是在那里度过的。虽然多年未见，但可以去碰碰运气，向他们打听最新消息。
str_npc33_fief_acceptance|您要让我掌管自己的行省？太棒了！我们正在书写莫迪乌斯家的历史。我如今已达到伟大祖先盖乌斯·莫迪乌斯的高度。主人，我将永远感激并忠于您！
str_npc34_fief_acceptance|我？当总督？{主人/女主人}，十分感谢您赐予这份荣耀，我很乐意接受封地。我保证不让您失望。
str_npc36_fief_acceptance|{主人/女主人}，您如此信任我，愿任命我为总督？我深感荣幸。我保证尽力处理政务，充分尊重百姓，不像如今总督中那些比比皆是的暴徒与贪婪之辈。
str_npc37_fief_acceptance|指挥官，您想任命我为总督？我惊讶得说不出话。好心的阁下，尽管相信我。我会运用新职位所赋予的一切权力帮助您。请放心，纵然身份改变，您仍是我的指挥官，我必遵从您的命令。
str_npc38_fief_acceptance|主人，您要让我当{s17}的总督？这是我此生第二幸运的事，第一是认识神的圣言。我一定竭尽全力协助您。如今我也确信，父亲再也奈何不了我。也许我会寄些钱给他，让那个老吝啬鬼停止抱怨。谢谢您，阁下。我这就开始准备，整顿您交给我的守军。
str_npc40_fief_acceptance|您要让我当{s17}的总督，还授予贵族身份！很久以来，都没人对我如此厚待了！我会是完美人选，因为我识字，也精通算术！
str_npc42_fief_acceptance|您要让我成为{s17}的领主！首领，为您效力是我的荣幸！我绝不让您失望，会善待百姓，确保税赋缴清，并训练士兵备战。
str_npc34_woman_to_woman|女主人，我注意到，您已成为罗马最富有、最有影响力的女性之一，尼禄却仍未赐您封地。也许就因为您是女人？罗马人的这种偏见，我始终不太理解。不过您雄心勃勃，最终或许会有所改变。也许有一天，我不该再称您女主人，而该称您奥古斯塔？
str_npc39_woman_to_woman|我只是想以女人对女人的身份，告诉您，我有多么感激您的努力！
str_npc33_turn_against|事到如今，我的遗憾无以言表。我们莫迪乌斯家以荣誉和忠诚为傲，而您给了我这么多，教会了我大部分本领……但您做了不可饶恕的事，必将为此付出代价。
str_npc34_turn_against|{主人/女主人}，我不知我们为何走到彼此为敌这一步。我很遗憾，但有义务效忠自己的领主，所以请原谅我不得不站在您的对立面。
str_npc36_turn_against|{主人/女主人}，不再为您效力，让我深感羞愧与遗憾。我不知事情为何变成这样，但既然已经向您的敌人宣誓，就必须服从命令，与您交战。
str_npc37_turn_against|主人，再次相逢却在战场上分属敌对阵营，我实在难过。但我仍会履行职责，只盼有一天我们能够和解，重归于好。
str_npc38_turn_against|主人，以这种方式相见，我很悲伤，但相信这是必要的。您偏离了正道，我来纠正这一点。事了之后，请不要怨恨我，我只是做了必须做的事。
str_npc40_turn_against|抱歉，我们竟在战场上成为敌手……但命运如此，只能顺其而行。
str_npc42_turn_against|我昔日的首领，如今相见却互为敌手，实在令人难过……但我知道您是伟大的战士，能与您交锋，是我的荣幸。
str_north_african_name_32|菲洛忒奥斯
str_north_african_name_33|波利佩尔孔
str_north_african_name_34|普舍雷纳蒙
str_north_african_name_35|普舍伦普塔
str_north_african_name_36|普萨穆忒斯
str_north_african_name_37|托勒密
str_north_african_name_38|忒奥克里托斯
str_north_african_name_39|忒拉蓬
str_north_african_name_41|提摩莱昂
str_north_african_name_42|克桑托斯
str_north_african_name_43|克塞农
str_north_african_name_44|泽忒雷斯
str_north_african_name_45|佐西穆斯
str_north_african_name_46|阿赫梅斯
str_north_african_name_47|阿赫摩斯
str_north_african_name_48|阿拉鲁斯
str_north_african_name_49|阿马苏斯
str_north_african_name_51|阿梅尼
str_north_african_name_52|巴肯雷内夫
str_north_african_name_53|克勒奥墨涅斯
str_north_african_name_54|欧几里得
str_north_african_name_55|哈尔西奥特夫
str_north_african_name_56|赫努特
str_north_african_name_57|伊比
str_north_african_name_58|卡巴什
str_north_african_name_59|拉古斯
str_north_african_name_61|内克塔内布
str_north_african_name_62|凯佩尔卡雷
str_north_african_name_63|内费尔卡雷
str_north_african_name_64|内希
str_north_african_name_65|奥索尔孔
str_north_african_name_66|帕米
str_north_african_name_67|佩图巴斯提斯
str_north_african_name_68|忒奥斯
str_north_african_name_70|阿德赫尔巴尔
str_north_african_name_71|博米尔卡尔
str_north_african_name_72|埃泽纳
str_north_african_name_73|高达
str_north_african_name_74|古卢萨
str_north_african_name_75|希耶姆普萨尔
str_north_african_name_76|伊安普萨斯
str_north_african_name_77|朱古达
str_north_african_name_78|马西尼萨
str_north_african_name_79|马西瓦
str_north_african_name_80|马斯塔纳巴尔
str_north_african_name_81|米基普萨
str_north_african_name_82|纳布达尔萨
str_north_african_name_83|纳拉瓦斯
str_north_african_name_84|奥克辛特
str_north_african_name_85|叙帕克斯
str_north_african_name_86|叙法克斯
str_north_african_name_87|塔克法里纳斯
str_north_african_name_88|提凯乌斯
str_north_african_name_89|维尔米纳
str_north_african_name_90|泽忒雷斯
str_north_african_name_91|加拉
str_north_african_name_92|阿马斯坦
str_north_african_name_93|马斯坦
str_north_african_female_name_01|阿加佩
str_north_african_female_name_02|阿加托克勒娅
str_north_african_female_name_03|阿马尼沙布赫托
str_north_african_female_name_04|安提戈涅
str_north_african_female_name_05|阿帕梅
str_north_african_female_name_06|阿波罗尼娅
str_north_african_female_name_07|阿里斯托玛刻
str_north_african_female_name_08|阿尔忒米西娅
str_north_african_female_name_09|阿斯帕西娅
str_north_african_female_name_10|雅典娜伊斯
str_north_african_female_name_11|贝勒尼刻
str_north_african_female_name_12|卡里斯
str_north_african_female_name_13|克娄巴特拉
str_north_african_female_name_14|金娜
str_north_african_female_name_15|德梅特里娅
str_north_african_female_name_16|埃尔皮斯
str_north_african_female_name_17|埃瑞涅
str_north_african_female_name_18|欧多基娅
str_north_african_female_name_19|欧尼刻
str_north_african_female_name_20|欧斐米娅
str_north_african_female_name_21|欧律狄刻
str_north_african_female_name_22|欧塔莉娅
str_north_african_female_name_23|希帕蒂娅
str_north_african_female_name_24|尼萨
str_north_african_female_name_25|俄南忒
str_north_african_female_name_26|奥林匹亚
str_north_african_female_name_27|菲拉
str_north_african_female_name_28|菲勒
str_north_african_female_name_29|索斯特拉忒
str_north_african_female_name_30|斯特拉托妮刻
str_north_african_female_name_31|泰伊丝
str_north_african_female_name_32|忒奥菲拉
str_north_african_female_name_33|忒提玛
str_north_african_female_name_34|忒萨洛尼刻
str_north_african_female_name_35|托拉基斯
str_north_african_female_name_36|提莫
str_north_african_female_name_37|阿尔西诺厄
str_north_african_female_name_38|吕西安德拉
str_north_african_female_name_39|基娅
str_north_african_female_name_40|凯尔哈塔
str_persian_name_01|阿布利特斯
str_persian_name_02|阿契美尼斯
str_persian_name_03|阿纳费斯
str_persian_name_04|阿尔布帕勒斯
str_persian_name_05|阿里亚比格涅斯
str_persian_name_06|阿里阿斯佩斯
str_persian_name_07|阿里奥巴尔扎涅斯
str_persian_name_08|阿里斯托扎尼斯
str_persian_name_09|阿尔萨美斯
str_persian_name_10|阿尔塞斯
str_persian_name_11|阿尔西特斯
str_persian_name_12|阿尔塔巴佐斯
str_persian_name_13|阿尔塔斐尔尼斯
str_persian_name_14|阿尔泰恩忒斯
str_persian_name_15|阿尔塔薛西斯
str_persian_name_16|阿尔托克梅斯
str_persian_name_17|阿尔托斯特斯
str_persian_name_18|阿斯帕斯忒斯
str_persian_name_19|阿斯帕提尼斯
str_persian_name_20|阿提齐耶斯
str_persian_name_21|阿特罗帕忒斯
str_persian_name_22|奥托弗拉达忒斯
str_persian_name_23|巴戈阿斯
str_persian_name_24|巴尔赛恩忒斯
str_persian_name_25|巴里亚克西斯
str_persian_name_26|巴尔扎涅斯
str_persian_name_27|巴提斯
str_persian_name_28|贝勒西斯
str_persian_name_29|贝索斯
str_persian_name_30|比斯塔尼斯
str_persian_name_31|布巴勒斯
str_persian_name_32|科里耶涅斯
str_persian_name_33|大流士
str_persian_name_34|达塔美斯
str_persian_name_35|达塔斐尔尼斯
str_persian_name_36|达提斯
str_persian_name_37|格尔吉斯
str_persian_name_38|哈尔马米特雷斯
str_persian_name_39|豪斯塔尼斯
str_persian_name_40|希斯塔涅斯
str_persian_name_41|许达尔尼斯
str_persian_name_42|希斯塔斯佩斯
str_persian_name_43|伊塔米特雷斯
str_persian_name_44|卡塔尼斯
str_persian_name_45|科费涅斯
str_persian_name_46|居鲁士
str_persian_name_47|马达忒斯
str_persian_name_48|马尔多尼奥斯
str_persian_name_49|马西斯特斯
str_persian_name_50|马瓦刻斯
str_persian_name_51|马扎刻斯
str_persian_name_52|马扎伊奥斯
str_persian_name_53|马扎罗斯
str_persian_name_54|梅加帕诺斯
str_persian_name_55|米特拉达梯
str_persian_name_56|密特劳斯忒斯
str_persian_name_57|密特里尼斯
str_persian_name_58|密特罗拜奥斯
str_persian_name_59|米特罗布扎涅斯
str_persian_name_60|纳巴尔扎尼斯
str_persian_name_61|尼法忒斯
str_persian_name_62|奥科斯
str_persian_name_63|奥约巴佐斯
str_persian_name_64|奥孔托巴特斯
str_persian_name_65|奥马雷斯
str_persian_name_66|翁托托帕忒斯
str_persian_name_67|奥尔达涅斯
str_persian_name_68|奥龙忒斯
str_persian_name_69|奥尔克西涅斯
str_persian_name_70|奥塔斯佩斯
str_persian_name_71|奥克萨特雷斯
str_persian_name_72|奥克叙阿尔忒斯
str_persian_name_73|奥克叙达忒斯
str_persian_name_74|佩提尼斯
str_persian_name_75|法拉斯马涅斯
str_persian_name_76|法尔纳巴佐斯
str_persian_name_77|法尔努刻斯
str_persian_name_78|费伦达特斯
str_persian_name_79|弗拉萨奥尔特斯
str_persian_name_80|弗拉塔斐尔尼斯
str_persian_name_81|普雷克萨斯佩斯
str_persian_name_82|雷俄米特雷斯
str_persian_name_83|罗伊萨克斯
str_persian_name_84|萨巴科斯
str_persian_name_85|萨塔斯佩斯
str_persian_name_86|萨提巴尔扎尼斯
str_persian_name_87|西罗米特雷斯
str_persian_name_88|西萨姆涅斯
str_persian_name_89|西西尼斯
str_persian_name_90|斯梅尔多梅涅斯
str_persian_name_91|斯皮塔美尼斯
str_persian_name_92|斯皮特里达忒斯
str_persian_name_93|提里阿斯佩斯
str_persian_name_94|提萨斐尔尼斯
str_persian_name_95|特里坦泰克美斯
str_persian_name_96|薛西斯
str_persian_name_97|阿布达加斯
str_persian_name_98|阿拉
str_persian_name_99|阿拉姆
str_persian_name_100|阿拉穆
str_persian_name_101|阿尔巴刻斯
str_persian_name_102|阿尔达希尔
str_persian_name_103|阿尔吉什提
str_persian_name_104|阿里奥瓦斯特
str_persian_name_105|阿尔卡
str_persian_name_106|阿尔明
str_persian_name_107|阿尔萨息
str_persian_name_108|阿尔塔巴努斯
str_persian_name_109|阿尔塔巴佐斯
str_persian_name_110|阿尔塔叙拉斯
str_persian_name_111|阿尔塔瓦兹德
str_persian_name_112|阿尔塔克西亚斯
str_persian_name_113|阿里亚尼斯
str_persian_name_114|阿舍里
str_persian_name_115|阿西纳
str_persian_name_116|阿史那
str_persian_name_117|阿斯塔什帕
str_persian_name_118|阿斯提亚格斯
str_persian_name_119|阿塔迈塔
str_persian_name_120|阿图尔帕特
str_persian_name_121|巴加亚什巴亚德
str_persian_name_122|科斯罗埃斯
str_persian_name_123|基亚克萨雷斯
str_persian_name_124|居鲁士
str_persian_name_125|大流士
str_persian_name_126|戴奥凯斯
str_persian_name_127|欧阿戈拉斯
str_persian_name_128|弗拉瓦尔提
str_persian_name_129|高墨达
str_persian_name_130|戈布里亚斯
str_persian_name_131|戈塔尔泽斯
str_persian_name_132|哈尔迪塔
str_persian_name_133|希达尔尼斯
str_persian_name_134|曼奇赫尔
str_persian_name_135|马尔多尼乌斯
str_persian_name_136|马尔提亚
str_persian_name_137|马扎刻斯
str_persian_name_138|梅加比佐斯
str_persian_name_139|梅努阿
str_persian_name_140|南贝德
str_persian_name_141|纳帕德
str_persian_name_142|奥罗德斯
str_persian_name_143|奥斯罗埃斯
str_persian_name_144|帕科鲁斯
str_persian_name_145|佩乌刻斯塔斯
str_persian_name_146|弗拉阿特斯
str_persian_name_147|弗拉奥尔特斯
str_persian_name_148|鲁萨
str_persian_name_149|萨梅斯
str_persian_name_150|萨尔杜里
str_persian_name_151|萨尔萨马斯
str_persian_name_152|萨瓦刻斯
str_persian_name_153|沙普尔
str_persian_name_154|西纳特鲁刻斯
str_persian_name_155|提格赖奥斯
str_persian_name_156|提格拉尼斯
str_persian_name_157|提里达梯
str_persian_name_158|乌马迈塔
str_persian_name_159|乌帕达尔马
str_persian_name_160|瓦赫巴尔兹
str_persian_name_161|瓦尔达尼斯
str_persian_name_162|沃洛加塞斯
str_persian_name_163|沃诺尼斯
str_persian_female_name_01|阿玛斯特里斯
str_persian_female_name_02|阿米蒂斯
str_persian_female_name_03|安扎扎
str_persian_female_name_04|阿尔塔佐斯特雷
str_persian_female_name_05|阿尔蒂斯托涅
str_persian_female_name_06|阿托莎
str_persian_female_name_07|巴尔西涅
str_persian_female_name_08|达马斯皮娅
str_persian_female_name_09|曼达涅
str_persian_female_name_10|帕尔米斯
str_persian_female_name_11|帕丽萨蒂斯
str_persian_female_name_12|费迪米娅
str_persian_female_name_13|里努
str_persian_female_name_14|斯塔泰拉
str_persian_female_name_15|瓦实提
str_persian_female_name_16|阿帕梅
str_persian_female_name_17|阿尔塔卡玛
str_persian_female_name_18|阿尔塔尼斯
str_persian_female_name_19|阿里斯托涅
str_persian_female_name_20|奥里佩提斯
str_persian_female_name_21|罗克珊娜
str_persian_female_name_22|西绪甘比斯
str_sarmatian_name_01|艾拉万塔
str_sarmatian_name_02|阿贾塔萨特鲁
str_sarmatian_name_03|阿吉特
str_sarmatian_name_04|阿尔普
str_sarmatian_name_05|安巴雷
str_sarmatian_name_06|阿姆普拉塔萨尔梅
str_sarmatian_name_07|阿姆拉塔拉克西特
str_sarmatian_name_08|阿姆拉托达内
str_sarmatian_name_09|阿南德
str_sarmatian_name_10|阿纳塔平迪克
str_sarmatian_name_11|阿尼鲁德赫
str_sarmatian_name_12|安达韦
str_sarmatian_name_13|安克察斯
str_sarmatian_name_14|阿尔朱内
str_sarmatian_name_15|阿拉内米
str_sarmatian_name_16|阿尔尼亚尔塔特
str_sarmatian_name_17|阿尔斯拉姆
str_sarmatian_name_18|阿尔塔达尔西
str_sarmatian_name_19|阿里亚马尔格
str_sarmatian_name_20|阿里亚斯克
str_sarmatian_name_21|阿里亚特韦
str_sarmatian_name_22|阿里亚瓦尔梅
str_sarmatian_name_23|阿里约塔梅
str_sarmatian_name_24|阿索卡米特雷
str_sarmatian_name_25|阿索卡拉克西特
str_sarmatian_name_26|阿索克
str_sarmatian_name_27|阿萨尔特
str_sarmatian_name_28|阿斯塔维
str_sarmatian_name_29|阿塔克
str_sarmatian_name_30|阿提迪瓦卡雷
str_sarmatian_name_31|阿提乌查加米
str_sarmatian_name_32|阿特赖卡特
str_sarmatian_name_33|宾巴萨雷
str_sarmatian_name_34|柴提克
str_sarmatian_name_35|柴提斯卡
str_sarmatian_name_36|查克拉瓦尔
str_sarmatian_name_37|查库勒
str_sarmatian_name_38|钱德拉穆克
str_sarmatian_name_39|钱德拉瓦苏
str_sarmatian_name_40|钱德雷
str_sarmatian_name_41|查拉查特
str_sarmatian_name_42|奇纳
str_sarmatian_name_43|奇纳提乌提
str_sarmatian_name_44|奇特雷
str_sarmatian_name_45|奇塔拉克西特
str_sarmatian_name_46|乔瓦斯克
str_sarmatian_name_47|丹达卡马尔
str_sarmatian_name_48|德瓦拉克斯特
str_sarmatian_name_49|达尼克
str_sarmatian_name_50|迪潘卡尔
str_sarmatian_name_51|迪尔加纳克
str_sarmatian_name_52|德拉维亚斯瓦雷
str_sarmatian_name_53|杜尔穆克
str_sarmatian_name_54|埃卡斯林克
str_sarmatian_name_55|埃尔卡措勒
str_sarmatian_name_56|埃斯米内
str_sarmatian_name_57|埃特里瑟
str_sarmatian_name_58|加亚卡夏佩
str_sarmatian_name_59|加亚西尔斯
str_sarmatian_name_60|加耶
str_sarmatian_name_61|古纳钱德雷
str_sarmatian_name_62|古纳桑帕德
str_sarmatian_name_63|哈里钱德雷
str_sarmatian_name_64|哈斯塔克
str_sarmatian_name_65|赫图巴利克
str_sarmatian_name_66|因德拉德瓦杰
str_sarmatian_name_67|因德拉特韦
str_sarmatian_name_68|因德雷
str_sarmatian_name_69|因德里斯克
str_sarmatian_name_70|伊萨帕克
str_sarmatian_name_71|贾提斯罗内
str_sarmatian_name_72|杰塔瓦姆
str_sarmatian_name_73|吉纳纳钱德雷
str_sarmatian_name_74|吉纳纳戈瑟
str_sarmatian_name_75|吉纳纳卡梅
str_sarmatian_name_76|吉纳纳库普特
str_sarmatian_name_77|吉纳纳莫克瑟
str_sarmatian_name_78|吉纳纳塞内
str_sarmatian_name_79|吉纳纳索梅
str_sarmatian_name_80|吉纳纳斯提特
str_sarmatian_name_81|吉纳纳维里耶
str_sarmatian_name_82|卡迪克
str_sarmatian_name_83|卡洛达耶
str_sarmatian_name_84|卡利亚纳莫克瑟
str_sarmatian_name_85|卡利亚纳弗拉德希
str_sarmatian_name_86|卡利亚纳瓦尔塔内
str_sarmatian_name_87|卡纳克
str_sarmatian_name_88|卡纳斯克
str_sarmatian_name_89|坎塔克
str_sarmatian_name_90|卡皮拉瓦尔内
str_sarmatian_name_91|卡皮拉瓦斯图
str_sarmatian_name_92|卡斯
str_sarmatian_name_93|卡夏普
str_sarmatian_name_94|卡塔卡尔尼
str_sarmatian_name_95|考恩迪尼耶
str_sarmatian_name_96|考拉维耶
str_sarmatian_name_97|考萨尔
str_sarmatian_name_98|凯马尔朱内
str_sarmatian_name_99|肯塔尔斯克
str_sarmatian_name_100|凯尔钱佩伊
str_sarmatian_name_101|凯尔卡皮斯克
str_sarmatian_name_102|凯尔迪波勒
str_sarmatian_name_103|凯雷普坦内
str_sarmatian_name_104|金内
str_sarmatian_name_105|克伦卡拉科
str_sarmatian_name_106|克尔帕帕特雷
str_sarmatian_name_107|克利约提斯卡
str_sarmatian_name_108|科提勒
str_sarmatian_name_109|科伊萨姆
str_sarmatian_name_110|克谢曼卡雷
str_sarmatian_name_111|克斯马尔朱内
str_sarmatian_name_112|克斯马瓦尔梅
str_sarmatian_name_113|克斯马特
str_sarmatian_name_114|克斯马特沃尔萨
str_sarmatian_name_115|克斯米卡
str_sarmatian_name_116|库尔凯拉
str_sarmatian_name_117|库马拉普尼耶
str_sarmatian_name_118|昆潘特
str_sarmatian_name_119|库纳钱特拉考
str_sarmatian_name_120|库纳钱特雷
str_sarmatian_name_121|克维拉帕巴德拉
str_sarmatian_name_122|拉里斯卡
str_sarmatian_name_123|马哈桑马特
str_sarmatian_name_124|马希斯瓦雷
str_sarmatian_name_125|马尼斯瓦雷
str_sarmatian_name_126|米特拉克谢梅
str_sarmatian_name_127|米特拉斯克
str_sarmatian_name_128|米特雷
str_sarmatian_name_129|莫克萨塞内
str_sarmatian_name_130|莫克萨索梅
str_sarmatian_name_131|莫克萨瓦尔梅
str_sarmatian_name_132|莫利约克
str_sarmatian_name_133|穆卡兰提
str_sarmatian_name_134|蒙卡雷
str_sarmatian_name_135|穆尔达加特
str_sarmatian_name_136|南达巴拉
str_sarmatian_name_137|南达克
str_sarmatian_name_138|南德
str_sarmatian_name_139|南迪帕勒
str_sarmatian_name_140|纳斯梅
str_sarmatian_name_141|纳特
str_sarmatian_name_142|纳拉德韦
str_sarmatian_name_143|尼罗特
str_sarmatian_name_144|努普拉
str_sarmatian_name_145|尼亚格罗德
str_sarmatian_name_146|帕德马凯萨尔
str_sarmatian_name_147|帕德莫塔雷
str_sarmatian_name_148|帕卡钱德雷
str_sarmatian_name_149|潘查西基
str_sarmatian_name_150|帕瓦斯克
str_sarmatian_name_151|佩萨内
str_sarmatian_name_152|普拉班卡雷
str_sarmatian_name_153|普拉巴瑟
str_sarmatian_name_154|普拉纳达
str_sarmatian_name_155|普拉桑纳克
str_sarmatian_name_156|普拉瓦雷
str_sarmatian_name_157|普里亚德韦
str_sarmatian_name_158|普通皮勒
str_sarmatian_name_159|普奈伊塞
str_sarmatian_name_160|普纳卡梅
str_sarmatian_name_161|普纳拉克西特
str_sarmatian_name_162|普尼钱德雷
str_sarmatian_name_163|普尼亚米特雷
str_sarmatian_name_164|普尔塔斯
str_sarmatian_name_165|拉胡勒
str_sarmatian_name_166|拉克塔德韦
str_sarmatian_name_167|拉特纳丘达
str_sarmatian_name_168|拉特纳西基
str_sarmatian_name_169|里希瓦达姆
str_sarmatian_name_170|鲁德拉穆克
str_sarmatian_name_171|鲁德拉萨尔梅
str_sarmatian_name_172|萨加雷
str_sarmatian_name_173|萨曼塔提尔
str_sarmatian_name_174|桑奇特
str_sarmatian_name_175|桑加特拉特
str_sarmatian_name_176|萨纳瓦西
str_sarmatian_name_177|桑加萨尔梅
str_sarmatian_name_178|桑凯内
str_sarmatian_name_179|萨努姆
str_sarmatian_name_180|萨普塔纳瑟
str_sarmatian_name_181|萨拉西克
str_sarmatian_name_182|萨尔马钱德雷
str_sarmatian_name_183|萨尔西雷
str_sarmatian_name_184|萨图马
str_sarmatian_name_185|萨提亚克
str_sarmatian_name_186|萨提亚拉克西特
str_sarmatian_name_187|西达桑加
str_sarmatian_name_188|西拉德韦
str_sarmatian_name_189|西拉米特雷
str_sarmatian_name_190|西拉拉基特
str_sarmatian_name_191|西拉拉克西
str_sarmatian_name_192|西拉索马
str_sarmatian_name_193|西拉万德
str_sarmatian_name_194|西拉瓦尔内
str_sarmatian_name_195|西拉亚瑟
str_sarmatian_name_196|西洛帕克
str_sarmatian_name_197|辛普拉耶
str_sarmatian_name_198|辛查克
str_sarmatian_name_199|辛克
str_sarmatian_name_200|辛库
str_sarmatian_name_201|斯卡纳塔特
str_sarmatian_name_202|斯克瓦尔勒
str_sarmatian_name_203|斯拉钱德雷
str_sarmatian_name_204|索拉尔克
str_sarmatian_name_205|索梅
str_sarmatian_name_206|斯雷斯塔克
str_sarmatian_name_207|苏达尔瑟
str_sarmatian_name_208|苏达斯
str_sarmatian_name_209|苏多达内
str_sarmatian_name_210|苏贾特
str_sarmatian_name_211|苏卡瑟
str_sarmatian_name_212|苏克洛达内
str_sarmatian_name_213|苏纳克萨特雷
str_sarmatian_name_214|苏内特雷
str_sarmatian_name_215|苏塔索梅
str_sarmatian_name_216|苏塔特
str_sarmatian_name_217|斯瓦尔纳布斯佩
str_sarmatian_name_218|斯瓦尔纳特佩
str_sarmatian_name_219|塔尔马钱德雷
str_sarmatian_name_220|塔尔马拉克西特
str_sarmatian_name_221|特纳雷
str_sarmatian_name_222|托赫凯姆
str_sarmatian_name_223|通克
str_sarmatian_name_224|图基克
str_sarmatian_name_225|通卡
str_sarmatian_name_226|图西
str_sarmatian_name_227|乌达纳兰卡尔
str_sarmatian_name_228|乌达伊
str_sarmatian_name_229|乌尔卡穆克
str_sarmatian_name_230|乌卢克
str_sarmatian_name_231|乌帕格
str_sarmatian_name_232|乌帕古普特
str_sarmatian_name_233|乌帕南德
str_sarmatian_name_234|乌波萨特
str_sarmatian_name_235|乌尔比尔瓦卡夏佩
str_sarmatian_name_236|乌塔拉法尔古尼
str_sarmatian_name_237|乌塔雷
str_sarmatian_name_238|外斯拉瓦内
str_sarmatian_name_239|外提克
str_sarmatian_name_240|瓦尔达内
str_sarmatian_name_241|维杜萨克
str_sarmatian_name_242|维马拉普斯佩
str_sarmatian_name_243|维奈瑟
str_sarmatian_name_244|维萨勒
str_sarmatian_name_245|瓦姆索克
str_sarmatian_name_246|瓦尔瓦塔斯克
str_sarmatian_name_247|瓦尔亚鲁奇
str_sarmatian_name_248|瓦尔亚塞内
str_sarmatian_name_249|瓦桑皮勒
str_sarmatian_name_250|瓦萨韦
str_sarmatian_name_251|维里亚德韦
str_sarmatian_name_252|维里亚米特雷
str_sarmatian_name_253|维里亚桑提
str_sarmatian_name_254|维里亚西尼
str_sarmatian_name_255|维西克
str_sarmatian_name_256|弗劳斯克
str_sarmatian_name_257|亚纳亚瑟
str_sarmatian_name_258|亚尔帕拉斯克
str_sarmatian_name_259|亚萨
str_sarmatian_name_260|亚萨维内
str_sarmatian_name_261|亚瑟
str_sarmatian_name_262|亚索纳卡
str_sarmatian_name_263|亚斯塔雷
str_sarmatian_name_264|永格
str_sarmatian_name_265|约努
str_sarmatian_name_266|伊佩
str_sarmatian_name_267|尤迪斯提雷
str_sarmatian_name_268|尤加拉杰
str_sarmatian_female_name_01|安普拉塔塞内
str_sarmatian_female_name_02|阿姆拉塔塞内
str_sarmatian_female_name_03|阿周那
str_sarmatian_female_name_04|阿鲁纳瓦蒂
str_sarmatian_female_name_05|阿里亚科瑟
str_sarmatian_female_name_06|阿里亚拉克西特
str_sarmatian_female_name_07|阿亚尔迪亚梅
str_sarmatian_female_name_08|巴德拉
str_sarmatian_female_name_09|坎卡
str_sarmatian_female_name_10|德里提拉斯特雷
str_sarmatian_female_name_11|吉纳提
str_sarmatian_female_name_12|科利特
str_sarmatian_female_name_13|科斯提莱
str_sarmatian_female_name_14|马莉卡
str_sarmatian_female_name_15|玛雅
str_sarmatian_female_name_16|纳加塞内
str_sarmatian_female_name_17|普里亚萨里尼
str_sarmatian_female_name_18|普尼亚塞内
str_sarmatian_female_name_19|普里克
str_sarmatian_female_name_20|普尔纳雅
str_sarmatian_female_name_21|普罗希特
str_sarmatian_female_name_22|普特雷
str_sarmatian_female_name_23|拉克纳斯卡
str_sarmatian_female_name_24|雷瓦提
str_sarmatian_female_name_25|罗切
str_sarmatian_female_name_26|萨奇
str_sarmatian_female_name_27|桑塔
str_sarmatian_female_name_28|桑提塞内
str_sarmatian_female_name_29|萨里
str_sarmatian_female_name_30|斯图拉南达
str_sarmatian_female_name_31|苏达尔萨内
str_sarmatian_female_name_32|苏马加蒂
str_sarmatian_female_name_33|苏迈塞
str_sarmatian_female_name_34|苏马提
str_sarmatian_female_name_35|孙达里
str_sarmatian_female_name_36|苏瓦尔特
str_sarmatian_female_name_37|塔尔马维尔内
str_sarmatian_female_name_38|塔尔特维萨拉
str_sarmatian_female_name_39|塔提
str_sarmatian_female_name_40|提谢
str_sarmatian_female_name_41|乌帕提谢
str_sarmatian_female_name_42|乌帕尔
str_sarmatian_female_name_43|乌帕拉瓦尔纳
str_sarmatian_female_name_44|瓦西斯特
str_sarmatian_female_name_45|维塔萨克
str_sarmatian_female_name_46|亚萨拉克西特
str_sarmatian_female_name_47|耶输陀罗
str_arabian_name_01|阿比亚萨
str_arabian_name_02|阿布拉哈
str_arabian_name_03|阿勒汉
str_arabian_name_04|阿姆丹
str_arabian_name_05|阿姆卡里卜
str_arabian_name_06|阿姆达哈尔
str_arabian_name_07|阿姆沙菲克
str_arabian_name_08|阿姆伊萨
str_arabian_name_09|阿卜卡里卜
str_arabian_name_10|阿比亚达
str_arabian_name_11|比·阿斯塔尔
str_arabian_name_12|扎马尔·阿里
str_arabian_name_13|扎马尔卡里卜
str_arabian_name_14|法拉·卡里卜
str_arabian_name_15|盖兰
str_arabian_name_16|哈桑
str_arabian_name_17|豪菲·阿姆
str_arabian_name_18|豪菲·阿萨特
str_arabian_name_19|哈尤
str_arabian_name_20|胡芬
str_arabian_name_21|伊勒·阿兹
str_arabian_name_22|伊勒拉尤姆
str_arabian_name_23|伊勒萨马
str_arabian_name_24|伊勒沙拉赫
str_arabian_name_25|伊勒亚法
str_arabian_name_26|卡里卜·伊勒
str_arabian_name_27|哈尔卡里布
str_arabian_name_28|马阿德·伊勒
str_arabian_name_29|马阿德卡里卜
str_arabian_name_30|马卜哈德
str_arabian_name_31|马利克卡里卜
str_arabian_name_32|马尔萨德
str_arabian_name_33|马尔萨德·伊勒姆
str_arabian_name_34|马苏德
str_arabian_name_35|穆哈基姆
str_arabian_name_36|穆拉塔
str_arabian_name_37|纳巴特
str_arabian_name_38|纳巴塔利
str_arabian_name_39|纳沙·卡里卜
str_arabian_name_40|拉阿卜·伊勒
str_arabian_name_41|拉卜沙姆斯
str_arabian_name_42|萨德沙姆斯
str_arabian_name_43|沙赫尔
str_arabian_name_44|沙姆达尔
str_arabian_name_45|沙马尔
str_arabian_name_46|沙拉赫·伊勒
str_arabian_name_47|西姆亚法
str_arabian_name_48|苏姆胡·阿里
str_arabian_name_49|苏姆胡亚法
str_arabian_name_50|萨兰
str_arabian_name_51|图巴·卡里卜
str_arabian_name_52|瓦哈卜
str_arabian_name_53|瓦卡赫·伊勒
str_arabian_name_54|瓦拉乌·伊勒
str_arabian_name_55|瓦塔尔
str_arabian_name_56|亚达·阿卜
str_arabian_name_57|亚达·伊卜
str_arabian_name_58|亚达·伊勒
str_arabian_name_59|亚德穆尔马利克
str_arabian_name_60|亚克里卜马利克
str_arabian_name_61|亚什胡尔·伊勒
str_arabian_name_62|亚什胡尔马利克
str_arabian_name_63|亚西尔
str_arabian_name_64|亚苏杜克·伊勒
str_arabian_name_65|亚齐勒
str_arabian_name_66|伊加尔
str_arabian_name_67|伊萨·阿马尔
str_arabian_name_68|伊萨·伊勒
str_arabian_name_69|尤哈卡姆
str_arabian_name_70|尤哈尔·伊勒
str_arabian_name_71|优素福
str_arabian_female_name_01|阿迪娅
str_arabian_female_name_02|巴斯卢
str_arabian_female_name_03|扎比巴特
str_arabian_female_name_04|扎尔卡
str_arabian_female_name_05|加米拉特
str_arabian_female_name_06|欣德
str_arabian_female_name_07|胡尔杜
str_arabian_female_name_08|莱拉
str_arabian_female_name_09|马马特
str_arabian_female_name_10|玛丽亚姆
str_arabian_female_name_11|马萨特
str_arabian_female_name_12|马维娅
str_arabian_female_name_13|沙吉拉特
str_arabian_female_name_14|沙姆西
str_arabian_female_name_15|苏海马特
str_arabian_female_name_16|塔布阿
str_arabian_female_name_17|泰勒胡努
str_arabian_female_name_18|亚帕
str_arabian_female_name_19|亚西·埃特
str_arabian_female_name_20|尤塔卜
str_arabian_female_name_21|扎比巴
str_arabian_female_name_22|扎尔加
str_hebrew_name_01|西门
str_hebrew_name_02|约瑟
str_hebrew_name_03|犹大
str_hebrew_name_04|埃拉扎尔
str_hebrew_name_05|约哈南
str_hebrew_name_06|约书亚
str_hebrew_name_07|哈拿尼雅
str_hebrew_name_08|约拿单
str_hebrew_name_09|玛他提亚
str_hebrew_name_10|米拿现
str_hebrew_name_11|雅各
str_hebrew_name_12|哈南
str_hebrew_name_13|多西忒乌斯
str_hebrew_name_14|撒迦利亚
str_hebrew_name_15|以实玛利
str_hebrew_name_16|利未
str_hebrew_name_17|扫罗
str_hebrew_name_18|奥尼亚斯
str_hebrew_name_19|撒母耳
str_hebrew_name_20|埃泽基亚
str_hebrew_name_21|加迪什
str_hebrew_name_22|加尼
str_hebrew_name_23|哈盖
str_hebrew_name_24|哈尼莱
str_hebrew_name_25|哈尔索姆
str_hebrew_name_26|哈尔卡克
str_hebrew_name_27|马罗
str_hebrew_name_28|拿但业
str_hebrew_name_29|拿单
str_hebrew_name_30|内巴尔塔
str_hebrew_name_31|尼坎杜斯
str_hebrew_name_32|伊阿宋
str_hebrew_name_33|耶利米
str_hebrew_name_34|卡萨亚斯
str_hebrew_female_name_01|哈拿
str_hebrew_female_name_02|米利暗
str_hebrew_female_name_03|莎乐美
str_hebrew_female_name_04|舍拉姆齐翁
str_hebrew_female_name_05|马大
str_hebrew_female_name_06|约安娜
str_hebrew_female_name_07|施弗拉
str_hebrew_female_name_08|贝勒尼刻
str_hebrew_female_name_09|撒拉
str_hebrew_female_name_10|伊玛
str_hebrew_female_name_11|赫尔弥俄涅
str_hebrew_female_name_12|海伦
str_hebrew_female_name_13|格拉普特
str_hebrew_female_name_14|以利舍巴
str_hebrew_female_name_15|以斯帖
str_hebrew_female_name_16|吕西娅
str_hebrew_female_name_17|犹滴
str_hebrew_female_name_18|尤利娅
str_hebrew_female_name_19|玛拉
str_saka_name_01|阿查亚凯
str_saka_name_02|阿拉扎泰
str_saka_name_03|阿尔沙凯
str_saka_name_04|阿尔塔瓦陶赫迈
str_saka_name_05|阿尔提艾
str_saka_name_06|阿斯帕瓦尔迈
str_saka_name_07|奥贝拉凯
str_saka_name_08|布马凯
str_saka_name_09|博莱
str_saka_name_10|戴纳帕韦
str_saka_name_11|达米扎泰
str_saka_name_12|弗拉卡马赫沙埃
str_saka_name_13|哈达巴莱
str_saka_name_14|豪拉姆伦代
str_saka_name_15|豪拉沙代
str_saka_name_16|胡克沙哈莱
str_saka_name_17|吉霍尼亚凯
str_saka_name_18|卡卢凯
str_saka_name_19|卡马克奈
str_saka_name_20|卡拉豪瓦斯泰
str_saka_name_21|卡拉马瑟
str_saka_name_22|卡拉沙马柴
str_saka_name_23|卡拉瓦拉凯
str_saka_name_24|克拉塔凯
str_saka_name_25|克沙迈
str_saka_name_26|库祖拉凯
str_saka_name_27|曼亚库莱
str_saka_name_28|毛凯
str_saka_name_29|马亚凯
str_saka_name_30|马亚埃
str_saka_name_31|纳哈帕奈
str_saka_name_32|纳马劳代
str_saka_name_33|纳尔塔迈
str_saka_name_34|纳策
str_saka_name_35|拉帕卡迈
str_saka_name_36|拉扎瓦莱
str_saka_name_37|里什瓦达泰
str_saka_name_38|里亚凯
str_saka_name_39|舒拉赛
str_saka_name_40|察什塔奈
str_saka_name_41|乌拉奈
str_saka_name_42|瓦奈
str_saka_name_43|万卡迈
str_saka_name_44|扎马帕提凯
str_saka_name_45|扎塔纳马奈
str_saka_female_name_01|阿布瓦豪拉
str_saka_female_name_02|巴加斯帕萨
str_saka_female_name_03|胡达塔
str_saka_female_name_04|卡毛娅
str_saka_female_name_05|卡娜
str_saka_female_name_06|拉戈德玛
str_saka_female_name_07|鲁胡纳卡
str_saka_female_name_08|希希蕾娜
str_saka_female_name_09|斯帕米特拉
str_saka_female_name_10|乌塔拉
str_saka_female_name_11|瓦苏米特拉
str_saka_female_name_12|扎兰娅
str_saka_female_name_13|阿布瓦豪拉A
str_saka_female_name_14|巴加斯帕萨A
str_saka_female_name_15|胡达塔A
str_saka_female_name_16|卡毛娅A
str_saka_female_name_17|卡娜A
str_saka_female_name_18|拉戈德玛A
str_saka_female_name_19|鲁胡纳卡A
str_saka_female_name_20|希希蕾娜A
str_saka_female_name_21|斯帕米特拉A
str_saka_female_name_22|乌塔拉A
str_saka_female_name_23|瓦苏米特拉A
str_saka_female_name_24|扎兰娅A
str_egyptian_name_01|阿阿阿蒙
str_egyptian_name_02|阿赫尔
str_egyptian_name_03|阿姆内姆哈特
str_egyptian_name_04|阿姆霍特普
str_egyptian_name_05|阿姆尼乌
str_egyptian_name_06|阿姆帕耶姆
str_egyptian_name_07|阿姆帕伊乌塔维
str_egyptian_name_08|安赫阿蒙
str_egyptian_name_09|安赫哈皮
str_egyptian_name_10|安希芬孔苏
str_egyptian_name_11|安赫孔苏
str_egyptian_name_12|安赫马雷
str_egyptian_name_13|安赫梅尔韦尔
str_egyptian_name_14|安赫内布泰特
str_egyptian_name_15|安赫帕赫雷德
str_egyptian_name_16|安赫斯马塔维
str_egyptian_name_17|比安赫
str_egyptian_name_18|切赫佩尼米乌
str_egyptian_name_19|杰胡提乌
str_egyptian_name_20|杰胡提塞杰姆
str_egyptian_name_21|杰胡提瓦赫
str_egyptian_name_22|格滕
str_egyptian_name_23|哈科尔
str_egyptian_name_24|哈普明
str_egyptian_name_25|哈特尔
str_egyptian_name_26|赫里乌
str_egyptian_name_27|赫里因普
str_egyptian_name_28|赫特普塞贝克
str_egyptian_name_29|霍尔
str_egyptian_name_30|霍尔安赫
str_egyptian_name_31|霍拉特瓦
str_egyptian_name_32|霍尔杰胡提
str_egyptian_name_33|霍伦海布
str_egyptian_name_34|霍尔凯布
str_egyptian_name_35|霍尔马赫特
str_egyptian_name_36|霍尔帕赫雷德
str_egyptian_name_37|霍尔佩尼塞特
str_egyptian_name_38|霍尔赛塞特
str_egyptian_name_39|霍尔萨乌西尔
str_egyptian_name_40|霍尔西索贝克
str_egyptian_name_41|霍尔塔伊夫纳赫特
str_egyptian_name_42|霍尔韦贾
str_egyptian_name_43|霍尔韦尔
str_egyptian_name_44|雅赫摩斯
str_egyptian_name_45|雅赫温内费尔
str_egyptian_name_46|伊姆霍特普
str_egyptian_name_47|因普
str_egyptian_name_48|伊雷索雷雷里乌
str_egyptian_name_49|伊雷索雷尔乌
str_egyptian_name_50|伊雷提乌雷里乌
str_egyptian_name_51|伊雷特-雷杰
str_egyptian_name_52|伊乌凡赫
str_egyptian_name_53|伊乌菲乌
str_egyptian_name_54|卡
str_egyptian_name_55|卡尔舍尔
str_egyptian_name_56|卡舍特
str_egyptian_name_57|卡梅特
str_egyptian_name_58|凯姆纳伊夫舍梅舒
str_egyptian_name_59|凯姆内特拉内乌
str_egyptian_name_60|希夫恩孔苏
str_egyptian_name_61|孔苏杰胡提
str_egyptian_name_62|孔苏伊拉乌
str_egyptian_name_63|库塔韦伊
str_egyptian_name_64|基雷克
str_egyptian_name_65|克卢杰
str_egyptian_name_66|马阿雷
str_egyptian_name_67|玛阿特雷
str_egyptian_name_68|马阿雷萨塞贝克
str_egyptian_name_69|迈雷西
str_egyptian_name_70|纳赫特
str_egyptian_name_71|纳赫特霍尔
str_egyptian_name_72|纳赫特霍尔赫布
str_egyptian_name_73|纳赫特蒙图
str_egyptian_name_74|纳赫特内比夫
str_egyptian_name_75|内克塔内布
str_egyptian_name_76|纳赫特帕拉
str_egyptian_name_77|纳赫特索贝克
str_egyptian_name_78|纳纳赫提夫
str_egyptian_name_79|内布瓦布
str_egyptian_name_80|内斯纳伊乌凯梅尼乌
str_egyptian_name_81|帕阿阿姆
str_egyptian_name_82|帕阿阿恩
str_egyptian_name_83|帕阿赫姆
str_egyptian_name_84|帕阿蒙
str_egyptian_name_85|帕阿特
str_egyptian_name_86|帕阿特帕阿阿
str_egyptian_name_87|帕阿特帕舍伊
str_egyptian_name_88|帕阿特帕韦尔
str_egyptian_name_89|帕贝克
str_egyptian_name_90|帕赫内费伊
str_egyptian_name_91|帕迪阿蒙
str_egyptian_name_92|帕迪阿蒙内塞乌塔韦伊
str_egyptian_name_93|帕迪阿沙阿希
str_egyptian_name_94|帕迪巴斯特
str_egyptian_name_95|帕迪赫里特佩
str_egyptian_name_96|帕迪霍尔
str_egyptian_name_97|帕迪霍尔帕赫雷德
str_egyptian_name_98|帕迪霍尔帕拉
str_egyptian_name_99|帕迪霍尔雷森
str_egyptian_name_100|帕迪霍尔斯马塔韦伊
str_egyptian_name_101|帕迪霍尔韦尔
str_egyptian_name_102|帕迪伊塞特
str_egyptian_name_103|帕迪孔苏
str_egyptian_name_104|帕迪明
str_egyptian_name_105|帕迪纳内切鲁
str_egyptian_name_106|帕迪内费尔霍特普
str_egyptian_name_107|帕迪尼特
str_egyptian_name_108|帕迪奈特
str_egyptian_name_109|帕迪帕拉
str_egyptian_name_110|波提乏
str_egyptian_name_111|帕迪乌西尔
str_egyptian_name_112|帕迪乌西尔内斯梅特尔
str_egyptian_name_113|帕迪乌西尔韦尔
str_egyptian_name_114|帕杰胡提
str_egyptian_name_115|帕盖
str_egyptian_name_116|帕哈特尔
str_egyptian_name_117|帕赫布
str_egyptian_name_118|帕赫姆内特尔内乌
str_egyptian_name_119|帕赫尔孔苏
str_egyptian_name_120|帕霍尔赛塞特
str_egyptian_name_121|帕希
str_egyptian_name_122|帕伊格什
str_egyptian_name_123|帕因梅韦特
str_egyptian_name_124|帕伊塞特
str_egyptian_name_125|帕伊舍尔
str_egyptian_name_126|帕伊维乌
str_egyptian_name_127|帕凯梅
str_egyptian_name_128|帕凯韦尔
str_egyptian_name_129|帕卡阿斯
str_egyptian_name_130|帕赫雷德
str_egyptian_name_131|帕梅赫
str_egyptian_name_132|帕梅赫切雷伊
str_egyptian_name_133|帕梅拉赫
str_egyptian_name_134|帕蒙忒斯
str_egyptian_name_135|帕米尼斯
str_egyptian_name_136|帕纳
str_egyptian_name_137|帕内费尔赫尔
str_egyptian_name_138|帕内特韦雷特
str_egyptian_name_139|帕普拉内特雷克
str_egyptian_name_140|帕普塔赫
str_egyptian_name_141|帕雷梅赫米米
str_egyptian_name_142|帕尔
str_egyptian_name_143|帕瑟
str_egyptian_name_144|帕森凯伊
str_egyptian_name_145|帕森塞努
str_egyptian_name_146|帕舍梅特雷
str_egyptian_name_147|帕舍拉蒙
str_egyptian_name_148|帕舍尔杰胡提
str_egyptian_name_149|帕舍林普
str_egyptian_name_150|帕舍里塞特
str_egyptian_name_151|帕舍尔赫努姆
str_egyptian_name_152|帕舍尔孔苏
str_egyptian_name_153|帕舍尔明
str_egyptian_name_154|帕舍尔蒙图
str_egyptian_name_155|帕舍尔纳格韦尔乌
str_egyptian_name_156|帕舍尔纳内切鲁
str_egyptian_name_157|帕舍尔内切尔韦伊
str_egyptian_name_158|帕舍尔内泰赫特
str_egyptian_name_159|帕舍尔尼特
str_egyptian_name_160|帕舍尔帕梅韦特
str_egyptian_name_161|帕舍尔帕韦尔
str_egyptian_name_162|帕舍尔图利斯
str_egyptian_name_163|帕舍尔图特
str_egyptian_name_164|帕舍尔提舍特
str_egyptian_name_165|帕舍尔乌西尔内斯梅特
str_egyptian_name_166|帕舒赫
str_egyptian_name_169|帕提阿蒙
str_egyptian_name_170|帕提霍尔
str_egyptian_name_171|帕提霍尔帕舍里塞特
str_egyptian_name_172|帕提霍尔帕舍雷尼塞特
str_egyptian_name_173|帕提因赫尔特
str_egyptian_name_174|帕提安胡尔
str_egyptian_name_175|帕提伊塞特
str_egyptian_name_176|帕提明
str_egyptian_name_177|帕提纳内图鲁
str_egyptian_name_178|帕提雷内内特
str_egyptian_name_179|帕提塞贝克
str_egyptian_name_180|帕提索贝克霍特普
str_egyptian_name_181|帕提乌
str_egyptian_name_182|帕提乌西尔
str_egyptian_name_183|帕瓦
str_egyptian_name_184|帕瓦哈蒙
str_egyptian_name_185|帕瓦赫玛阿特
str_egyptian_name_186|帕韦赫尔
str_egyptian_name_187|帕韦尔
str_egyptian_name_188|帕韦尔韦尔韦尔韦尔韦尔
str_egyptian_name_189|帕伊安赫
str_egyptian_name_190|帕亚拉蒙
str_egyptian_name_191|帕伊霍尔赛塞特
str_egyptian_name_192|帕伊胡特
str_egyptian_name_193|帕伊菲乌伊乌
str_egyptian_name_194|帕伊乌伊乌
str_egyptian_name_195|帕伊维乌伊乌
str_egyptian_name_196|帕伊卡
str_egyptian_name_197|帕伊明
str_egyptian_name_198|帕伊内特韦雷特
str_egyptian_name_199|帕伊索贝克
str_egyptian_name_200|佩赫伊
str_egyptian_name_201|佩纳蒙
str_egyptian_name_202|彭布赫
str_egyptian_name_203|彭杰胡提
str_egyptian_name_204|彭杰梅
str_egyptian_name_205|彭格布
str_egyptian_name_206|彭霍尔
str_egyptian_name_207|佩尼尔迪特
str_egyptian_name_208|佩尼里
str_egyptian_name_209|佩尼乌伊乌
str_egyptian_name_210|彭凯梅特
str_egyptian_name_211|彭赫雷德
str_egyptian_name_212|彭希
str_egyptian_name_213|彭希伊
str_egyptian_name_214|彭赫努姆
str_egyptian_name_215|彭纳
str_egyptian_name_216|彭纳贝肯乌
str_egyptian_name_217|彭内切尔内费尔
str_egyptian_name_218|彭内费尔
str_egyptian_name_219|彭雷杰
str_egyptian_name_220|彭雷胡
str_egyptian_name_221|彭雷特
str_egyptian_name_222|彭森
str_egyptian_name_223|彭塔尼乌特
str_egyptian_name_224|彭塔韦拉埃特
str_egyptian_name_225|彭塔韦伊
str_egyptian_name_226|彭温
str_egyptian_name_227|佩雷尔
str_egyptian_name_228|佩赛
str_egyptian_name_229|佩塞伊
str_egyptian_name_231|普恩-尔德
str_egyptian_name_232|普萨姆提克梅内希布
str_egyptian_name_233|普塔赫内费尔
str_egyptian_name_234|拉赫努姆
str_egyptian_name_235|雷尔
str_egyptian_name_236|萨穆特
str_egyptian_name_237|萨塞贝克
str_egyptian_name_238|塞贝克查伊
str_egyptian_name_239|塞贝克哈皮
str_egyptian_name_240|塞贝克赫特普
str_egyptian_name_241|塞贝基乌
str_egyptian_name_242|塞贝克门
str_egyptian_name_243|塞贝克帕伊姆
str_egyptian_name_244|森韦塞尔
str_egyptian_name_245|森韦塞雷特
str_egyptian_name_246|斯马塔维
str_egyptian_name_247|斯马塔维塔伊夫纳赫特
str_egyptian_name_248|索贝克赫普
str_egyptian_name_249|苏斯
str_egyptian_name_250|西帕梅韦特
str_egyptian_name_251|西索贝克
str_egyptian_name_252|塔伊纳赫特雷里乌
str_egyptian_name_253|特雷凯姆
str_egyptian_name_254|提巴斯特提亚乌
str_egyptian_name_255|提尼亚乌
str_egyptian_name_256|图图
str_egyptian_name_257|图特
str_egyptian_name_258|乌贾霍尔
str_egyptian_name_259|乌贾伊夫
str_egyptian_name_260|乌塞尔玛阿特雷
str_egyptian_name_261|乌塞尔韦尔
str_egyptian_name_262|乌西尔韦尔
str_egyptian_name_263|瓦希布拉
str_egyptian_name_264|温阿蒙
str_egyptian_name_265|温内费尔
str_egyptian_female_name_01|安赫斯
str_egyptian_female_name_02|安赫特
str_egyptian_female_name_03|巴斯特提伊特
str_egyptian_female_name_04|哈索里伊特
str_egyptian_female_name_05|霍尔安赫
str_egyptian_female_name_06|伊塞特
str_egyptian_female_name_07|伊塞特韦雷特
str_egyptian_female_name_08|纳内费里布普塔赫
str_egyptian_female_name_09|纳内费尔梅尼布普塔赫
str_egyptian_female_name_10|纳内费尔伦佩特
str_egyptian_female_name_11|纳内费尔索贝克
str_egyptian_female_name_12|内贝塔希
str_egyptian_female_name_13|内费雷特
str_egyptian_female_name_14|内希特韦雷特
str_egyptian_female_name_15|尼提伊特
str_egyptian_female_name_16|尼图内特
str_egyptian_female_name_17|佩塞特
str_egyptian_female_name_18|雷内普特内费尔特
str_egyptian_female_name_19|舍特伊
str_egyptian_female_name_20|塔阿
str_egyptian_female_name_21|塔阿门拉
str_egyptian_female_name_22|塔阿蒙
str_egyptian_female_name_23|塔贝赫斯
str_egyptian_female_name_24|塔赫内夫
str_egyptian_female_name_25|塔迪乌西尔
str_egyptian_female_name_26|塔赫纳
str_egyptian_female_name_27|塔雷梅特特巴斯特特
str_egyptian_female_name_28|塔雷梅特特孔苏杰胡提
str_egyptian_female_name_29|塔雷梅特特梅姆
str_egyptian_female_name_30|塔雷内内特
str_egyptian_female_name_31|塔舍雷滕霍尔
str_egyptian_female_name_32|塔舍雷滕雅赫
str_egyptian_female_name_33|塔舍雷特梅内赫特
str_egyptian_female_name_34|塔舍雷特蒙图
str_egyptian_female_name_35|塔舍雷特恩帕舍伊
str_egyptian_female_name_36|塔舍雷特帕阿雷瓦雷乌
str_egyptian_female_name_37|塔舍雷特图特
str_egyptian_female_name_38|塔舍雷特韦雷特
str_egyptian_female_name_39|塔舍雷特乌西尔
str_egyptian_female_name_40|塔舍雷特乌西尔贝赫
str_egyptian_female_name_41|塔提乌西尔
str_egyptian_female_name_42|塔亚雷乌
str_egyptian_female_name_43|塔伊德瓦内切尔
str_egyptian_female_name_44|塔伊韦特
str_egyptian_female_name_45|滕特纳赫布乌
str_greek_name_01|亚历山大
str_greek_name_02|腓力
str_greek_name_03|列奥尼达斯
str_greek_name_04|德米特里奥斯
str_greek_name_05|尼卡诺尔
str_greek_name_06|阿波罗尼奥斯
str_greek_name_07|忒奥多罗斯
str_greek_name_08|安德烈亚斯
str_greek_name_09|伯里克利
str_greek_name_10|斯忒法诺斯
str_greek_name_11|尼基阿斯
str_greek_name_12|赫拉克利德斯
str_greek_name_13|阿加托斯
str_greek_name_14|狄俄尼修斯
str_greek_name_15|欧格尼奥斯
str_greek_name_16|吕科斯
str_greek_name_17|米尔提阿德斯
str_greek_name_18|斐隆
str_greek_name_19|芝诺
str_greek_name_20|克利托斯
str_greek_name_21|达米阿诺斯
str_greek_name_22|伊阿宋
str_greek_name_23|格奥尔吉奥斯
str_greek_name_24|阿纳斯塔西奥斯
str_greek_name_25|格雷戈里奥斯
str_greek_name_26|彼得罗斯
str_greek_name_27|梭伦
str_greek_name_28|亚里士多德
str_greek_name_29|柏拉图
str_greek_name_30|色诺芬
str_greek_name_31|希波克拉底
str_greek_name_32|苏格拉底
str_greek_name_33|阿多尼斯
str_greek_name_34|克里斯托福罗斯
str_greek_name_35|尼科拉奥斯
str_greek_name_36|达蒙
str_greek_name_37|利努斯
str_greek_name_38|米隆
str_greek_name_39|奥德修斯
str_greek_name_40|俄瑞斯忒斯
str_greek_female_name_01|海伦娜
str_greek_female_name_02|索菲娅
str_greek_female_name_03|佐伊
str_greek_female_name_04|吕底娅
str_greek_female_name_05|克洛厄
str_greek_female_name_06|福柏
str_greek_female_name_07|达芙妮
str_greek_female_name_08|埃瑞涅
str_greek_female_name_09|亚历山德拉
str_greek_female_name_10|卡珊德拉
str_greek_female_name_11|佩涅洛佩
str_greek_female_name_12|阿纳斯塔西娅
str_greek_female_name_13|贝勒尼刻
str_greek_female_name_14|德梅特里娅
str_greek_female_name_15|忒奥多拉
str_greek_female_name_16|菲莉帕
str_greek_female_name_17|尼凯娅
str_greek_female_name_18|阿加塔
str_greek_female_name_19|卡利斯托
str_greek_female_name_20|米里涅
str_greek_female_name_21|塔莉娅
str_greek_female_name_22|克桑忒
str_greek_female_name_23|阿里阿德涅
str_greek_female_name_24|科琳娜
str_greek_female_name_25|拉里萨
str_greek_female_name_26|梅莉莎
str_greek_female_name_27|奥林匹亚
str_greek_female_name_28|忒娅
str_greek_female_name_29|欧格尼娅
str_greek_female_name_30|多萝忒娅
str_greek_female_name_31|德斯皮娜
str_greek_female_name_32|梅莉娜
str_greek_female_name_33|瑞亚
str_greek_female_name_34|塞勒涅
str_greek_female_name_35|伊安忒
str_greek_female_name_36|赫尔弥俄涅
str_greek_female_name_37|伽勒涅
str_greek_female_name_38|基拉
str_greek_female_name_39|普拉克西拉
str_greek_female_name_40|忒莎
str_town_alt_prosperity_0|市场上仅有的几样货物，价格似乎远超居民的承受能力。人们营养不良，牲畜不是病了就是奄奄一息，谋生的工具也破损不堪。后巷已沦为苍蝇和癞皮狗的地盘。
str_town_alt_prosperity_20|集市上，人们抱怨日用品的价格，店铺半数空空荡荡。人和牲畜都有营养不良的迹象，建筑和工具也年久失修。许多人也许已经迁往别处谋生。
str_town_alt_prosperity_40|集市上偶尔有人抱怨日用品的价格，不过待售货物似乎还算充足。偶尔能见到废弃的房屋、店铺或货车，但并未超出寻常程度。
str_town_alt_prosperity_60|居民看起来吃得饱，也比较满足。工匠生意兴隆，似乎还有些外地移民来这里碰运气。
str_town_alt_prosperity_80|城墙、街道和住宅维护良好。市场上挤满了附近地区迁来的人，他们被充足的货物和工作机会吸引。铁锤和织机有节奏的声音，显示出工匠作坊的繁忙。
str_village_alt_prosperity_0|只有少数人还有力气下田，许多田地已杂草丛生。其他人不是虚弱饥瘦，就是早已逃往别处。役畜早已饿死或被吃掉，村外还残留着几具尸骸，骨头被野兽啃过。
str_village_alt_prosperity_20|田间有些农民和牲畜劳作，但数量很少，说明一些村民可能已外出寻食。农具锈蚀破损，边缘的部分农田似乎正被灌木和杂草吞没。
str_village_alt_prosperity_40|田野和果园一派忙碌，村民正按时令劳作。人和牲畜都显得比较健康，吃得也饱。但最外围仍有少量田地未播种，一些围墙破损，说明人手还不足以完成所有必要的工作。
str_village_alt_prosperity_60|田野和果园忙碌不休，装满的粮袋和正在晾晒的肉，显示出村庄农田与牧场的丰饶。
str_village_alt_prosperity_80|田野和果园忙碌不休，新挖的灌溉沟渠说明农民还有余暇和精力扩大耕地。季节雇工似乎正涌向这里，帮忙干活，分享这份繁荣。
str_oasis_village_alt_prosperity_0|棕榈林几乎无人照管，灌溉水渠淤塞。仅见的几个村民营养不良，神情不安。役畜早已饿死或被吃掉，村外仍躺着几具尸骸，骨头被沙漠里的野胡狼啃过。
str_oasis_village_alt_prosperity_20|很少能看到村民照管棕榈林，有些地方的沙丘似乎正侵入园地。许多水渠被淤泥堵塞，水井和蓄水池也填满了沙子。
str_oasis_village_alt_prosperity_40|男女村民忙着照管棕榈林，爬上树顶为果实授粉。健壮的牲畜拉动水泵和水车，将水送入田地。不过，一些灌溉渠和蓄水池仍需修整。
str_oasis_village_alt_prosperity_60|棕榈林和果园忙碌不休。农民在树顶给椰枣授粉，彼此愉快地呼喊。木泵吱呀、役畜鸣叫、流水奔涌，表明灌溉系统在村民的照料下运作良好。
str_oasis_village_alt_prosperity_80|棕榈林一派繁忙，农民正装载丰收的椰枣，准备运去市场出售。男女村民努力挖掘新的水井和沟渠，将更多土地纳入灌溉范围。
str_persuasion_summary_very_bad|你竭力说服{s50}，却怎么也说不出有力的论点。每当话头刚有些道理，你似乎又会说错话，把自己带偏。等到说完，你竟未能提出一个完整的有利论点，反而越描越黑。毫不意外，{s50}看起来并未被打动。
str_persuasion_summary_bad|你试图说服{s50}，但{reg51?她:他}从一开始就占了上风。连你最有力的论点，听在自己耳中都显得空洞。{s50}同样并不看好你的说辞。
str_persuasion_summary_average|{s50}思维敏锐，能言善辩，你似乎提不出任何{reg51?她:他}无法据理反驳的实质论点。最终，你们谁也没能在讨论中占据上风。
str_persuasion_summary_good|凭着敏捷的思维和流畅的论辩，你很好地陈明了立场，迫使{s50}在几点上让步。不过，{reg51?她:他}仍对你的请求有所疑虑。
str_persuasion_summary_very_good|你发表了热情洋溢的演说，话语如诗一般回响在听众耳边，连世界都仿佛安静下来，以便听得更清楚。这番鼓舞人心的话深深打动了{s50}，{reg51?她:他}看起来更愿意帮助你了。
str_secret_sign_1|衣柜在午夜起舞……
str_secret_sign_2|我在卖这些精美的帕提亚挂毯。你想买些吗？
str_secret_sign_3|一个朋友的朋友派我来的……
str_secret_sign_4|东风劲吹，河水染红……
str_countersign_1|可他是为梳妆台起舞，还是为烛台？
str_countersign_2|想买，你有蓝色的吗？
str_countersign_3|可是朋友，你朋友的朋友，永远不会有我这样的朋友。
str_countersign_4|你病了吗？
str_name_1|尤利安努斯
str_name_2|奥托
str_name_3|西格马尔
str_name_4|约苏亚
str_name_5|穆斯库卢斯
str_name_6|普雷特乌斯
str_name_7|奥迪布斯
str_name_8|约瑟福斯
str_name_9|汉尼拔
str_name_10|拉斯特鲁巴尔
str_name_11|舒尔克
str_name_12|尤弗卢克斯
str_name_13|塔穆斯
str_name_14|雷穆斯
str_name_15|雷穆卢斯
str_name_16|特尔提乌斯
str_name_17|雷穆尔
str_name_18|奥古林
str_name_19|戴纳德
str_name_20|乔亚
str_name_21|拉马尔
str_name_22|卡尔达兰
str_name_23|布拉巴斯
str_name_24|阿里巴巴
str_name_25|奥德穆斯
str_surname_1|丑鬼{s50}
str_surname_2|胖子{s50}
str_surname_3|老鼠{s50}
str_surname_4|肥猪{s50}
str_surname_5|飞毛腿{s50}
str_surname_6|傻瓜{s50}
str_surname_7|大胆的{s50}
str_surname_8|老{s50}
str_surname_9|小{s50}
str_surname_10|白色的{s50}
str_surname_11|禅达的{s50}
str_surname_12|俊美的{s50}
str_surname_13|旅行者{s50}
str_surname_14|杀人犯{s50}
str_surname_15|小老鼠{s50}
str_surname_16|骏马{s50}
str_surname_17|毒蛇{s50}
str_surname_18|哈努恩的{s50}
str_surname_19|萨伦的{s50}
str_surname_20|托斯达尔的{s50}
str_surname_21|长身的{s50}
str_surname_22|瘦削的{s50}
str_surname_23|丝须{s50}
str_surname_24|麻雀{s50}
str_surname_25|穷鬼{s50}
str_surname_26|伤疤{s50}
str_surname_28|冷峻的{s50}
str_surname_29|红色的{s50}
str_surname_30|黑色的{s50}
str_surname_31|高个{s50}
str_surname_32|星眸{s50}
str_surname_33|无畏的{s50}
str_surname_34|英勇的{s50}
str_surname_35|狡猾的{s50}
str_surname_36|懦夫{s50}
str_surname_37|聪慧的{s50}
str_surname_38|敏捷的{s50}
str_surname_39|吟游诗人{s50}
str_surname_40|大胆的{s50}
str_surname_41|急性子{s50}
str_number_of_troops_killed_reg1|阵亡士兵数：{reg1}
str_number_of_troops_wounded_reg1|受伤士兵数：{reg1}
str_number_of_own_troops_killed_reg1|友军阵亡士兵数：{reg1}
str_number_of_own_troops_wounded_reg1|友军受伤士兵数：{reg1}
str_retreat|撤退！
str_siege_continues|战斗继续……
str_casualty_display|你的伤亡：{s10}^敌军伤亡：{s11}{s12}
str_casualty_display_hp|^你受伤损失了{reg1}点生命值。
str_quest_log_updated|任务日志已更新……
str_banner_selection_text|你获准拥有一面旗帜。旗帜将彰显你的地位，为你带来荣誉。你想选择哪一面？
str_retirement_text_1|你的名字很快就会被遗忘。
str_retirement_text_2|或许还有人谈论你的事迹，但你的名字很快就会被遗忘。
str_retirement_text_3|会有一两个人为你的死落泪，但你很快就会湮没于遗忘之中。
str_retirement_text_4|有人为你的死哀悼，也有人传颂你的事迹。
str_retirement_text_5|即使你去世多年后，仍能听到人们谈论你的事迹。
str_retirement_text_6|你去世数十年后，人们仍在谈论你的事迹。
str_retirement_text_7|你去世的传闻传遍帝国，即使数十年后，人们仍在谈论你的事迹。
str_retirement_text_8|你去世的消息成为整个帝国的话题，即使数十年后，人们仍在谈论你的事迹。
str_retirement_text_9|你去世的消息成为整个帝国的话题。即使你离世很久，人们仍在谈论你的事迹。
str_retirement_text_10|你去世的传闻震动了帝国。有人欢喜，有人哀伤。即便罗马帝国早已化为尘土，你的名字仍将流传。
str_loot_village|攻击无辜村民
str_steal_from_villagers|偷窃贫苦村民的财物
str_rob_caravan|抢劫商队
str_sell_slavery|把人卖为奴隶
str_flog_slave|无谓地鞭打和折磨奴隶
str_kill_slave|无谓地杀害奴隶
str_men_hungry|耗尽食物
str_men_unpaid|付不出军饷
str_excessive_casualties|让每场战斗都变成我方的血腥屠场
str_surrender|向敌人投降
str_flee_battle|临阵逃跑
str_pay_bandits|付钱打发普通匪徒
str_fail_quest|未能完成以荣誉担保接下的任务
str_squander_money|挥霍别人托付给我们的钱
str_murder_merchant|参与冷血谋杀
str_round_up_serfs|替某个贵族抓捕奴隶
str_battle_fate_1|混战中我们失散了
str_battle_fate_2|我受了伤，被当成死人丢下
str_battle_fate_3|我被敌人打昏了
str_battle_fate_4|我被俘了，对方索要赎金
str_battle_fate_5|我被俘了，但后来设法逃了出来
str_npc_morale_report|你选择的同伴让我{s6}，你的领导方式让我{s7}，总体状况让我{s8}
str_happy|高兴
str_content|满意
str_concerned|担忧
str_not_happy|十分不满
str_miserable|极为惊骇
str_morale_reg1| 士气：{reg1}
str_bar_enthusiastic|                   热情高涨
str_bar_content|              心满意足
str_bar_weary|          疲倦
str_bar_disgruntled|     不满
str_bar_miserable|  悲惨
str_here_plus_space|这里 
str_comment_intro_liege_affiliated|听说你已经向别的国王宣誓效忠。不过，我们仍可以谈谈。
str_comment_intro_famous_liege|你的威名早已传来！也许你该寻找一位配得上你勇武的主君了。
str_comment_intro_famous_martial|你的威名早已传来！也许我们能在竞技赛或战场上一较高下！
str_comment_intro_famous_badtempered|我听说过你。我不爱闲扯，有话就直说。
str_comment_intro_famous_pitiless|我知道你的名字，它让人心生畏惧。很好。也许改日我们该好好谈谈。
str_comment_intro_famous_cunning|啊，终于见面了。听起来，你是个值得结识的{男子/女子}。我们不妨时常聊聊。
str_comment_intro_famous_sadistic|我知道你的名字。听那些传闻，我敢说不少悲痛的寡妇也知道。不过那与我无关。
str_comment_intro_famous_goodnatured|我听说过你！终于能认识你，真是高兴。
str_comment_intro_famous_upstanding|我知道你的名字。人们说你是极其英勇的战士。我只希望，你的荣誉与仁慈也配得上你的勇武。
str_comment_intro_noble_liege|我看见你打着{男贵族/贵族}的旗帜，虽然我不认识上面的徽记。你要知道，只要能证明值得信任，我随时愿意招募出色的{男子/战士}为我作战。
str_comment_intro_noble_martial|我看见你打着贵族的旗帜，却不认识上面的徽记。不过没关系，俗话说，勇敢的{男子/战士}四海为家！
str_comment_intro_noble_badtempered|我不认识你旗上的徽记。想必又是一个来到我国的异乡人，仿佛这里的外乡人还不够多。
str_comment_intro_noble_pitiless|我看见你打着贵族的旗帜，却不认识上面的徽记。无疑又是只来靠战争残羹养肥自己的秃鹫！
str_comment_intro_noble_cunning|我看见你打着贵族的旗帜，却不认识上面的徽记。不过，结识可能成为伟大战士的{男子/女子}，总是值得的。
str_comment_intro_noble_sadistic|我看见你打着贵族的旗帜，却不认识上面的徽记。你莫非是某个自命不凡的盗牛贼的私生{子/女}？还是说，旗帜也是偷来的？
str_comment_intro_noble_goodnatured|我看见你打着贵族的旗帜，却不认识上面的徽记。{先生/夫人}，请原谅我的无知！很高兴认识你。
str_comment_intro_noble_upstanding|我看见你打着贵族的旗帜，却不认识上面的徽记。想必你来到已知世界，是为了寻求财富和荣耀。如果确实如此，我只请求你，对那些被卷入战争的可怜人多些仁慈。
str_comment_intro_common_liege|你也许出身平民，但你要知道，只要能证明值得我信任，我随时愿意招募好汉为我作战。
str_comment_intro_common_martial|你也许并非出身高贵，但即便是平民，只要{他/她}足够勇敢，总有一天也能靠{自己/自己}闯出一番事业。
str_comment_intro_common_badtempered|有话快说，我没时间与普通佣兵闲扯。
str_comment_intro_common_pitiless|你看起来像个佣兵，又一只来靠这片土地的苦难养肥自己的秃鹫。
str_comment_intro_common_cunning|嗯……我没听过你，但你看起来像个总有一天能靠{自己/自己}闯出事业的{男子/女子}。
str_comment_intro_common_sadistic|平日里，无礼的平民若未经邀请就闯到我面前，我会割断他们的喉咙。不过今天我心情不错。
str_comment_intro_common_goodnatured|嗯，你看起来还算是个不错的人。
str_comment_intro_common_upstanding|愿你平安。永远记住，以仁慈节制勇武，以荣誉约束勇气。
str_comment_intro_female_famous_liege|我听过不少关于你的事。有些{女人/男人}也许会畏惧精通兵法的{男人/女人}，但只要勇敢忠诚，我就不会拒绝任何能握剑的手。
str_comment_intro_female_famous_martial|我听过不少关于你的事。据说你的武艺不亚于最勇敢的{女人/男人}。也许有一天，我会在竞技赛或战场上与你一较高下！
str_comment_intro_female_famous_badtempered|我听过你的传闻，那个能像{女人/男人}一样战斗的{男人/女人}。
str_comment_intro_female_famous_pitiless|我知道你的名字，它让{女人/男人}心生畏惧。很好。也许改日我们该好好谈谈。
str_comment_intro_female_famous_cunning|啊，终于见面了。听起来，你是个值得结识的{男子/女子}。我们不妨时常聊聊。
str_comment_intro_female_famous_sadistic|我知道你的名字。听那些传闻，我敢说不少悲痛的寡妇也知道。不过那与我无关。
str_comment_intro_female_famous_goodnatured|我听说过你！终于能认识你，真是高兴。
str_comment_intro_female_famous_upstanding|我知道你的名字。人们说你是极其英勇的战士。我只希望，你的荣誉与仁慈也配得上你的勇武。
str_comment_intro_female_noble_liege|我很少见到想带领{战士/男人}上阵的{男子/女子}。但如今世道黑暗动荡，只要勇敢忠诚，我就不会拒绝任何能握剑的手。
str_comment_intro_female_noble_martial|我不认识你旗上的徽记，但显然，你是位身份高贵的{少年/女士}。请把我视为你最谦卑的仆人。
str_comment_intro_female_noble_badtempered|我不认识那面旗上的徽记。显然又是个来到我国的异乡人，还带来了那些古怪的习俗。
str_comment_intro_female_noble_pitiless|我看见你打着贵族的旗帜，却不认识上面的徽记……{小子/女士}，你要知道，在已知世界，骑马上阵的是{女人/男人}。如果你想颠覆天经地义的秩序，你那漂亮脑袋就会和其他叛乱者一样，被插在长矛上！
str_comment_intro_female_noble_cunning|{男子/女子}在已知世界的战场上谋求前程，为{自己/自己}闯荡，虽非闻所未闻，却也不常见。我会很有兴趣地留意你的进展。
str_comment_intro_female_noble_sadistic|你似乎出身高贵，但我不认识你的旗帜。显然又是来到我国海岸的异乡人，想必你那里的{女人/男人}都很软弱，得由{男人/女人}替他们上阵！
str_comment_intro_female_noble_goodnatured|我看见你打着{女贵族/男贵族}的旗帜，却不认识上面的徽记。{亲爱的少年/夫人}，请原谅我的无知！很高兴认识你。
str_comment_intro_female_noble_upstanding|并不是每天都能见到披挂出征的{男子/女子}。{亲爱的少年/夫人}，请别误会，你当然有权保护自己，但我无法假装完全赞同你上阵作战的决定。我宁愿让{男子/女子}远离这些战争，因为我相信，{男性/女性}守护着我们仅剩的那一点优雅与温柔。
str_comment_intro_female_admiring_liege|我很少见到想带领{战士/男人}上阵的{男子/女子}。但如今世道黑暗动荡，只要勇敢忠诚，我就不会拒绝任何能握剑的手。
str_comment_intro_female_admiring_martial|你好，{亲爱的少年/夫人}。从你的举止看，你并非寻常的{少年/少女}，但仍希望你不介意我这位最谦卑的仆人向你表达倾慕。
str_comment_intro_female_badtempered_admiring|嘿，看看这个，一位全副武装的{俊俏少年/少女}。真是奇景，不过换作你，我想自己也许会越来越喜欢。
str_comment_intro_female_pitiless_admiring|见到披挂出征的{男子/女子}，可不多。{亲爱的少年/夫人}，千万小心，这世界很残酷，若这样的美貌被刀剑毁去，实在可惜。
str_comment_intro_female_cunning_admiring|你好，{亲爱的少年/夫人}。请别怪我唐突，披挂出征的{男子/女子}确实少见。我希望有一天，自己也能成为一位同样勇敢、有气概的女儿的{母亲/父亲}。
str_comment_intro_female_sadistic_admiring|看我们遇见了谁！一位披挂出征的{俊俏少年/女子}！我敢说，像你这样俊美的人，就连穿着锁甲，也能添上几分{柔美/女性风韵}。
str_comment_intro_female_admiring_goodnatured|{亲爱的少年/夫人}，如果你的武艺与你的容貌一样出众，敌人确实该害怕你！
str_comment_intro_female_admiring_upstanding|你好，{亲爱的少年/夫人}。即便行军尘土沾满衣甲，我仍看得出，你不缺那高贵性别所赋予的优雅。
str_comment_intro_female_common_liege|我很少见到想带领{战士/男人}上阵的{男子/女子}。但如今世道黑暗动荡，只要勇敢忠诚，我就不会拒绝任何能握剑的手。
str_comment_intro_female_common_martial|{亲爱的少年/夫人}，我得说，在这危险土地上骑马四处行走，务必小心。如果你哪天想过上更……嗯……安定的生活，我肯定能从我的{战士/男人}中，为你找一位配得上的{妻子/丈夫}。
str_comment_intro_female_common_badtempered|顺便问一句，{小子/姑娘}，你的{女主人/丈夫}知道你偷了{她/他}的武器和盔甲吗？我敢说，等你回家，准会挨一顿痛打！
str_comment_intro_female_common_pitiless|真是世风日下，连{男子/女子}也落草为寇，来捡战争废墟中的残羹。
str_comment_intro_female_common_cunning|{男子/女子}在已知世界的战场上谋求前程，为{自己/自己}闯荡，虽非闻所未闻，却也不常见。我会很有兴趣地留意你的进展。
str_comment_intro_female_common_sadistic|一个披挂出征的{男子/女子}！嗯，我想，你比起我手下那些自称战士的家伙，女人气也{少不了多少/多不了多少}。
str_comment_intro_female_common_goodnatured|看你的样子，我想你能照顾自己，但在外面还是要小心，{亲爱的少年/夫人}。
str_comment_intro_female_common_upstanding|并不是每天都能见到披挂出征的{男子/女子}。{亲爱的少年/夫人}，请别误会，你当然有权保护自己，但我无法假装完全赞同你上阵作战的决定。我宁愿让{男子/女子}远离这些战争，因为我相信，{男性/女性}守护着我们仅剩的那一点优雅与温柔。
str_rejoinder_intro_female_common_badtempered|我的武器是在战场上赢来的。你想试试锋刃吗？
str_rejoinder_intro_female_noble_sadistic|别管我的家乡了。看来在这已知世界，是狗领着{士兵/男人}上战场。
str_rejoinder_intro_female_common_sadistic|而你，{女士/先生}，也不比我的马更像畜生。
str_rejoinder_intro_female_noble_pitiless|我倒想恢复天经地义的秩序，让你别再用屁股说话。
str_rejoinder_intro_female_common_pitiless|确实世风日下，强盗竟自称“领主”。
str_rejoinder_intro_noble_sadistic|也许现在，我会夺走你的旗帜、你的牛，还有你的命。
str_rejoinder_intro_female_pitiless_admiring|我很乐意毁掉你那{漂亮的脸蛋/英俊的鼻子}，{女士/先生}。
str_rejoinder_intro_female_common_upstanding|你想尝尝我刀锋的温柔吗？
str_rejoinder_intro_female_noble_upstanding|你想尝尝我刀锋的温柔吗？
str_rejoinder_intro_female_common_martial|我能找到比狗窝里那些更好的{妻子/丈夫}。
str_rejoinder_intro_female_sadistic_admiring|你倒能给马具添一点人味，不过也就一点。
str_rejoinder_intro_female_badtempered_admiring|如果看见我让你不舒服，我很乐意挖掉你的眼睛。
str_raid_delphi_other|我听说你劫掠了德尔斐神谕所。你怎么能犯下如此暴行？难道毫不敬畏神圣之物？你夺走的宝物不只是器物，而是献给诸神的供奉，是我们虔诚与敬神之心的象征。
str_raid_delphi_goodnatured|我听说你劫掠了德尔斐神谕所。你疯了吗？知道自己干了什么吗？数百年来，祖先都在那片圣地求取诸神的智慧，你却将它玷污了！这是最严重的亵渎！
str_raid_delphi_cunning|我听说你劫掠了德尔斐神谕所。你的确很勇敢，我也认为希腊人该受惩罚。但恐怕诸神不会放任此事。阿波罗本人或许会为这场亵渎复仇。
str_raid_delphi_debauched|我听说你劫掠了德尔斐神谕所。那些希腊人该受惩罚，但亵渎圣地简直是发疯！阿波罗不会放过这种行为。
str_triumph_other|干得好，{playername}！你的凯旋式真是壮观。全城都在谈论你的功绩。这样盛大的庆典可不是每天都能见到。好好享受赞誉吧，这是你应得的。
str_triumph_goodnatured|你的凯旋式实在辉煌！能见证罗马为如此高贵英勇的英雄庆祝，是一种荣幸。你的勇气鼓舞着我们所有人。愿诸神继续赐你力量与智慧！
str_triumph_cunning|祝贺你凯旋，{playername}。真是令人叹服。机会往往会出现在懂得把握它的人面前。也许某天，我们可以谈谈一些……互惠互利的安排。
str_triumph_debauched|啊，{playername}，强大的征服者荣归了。看来全城都在奉承你。我得承认，你的凯旋式的确壮观。趁现在好好享受吧，名声可是个善变的情人。
str_triumph_leader|啊，{s15}，正沉浸在凯旋的荣耀中，是吗？记住，这场庆典是我准许的。别让人群的欢呼使你自以为是。忠于罗马，必须始终是你的首要职责。
str_comment_you_raided_my_village_enemy_benevolent|你攻击了{s51}村中受我保护的无辜农民。我会惩罚你的恶行！
str_comment_you_raided_my_village_enemy_spiteful|你劫掠了我的{s51}村，毁坏财产，杀害佃户。我要用你的血来补偿！
str_comment_you_raided_my_village_enemy_coldblooded|你劫掠了我的{s51}村，毁坏财产，杀害佃户。我会让你下次再想破坏我的收入时，先掂量清楚。
str_comment_you_raided_my_village_enemy|你劫掠了我的{s51}村，毁坏财产，杀害受我保护的佃户。你会为罪行付出代价！
str_comment_you_raided_my_village_unfriendly_spiteful|你劫掠了我的{s51}村。再敢如此，我就像剖鱼一样剖开你的肚子。
str_comment_you_raided_my_village_friendly|你劫掠了我的{s51}村。这会严重损害我们的友谊。
str_comment_you_raided_my_village_default|你劫掠了我的{s51}村。如果继续这样，我们很快就要兵戎相见。
str_comment_you_stole_cattles_from_my_village_enemy_benevolent|听说你偷走了{s51}村中受我保护的无辜农民的牛。我会惩罚你的恶行！
str_comment_you_stole_cattles_from_my_village_enemy_spiteful|听说你偷走了我治下{s51}村民的牛。你会为这种卑劣行为付出代价！
str_comment_you_stole_cattles_from_my_village_enemy_coldblooded|听说你偷走了我治下{s51}村民的牛。我会让你下次再想破坏我的收入时，先掂量清楚。
str_comment_you_stole_cattles_from_my_village_enemy|听说你偷走了我治下{s51}村民的牛。你会为这种卑劣行为付出代价！
str_comment_you_stole_cattles_from_my_village_unfriendly_spiteful|听说你偷走了我治下{s51}村民的牛。再敢如此，我就像剖鱼一样剖开你的肚子。
str_comment_you_stole_cattles_from_my_village_friendly|听说你偷走了我治下{s51}村民的牛。这会严重损害我们的友谊。
str_comment_you_stole_cattles_from_my_village_default|听说你偷走了我治下{s51}村民的牛。如果继续这样，我们很快就要兵戎相见。
str_comment_you_robbed_my_village_enemy_coldblooded|你抢劫了我在{s51}村的佃户。我视之为对我本人的侮辱。
str_comment_you_robbed_my_village_enemy|你抢劫了{s51}村中受我保护的无辜农民。我会惩罚你的恶行！
str_comment_you_robbed_my_village_friendly_spiteful|听说你从我在{s51}的佃户那里拿了些食物。我倒不计较一两口吃的，但记住，事后得听他们抱怨的是我。
str_comment_you_robbed_my_village_friendly|听说你从我在{s51}的佃户那里征用了补给。我相信，要不是急需，你不会这样做。
str_comment_you_robbed_my_village_default|你抢劫了我在{s51}村的佃户。如果继续这样，我们很快就要兵戎相见。
str_comment_you_accosted_my_caravan_enemy|你一直在骚扰受我保护的商队。但你的匪徒行径很快就要结束了。
str_comment_you_accosted_my_caravan_default|你一直在骚扰受我保护的商队。这种行为必须停止。
str_comment_you_helped_villagers_benevolent|听说你向我在{s51}村的佃户施以援手。我疏忽了作为领主和保护者的职责，感谢你所做的一切。
str_comment_you_helped_villagers_friendly_cruel|听说你向我在{s51}村的佃户施以援手。我明白你的好意，但宁愿你别这样削弱我的权威。
str_comment_you_helped_villagers_friendly|听说你向我在{s51}村的佃户施以援手。时局艰难，我知道你是好意，所以不反对你帮助他们。
str_comment_you_helped_villagers_unfriendly_spiteful|听说你向我在{s51}村的佃户施以援手。看你费尽心机讨好我的臣属，倒很有趣，但还是请你管好自己的事。
str_comment_you_helped_villagers_cruel|听说你向我在{s51}村的佃户施以援手。身为农民的领主与保护者，在困难时帮助他们，本来是我的职责。你也许出于好意，但仍削弱了我的权威。请别再管他们。
str_comment_you_helped_villagers_default|听说你向我在{s51}村的佃户施以援手。时局艰难，我知道你是好意，但尽量别养成习惯。我才是他们的领主与保护者，不希望他们向外人求助。
str_comment_you_give_castle_in_my_control|你不会后悔把{s51}交给我的决定。尽管放心，我会守护它。
str_comment_you_captured_a_castle_allied_friendly|听说你围攻并夺取了{s51}。这真是伟大的功绩，能称你为朋友，我深感骄傲！
str_comment_you_captured_a_castle_allied_spiteful|听说你围攻并夺取了{s51}。干得好！很快，他们的堡垒都任我们洗劫，金库都任我们搜刮，悲伤的寡妇也将为我们斟酒。
str_comment_you_captured_a_castle_allied_unfriendly_spiteful|听说你围攻并夺取了{s51}。嗯，俗话说，狗也有走运的一天。趁现在好好享受，等比你高贵的人把你踢回本该待的寒地，可就没机会了。
str_comment_you_captured_a_castle_allied_unfriendly|听说你围攻并夺取了{s51}。无论过去有何分歧，我都必须向你道贺。
str_comment_you_captured_a_castle_allied|听说你围攻并夺取了{s51}。我们把他们打得溃逃了！
str_comment_you_captured_my_castle_enemy_spiteful|听说你闯进了我在{s51}的家。希望你喜欢那里的地牢，因为今后多年，你会常住在那里。
str_comment_you_captured_my_castle_enemy_chivalrous|你占据了{s51}，那是我合法的封地。希望你给我机会将它夺回！
str_comment_you_captured_my_castle_enemy|你手里有属于我的东西——{s51}。我会让你交出来。
str_comment_we_defeated_a_lord_unfriendly_spiteful|我猜你想为我们战胜{s54}而举杯。省省酒吧，这点功劳，还洗不掉你从前的耻辱。
str_comment_we_defeated_a_lord_unfriendly|我不会忘记我们曾并肩对抗{s54}，但也忘不了我们之间其他的事。
str_comment_we_defeated_a_lord_cruel|战胜{s54}，真是场大捷，不是吗？我们把他的军队变成了乌鸦的盛宴！
str_comment_we_defeated_a_lord_quarrelsome|我们把{s54}打得落花流水，我不会忘记。真痛快。
str_comment_we_defeated_a_lord_upstanding|我不会忘记我们战胜{s54}。让我们再次感谢诸神，并祈愿自己不要变得过于骄傲。
str_comment_we_defeated_a_lord_default|战胜{s54}，真是场大捷，不是吗？能与你并肩作战，我深感荣幸。
str_comment_we_fought_in_siege_unfriendly_spiteful|我猜你想为我们夺取{s51}而举杯。省省酒吧，这点功劳，还洗不掉你从前的耻辱。
str_comment_we_fought_in_siege_unfriendly|我不会忘记我们曾一起攻下{s51}，但也忘不了我们之间其他的事。
str_comment_we_fought_in_siege_cruel|我不会忘记我们突破{s51}的城墙，将守军尽数斩杀的情景。真是美好的回忆。
str_comment_we_fought_in_siege_quarrelsome|还记得我们翻上{s51}城墙时，敌人怎样尖叫吗？他们原以为安全了！我们打掉了他们脸上得意的笑容！
str_comment_we_fought_in_siege_upstanding|我不会忘记我们夺取{s51}。让我们再次感谢诸神，并祈愿自己不要变得过于骄傲。
str_comment_we_fought_in_siege_default|我不会忘记我们一起夺取{s51}。能与你并肩作战，我深感荣幸。
str_comment_we_fought_in_major_battle_unfriendly_spiteful|我猜你想为我们在{s51}附近的大捷而举杯。省省酒吧，这点功劳，还洗不掉你从前的耻辱。
str_comment_we_fought_in_major_battle_unfriendly|我不会忘记我们在{s51}附近的大战中并肩作战，但也忘不了我们之间其他的事。
str_comment_we_fought_in_major_battle_cruel|我不会忘记{s51}附近的大战，我们突破敌军阵线，他们尖叫着四散逃跑。真是美好的回忆。
str_comment_we_fought_in_major_battle_quarrelsome|在{s51}附近那场仗打得真漂亮，我们把那些混蛋打跑了！
str_comment_we_fought_in_major_battle_upstanding|我不会忘记我们在{s51}附近的大战中并肩作战。让我们再次感谢诸神，并祈愿自己不要变得过于骄傲。
str_comment_we_fought_in_major_battle_default|我不会忘记我们在{s51}附近的大战中并肩作战。能与你并肩作战，我深感荣幸。
str_comment_you_defeated_a_lord_allied_liege|这么说，你和那个叫{s54}的无赖交了手，而且赢了。听到这消息，我很高兴。
str_comment_you_defeated_a_lord_allied_unfriendly_spiteful|听说你击败了{s54}。我想，狗也有走运的一天。
str_comment_you_defeated_a_lord_allied_spiteful|听说你击败了{s54}那条狗。啊，真希望亲耳听见{reg4?她:他}呜咽求饶。
str_comment_you_defeated_a_lord_allied_unfriendly_chivalrous|听说你击败了{s54}。希望你没有用卑劣手段取胜。
str_comment_you_defeated_a_lord_allied|听说你击败了{s54}。祝贺你的胜利。
str_comment_you_defeated_me_enemy_chivalrous|上次交手你赢了，我不会怨恨，但我急着再较量一场！
str_comment_you_defeated_me_enemy_spiteful|我一直盼着再见到你。你的诡计不会骗过我第二次，我会好好欣赏你求饶的哭声。
str_comment_you_defeated_me_enemy|{playername}，上次交手，你胜过了我。但我保证，这不会再发生！
str_comment_i_defeated_you_enemy_spiteful|又来讨打？再逼我动手，我就拿你的肠子喂猎犬。
str_comment_i_defeated_you_enemy_chivalrous|{playername}，又来与我较量勇武了？
str_comment_i_defeated_you_enemy_benevolent|你又来挑战我？就学不会教训吗？
str_comment_i_defeated_you_enemy_coldblooded|你很执着，但也很烦人。
str_comment_i_defeated_you_enemy|我还得教训你多少次，你才知道离我远点？
str_comment_we_were_defeated_unfriendly_spiteful|上次见你，你已经被{s54}的{reg4?战士:部下}打倒了。那场灾难全怪你。看见你还活着，真可惜。
str_comment_we_were_defeated_unfriendly|上次见你，你已经被{s54}的{reg4?战士:部下}打倒了。嗯，看来你活下来了。
str_comment_we_were_defeated_cruel|上次见你，你已经被{s54}的{reg4?战士:部下}打倒了。别担心，我们会找到{reg4?她:他}，让{reg4?她:他}被{reg4?她:她}自己的胜利噎死。
str_comment_we_were_defeated_default|上次见你，你已经被{s54}的{reg4?战士:部下}打倒了。看见你安然无恙，真是高兴。
str_comment_you_were_defeated_allied_friendly_spiteful|听说{s54}让你吃了苦头。别担心，朋友，我会替你找到{reg4?她:他}，把{reg4?她:他}的脑袋送给你。
str_comment_you_were_defeated_allied_unfriendly_cruel|听说{s54}像宰羊一样屠杀了你的士兵。可你竟还活着。真让人失望！
str_comment_you_were_defeated_allied_spiteful|听说{s54}像踩蚂蚁一样碾碎了你。哈！小{男孩/姑娘}，孩子不该玩大人的游戏！
str_comment_you_were_defeated_allied_pitiless|听说{s54}击败了你，打散了你的部队。真让人失望……
str_comment_you_were_defeated_allied_unfriendly_upstanding|听说{s54}击败了你。也许你该想想，是不是做过什么恶事，才让诸神这样惩戒你。
str_comment_you_were_defeated_allied_unfriendly|听说{s54}击败了你。尽量别害死我们太多士兵，好吗？
str_comment_you_were_defeated_allied|听说{s54}击败了你。但振作起来，局势很快就会逆转！
str_comment_you_helped_my_ally_unfriendly_chivalrous|听说你救了{s54}，使其免遭败绩。无论我对你还有什么看法，至少必须为此赞许你。
str_comment_you_helped_my_ally_liege|听说你救了我的封臣{s54}，使其免遭败绩。
str_comment_you_helped_my_ally_unfriendly_spiteful|听说你骑马救了我们可怜的{s54}。你把{reg4?她:他}当成落难少女了吗？没关系，这是常见的误会。
str_comment_you_helped_my_ally_spiteful|听说你救了{s54}，免得{reg4?她:他}挨揍。依我看，该让{reg4?她:他}吃点教训。
str_comment_you_helped_my_ally_chivalrous|听说你帮{s54}摆脱了困境。这是高尚的行为。
str_comment_you_helped_my_ally_default|听说你帮{s54}摆脱了困境。干得好！
str_comment_you_abandoned_us_unfriendly_spiteful|你这条虫！你把我们丢下，独自面对{s54}，是不是？呸！
str_comment_you_abandoned_us_unfriendly_pitiless|嗯……与{s54}交战时，你把我丢下了，是不是？我会让你葬进叛徒的坟墓。
str_comment_you_abandoned_us_spiteful|和{s54}打到一半，你就不见了……希望你有个好解释。是吓得失禁，还是抖得连武器都拿不住？
str_comment_you_abandoned_us_chivalrous|怎么回事？和{s54}打到一半，你就不见了。我只能希望你是伤重得站不起来，否则，与懦夫并肩作战会让我羞愧。
str_comment_you_abandoned_us_benefitofdoubt|怎么回事？和{s54}打到一半，你就不见了。我想你一定受了伤，但那情景确实可疑。
str_comment_you_abandoned_us_default|怎么回事？前一刻你还和我们一起对抗{s54}，后一刻就哪里也找不到了？
str_comment_you_ran_from_me_enemy_spiteful|上次见面，你像挨了鞭子的狗一样逃走了。回来是想再冲我叫，还是呜咽求饶？
str_comment_you_ran_from_me_enemy_chivalrous|上次见面，你逃走了。学着像个绅士一样，站住作战！
str_comment_you_ran_from_me_enemy_benevolent|上次见面，看你逃走时，我本希望不必再与你交战。
str_comment_you_ran_from_me_enemy_coldblooded|上次见面，你逃走了。那是个明智的决定。
str_comment_you_ran_from_me_enemy|上次相遇你或许逃掉了，但下次恐怕就没这么幸运。
str_comment_you_ran_from_foe_allied_chivalrous|听说你丢下士兵，从{s54}面前逃走了。我祈祷这不是真的，因为这种行为让我们所有人蒙羞。
str_comment_you_ran_from_foe_allied_upstanding|听说你丢下士兵，从{s54}面前逃走了。我并不总相信传闻，也知道绝境需要非常手段。但请你多珍惜名声，否则人们听说我们会把他们抛在战场上，就不会愿意参军了。
str_comment_you_ran_from_foe_allied_spiteful|顺便说一句，听说你像发抖的小兔子一样，从{s54}面前逃走，把士兵丢下任人屠杀。哈，那场面一定很精彩！
str_comment_you_defeated_my_friend_enemy_pragmatic|你也许胜过了{s54}，但不可能击败我们所有人。
str_comment_you_defeated_my_friend_enemy_chivalrous|听说你击败了{s54}，从那时起，我就急着与你交手。
str_comment_you_defeated_my_friend_enemy_spiteful|{playername}，你的威名早已传来。{s54}或许中了你的诡计，但和我交战，你会遇到一个难缠得多的对手。
str_comment_you_defeated_my_friend_enemy|听说你击败了{s54}。但我才真正能考验你的武艺。
str_comment_you_captured_a_lord_allied_friendly_spiteful|听说你俘虏了{s54}。希望你把{reg4?她:他}每一个第纳尔都榨干了。
str_comment_you_captured_a_lord_allied_unfriendly_spiteful|听说你俘虏了{s54}。如今你的金库想必塞满了赎金。可惜，金钱也不能把出身低贱的狗变成{绅士/淑女}！
str_comment_you_captured_a_lord_allied_chivalrous|听说你俘虏了{s54}。干得好。当然，我想{reg4?她:他}已经得到了与{reg4?她:他}身份相称的礼遇。
str_comment_you_captured_a_lord_allied|听说你俘虏了{s54}。干得好。{reg4?她:他}的赎金一定很可观。
str_comment_you_let_go_a_lord_allied_chivalrous|听说你俘虏了{s54}，却又放了{reg4?她:他}。这样的高尚风范为我们的事业增光。
str_comment_you_let_go_a_lord_allied_upstanding|听说你俘虏了{s54}，却又放了{reg4?她:他}。嗯，这是光荣的举动，尽管也可能很危险。
str_comment_you_let_go_a_lord_allied_coldblooded|听说你俘虏了{s54}，却又放了{reg4?她:他}。你真有高尚风范，可高尚风范赢不了战争。
str_comment_you_let_go_a_lord_allied_unfriendly_spiteful|听说你俘虏了{s54}，却又放了{reg4?她:他}。真是高尚啊！{reg4?她:他}在{reg4?她:他}身后留下的那些寡妇孤儿，想必会亲自来赞美你。
str_comment_you_let_go_a_lord_allied|听说你俘虏了{s54}，却又放了{reg4?她:他}。嗯，我不会教你如何处置自己的俘虏。
str_comment_you_let_me_go_spiteful|上次见面，我的命在你手里，你却放我自由。希望你喜欢像猫戏弄老鼠一样玩弄我，因为很快，你也会落到我手里，任我随意杀害或羞辱。
str_comment_you_let_me_go_enemy_chivalrous|上次见面，我的命在你手里，你却放我自由。你很有高尚风范，我不会忘记。但我也必须记住对主君的誓言，我们两国仍在交战。
str_comment_you_let_me_go_enemy_coldblooded|上次见面，我的命在你手里，你却放我自由。但我们仍是敌人，我不能保证同样以仁慈回报。
str_comment_you_let_me_go_enemy|上次见面，我的命在你手里，你却放我自由。你很仁慈，但我们仍在交战。
str_comment_you_let_me_go_default|上次见面，我的命在你手里，你却放我自由。你很仁慈，我也很高兴，我们两国不再交战了。
str_comment_pledged_allegiance_allied_martial_unfriendly|听说你已向我们的主君{s54}宣誓效忠。可别用懦弱的行为让我们蒙羞。
str_comment_pledged_allegiance_allied_martial|听说你已向我们的主君{s54}宣誓效忠。我期待与你并肩迎敌。
str_comment_pledged_allegiance_allied_quarrelsome_unfriendly|听说你已向我们的主君{s54}宣誓效忠。呸，为你好，别挡我的路。
str_comment_pledged_allegiance_allied_quarrelsome|听说你已向我们的主君{s54}宣誓效忠。奋勇杀敌，尊重身份高于你的人，别招惹我，我们就能相处愉快。
str_comment_pledged_allegiance_allied_selfrighteous_unfriendly|听说你已向我们的主君{s54}宣誓效忠。换作我，连洗碗间都不放心交给你打扫。
str_comment_pledged_allegiance_allied_selfrighteous|听说你已向我们的主君{s54}宣誓效忠。勇敢作战，你会得到厚赏。若敢背叛，我们会把你变成一个令人久久不忘的警示。
str_comment_pledged_allegiance_allied_cunning_unfriendly|听说你已向我们的主君{s54}宣誓效忠。我不会假装喜欢他的决定，但也许让你待在帐篷里向外撒尿，总比反过来好。
str_comment_pledged_allegiance_allied_cunning|听说你已向我们的主君{s54}宣誓效忠。很好。在这乱世，身边熟练的战士越多越好。我会留意你的进展。
str_comment_pledged_allegiance_allied_debauched_unfriendly|听说你已向我们的主君{s54}宣誓效忠。想必你很快就会背叛他，到时我就能欣赏你作为叛徒死去的样子。
str_comment_pledged_allegiance_allied_debauched|听说你已向我们的主君{s54}宣誓效忠。很好……我相信你我会成为好友。但记住，背叛我们，将是你这辈子最大的错误。
str_comment_pledged_allegiance_allied_goodnatured_unfriendly|听说你已向我们的主君{s54}宣誓效忠。嗯，我未必会信任你，但也许该给你证明自己的机会。
str_comment_pledged_allegiance_allied_goodnatured|听说你已向我们的主君{s54}宣誓效忠。好{男儿/姑娘}！我们的主君品格高尚，会以仁慈和慷慨回报忠诚与勇武。
str_comment_pledged_allegiance_allied_upstanding_unfriendly|听说你已向我们的主君{s54}宣誓效忠。唉，以我对你的了解，恐怕你会让我们蒙羞，但若你能证明我错了，我会很高兴。
str_comment_pledged_allegiance_allied_upstanding|听说你已向我们的主君{s54}宣誓效忠。迎敌要勇敢，也要有荣誉与同情心。在战事中，好名声与利剑、快马同样宝贵。
str_comment_our_king_granted_you_a_fief_allied_friendly_cruel|听说{s54}将{s51}赐为你的封地。别忘了，不动鞭子，农民就会被惯坏！
str_comment_our_king_granted_you_a_fief_allied_friendly_cynical|听说{s54}将{s51}赐为你的封地。我很高兴看你兴旺，但要小心。人如毒蛇，总嫉妒觊觎邻人的财富。和我保持亲近，我会照应你。
str_comment_our_king_granted_you_a_fief_allied_friendly|听说{s54}将{s51}赐为你的封地。愿你的新领地繁荣昌盛。
str_comment_our_king_granted_you_a_fief_allied_unfriendly_upstanding|听说{s54}将{s51}赐为你的封地。但记住，骄傲使人跌倒。
str_comment_our_king_granted_you_a_fief_allied_unfriendly_spiteful|听说{s54}将{s51}赐为你的封地。不过我怀疑，命运抬举你，只为将你扔回原来的粪堆时，让你摔得更惨。
str_comment_our_king_granted_you_a_fief_allied_spiteful|听说{s54}将{s51}赐为你的封地。希望你确实配得上主君的恩宠。
str_comment_our_king_granted_you_a_fief_allied|听说{s54}将{s51}赐为你的封地。看来你混得很不错。
str_comment_you_renounced_your_alliegance_enemy_friendly|听说你不再效忠我们的主君{s54}。如今必须在战场上相见，让我悲伤。
str_comment_you_renounced_your_alliegance_friendly|听说你不再效忠我们的主君{s54}。愿我们不必兵戎相见。
str_comment_you_renounced_your_alliegance_unfriendly_spiteful|我早就觉得你会背叛{s54}，如今果然证实了。希望你已经准备好，像叛徒一样死去！
str_comment_you_renounced_your_alliegance_unfriendly_moralizing|听说你不再效忠我们的主君{s54}。我只能将你视为叛徒。
str_comment_you_renounced_your_alliegance_enemy|听说你不再效忠我们的主君{s54}。嗯，旧日战友变成敌人，本就是世间常事。
str_comment_you_renounced_your_alliegance_default|听说你不再效忠我们的主君{s54}。嗯，这是你的决定，但战场相遇时，别指望我手下留情。
str_comment_you_claimed_the_throne_1_player_liege|我的耳目说，这国度里有人正将你视为下一任国王。我想你会尽快制止这种无聊又危险的议论。
str_comment_you_claimed_the_throne_2_player_liege|我的耳目说，你的一些同伴正告诉农民，你有权争夺王位。我真心希望，他们不是奉你的命令行事。
str_comment_lord_intervened_against_me|众所周知，我与{s54}发生争执，而{s50}作出了有利于我对手的裁决。
str_comment_i_protested_marshall_appointment|众所周知，我曾反对{s54}任命{s51}为元帅。
str_comment_i_blamed_defeat|众所周知，我对{s54}偏袒{s51}感到不满，后者曾率领我们败给{s56}。
str_comment_i_was_entitled_to_fief|众所周知，本该属于我的{s51}封地却给了{s54}，这让我失望。
str_comment_i_quarreled_with_troop_over_woman|众所周知，我在追求{s54}时，{s51}也向{reg4?她:他}求爱。{reg3?她:他}不配得到{reg4?她:他}的垂青，我要教训{reg3?她:他}，让{reg3?她:他}离{reg4?她:他}远点。
str_comment_i_quarreled_with_you_over_woman_default|听说你在追求{s54}。我认为你配不上{reg4?她:他}这样出众的{reg4?女士:青年}，强烈劝你停止追求{reg4?她:他}。
str_comment_i_quarreled_with_you_over_woman_derisive|听说你在追求{s54}。告诉你，我还是个{reg65?姑娘:小伙子}，而{reg4?她:他}还是个{reg4?姑娘:小伙子}时，我就看上了{reg4?她:他}。身为这个国度出身高贵的{reg4?女士:贵公子}，不该受到外乡人粗鲁的追求而蒙羞。离{reg4?她:他}远点，否则就等着付出代价！
str_comment_player_suggestion_succeeded|我听从了你的建议，获益匪浅。
str_comment_player_suggestion_failed|我听从你的建议，却遭遇惨败，你得负责。
str_comment_you_enfiefed_a_commoner_hesitant|听说你把{s51}赐给了一个{reg4?自称:自称}{s54}的平民。要小心，治理之术不易学会，也许最好由父亲传给儿子。我劝你别轻易改动领主制度。
str_comment_you_enfiefed_a_commoner_derisive|听说你把{s51}赐给了一个{reg4?自称:自称}{s54}的平民。古人难道没告诫过我们，别拿猪皮做王袍吗？
str_comment_you_enfiefed_a_commoner_nasty|听说你把{s51}赐给了一个取名{s54}的平民。小心！狗也可能反咬主人。
str_comment_marriage_normal_family|祝贺你与我的{s11}{s50}成婚。如今，你也是家里的一员了！
str_comment_marriage_normal|祝贺你与{s50}成婚。这喜讯让你们两人都添了光彩。
str_comment_marriage_elopement_family|嗯……你不知怎么说服了我的{s11}{s50}与你成婚。我不知道你做了什么，让{reg4?她:他}接受你，但我们家族不会忘记这份羞辱。
str_comment_marriage_elopement_liege|听说你违背{s50}家族的意愿，与{reg4?她:他}私奔了。我很不高兴。{reg4?她:他}的家族是我国的大领主，我不喜欢看他们被人当傻子耍。
str_comment_you_broke_truce_as_my_vassal|听说你袭击了{s55}，破坏了我的停战约定。你知道这让我多难堪吗？若你奉我命令行事，我就显得不守信用；若不是，我就显得软弱。我真想现在就以叛国罪起诉你。
str_comment_you_attacked_neutral_as_my_vassal|听说你袭击了{s55}的臣民。如果他们愿意，你就给了他们攻击我的借口……且看结果如何。你这一天可真干得漂亮！
str_personality_archetypes|主君
str_martial|尚武
str_quarrelsome|好争吵
str_selfrighteous|自以为是
str_cunning|狡猾
str_debauched|残虐
str_goodnatured|和善
str_upstanding|正直
str_roguish|无赖
str_benevolent|仁慈
str_mercantile|重商
str_conventional|守旧
str_adventurous|好冒险
str_otherworldly|超脱尘俗
str_ambitious|野心勃勃
str_moralist|道德主义者
str_hedonistic|享乐
str_surrender_demand_default|投降，或是死！
str_surrender_demand_martial|今天形势对你不利。你可以与我们交战，但现在投降也不可耻。
str_surrender_demand_quarrelsome|你已无路可逃。投降，否则我就像追杀野狗一样踏平你。
str_surrender_demand_pitiless|你赢不了我。若敢尝试，我就给你一个惨痛的教训。投降！
str_surrender_demand_cunning|今天你不是对手。放弃吧，就算不为自己，也想想你的士兵！
str_surrender_demand_sadistic|投降，否则我就像剖鱼一样剖开你的肚子！
str_surrender_demand_goodnatured|我们占据优势。投降，你会受到优待。
str_surrender_demand_upstanding|你可以与我们交战，但你的许多士兵会死，你也多半会败。投降吧，让双方免于无谓流血。
str_surrender_offer_default|停手！我投降！
str_surrender_offer_martial|停手！我投降！
str_surrender_offer_quarrelsome|够了！今天你赢了，你这条狗！啊，真是耻辱！
str_surrender_offer_pitiless|我投降！你赢了。诅咒这一天！
str_surrender_offer_cunning|停手！我向你投降！
str_surrender_offer_sadistic|我认输！我认输！叫回你的狗！
str_surrender_offer_goodnatured|我投降！{先生/女士}，祝贺你的胜利！
str_surrender_offer_upstanding|我投降！请给我战败者应有的礼遇，也为你自己增添荣誉！
str_lord_declines_negotiation_offer_default|也许如此，但我想与你交战。
str_lord_declines_negotiation_offer_martial|也许如此，但与你交战是我的职责。
str_lord_declines_negotiation_offer_quarrelsome|哈！我就是要与你交战。
str_lord_declines_negotiation_offer_pitiless|那又关我什么事？我想与你交战。
str_lord_declines_negotiation_offer_cunning|啊，可惜，你看，我想与你交战。
str_lord_declines_negotiation_offer_sadistic|闭嘴！待会儿求饶时，你还用得上舌头。
str_lord_declines_negotiation_offer_goodnatured|抱歉，我不能就这样放你走。别怨我，好吗？
str_lord_declines_negotiation_offer_upstanding|也许如此，但我对主君的职责要求我与你交战。
str_prisoner_released_default|{先生/女士}，我感激你，不会忘记你的仁慈。
str_prisoner_released_martial|{先生/女士}，你确实是位重视荣誉的{男子/女子}。我不会忘记此事！
str_prisoner_released_quarrelsome|我自由了？嗯……那么，再见。
str_prisoner_released_pitiless|谢谢。等你最终战败时，我会请求让你死得痛快些、仁慈些。除非你愿意加入我们……暂且告辞。
str_prisoner_released_cunning|是吗？你是个好{男人/女人}。我会设法报答你。
str_prisoner_released_sadistic|是吗？你的残酷真精巧，宁愿看我自由却受辱，也不肯让我戴着锁链。好好享受你的胜利吧！
str_prisoner_released_goodnatured|{先生/女士}，你确实是位重视荣誉的{男子/女子}。我不会忘记此事！
str_prisoner_released_upstanding|{先生/女士}，你确实是位重视荣誉的{男子/女子}。我不会忘记此事！
str_enemy_meet_default|你是谁，竟持械与我为敌？
str_enemy_meet_martial|{先生/女士}，你叫什么名字？若要交手，我想知道对手是谁。
str_enemy_meet_quarrelsome|你到底是谁？
str_enemy_meet_pitiless|你是谁？说，让我知道要杀的人是谁。
str_enemy_meet_cunning|告诉我你的名字。了解敌人，总是好事。
str_enemy_meet_sadistic|你是谁？快说，趁我还没割掉你的舌头。
str_enemy_meet_goodnatured|{先生/女士}，你叫什么名字？若要交手，我想知道对手是谁。
str_enemy_meet_upstanding|你是谁，竟敢持械阻挠我们的正义事业？
str_battle_won_default|今天你证明了自己是极其宝贵的盟友。
str_battle_won_martial|没有什么比能在战场上展示勇武更幸运的事了！
str_battle_won_quarrelsome|哈！我们让那些混蛋长了见识，对吧？
str_battle_won_pitiless|我们联手，会让敌人听到名字就害怕，看见我们到来就发抖！
str_battle_won_cunning|现在必须乘胜追击，不能让今天的鲜血白流。
str_battle_won_sadistic|现在，扒光敌军尸体，把他们留给乌鸦，让所有人都知道，与我们为敌是什么下场。
str_battle_won_goodnatured|这仗打得痛快！没有什么比胜利更令人高兴，对吧？
str_battle_won_upstanding|现在，让我们感谢诸神赐予胜利，也哀悼今天阵亡的众多好汉。
str_battle_won_grudging_default|今天你帮助扭转了战局。无论我如何看待你，你的勇气都无可指摘。
str_battle_won_grudging_martial|{playername}，无论过去做过什么错事，你今天都证明自己是位出色的{男子/女子}。
str_battle_won_grudging_quarrelsome|哼。平时我可不想见到你这张脸，不过今天，看来该谢谢你的帮助。
str_battle_won_grudging_pitiless|今天你的援助十分宝贵。我不认为你出于好心来帮忙，但还是感谢你。
str_battle_won_grudging_cunning|你在我危难时来援，我若不道谢，就太不明智了。所以……谢谢你。
str_battle_won_grudging_sadistic|好啊！多么感人！{playername}来救我了。
str_battle_won_grudging_goodnatured|{playername}！我们过去未必总相处融洽，但你今天打得很好。谢谢你！
str_battle_won_grudging_upstanding|也许我错看了你。你来得非常及时，我很感激。
str_battle_won_unfriendly_default|原来你来了。嗯，我想总比不来好。
str_battle_won_unfriendly_martial|我们过去说过不少重话，不过现在，就尽情享受胜利吧。
str_battle_won_unfriendly_quarrelsome|如果你站在那里等我道谢，就继续等着吧。其实根本不需要你帮忙，我猜你只是闲着没事，对吧？
str_battle_won_unfriendly_pitiless|你来到这里，就像胡狼凑到狮子的猎物旁。好吧，自己去拿战利品，我不拦你。
str_battle_won_unfriendly_cunning|{playername}……嗯，虽然我不会假装高兴见到你，但我想你的到来也没什么坏处。
str_battle_won_unfriendly_sadistic|退开，食腐鸟！这是我的胜利，任你怎么想窃取荣耀也没用。
str_battle_won_unfriendly_goodnatured|哦，是你。嗯，我想该谢谢你的帮助。
str_battle_won_unfriendly_upstanding|谢谢你前来支援。现在我先告辞，免得说出让自己后悔的话。
str_troop_train_request_default|我需要你这样的人，好好把他们操练成材。
str_troop_train_request_martial|他们需要有人教会他们，什么叫勇武。
str_troop_train_request_quarrelsome|一群肥胖懒惰的混蛋，看着就让我恶心。
str_troop_train_request_pitiless|他们怕敌人，胜过怕我，这可不行。
str_troop_train_request_cunning|但人和剑一样，必须经受烈火，才能淬炼坚韧。
str_troop_train_request_sadistic|他们需要一个铁骨铮铮的人，用鞭子抽出勇气，哪怕抽死也在所不惜。
str_troop_train_request_goodnatured|他们都是好小伙，但恐怕还没做好上阵的准备。
str_troop_train_request_upstanding|以他们现在的状态，带去参战无异于谋杀。
str_unprovoked_attack_default|什么？为什么攻击我们？说话，你这无赖！
str_unprovoked_attack_martial|我不反对比试武艺，但想问一句，你为何攻击我们？
str_unprovoked_attack_quarrelsome|你犯了大错，{小子/姑娘}。你以为自己在干什么？
str_unprovoked_attack_pitiless|是吗？如果你今天非要寻死，我很乐意成全，但我很好奇，你究竟想达到什么目的。
str_unprovoked_attack_cunning|真的？我觉得你极不明智。你希望从中得到什么？
str_unprovoked_attack_sadistic|怎么回事？你喜欢被人挖掉眼睛吗？
str_unprovoked_attack_goodnatured|为何这样做？{先生/女士}，我们无冤无仇。
str_unprovoked_attack_upstanding|我认为这是无端袭击，会向你的国王抗议。你为何这样做？
str_unnecessary_attack_default|若被逼迫，我会毫不犹豫地砍倒你，但我愿给你机会离开。
str_unnecessary_attack_martial|{先生/女士}，我很想接受挑战，不过还是给你一分钟重新考虑。
str_unnecessary_attack_quarrelsome|呸！今天我没心情陪你胡闹。让开。
str_unnecessary_attack_pitiless|今天我心慈，就当没听见你说的话。
str_unnecessary_attack_cunning|与我为敌，你能得到什么好处？也许你该就此离去。
str_unnecessary_attack_sadistic|我没时间浪费在你这种虫子身上。让开。
str_unnecessary_attack_goodnatured|{先生/女士}，我看不出挑起争斗能让你得到什么。你仍可以离开。
str_unnecessary_attack_upstanding|{先生/女士}，如果你想打一场，那就打吧。不过我仍给你机会退让。
str_lord_challenged_default|如你所愿。准备受死！
str_lord_challenged_martial|那就这样。接招！
str_lord_challenged_quarrelsome|你这无礼的小崽子！我要碾碎你！
str_lord_challenged_pitiless|既然你这么想死，我只能成全你。
str_lord_challenged_cunning|好吧，既然你不给我别的选择……
str_lord_challenged_sadistic|你这堆污秽！我会让你后悔来到世上。
str_lord_challenged_goodnatured|好吧。我本希望能避免交手，但看来别无选择。
str_lord_challenged_upstanding|那就这样。你不肯听从道理，让我悲伤。
str_lord_mission_failed_default|嗯，我很失望，但相信你还会有许多机会弥补。
str_lord_mission_failed_martial|接下任务却未能完成，并不光荣，不过我接受你的说法。
str_lord_mission_failed_quarrelsome|你失败了？呸，对你这种人，我早该料到。
str_lord_mission_failed_pitiless|你失败了？嗯，你让我失望了。这可极不明智。
str_lord_mission_failed_cunning|嗯，我很失望，但没人能保证，幸运之风永远吹向自己。
str_lord_mission_failed_sadistic|真的？让我失望的人，未必都能活着后悔。
str_lord_mission_failed_goodnatured|唉，反正本来希望就不大。谢谢你尽力了。
str_lord_mission_failed_upstanding|好吧。我相信你已经尽力。
str_lord_follow_refusal_default|跟随你？{先生/女士}，你忘了自己的身份。
str_lord_follow_refusal_martial|或许某天，你证明自己是个勇敢且重视荣誉的战士，我会跟随你。但不是今天。
str_lord_follow_refusal_quarrelsome|跟随你这样的人？我可不这么想。
str_lord_follow_refusal_pitiless|{先生/女士}，像我这样的领主，不会跟随你这样的人。
str_lord_follow_refusal_cunning|先让我看到，你是个不会把我带进灾难的{男子/女子}，也许我才会跟随你。
str_lord_follow_refusal_sadistic|不可能！该是你跟随我，像挨打的狗跟随{它/它}的主人一样。
str_lord_follow_refusal_goodnatured|呃，我现在有些事赶着办。也许改天吧。
str_lord_follow_refusal_upstanding|先证明你值得领导别人，也许我才会跟随你。
str_lord_insult_default|卑鄙的无赖
str_lord_insult_martial|无耻的恶棍
str_lord_insult_quarrelsome|吃污喝秽的混蛋
str_lord_insult_pitiless|出身低贱的虫子
str_lord_insult_cunning|莽撞的蠢货
str_lord_insult_sadistic|哭哭啼啼的狗
str_lord_insult_goodnatured|讨厌的家伙
str_lord_insult_upstanding|可耻的无赖
str_lord_derogatory_default|卑鄙下流
str_lord_derogatory_martial|顽固鲁莽
str_lord_derogatory_quarrelsome|好争吵、制造分裂
str_lord_derogatory_pitiless|残酷专横
str_lord_derogatory_cunning|不择手段、玩弄他人
str_lord_derogatory_sadistic|卑鄙无耻
str_lord_derogatory_goodnatured|天真得无可救药
str_lord_derogatory_upstanding|固执又道貌岸然
str_lord_derogatory_result|把我们带向毁灭
str_lord_derogatory_martial_action|毫无思考和计划地攻击敌人，白白浪费士兵的生命
str_lord_derogatory_quarrelsome_action|与其他领主挑起争端，让我们分裂而软弱
str_lord_derogatory_pitiles_action|疏远平民，激起叛乱和兵变
str_lord_derogatory_cunning_action|背着我们与敌人交易
str_lord_derogatory_sadistic_action|让我们的事业和国度蒙羞
str_lord_derogatory_goodnatured_action|怜悯敌人，而不是与他们战斗
str_lord_derogatory_upstanding_action|将自己过分的荣誉感置于国家需要之上
str_rebellion_dilemma_martial|{s45}显然蒙受了不公。虽然我向{s46}宣过誓，但如果{reg4?她:他}非法篡夺王位，这誓言就不能约束我支持{reg4?她:他}。
str_rebellion_dilemma_quarrelsome|嗯，{s46}从没给过我应得的东西，所以我不觉得欠他多少。但{s45}也未必更好，而{s46}至少已经证明过{reg4?她:他}自己。
str_rebellion_dilemma_pitiless|嗯，{s45}说{reg3?她:他}才是合法继承人。很好，这能解除我对{s46}的誓言。但我仍须慎重权衡。
str_rebellion_dilemma_cunning|嗯，我曾向{s46}宣誓效忠，但有权势的人不会像普通人一样受誓言约束。我们的职责，是确保自己能够统治，维持秩序，避免所有人彼此交战。
str_rebellion_dilemma_sadistic|嗯，在这卑劣的世界，聪明的{reg65?女人:男人}必须为{reg65?她:他}自己考虑，因为没人会代劳。所以，我能得到什么？
str_rebellion_dilemma_goodnatured|我不知该说什么。我曾把{s46}视为合法统治者而宣誓，但若他并不合法，我就不知誓言是否仍有约束力。
str_rebellion_dilemma_upstanding|这很棘手。宣布我对{s46}的效忠誓言无效，解除维系这片土地不至于陷入无政府状态的纽带，是件严重的事。但我也承诺维护合法继承，而{s45}同样有正当的王位主张。
str_rebellion_dilemma_2_martial|另一方面，{s46}在战争与和平中领导过我们，我实在不愿背弃效忠。
str_rebellion_dilemma_2_quarrelsome|那么告诉我，我为什么该背弃熟悉的{reg4?贱人:混蛋}，去支持陌生的{reg3?女人:混蛋}？
str_rebellion_dilemma_2_pitiless|让我选择谁来做这片土地的{reg3?统治者:国王}，处境极其危险。但这也是机会，让我得到一直应得的回报！
str_rebellion_dilemma_2_cunning|{s46}的地位受到挑战，因此{reg4?她:他}的统治永远无法像从未受质疑的人一样稳固。但如果{s45}靠武力夺位，{reg3?她:他}也不会像和平继位者那样强大。
str_rebellion_dilemma_2_sadistic|也许我趁{s45}还弱小时加入{reg3?她:他}，{reg3?她:他}会让我富贵。但若把你的人头带给{s46}，{reg4?她:他}也许会给我更丰厚的奖赏。
str_rebellion_dilemma_2_goodnatured|{s46}一直待我不错，但{reg4?她:他}确实亏待了{s45}。我不愿轻易背弃对{s46}的效忠，却也不认为支持不公是对的。
str_rebellion_dilemma_2_upstanding|我觉得必须做对这个国度最有利的事，避免它被内战摧毁、被敌人蹂躏。
str_political_philosophy_martial|只要合法的主君尽到对我的职责，我的剑就听凭他差遣。
str_political_philosophy_quarrelsome|呸，他们全是一群混蛋。我只想让那些亏待我的人学会后悔。
str_political_philosophy_pitiless|人总想骗走别人应得的东西。在这背信弃义的世界，每个人都得警惕，守住自己的权利。
str_political_philosophy_cunning|嗯，世界残酷，我们注定面对艰难抉择。有时得为暴君效力，才能维持和平；有时，适度的反叛又能让国王守规矩。一切取决于形势。
str_political_philosophy_sadistic|我的道理很简单：宁为狼，不为羊。
str_political_philosophy_goodnatured|嗯，人应该信守诺言，不该亏待别人。有时两者很难兼顾。我想，只要与值得信任的人站在一起，就很难错得太远。
str_political_philosophy_upstanding|王权和领主制度的设立，是为了维持和平，防止所有人彼此交战。但这不能让我们忽视其中可能存在的不公。
str_political_philosophy_roguish|嗯……我想，当领主挺好。
str_political_philosophy_benefactor|好的统治者会确保所有人受到公正对待。就我而言，我打算用权力改善领地居民的生活。
str_political_philosophy_custodian|好的统治者会为人们创造繁荣的条件。就我而言，我打算用财富创造更多财富，既为自己，也为公众谋利。
str_rebellion_prior_argument_very_favorable|我已听过一些支持你所拥立者登基的理由，也倾向于赞同。
str_rebellion_prior_argument_favorable|我已听过一些支持你所拥立者登基的理由，也倾向于赞同。
str_rebellion_prior_argument_unfavorable|我已听过一些支持你所拥立者登基的理由，但觉得不够有说服力。
str_rebellion_prior_argument_very_unfavorable|我已听过一些支持你所拥立者登基的理由，但大多不赞同。
str_rebellion_rival_martial|{s49}你的盟友{s44}曾质疑我的荣誉与勇气。能在战场上面对他，让他收回那些话，这机会可不常有。
str_rebellion_rival_quarrelsome|{s49}你正与{s44}合作。他是只狡猾的黄鼠狼，我一点也不信任他。
str_rebellion_rival_pitiless|{s49}你似乎得到了{s44}的支持，他软弱无能，不配治理封地，我一直厌恶他。
str_rebellion_rival_cunning|{s49}已经加入你的{s44}刚愎自用、好争吵，多少是个累赘。
str_rebellion_rival_sadistic|{s49}我不想与你的盟友{s44}并肩作战，他那副卖弄美德的样子真恶心。
str_rebellion_rival_goodnatured|{s49}我不愿与{s44}站在一边，他以残酷闻名。
str_rebellion_rival_upstanding|{s49}依我看，你的盟友{s44}危险、不可靠，而且极无原则。
str_rebellion_argument_favorable|我尊重你的论点
str_rebellion_argument_neutral|你的论点仅有些说服力
str_rebellion_argument_unfavorable|我觉得你的论点没有说服力
str_rebellion_persuasion_favorable|你的陈述雄辩有力
str_rebellion_persuasion_neutral|你的理由还算合理
str_rebellion_persuasion_unfavorable|你的理由难以服人
str_rebellion_relation_very_favorable|我对你本人怀有极高的敬意。
str_rebellion_relation_favorable|我了解你，也尊重你。
str_rebellion_relation_neutral|我对你的了解还不够。
str_rebellion_relation_unfavorable|我不信任你。
str_and_comma_3|此外，
str_but_comma_3|然而，
str_and_comma_1|，而且
str_but_comma_1|，但是
str_and_comma_2|。此外，
str_but_comma_2|。尽管如此，
str_rebellion_agree_default|好吧，我愿宣誓效忠{s45}，奉其为我的{reg3?女王:国王}。
str_rebellion_agree_martial|我决定了。我会支持{s45}作为合法继承人。
str_rebellion_agree_quarrelsome|啊，我已经想得够久了。反正我从来就不怎么喜欢{s46}。我们去把王位从{reg4?她:他}手里夺走吧。
str_rebellion_agree_pitiless|你很幸运，我决定加入你的事业。希望你别让我后悔。
str_rebellion_agree_cunning|这决定极其危险，但慎重考虑后，我决定加入你。希望一切能有最好的结果。
str_rebellion_agree_sadistic|那么，我会支持{reg5?你:你拥立的{s45}那位{reg3?女子:男子}}。但最好保证{reg5?我得到:{reg3?她:他}给我}丰厚的回报！
str_rebellion_agree_goodnatured|好吧。我认为{reg5?你:你拥立的那位{reg3?女子:男子}}会是个好统治者。我愿投身你的事业。
str_rebellion_agree_upstanding|若我做错，愿诸神宽恕。我首要的职责是对这个国度负责。为使它免于法度崩坏，我会支持{s45}，背弃对{s46}的效忠。
str_rebellion_refuse_martial|抱歉。{s45}的主张有道理，但还不足以让我背弃{s46}。我会继续忠于主君。
str_rebellion_refuse_quarrelsome|不。你拥立的{s45}那个小崽子，没本事统治这里。我会继续支持{s46}。
str_rebellion_refuse_pitiless|不，我不会加入叛乱。依我看，这不过像个孩子，因为没拿到{reg3?她:他}认为该属于{reg3?她:他}的小玩意而发脾气。我会继续支持{s46}，其统治能力已经经受了考验。
str_rebellion_refuse_cunning|抱歉，你没有给我信心，相信你能获胜。许多人会死，但我不想成为其中之一。我会继续支持{s46}。
str_rebellion_refuse_sadistic|不，我不玩你这小游戏。你伸手抓王冠，我却觉得你会很快走上刑台，到时我会站在{s46}身边，看刽子手落斧。
str_rebellion_refuse_goodnatured|抱歉，我觉得背弃{s46}不妥。战场相逢时，别怨我。
str_rebellion_refuse_upstanding|抱歉。{s45}的主张还不足以让我把内乱的灾祸降到这片土地的可怜人头上。我会继续支持{s46}。若我做错，愿诸神宽恕。
str_talk_later_martial|现在不是谈政治的时候！今天我和其他领主一起，全副武装准备作战。你最好也准备好。
str_talk_later_quarrelsome|周围全是主君的军队，你还指望我和你讨论背叛他？你当我是什么，该死的白痴吗？
str_talk_later_pitiless|闭嘴！不管我对此有何看法，都不会在此时此地、身处我军之中说出来。
str_talk_later_cunning|此时此地都不适合这番讨论。也许改个时间、换个地方可以谈，但眼下，我们仍是敌人。
str_talk_later_sadistic|真该把你的嘴缝起来！若其他封臣看见我和你谈论叛国，你能想象后果吗？
str_talk_later_goodnatured|你想和我讨论叛乱？等周围没有主君的军队时再试吧，我会听你说。
str_talk_later_upstanding|无论我对继承是否合法有何看法，都不会在此时此地讨论。如果再次相遇，能够私下交谈，我会听听你的意见。但现在，把我当作敌人。
str_gossip_about_character_default|最近关于{s6}私生活的传闻不多。
str_gossip_about_character_martial|据说{s6}最爱的就是战争。
str_gossip_about_character_quarrelsome|据说{s6}最近差点和另一位贵族动手，因为对方拿{reg4?她:他}的鼻子开玩笑。
str_gossip_about_character_selfrighteous|听说{s6}处死了一个奴隶，只因那可怜人摔坏了几只昂贵的盘子。
str_gossip_about_character_cunning|据说{s6}是个狡猾的对手。
str_gossip_about_character_sadistic|据说{s6}喜欢折磨{reg4?她:他}的敌人。我可不想得罪那个{reg4?女人:男人}。
str_gossip_about_character_goodnatured|据说{s6}是个好{reg4?女人:男人}，善待住在{reg4?她:他}领地上的人。大多数贵族可做不到。
str_gossip_about_character_upstanding|人们说，为{s6}效力很好。{reg4?她:他}善待{reg4?她:他}的追随者，干得好就会得到奖赏。
str_latest_rumor|你最近听到的关于{s6}的传闻是：
str_changed_my_mind_martial|不过，你激动人心的话让我重新考虑自己的立场。
str_changed_my_mind_quarrelsome|可我想，你还是说动了我，你这混蛋。我还在听。
str_changed_my_mind_pitiless|但既然你这样恳求，我就屈尊再考虑一下。
str_changed_my_mind_cunning|不过，你知道吗，你这混蛋真能说。这让我印象深刻。我还在听。
str_changed_my_mind_sadistic|但你那巧舌为自己唱的歌实在动听，我暂且不否定这个主意。
str_changed_my_mind_goodnatured|但你的理由不错，所以我会尽量保持开放的态度。
str_changed_my_mind_upstanding|不过，你的论述很有说服力。我还在听。
str_courtship_comment_conventional_generic|是个很有教养的人
str_courtship_comment_adventurous_generic|看起来还算正派
str_courtship_comment_otherworldly_generic|十分礼貌周到
str_courtship_comment_ambitious_generic|缺乏进取心，但也许能够弥补
str_courtship_comment_moralist_generic|似乎是个品行良好的男人
str_feast_description|匮乏
str_feast_description_2|寒酸
str_feast_description_3|勉强够用
str_feast_description_4|充足
str_feast_description_5|丰盛
str_feast_description_6|盛大
str_feast_lengthy_description_1|你提供的食物不足以招待宾客及其随从，迫使他们以高得离谱的价格从周边乡间购粮。赴宴者一致认为，你未尽到主人的职责，既降低了他们对你的信任，也损害了你的整体名声。
str_feast_lengthy_description_2|你提供的饮食最终耗尽，迫使一些宾客向过路小贩自行购买，或提前遣返部分随从。宽厚的人认为，这只是计划不周，而非吝啬，但无论如何，都对你的名声无益。
str_feast_lengthy_description_3|你提供的饮食足够招待贵族宾客，但他们随从中的一些平民没能分到。你正树立起一种名声：至少懂得贵族应尽的社交义务。
str_feast_lengthy_description_4|你提供了数量充足、种类丰富的饮食，为自己赢得了好评。美食、美酒和欢乐让宾客敞开心扉，坦率讨论国事，也加深了他们对你的信任。
str_feast_lengthy_description_5|你不仅为贵族宾客，也为随从摆上了丰盛佳肴，剩余食物还能分给穷人。宾客盛赞你的慷慨，以及你对身份所承担的社会义务的理解。饮食助兴，交谈愉快，加深了与会者之间的联系。
str_feast_lengthy_description_6|未来几个月，整个国度都会谈论你宴席的丰盛，并以此作为其他宴会追求的标准。你不仅让贵族宾客及其随从吃饱，也填饱了涌到门前的穷人的肚子。
str_kingdom_1_adjective|达契亚
str_kingdom_2_adjective|喀里多尼亚
str_kingdom_3_adjective|博斯普鲁斯
str_kingdom_4_adjective|弗里斯
str_kingdom_5_adjective|亚美尼亚
str_kingdom_6_adjective|帕提亚
str_kingdom_7_adjective|罗马
str_kingdom_8_adjective|杜姆诺尼
str_kingdom_9_adjective|科里尔陶维
str_kingdom_10_adjective|布里甘特
str_kingdom_11_adjective|萨尔马提亚
str_kingdom_12_adjective|西拉克
str_kingdom_13_adjective|卢吉
str_kingdom_14_adjective|马科曼尼
str_kingdom_15_adjective|鲁吉
str_kingdom_16_adjective|夸迪
str_kingdom_17_adjective|犹太
str_kingdom_18_adjective|萨尔马提亚
str_kingdom_19_adjective|巴塔维
str_kingdom_20_adjective|高加索
str_kingdom_21_adjective|东高加索
str_kingdom_22_adjective|西高加索
str_kingdom_23_adjective|叙利亚
str_kingdom_24_adjective|奥托派罗马
str_kingdom_25_adjective|韦斯帕芗派罗马
str_kingdom_26_adjective|维特里乌斯派罗马
str_kingdom_27_adjective|加尔巴派罗马
str_multi_scene_1|废墟
str_multi_scene_2|村庄
str_multi_scene_3|海尔斯堡
str_multi_scene_4|要塞废墟
str_multi_scene_5|场景5
str_multi_scene_6|场景6
str_multi_scene_7|河畔旷野
str_multi_scene_8|鲁德汗堡
str_multi_scene_9|雪中村庄
str_multi_scene_10|图林堡
str_multi_scene_11|诺德城镇
str_multi_scene_16|港口突袭
str_multi_scene_17|布伦伍德堡
str_multi_scene_18|冰上之战
str_multi_scene_19|马赫达尔堡
str_multi_scene_20|贾梅耶德堡
str_multi_scene_21|竞技场
str_multi_scene_22|森林藏身处
str_multi_scene_23|峡谷
str_multi_scene_24|沙漠城镇
str_multi_scene_12|随机平原（中型）
str_multi_scene_13|随机平原（大型）
str_multi_scene_14|随机草原（中型）
str_multi_scene_15|随机草原（大型）
str_multi_game_type_1|死亡竞赛
str_multi_game_type_2|团队死亡竞赛
str_multi_game_type_3|战斗
str_multi_game_type_4|攻防破坏
str_multi_game_type_5|夺旗
str_multi_game_type_6|征服
str_multi_game_type_7|攻城
str_multi_game_type_8|决斗
str_poll_kick_player_s1_by_s0|{s0}发起了踢出玩家{s1}的投票。
str_poll_ban_player_s1_by_s0|{s0}发起了封禁玩家{s1}的投票。
str_poll_change_map_to_s1_by_s0|{s0}发起了将地图更换为{s1}的投票。
str_poll_change_map_to_s1_and_factions_to_s2_and_s3_by_s0|{s0}发起投票，将地图更换为{s1}，并将阵营改为{s2}和{s3}。
str_poll_change_number_of_bots_to_reg0_and_reg1_by_s0|{s0}发起投票，将电脑人数改为{reg0}和{reg1}。
str_poll_kick_player|投票踢出玩家{s0}：1＝同意，2＝反对
str_poll_ban_player|投票封禁玩家{s0}：1＝同意，2＝反对
str_poll_change_map|投票将地图更换为{s0}：1＝同意，2＝反对
str_poll_change_map_with_faction|投票将地图更换为{s0}，阵营改为{s1}对阵{s2}：1＝同意，2＝反对
str_poll_change_number_of_bots|投票将{s0}的电脑人数改为{reg0}，{s1}的电脑人数改为{reg1}：1＝同意，2＝反对
str_poll_time_left|（还剩{reg0}秒）
str_poll_result_yes|多数人同意，投票通过。
str_poll_result_no|多数人反对，投票未通过。
str_total_item_cost_reg0|总价：{reg0}
str_server_name|服务器名称：
str_game_password|游戏密码：
str_map|地图：
str_game_type|游戏模式：
str_max_number_of_players|玩家人数上限：
str_number_of_bots_in_team_reg1|队伍{reg1}的电脑人数：
str_team_reg1_faction|队伍{reg1}的阵营：
str_enable_valve_anti_cheat|启用Valve反作弊（需要有效的Steam账户）
str_allow_friendly_fire|允许远程友军伤害
str_allow_melee_friendly_fire|允许近战友军伤害
str_friendly_fire_damage_self_ratio|友军伤害反弹比例（%）：
str_friendly_fire_damage_friend_ratio|友军承受伤害比例（%）：
str_spectator_camera|观战镜头：
str_control_block_direction|格挡方向控制：
str_map_time_limit|地图时限（分钟）：
str_round_time_limit|回合时限（秒）：
str_players_take_control_of_a_bot_after_death|死亡后接管电脑角色：
str_team_points_limit|队伍分数上限：
str_point_gained_from_flags|旗帜提供的队伍得分（%）：
str_point_gained_from_capturing_flag|夺旗得分：
str_respawn_period|重生间隔（秒）：
str_add_to_official_game_servers_list|加入官方游戏服务器列表
str_combat_speed|战斗速度：
str_combat_speed_0|最慢
str_combat_speed_1|较慢
str_combat_speed_2|中等
str_combat_speed_3|较快
str_combat_speed_4|最快
str_off|关
str_on|开
str_defender_spawn_count_limit|守方重生次数：
str_unlimited|无限
str_automatic|自动
str_by_mouse_movement|由鼠标移动决定
str_free|自由
str_stick_to_any_player|锁定任意玩家
str_stick_to_team_members|锁定队友
str_stick_to_team_members_view|锁定队友视角
str_make_factions_voteable|允许投票更换阵营
str_make_kick_voteable|允许投票踢出玩家
str_make_ban_voteable|允许投票封禁玩家
str_bots_upper_limit_for_votes|投票允许的电脑人数上限：
str_make_maps_voteable|允许投票更换地图
str_valid_vote_ratio|投票通过比例（%）：
str_auto_team_balance_limit|自动平衡队伍的人数差上限：
str_welcome_message|欢迎消息：
str_initial_gold_multiplier|初始金钱（%）：
str_battle_earnings_multiplier|战斗金钱奖励（%）：
str_round_earnings_multiplier|回合金钱奖励（%）：
str_allow_player_banners|允许个人旗帜
str_force_default_armor|强制最低护甲
str_respawning_in_reg0_seconds|{reg0}秒后重生……
str_no_more_respawns_remained_this_round|本回合重生次数已用尽
str_reg0_respawns_remained|（剩余{reg0}条生命）
str_this_is_your_last_respawn|（这是你最后一条生命）
str_wait_next_round|（等待下一回合）
str_yes_wo_dot|是
str_no_wo_dot|否
str_we_resign|我们已经无力再战。{playername}，我们向你投降。
str_i_resign|我今天不想死。我投降。
str_s1_returned_flag|{s1}已将己方旗帜送回基地！
str_s1_auto_returned_flag|{s1}的旗帜已自动返回基地！
str_s1_captured_flag|{s1}夺取了敌方旗帜！
str_s1_taken_flag|{s1}拿到了敌方旗帜！
str_s1_neutralized_flag_reg0|{s1}已中立化旗帜{reg0}。
str_s1_captured_flag_reg0|{s1}占领了旗帜{reg0}！
str_s1_pulling_flag_reg0|{s1}开始升降旗帜{reg0}。
str_credits_1|骑马与砍杀：战团 版权所有 2008-2015 Taleworlds Entertainment
str_credits_2|游戏设计：^Armagan Yavuz^Steve Negus^Cem Cimenbicer
str_credits_3|程序设计：^Armagan Yavuz^Cem Cimenbicer^Serdar Kocdemir^Ozan Gumus^Mustafa Korkmaz^^补充程序设计：^Gokhan Uras^M. Furkan Yilmaz
str_credits_4|CG美术：^Ozgur Saral^Mustafa Ozturk^Pinar Cekic^Ozan Unlu^Yigit Savtur^Umit Singil
str_credits_5|概念美术：^Ganbat Badamkhand
str_credits_6|编剧：^Steve Negus^Armagan Yavuz^Ryan A. Span
str_credits_7|原创音乐：^Jesse Hopkins
str_credits_8|配音：^Tassilo Egloffstein
str_credits_9|本游戏获得土耳其科学技术研究委员会支持。^^教程编写：^Steve Negus^Armagan Yavuz^Edward Spoerl^^马匹动作捕捉动画提供：^Richard Widgery & Kinetic Impulse^^物理引擎：^Havok^^音效与音乐程序库：^FMODex Sound System by Firelight Technologies^^天空盒纹理：^Jay Weston^^中文翻译：^Hetairoi; Gaodatailang; silentjealousy; Ginn; fallout13; James; D.Kaede; Kan2; alixyang; muyiboy^^TaleWorlds传播总监：^Ali Erkin^^TaleWorlds论坛程序设计：^Brett Flannigan ^^^TaleWorlds.com论坛管理员与版主：^Janus^Archonsod^Narcissus^Nairagorn^Lost Lamb^Deus Ex^Merentha^Volkier^Instag0^Ativan^ego^Guspav^Hallequin^Invictus^okiN^Raz^rejenorst^Skyrage^ThVaz^^^骑马与砍杀社区建议与反馈：^A Mustang^adamlug^Adorno^alden^Alhanalem^amade^Anthallas^Alkhadias Master^Arch3r^Archevious^Arcas Nebun^Arcon^Arcturus^ares007^Arjihad^BadabombadaBang^Badun^BaronAsh^Berserker Pride^bgfan^bierdopjeee^Big Mac^Binboy^blink180heights^BlodsHammar^Bloid^Brandon^Brego^chenjielian^cifre^COGlory^Corinthian Hoplite^Crazed Rabbit^CryptoCactus^CtrlAltDe1337^Cuther^Da-V-Man^dimitrischris^dstemmer^EasyCo506^Egbert^ethneldryt^eudaimondaimon^Faranox^Fawzia dokhtar-i-Sanjar^Fei Dao^Gabeed^GeN76^General Hospital^GhosTR^glustrod^Gubbo^guspav^Halcyon^Harn^Hethwill^Highelfwarrior^HULKSMASH^Iberon^ignoble^Jack Merchantson^JoG^Jov^Kazzan^King Jonathan the Great^Kleidophoros^knight^Kong Burger^Kristiania^l3asu^Larkraxm^Leandro1021DX^lighthaze^Llew2^Lord Rich^lordum ediz^Lucke189^Mabons^MacPharlan^Madnes5^MagicMaster^Makh^ManiK^Manitas^Marin Peace Bringer^Martinet^MAXHARDMAN^Merlkir^miguel8500^Mithras^Moddan^Nate^Nemeo^Nite/m4re^noobalicous^Nord Champion^okiN^Orion^OTuphlos^Papa Lazarou^Phallas^Plazek^Prcin^PSYCHO78^PsykoOps^Reapy^Red River^Rhizobium^Riggea^Rongar^Ros^sadnhappy^Sarejo^ScientiaExcelsa^Scorch!^Seawied86^sebal87^shikamaru 1993^Shun^silentdawn^Sir Gowe^Skyrage^Slawomir of Aaarrghh^SoloSebo^SovietSoldier^Stabbing Hobo^Stratigos001^Styo^TalonAquila^test^The Yogi^Thundertrod^Thyr^Tim^Titanshoe^tmos^Toffey^Tonttu^Trenalok^Tronde^UberWiggett^Urist^Ursca^urtzi^Vermin^Viajero^Vincenzo^Vulkan^Warcat92^Welcome To Hell^Wheem^Wu-long^Yellonet^Yobbo^Yoshi Murasaki^Yoshiboy^Zyconnic^^^特别感谢Toby Lee对战斗系统提出的构想和深入反馈。^……以及众多出色的骑马与砍杀玩家！^^（这只是为游戏提供建议和反馈的全体玩家中的一小部分。^这份名单仅从Taleworlds论坛的少数帖子中选取编成。^遗憾的是，几乎不可能编出完整的名单。^如果你曾提供建议和反馈却未被列入，我们诚挚致歉，也请相信，我们同样感激你……）
str_credits_10|Paradox Interactive^^总裁兼首席执行官：^Theodore Bergqvist^^执行副总裁：^Fredrik Wester^^首席财务官：^Lena Eriksson^^财务与会计：^Annlouise Larsson^^美国销售与市场副总裁：^Reena M. Miranda^^欧洲销售与市场副总裁：^Martin Sirc^^北欧发行经理：^Erik Helmfridsson^^公关与市场总监：^Susana Meza^^公关与市场：^Sofia Forsgren^^产品经理：^Boel Bermann
str_credits_11|标志设计：^Jason Brown^^封面美术：^Piotr Fox Wysocki^^版式设计：^Christian Sabe^Melina Grundel^^海报：^Piotr Fox Wysocki^^地图与概念美术：^Ganbat Badamkhand^^手册编辑：^Digital Wordsmithing: Ryan Newman, Nick Stewart^^网站：^Martin Ericsson^^市场宣传素材：^2Coats^^本地化：^S&H Entertainment Localization^^GamersGate:^Ulf Hedblom^Andreas Pousette^Martin Ericson^Christoffer Lindberg
str_credits_12|感谢我们遍布全球的所有合作伙伴，尤其是长期伙伴：^Koch Media （德国与英国）^Blue Label （意大利与法国）^Friendware （西班牙）^New Era Interactive Media Co. Ltd. （亚洲）^Snowball （俄罗斯）^Pinnacle （英国）^Porto Editora （葡萄牙）^Hell-Tech （希腊）^CD Projekt （波兰、捷克共和国、斯洛伐克与匈牙利）^Paradox Scandinavian Distribution （斯堪的纳维亚）
str_s1_destroyed_target_0|{s1}摧毁了目标A！
str_s1_destroyed_target_1|{s1}摧毁了目标B！
str_s1_destroyed_catapult|{s1}摧毁了投石机！
str_s1_destroyed_trebuchet|{s1}摧毁了配重投石机！
str_s1_destroyed_all_targets|{s1}摧毁了所有目标！
str_s1_saved_1_target|{s1}保住了一个目标。
str_s1_saved_2_targets|{s1}保住了所有目标。
str_s1_defended_castle|{s1}守住了己方要塞！
str_s1_captured_castle|{s1}攻占了要塞！
str_auto_team_balance_in_20_seconds|20秒后将自动平衡队伍。
str_auto_team_balance_next_round|下一回合将自动平衡队伍。
str_auto_team_balance_done|队伍已自动平衡。
str_s1_won_round|{s1}赢得了本回合！
str_round_draw|时间到。本回合平局。
str_round_draw_no_one_remained|无人存活。本回合平局。
str_death_mode_started|快！夺取战场的控制权！
str_reset_to_default|恢复默认
str_done|完成
str_player_name|玩家名称
str_kills|击杀
str_deaths|死亡
str_ping|延迟
str_dead|阵亡
str_reg0_dead|{reg0}人阵亡
str_bots_reg0_agents|电脑（{reg0}个角色）
str_bot_1_agent|电脑（1个角色）
str_score|得分
str_score_reg0|得分：{reg0}
str_flags_reg0|（旗帜：{reg0}）
str_reg0_players|（{reg0}名玩家）
str_reg0_player|（{reg0}名玩家）
str_open_gate|开启城门
str_close_gate|关闭城门
str_open_door|开门
str_close_door|关门
str_raise_ladder|竖起梯子
str_drop_ladder|放倒梯子
str_arminius_tomb_use|阿尔米尼乌斯之墓
str_hieroglyphs_use|象形文字
str_back|返回
str_start_map|开始地图
str_choose_an_option|请选择：
str_choose_a_poll_type|选择投票类型：
str_choose_faction|选择阵营
str_choose_a_faction|选择一个阵营：
str_choose_troop|选择兵种
str_choose_a_troop|选择兵种类别：
str_choose_items|选择装备
str_options|选项
str_redefine_keys|重新设置按键
str_submit_a_poll|发起投票
str_administrator_panel|管理员面板
str_kick_player|踢出玩家
str_ban_player|封禁玩家
str_mute_player|屏蔽玩家
str_unmute_player|取消屏蔽玩家
str_quit|退出
str_poll_for_changing_the_map|更换地图
str_poll_for_changing_the_map_and_factions|更换地图与阵营
str_poll_for_changing_number_of_bots|更改各队电脑人数
str_poll_for_kicking_a_player|踢出一名玩家
str_poll_for_banning_a_player|封禁一名玩家
str_choose_a_player|选择一名玩家：
str_choose_a_map|选择一张地图：
str_choose_a_faction_for_team_reg0|为队伍{reg0}选择阵营：
str_choose_number_of_bots_for_team_reg0|选择队伍{reg0}的电脑人数：
str_spectator|观察者
str_spectators|观察者
str_command|命令：
str_profile_banner_selection_text|为你的档案选择旗帜：
str_use_default_banner|使用阵营旗帜
str_party_morale_is_low|部分部队士气低落！
str_weekly_report|每周报告
str_has_deserted_the_party|已逃离队伍。
str_have_deserted_the_party|已逃离队伍。
str_us_|我方 
str_allies_|盟友 
str_enemies_|敌方 
str_weekly_budget|预算报告
str_income_from_s0|来自{s0}的收入：
str_mercenary_payment_from_s0|来自{s0}的佣兵报酬：
str_s0s_party|{s0}的队伍
str_loss_due_to_tax_inefficiency|征税效率低下造成的损失：
str_wages_for_s0|{s0}的薪饷：
str_earlier_debts|原有债务：
str_net_change|净变动：
str_earlier_wealth|原有财富：
str_new_wealth|现有财富：
str_new_debts|现有债务：
str_maximum_seconds_for_round_is_reg0|回合时限为{reg0}秒。
str_respawn_period_is_reg0_seconds|重生间隔为{reg0}秒。
str_bots_upper_limit_for_votes_is_reg0|投票允许的电脑人数上限为{reg0}。
str_map_is_voteable|允许投票更换地图。
str_map_is_not_voteable|不允许投票更换地图。
str_factions_are_voteable|允许投票更换阵营。
str_factions_are_not_voteable|不允许投票更换阵营。
str_players_respawn_as_bot|玩家死亡后接管电脑角色。
str_players_do_not_respawn_as_bot|玩家死亡后不接管电脑角色。
str_kicking_a_player_is_voteable|允许投票踢出玩家。
str_kicking_a_player_is_not_voteable|不允许投票踢出玩家。
str_banning_a_player_is_voteable|允许投票封禁玩家。
str_banning_a_player_is_not_voteable|不允许投票封禁玩家。
str_player_banners_are_allowed|允许玩家旗帜。
str_player_banners_are_not_allowed|不允许玩家旗帜。
str_default_armor_is_forced|强制使用默认护甲。
str_default_armor_is_not_forced|不强制使用默认护甲。
str_percentage_of_yes_votes_required_for_a_poll_to_get_accepted_is_reg0|投票通过所需的赞成比例为{reg0}%。
str_auto_team_balance_threshold_is_reg0|自动平衡队伍的阈值为{reg0}。
str_starting_gold_ratio_is_reg0|初始金钱比例为{reg0}%。
str_combat_gold_bonus_ratio_is_reg0|战斗金钱奖励比例为{reg0}%。
str_round_gold_bonus_ratio_is_reg0|回合金钱奖励比例为{reg0}%。
str_point_gained_from_flags_is_reg0|旗帜提供的队伍得分为{reg0}%。
str_point_gained_from_capturing_flag_is_reg0|夺旗得分为{reg0}%。
str_map_time_limit_is_reg0|地图时限为{reg0}分钟。
str_team_points_limit_is_reg0|队伍分数上限为{reg0}。
str_defender_spawn_count_limit_is_s1|守方重生次数为{s1}。
str_system_error|系统错误！
str_prisoner_granted_parole|俘虏获准保释
str_prisoner_not_offered_parole|俘虏未获保释
str__age_reg1|{s49}年龄：{reg1}
str_s49_s12_s11_rel_reg0|{s49}{s12}（{s11}，关系：{reg0}），
str_lord_info_string_feudal|{reg6?:{reg4?{s54}是{s56}的统治者。^:{s54}是{s56}的{s55}麾下的{reg5?元帅:{s27}}。^}}^声望：{reg15}。争议：{reg16}。财富：{reg17}。^{s35}^{s26}^{reg9?{reg3?她:他}是{s58}的{reg3?女领主:领主}。:{reg3?她:他}没有封地。}{s59}^{s49}
str_foreign_relations__|{s20}^外交关系：^
str_s21__the_s5_is_at_war_with_the_s14|{s21}^* {s5}正与{s14}交战。
str_s21_the_s5_has_had_the_upper_hand_in_the_fighting|{s21}{s5}在战斗中占据上风。
str_s21_the_s5_has_gotten_the_worst_of_the_fighting|{s21}{s5}在战斗中处于下风。
str_s21_the_fighting_has_gone_on_for_some_time_and_the_war_may_end_soon_with_a_truce|{s21}交战已有一段时间，战争可能很快以停战告终。
str_s21_the_fighting_has_begun_relatively_recently_and_the_war_may_continue_for_some_time|{s21}战斗开始不久，战争可能还会持续一段时间。
str__however_the_truce_is_no_longer_binding_on_the_s14|不过，停战约定已不再约束{s14}
str_s21__the_s5_is_bound_by_truce_not_to_attack_the_s14s18_the_truce_will_expire_in_reg1_days|{s21}^* {s5}受停战约束，不得攻击{s14}。{s18}停战将在{reg1}天后到期。
str_s21__the_s5_has_recently_suffered_provocation_by_subjects_of_the_s14_and_there_is_a_risk_of_war_reg41|{s21}^* {s5}最近遭到{s14}臣民的挑衅。将在{reg41}天后失效。
str_s21__the_s5_has_no_outstanding_issues_with_the_s14|{s21}^* {s5}与{s14}之间没有尚待解决的争端。
str_s21_the_s14_was_recently_provoked_by_subjects_of_the_s5_and_there_is_a_risk_of_war_reg41|{s21}^* {s14}最近遭到{s5}臣民的挑衅。将在{reg41}天后失效。
str_the_s5_is_ruled_by_s6_it_occupies_s8_its_vassals_are_s10__s21_rome|{s5}由{s6}统治。^^占有{s8}。^^其指挥官有{s31}。^^其总督有{s32}。^^其贵族有{s10}。^^{s21}
str_the_s5_is_ruled_by_s6_it_occupies_s8_its_vassals_are_s10__s21|{s5}由{s6}统治。^^占有{s8}。^^其封臣有{s10}。^^{s21}
str_reg4_killed_reg5_wounded_reg6_routed|{reg4}人阵亡，{reg5}人受伤，{reg6}人溃逃
str_reg4_killed_reg5_routed|{reg4}人阵亡，{reg5}人溃逃
str_reg4_killed_reg5_wounded|{reg4}人阵亡，{reg5}人受伤
str_reg4_wounded_reg5_routed|{reg4}人受伤，{reg5}人溃逃
str_routed|溃逃
str_s4_awarded_to_s5|{s4}赐予{s5}
str_lords_of_the_s1_gather_for_a_feast_at_s2|{s1}的领主们齐聚{s2}赴宴。
str_no_relation|无亲属关系
str_wife|妻子
str_husband|丈夫
str_father|父亲
str_mother|母亲
str_daughter|女儿
str_son|儿子
str_sister|姐妹
str_brother|兄弟
str_niece|侄女或外甥女
str_nephew|侄子或外甥
str_cousin|堂表亲
str_daughterinlaw|儿媳
str_soninlaw|女婿
str_motherinlaw|岳母或婆婆
str_fatherinlaw|岳父或公公
str_someone|某人
str_i_take_what_work_i_can_sirmadame_i_carry_water_or_help_the_merchants_with_their_loads_or_help_build_things_if_theres_things_to_be_built|{s0}，我能找到什么活就干什么。挑水，替商人搬货，若有工程，就帮忙建造。
str_im_not_doing_anything_sirmadame_theres_no_work_to_be_had_around_here_these_days|{s0}，我什么也没干。这些天附近根本找不到活。
str_im_not_doing_anything_sirmadame_i_have_no_land_of_my_own_and_theres_no_work_to_be_had_around_here_these_days|{s0}，我什么也没干。我没有自己的土地，这些天附近也找不到活。
str_why_im_still_living_off_of_your_kindness_and_goodness_sirmadame_hopefully_there_will_be_work_shortly|{s0}，我还靠你的仁慈和善意过日子。希望很快就有活干。
str_i_work_in_the_fields_just_outside_the_walls_where_they_grow_grain_we_dont_quite_grow_enough_to_meet_our_needs_though_and_have_to_import_grain_from_the_surrounding_countryside|我在城墙外的粮田里干活。不过我们种的粮不够自己吃，还得从周边乡间购入。
str_i_work_mostly_in_the_fields_growing_grain_in_the_town_they_grind_it_to_make_bread_or_ale_and_we_can_also_boil_it_as_a_porridge|我主要在田里种粮。城里人把粮食磨碎，做面包或酿麦酒，我们也能用来煮粥。
str_i_work_in_the_breweries_making_ale_the_poor_folk_drink_a_lot_of_it_as_its_cheaper_than_wine_we_make_it_with_grain_brought_in_from_the_countryside|我在酿酒坊酿麦酒。穷人喝得多，因为它比葡萄酒便宜。原料是从乡下运来的谷物。
str_i_work_in_a_mill_grinding_flour_to_make_bread_bread_is_cheap_keeps_well_and_fills_the_stomach|我在磨坊磨面粉，用来做面包。面包便宜，耐放，还能填饱肚子。
str_i_tend_cattle_we_dry_and_salt_meat_to_preserve_it_and_make_cheese_from_the_milk|我放牛。我们把肉风干、腌制以便保存，再把牛皮送到城里制革，还用牛奶做奶酪。
str_i_tend_cattle_we_dry_and_salt_meat_to_preserve_it_and_make_cheese_from_the_milk_so_it_doesnt_spoil|我放牛。我们把肉风干、腌制以便保存，再把牛皮送到城里制革，还用牛奶做奶酪。
str_i_tend_sheep_we_send_the_wool_to_the_cities_to_be_woven_into_cloth_and_make_mutton_sausage_when_we_cull_the_herds|我放羊。羊毛送去城里织布，淘汰羊只时，就把肉做成羊肉香肠。
str_i_work_at_a_loom_spinning_cloth_from_wool_wool_is_some_of_the_cheapest_cloth_you_can_buy_but_it_will_still_keep_you_warm|我操作织机，用羊毛织布。羊毛布是最便宜的布料之一，但仍能保暖。
str_i_crew_a_fishing_boat_we_salt_and_smoke_the_flesh_to_sell_it_far_inland|我在渔船上干活。我们腌鱼、熏鱼，好卖到遥远的内陆。
str_i_sift_salt_from_a_nearby_flat_they_need_salt_everywhere_to_preserve_meat_and_fish|我在附近的盐滩筛盐。各地都需要盐来保存肉和鱼。
str_i_mine_iron_from_a_vein_in_a_nearby_cliffside_they_use_it_to_make_tools_arms_and_other_goods|我在附近崖壁的矿脉开采铁矿，人们用它制造工具、武器和其他物品。
str_i_make_pottery_which_people_use_to_store_grain_and_carry_water|我制作陶器，人们用来储粮、装水。
str_trade_explanation_tools|{s0}，我在铁匠铺制作各种铁器：刀、斧、锅、犁铧、镰刀、锤子、铁砧、钳子、锛子、锯子、钉子、马蹄铁、火镰、火盆，当然还有给诸位大人用的武器和盔甲。
str_trade_explanation_oil|我在榨油坊干活，用乡下运来的橄榄榨油。如果买得起，我们的油用途可多了：烹饪、点灯，甚至帮助顺利分娩。
str_trade_explanation_linen|我用周边乡间运来的亚麻织布。{s0}，这种布结实轻便，适合做夏衣、船帆之类的东西。
str_lord_info_string_imperial|{reg6?:{reg4?{s54}是{s56}的统治者。^:{s54}是{s56}的{s55}麾下的{reg5?元帅:{s27}}。^}}^声望：{reg15}。争议：{reg16}。财富：{reg17}。威望（Gravitas）：{reg18}。^{s35}^{s26}^{reg9?{reg3?她:他}治理{s69}行省（{s71}），其辖地包括{s58}。:{reg3?她:他}没有总督辖区。}^{s59}^{s49}
str_lord_info_string_legion|{reg6?:{reg4?{s54}是{s56}的统治者。^:{s54}是{s56}的{s55}麾下的{reg5?元帅:{s27}}。^}}^声望：{reg15}。争议：{reg16}。财富：{reg17}。威望（Gravitas）：{reg18}。^{s35}^{s26}^{s53}^{s59}^{s49}
str_trade_explanation_velvet|我在这座城的大织坊里干活，精心制作这里闻名的天鹅绒。我们用越过山岭运来的丝绸，配上天南地北的染料，制成这片土地上最精美、最昂贵的织物。
str_trade_explanation_spice|我在商旅客栈干活，帮商人卸下他们翻山运来的香料。胡椒、肉桂、丁香、藏红花……富人靠食物里香料的多少彰显财富，而且据说，每种疾病都有一种香料能治。
str_trade_explanation_apples|我刚从种苹果的果园回来。我们把苹果晒干储存，也可以酿成苹果酒或醋。
str_trade_explanation_grapes|我在山坡葡萄园里种葡萄，酿成供领主、贵妇和商人享用的美酒，也酿便宜的酒，供平民兑水解渴。
str_trade_explanation_dyes|我在商旅客栈卸染料，这些染料来自已知世界之外：橡树虫制成的深红，茜草根的红，靛蓝和菘蓝灌木的蓝，木犀草根和染料木的黄。织工用它们给大领主的丝绸和天鹅绒上色。
str_trade_explanation_leatherwork|我在城墙外的制革坊干活，把乡下运来的腌制兽皮做成柔韧的好皮革。这活又脏又臭，每天回家都满身尿、粪和石灰味。但{s0}，你的靴子、马鞍和缰具就是这样做出来的。
str_trade_explanation_flax|我播种、收割亚麻，再沤烂茎秆，取得亚麻纤维。{s0}，你那精美亚麻布的源头，就是田边一处腐烂的水坑。
str_trade_explanation_dates_village|我照管一片椰枣林。{s0}，恕我直言，这很需要本领，因为得爬到树顶，确保它们开花。我们把果实卖到很远的地方，只要妥善晒干，就能保存好几个月。甜如蜂蜜，还能让人健康强壮。
str_trade_explanation_dates_town|我照管一片椰枣林。我们用井水浇灌，把果实卖到各地，只要妥善晒干，就能保存好几个月。甜如蜂蜜，还能让人健康有活力。
str_trade_explanation_olives|我照管一片橄榄林。果实可以吃，也能用盐水腌制，但大部分最终还是送去压榨，做成油。
str_trade_explanation_soapstone|我在皂石采石场工作。这种石头可以直接从岩壁开采，加工成形后在本地或外地出售。皂石较软，容易雕刻，所以常用来制作雕像或碗。
str_trade_explanation_ivory|我猎象。这些庞然大物有两根醒目的长牙，都是上好的象牙。在家乡，雕刻师用这种坚硬、昂贵、洁白的材料，制作许多珍贵物件。
str_trade_explanation_silver|我在这座城的一家银匠铺干活，精心制作让我们闻名的首饰。我们使用日耳曼哈茨山银矿运来的贵金属，做成这片土地上最精美、最昂贵的装饰品。
str_s14_i_hear_that_you_can_find_a_good_price_for_it_in_s15|{s14}。听说在{s15}能卖个好价钱。
str_s2s_rebellion|{s2}的叛乱
str_political_suggestion|政治建议
str_s4_is_at_s5|{s4}在{s5}
str_instability_reg0_of_lords_are_disgruntled_reg1_are_restless|不稳定程度：{reg0}%的领主不满，{reg1}%的领主躁动不安
str_reg1shehe_is_prisoner_of_s1|你听说{reg1?她:他}被{s1}俘虏了。
str_reg1shehe_removed_prisoner|你听说{reg1?她:他}已获释。
str_s39_rival|{s39}（对手）
str_s41_s39_rival|{s41}，{s39}（对手）
str_love_interest|心上人
str_betrothed|婚约对象
str_other_relations_s40_|其他关系：{s40}^
str_relation_with_liege_reg0_|与主君的关系：{reg0}^
str_sense_of_security_military_reg1_court_position_reg3_|安全感：军事实力{reg1}，宫廷地位{reg3}^
str_political_details_s47_|政治详情：^{s47}^
str_travellers_on_the_road|路上的旅人
str_a_short_while_ago|不久前
str_one_day_ago|一天前
str_two_days_day_ago|两天前
str_earlier_this_week|本周早些时候
str_about_a_week_ago|约一周前
str_about_two_weeks_ago|约两周前
str_several_weeks_ago|几周前
str_unknown_assailants|身份不明的袭击者
str_swadians|达契亚人
str_vaegirs|凯尔特人
str_khergits|萨尔马提亚
str_nords|弗里斯人
str_rhodoks|亚美尼亚人
str_sarranids|帕提亚人
str_romans|罗马人
str_map_basic|地图
str_game_type_basic|游戏类型
str_battle|战斗
str_character|角色
str_player|玩家
str_custom_battle|自定义战斗
str_dplmc_hero_wpn_slot_polearm_all|长杆武器
str_dplmc_hero_wpn_slot_arrows|箭
str_dplmc_hero_wpn_slot_crossbow|弩炮
str_dplmc_hero_wpn_slot_two_handed_one_handed|双手/单手武器
str_dplmc_hero_wpn_slot_morningstar|双手/单手武器
str_cancel|取消
str_dplmc_setting_2|高
str_dplmc_setting_1|中
str_dplmc_setting_0|低
str_dplmc_setting_off|禁用
str_dplmc_setting_on|启用
str_default|默认
str_none|无
str_ranks_4|百夫长
str_pret_ranks_4|百夫长
str_yes_s0|有什么事，{s0}？
str_urban_praefect|你想要什么？
str_slot_center_head_cattle|头牛
str_slot_center_head_sheep|只羊
str_mcc_label_done|完成
str_mcc_label_back|返回
str_mcc_label_default|默认
str_mcc_label_random|随机
str_mcc_str|力量
str_mcc_agi|敏捷
str_mcc_int|智力
str_mcc_cha|魅力
str_mcc_skl_ironflesh|铁骨
str_mcc_skl_powerstrike|强击
str_mcc_skl_powerthrow|强掷
str_mcc_skl_powerdraw|强弓
str_mcc_skl_weaponmaster|武器掌握
str_mcc_skl_athletics|跑动
str_mcc_skl_riding|骑术
str_mcc_skl_horsearchery|骑射
str_mcc_skl_looting|掠夺
str_mcc_skl_trainer|教练
str_mcc_skl_tracking|追踪
str_mcc_skl_tactics|战术
str_mcc_skl_pathfinding|向导
str_mcc_skl_spotting|侦察
str_mcc_skl_woundtreatment|疗伤
str_mcc_skl_surgery|手术
str_mcc_skl_firstaid|急救
str_mcc_skl_engineer|工程
str_mcc_skl_persuasion|说服
str_mcc_skl_leadership|统御
str_mcc_skl_trade|交易与经营
str_mcc_skl_oratory|演说
str_wpt_polearm|长杆武器
str_wpt_archery|弓箭
str_wpt_throwing|投掷
str_wpt_firearm|投石索
str_party_stance_default|默认
str_subculture_african_mauretanian|柏柏尔
str_subculture_african_proconsular|柏柏尔
str_subculture_african_cyrenaican|加拉曼特
str_subculture_african_egyptian|埃及
str_subculture_asian_arabian_petraea|阿拉伯
str_subculture_asian_judean|犹太
str_subculture_asian_syrian|叙利亚
str_subculture_asian_osreon|叙利亚
str_subculture_asian_adiabene|叙利亚
str_subculture_asian_cilician|希腊
str_subculture_asian_anatolian|希腊
str_subculture_balkan_achaean_greek|希腊
str_subculture_balkan_epirote_greek|希腊
str_subculture_balkan_macedonian_greek|希腊
str_subculture_italian_sicilian|希腊
str_subculture_italian_magna_graecian|罗马
str_subculture_italian_italic|罗马
str_subculture_italian_cisalpine|罗马
str_subculture_britannic_caledonian|喀里多尼亚
str_subculture_magna_germanian|日耳曼
str_subculture_dacian|达契亚
str_subculture_sarmatian_plains|萨尔马提亚
str_subculture_bosporan_kingdom|博斯普鲁斯
str_subculture_mediterranean_eastern_isles|希腊
str_subculture_caucasian_mountain|高加索
str_subculture_nubian|努比亚
str_subculture_garamantian|加拉曼特
str_subculture_saka|塞种
str_culture_2_1_rized|喀里多尼亚
str_culture_11_rized|柏柏尔
str_culture_13_rized|努比亚
str_culture_14_rized|塞种
str_skl_trade|交易与经营
str_skl_leadership|统御
str_skl_prisoner_management|俘虏管理
str_skl_oratory|演说
str_skl_persuasion|说服
str_skl_engineer|工程
str_skl_first_aid|急救
str_skl_surgery|手术
str_skl_wound_treatment|疗伤
str_skl_inventory_management|物品管理
str_skl_spotting|侦察
str_skl_pathfinding|向导
str_skl_tactics|战术
str_skl_tracking|追踪
str_skl_trainer|教练
str_skl_looting|掠夺
str_skl_horse_archery|骑射
str_skl_riding|骑术
str_skl_athletics|跑动
str_skl_weapon_master|武器掌握
str_skl_power_draw|强弓
str_skl_power_throw|强掷
str_skl_power_strike|强击
str_skl_ironflesh|铁骨
str_roman_name_16|提图斯
str_roman_name_19|德鲁苏斯
str_britannic_female_name_41|提托库娜
str_aunt|姑母／姨母／伯母／婶母／舅母
str_uncle|伯父／叔父／舅父／姑父／姨父
str_sisterinlaw|姻姐妹
str_brotherinlaw|姻兄弟
str_judean|犹太人
str_bosporans|博斯普鲁斯人
str_syrians|叙利亚人
str_egyptians|埃及人
str_greeks|希腊人
str_bandits|匪徒
str_deserters|逃兵
str_your_followers|你的追随者
str_we_have_heard_that_travellers_heading_to_s40_were_attacked_on_the_road_s46_by_s39|我们听说，前往{s40}的旅人{s46}在路上遭到了{s39}的袭击
str_we_have_heard_that_travellers_coming_from_s40_were_attacked_on_the_road_s46_by_s39|我们听说，从{s40}来的旅人{s46}在路上遭到了{s39}的袭击
str_travellers_coming_from_s40_traded_here_s46|从{s40}来的旅人{s46}在这里做过交易
str_it_is_still_early_in_the_caravan_season_so_we_have_seen_little_tradings42|商队往来的时节才刚开始，所以交易还不多。{s42}
str_there_has_been_very_little_trading_activity_here_recentlys42|最近这里的贸易往来很少。{s42}
str_there_has_some_trading_activity_here_recently_but_not_enoughs42|最近这里有些贸易往来，但还不够。{s42}
str_there_has_some_trading_activity_here_recently_but_the_roads_are_dangerouss42|最近这里有些贸易往来，但道路很危险。{s42}
str_the_roads_around_here_are_very_dangerouss42|附近的道路很危险。{s42}
str_we_have_received_many_traders_in_town_here_although_there_is_some_danger_on_the_roadss42|虽然路上有些危险，我们城里还是接待了许多商人。{s42}
str_we_have_received_many_traders_in_town_heres42|我们城里接待了许多商人。{s42}
str_there_is_little_news_about_the_caravan_routes_to_the_towns_of_s44_and_nearby_parts_but_no_news_is_good_news_and_those_are_therefore_considered_safe|关于通往{s44}等城镇及附近地区的商路，消息不多。不过，没有消息就是好消息，因此那些路被认为是安全的。
str_s47_also_the_roads_to_the_villages_of_s44_and_other_outlying_hamlets_are_considered_safe|{s47}此外，通往{s44}等村庄及其他偏远小村的道路，也被认为是安全的。
str_however_the_roads_to_the_villages_of_s44_and_other_outlying_hamlets_are_considered_safe|不过，通往{s44}等村庄及其他偏远小村的道路，被认为是安全的。
str_we_have_shortages_of|我们短缺
str_we_have_adequate_stores_of_all_commodities|各类商品我们都有充足储备
str_s33_and_some_other_commodities|{s33}和一些其他商品
str_the_roads_are_full_of_brigands_friend_but_that_name_in_particular_does_not_sound_familiar_good_hunting_to_you_nonetheless|朋友，路上到处是强盗，不过这个名字我不熟悉。无论如何，祝你追捕顺利。
str_less_than_an_hour_ago|不到一小时前
str_maybe_reg3_hours_ago|大概{reg3}小时前
str_reg3_days_ago|{reg3}天前
str_youre_in_luck_we_sighted_those_bastards_s16_near_s17_hurry_and_you_might_be_able_to_pick_up_their_trail_while_its_still_hot|你运气不错。我们{s16}在{s17}附近看见过那些混蛋。快些走，也许还能找到他们的新鲜踪迹。
str_you_speak_of_claims_to_the_throne_good_there_is_nothing_id_rather_do_than_fight_for_a_good_cause|你谈到王位主张。很好，没有什么比为正义的事业而战更合我心意。
str_you_speak_of_claims_to_the_throne_well_there_is_nothing_id_rather_do_than_fight_for_a_good_cause_but_the_claim_you_make_seems_somewhat_weak|你谈到王位主张。嗯，我最愿意为正义的事业而战，但你的主张似乎有些薄弱。
str_i_am_pleased_that_you_speak_of_upholding_my_ancient_rights_which_are_sometimes_trod_upon_in_these_sorry_days|很高兴听你说，要维护我古老的权利。在这可悲的时代，这些权利有时会遭到践踏。
str_i_am_pleased_that_you_speak_of_upholding_my_ancient_rights_but_sometimes_men_make_pledges_before_they_are_king_which_they_cannot_keep_once_they_take_the_throne|很高兴听你说，要维护我古老的权利。但有些人在成为{s14}前许下承诺，登上王位后却无法兑现。
str_you_speak_of_protecting_the_commons_well_i_supposed_thats_good_but_sometimes_the_commons_overstep_their_boundaries_im_more_concerned_that_your_claim_be_legal_so_i_can_swing_my_sword_with_a_good_conscience|你说要保护平民。我想这很好，但平民有时也会越界。我更在意你的主张是否合法，好让我能问心无愧地{s14}。
str_you_speak_of_giving_me_land_good_i_ask_for_no_more_than_my_due|你说要赐给我土地。很好，我只求应得的东西。
str_you_speak_of_giving_me_land_unfortunately_you_are_not_wellknown_for_rewarding_those_to_whom_you_have_made_such_offers|你说要赐给我土地。可惜，对于兑现这类许诺、奖赏受诺者，你的名声并不好。
str_you_speak_of_unifying_calradia_well_i_believe_that_well_always_be_fighting__its_important_that_we_fight_for_a_rightful_cause|你说要统一已知世界。我相信战争永远不会停止，重要的是，我们要为正当的事业而战。
str_you_talk_of_claims_to_the_throne_but_i_leave_bickering_about_legalities_to_the_lawyers_and_clerks|你谈到王位主张，但关于法理的争吵，我留给律师和文书去做。
str_you_speak_of_ruling_justly_hah_ill_believe_theres_such_a_thing_as_a_just_king_when_i_see_one|你说要公正统治。哈！等我亲眼见到，才会相信世上真有公正的{s14}。
str_you_spoke_of_protecting_the_rights_of_the_nobles_if_you_did_youd_be_the_first_king_to_do_so_in_a_very_long_time|你说要保护贵族的权利。若真做到，你会是很长时间以来，第一个这么做的{s14}。
str_you_speak_of_giving_me_land_ay_well_lets_see_if_you_deliver|你说要赐给我土地。好吧，就看你能不能兑现。
str_you_speak_of_giving_me_land_bah_youre_not_known_for_delivering_on_your_pledges|你说要赐给我土地。呸，你可不以信守承诺闻名。
str_you_speak_of_unifying_calradia_well_youve_done_a_good_job_at_making_calradia_bend_its_knee_to_you_so_maybe_thats_not_just_talk|你说要统一已知世界。你已经让许多地方向你屈膝，也许不只是空话。
str_you_speak_of_unifying_calradia_id_be_impressed_if_i_thought_you_could_do_it_but_unfortunately_you_dont|你说要统一已知世界。如果我认为你能做到，一定会很佩服。可惜，你做不到。
str_you_speak_of_claims_to_the_throne_well_any_peasant_can_claim_to_be_a_kings_bastard|你谈到王位主张。嗯，任何农民都能自称是国王的私生子。
str_well_its_a_fine_thing_to_court_the_commons_with_promises_but_what_do_you_have_to_offer_me|用承诺讨好平民当然很好，但你能给我什么？
str_you_speak_of_protecting_the_rights_of_lords_that_would_make_a_fine_change_if_my_rights_as_lord_would_be_respected|你说要保护{s15}的权利。如果我身为{s14}的权利能受到尊重，倒是个好变化。
str_you_speak_of_protecting_the_rights_of_lords_that_would_make_a_fine_change_if_my_rights_as_lord_would_be_respected_however_it_is_easy_for_you_to_make_promises_while_you_are_weak_that_you_have_no_intention_of_keeping_when_you_are_strong|你说要保护{s15}的权利。如果我身为{s14}的权利能受到尊重，倒是个好变化。但你弱小时，很容易许下等强大后根本无意兑现的承诺。
str_you_speak_of_giving_me_land_well_my_family_is_of_ancient_and_noble_lineage_so_you_promise_me_no_more_than_my_due_still_your_gesture_is_appreciated|你说要赐给我土地。我的家族血统古老高贵，你许给我的不过是应得之物。不过，仍感谢你的心意。
str_you_speak_of_giving_me_land_well_you_make_that_pledge_but_i_am_not_impressed|你说要赐给我土地。嗯，你可以这样许诺，但我并不动心。
str_you_speak_of_unifying_calradia_well_much_of_this_land_now_bends_its_knee_to_you_so_perhaps_that_is_not_just_talk|你说要统一已知世界。如今这片土地上许多地方已向你屈膝，也许不只是空话。
str_you_speak_of_unifying_calradia_but_right_now_yours_is_just_one_squabbling_faction_among_many|你说要统一已知世界，可如今，你不过是众多争吵不休的派系之一。
str_you_speak_of_claims_well_no_offense_but_a_claim_unsupported_by_might_rarely_prospers|你谈到主张。无意冒犯，但没有实力支持的主张，很少能成事。
str_you_speak_of_protecting_the_commons_well_i_suppose_that_will_make_for_a_more_prosperous_realm_ive_always_tried_to_treat_my_peasants_decently_saves_going_to_bed_worrying_about_whether_youll_wake_up_with_the_roof_on_fire|你说要保护平民。我想这会让国家更繁荣。我一直尽量善待农民，免得睡觉时还得担心，醒来会不会发现屋顶着火。
str_you_speak_of_protecting_the_commons_very_well_but_remember_that_peasants_are_more_likely_to_cause_trouble_if_you_make_promises_then_dont_deliver_than_if_you_never_made_the_promise_in_the_first_place|你说要保护平民。很好。但记住，比起一开始不许诺，许诺却不兑现，更容易让农民闹事。
str_you_speak_of_protecting_the_rights_of_lords_good_youd_be_well_advised_to_do_that__men_fight_better_for_a_king_wholl_respect_their_rights|你说要保护{s14}的权利。很好，你确实该这样做。人们会更奋勇地为尊重自己权利的{s15}作战。
str_you_speak_of_protecting_the_rights_of_lords_very_well_but_remember__failing_to_keep_promises_which_you_made_while_scrambling_up_the_throne_is_the_quickest_way_to_topple_off_of_it_once_you_get_there|你说要保护{s14}的权利。很好。但记住，不兑现争夺王位时许下的承诺，是登基后最快跌落王位的办法。
str_you_speak_of_giving_me_land_very_good_but_often_i_find_that_when_a_man_makes_too_many_promises_trying_to_get_to_the_top_he_has_trouble_keeping_them_once_he_reaches_it|你说要赐给我土地。很好，但我常见到有人为了登顶许下太多承诺，到了顶峰却难以兑现。
str_you_speak_of_unifying_calradia_well_many_have_said_that_you_might_very_well_be_the_one_to_do_it|你说要统一已知世界。许多人都这样说过，而你很可能真能做到。
str_you_speak_of_unifying_calradia_well_all_the_kings_say_that_im_not_sure_that_you_will_succeed_while_they_fail|你说要统一已知世界。所有国王都这么说。我不确定他们失败的地方，你就能成功。
str_you_speak_of_claims_do_you_think_i_care_for_the_nattering_of_lawyers|你谈到主张。你以为我在乎律师们的喋喋不休？
str_you_speak_of_protecting_the_commons_how_kind_of_you_i_shall_tell_my_swineherd_all_about_your_sweet_promises_no_doubt_he_will_become_your_most_faithful_vassal|你说要保护平民。真仁慈啊！我会把你那些甜美承诺都告诉我的{s14}，想必他会成为你最忠实的封臣。
str_you_speak_of_protecing_the_rights_of_lords_such_sweet_words_but_ill_tell_you_this__the_only_rights_that_are_respected_in_this_world_are_the_rights_to_dominate_whoever_is_weaker_and_to_submit_to_whoever_is_stronger|你说要保护{s14}的权利。多甜美的话！但我告诉你，这世上真正受尊重的权利，只有支配弱者和屈从强者。
str_you_speak_of_giving_me_land_yes_very_good__but_you_had_best_deliver|你说要赐给我土地。很好，不过最好说到做到。
str_you_speak_of_giving_me_land_hah_perhaps_all_those_others_to_whom_you_promised_lands_will_simply_step_aside|你说要赐给我土地。哈！难道其他那些得到同样承诺的人，都会主动让到一边？
str_you_speak_of_unifying_calradia_you_may_indeed_humble_the_other_kings_of_this_land_and_in_that_case_i_would_hope_that_you_would_remember_me_as_your_faithful_servant|你说要统一已知世界。你也许确实能让其他国王俯首，到时我希望你记得，我是你忠实的仆人。
str_you_speak_of_unifying_calradia_but_you_are_weak_and_i_think_that_you_will_remain_weak|你说要统一已知世界。但你很弱，我认为你会一直弱下去。
str_you_speak_of_claims_its_good_for_a_king_to_have_a_strong_claim_although_admittedly_im_more_concerned_that_he_rules_just_ly_than_with_legalities_anyway_your_claim_seems_wellfounded_to_me|你谈到主张。{s14}有充分的主张当然好，不过坦白说，比起法理，我更在意他统治是否公正。总之，我觉得你的主张有根有据。
str_you_speak_of_claims_but_your_claim_seems_a_bit_weak_to_me|你谈到主张，但我觉得你的主张有些薄弱。
str_you_speak_of_protecting_the_commons_i_like_that_my_tenants_are_a_happy_lot_i_think_but_i_hear_of_others_in_other_estates_that_arent_so_fortunate|你说要保护平民，我赞同。我想我的佃户过得挺快乐，但听说其他庄园的人就没那么幸运。
str_you_speak_of_protecting_the_commons_im_glad_to_hear_you_say_that_but_do_me_a_favor__dont_promise_the_commons_anything_you_cant_deliver_thats_a_sure_way_to_get_them_to_rebel_and_it_breaks_my_heart_to_have_to_put_them_down|你说要保护平民，我很高兴。但请答应我，别向平民许下无法兑现的承诺，那准会引起反叛，而不得不镇压他们，会让我心痛。
str_you_speak_of_protecting_the_rights_of_lords_well_very_good_i_suppose_but_you_know__we_lords_can_take_of_ourselves_its_the_common_folk_who_need_a_strong_king_to_look_out_for_them_to_my_mind|你说要保护{s14}的权利。嗯，我想很好。但你知道，我们{s14}能照顾自己。依我看，真正需要强大的{s15}保护的，是普通百姓。
str_you_speak_of_giving_me_land_its_kind_of_you_really_though_that_is_not_necessary|你说要赐给我土地。你很慷慨，不过真的没有必要。
str_you_speak_of_unifying_calradia_well_maybe_you_can_unite_this_land_by_the_sword_but_im_not_sure_that_this_will_make_you_a_good_ruler|你说要统一已知世界。也许你能靠{s14}统一这里，但我不确定，这就能让你成为好的统治者。
str_you_speak_of_claims_a_king_must_have_a_strong_legal_claim_for_there_not_to_be_chaos_in_the_realm_and_yours_is_wellestablished|你谈到主张。{s14}必须有充分的合法依据，国家才不会混乱，而你的依据很牢固。
str_you_speak_of_claims_a_king_must_have_a_strong_legal_claim_for_there_not_to_be_chaos_in_the_realm_but_your_claim_is_not_so_strong|你谈到主张。{s14}必须有充分的合法依据，国家才不会混乱，但你的依据还不够充分。
str_you_speak_of_protecting_the_rights_of_lords_it_is_of_course_important_that_a_king_respect_the_rights_of_his_vassals_although_i_worry_that_a_king_who_took_a_throne_without_proper_cause_would_not_rule_with_justice|你说要保护领主的权利。{s14}尊重封臣权利，当然很重要。不过我担心，没有正当理由夺位的{s14}，不会公正统治。
str_you_speak_of_protecting_the_rights_of_lords_it_is_of_course_important_that_a_king_respect_the_rights_of_his_vassals_however_i_would_like_to_know_that_you_would_indeed_deliver_on_your_promises|你说要保护{s15}的权利。{s14}尊重封臣权利，当然很重要。但我想知道，你是否真会兑现承诺。
str_you_speak_of_protecting_the_commons_i_would_be_pleased_to_serve_a_king_who_respected_the_rights_of_his_subjects_although_i_worry_that_a_king_who_took_a_throne_without_proper_cause_would_not_rule_with_justice|你说要保护平民。我很乐意为尊重臣民权利的{s14}效力，但担心没有正当理由夺位的{s14}，不会公正统治。
str_you_speak_of_protecting_the_commons_i_would_be_pleased_to_serve_a_king_who_respected_the_rights_of_his_subjects_however_i_would_like_to_know_that_you_would_indeed_deliver_on_your_promises|你说要保护平民。我很乐意为尊重臣民权利的{s14}效力，但想知道，你是否真会兑现承诺。
str_i_am_not_swayed_by_promises_of_reward|许诺奖赏打动不了我
str_you_speak_of_unifying_calradia_it_would_be_good_to_bring_peace_to_the_realm_and_i_believe_that_you_are_strong_enough_to_do_so|你说要统一已知世界。能为天下带来和平自然是好事，我也相信你有足够的实力做到这一点。
str_you_speak_of_unifying_calradia_it_would_be_good_to_bring_peace_the_realm_but_with_your_kingdom_in_its_current_state_i_worry_that_you_are_just_bringing_more_discord|你说要统一已知世界。能为天下带来和平自然是好事，但以你王国目前的状况，我担心你只会带来更多纷争。
str_my_s11_s15|我的{s11}{s15}
str_my_s11_s18|我的{s11}{s18}
str_the_socalled_s11_s18|那位所谓的{s11}{s18}
str_s18_would_cheat_me_of_my_inheritance_by_heaven_i_know_my_rights_and_im_not_going_to_back_down|{s18}想骗走我的遗产。诸神在上，我清楚自己的权利，绝不会退让。
str_s18_once_questioned_my_honour_and_my_bravery_i_long_for_the_day_when_i_can_meet_him_in_battle_and_make_him_retract_his_statement|{s18}曾质疑我的荣誉和勇气。我盼着有朝一日在战场上遇见{reg3?她:他}，让{reg3?她:他}收回{reg3?她:他}说过的话。
str_s18_once_questioned_my_judgment_in_battle_by_heaven_would_he_have_us_shirk_our_duty_to_smite_our_sovereigns_foes|{s18}曾质疑我在战场上的判断。诸神在上，难道{reg3?她:他}想让我们逃避打击君主之敌的职责吗？
str_s18_seems_to_think_he_has_the_right_to_some_of_my_property_well_he_does_not|{s18}似乎认为{reg3?她:他}有权占有我的部分财产。可惜，{reg3?她:他}没有。
str_s18_once_took_something_i_said_amiss_stubborn_bastard_wont_give_it_up_and_keeps_trying_to_get_me_to_recant_my_words|{s18}曾误解我的一句话。这个顽固的{reg3?贱人:混蛋}一直不肯罢休，非要我收回那些话。
str_s18_is_a_crafty_weasel_and_i_dont_trust_him_one_bit|{s18}是个狡猾的家伙，我一点也不信任{reg3?她:他}。
str_s18_i_despite_him_he_puts_on_such_a_nauseating_display_of_virtue_and_thinks_nothing_of_insulting_his_betters|{s18}？我鄙视{reg3?她:他}。{reg3?她:他}那副道貌岸然的样子真叫人作呕，还肆无忌惮地侮辱比{reg3?她:他}高贵的人。
str_s18_entered_into_a_little_deal_with_me_and_is_now_trying_to_wriggle_out_of_it|{s18}曾与我做了一笔小交易，如今却想赖账。
str_s18_once_ran_an_errand_for_me_and_now_thinks_i_owe_him_something_i_owe_his_ilk_nothing|{s18}曾替我跑过一趟腿，如今就觉得我欠{reg3?她:他}什么。我不欠{reg3?她:他}这种人任何东西。
str_s18_is_soft_and_weak_and_not_fit_to_govern_a_fief_and_i_have_always_detested_him|{s18}软弱无能，不配治理封地，我向来厌恶{reg3?她:他}。
str_s18_is_a_quarrelsome_oaf_and_a_liability_in_my_opinion_and_ive_let_him_know_as_much|在我看来，{s18}是个好争吵的蠢人，只会拖累别人。我也已经当面告诉{reg3?她:他}了。
str_s18_i_am_sorry_to_say_is_far_too_softhearted_a_man_to_be_given_any_kind_of_responsibility_his_chivalry_will_allow_the_enemy_to_flee_to_fight_another_day_and_will_cost_the_lives_of_my_own_faithful_men|恕我直言，{s18}这个{reg3?女人:男人}心肠太软，根本担不起任何责任。{reg3?她:他}的侠义之心会放走敌人，让他们改日再战，却让我的忠诚{reg65?士兵:部下}白白送命。
str_s18_seems_to_have_something_against_me_for_some_reason_i_dont_like_to_talk_ill_of_people_but_i_think_hes_can_be_a_bit_of_a_cad_sometimes|不知为何，{s18}似乎对我有成见。我不愿说人坏话，但我觉得{reg3?她:他}有时确实有些卑鄙。
str_s18_has_always_treated_me_contemptuously_although_i_have_done_him_no_wrong|{s18}一向轻视我，尽管我从未对不起{reg3?她:他}。
str_s18_is_thoroughly_dishonorable_and_a_compulsive_spinner_of_intrigues_which_i_fear_will_drag_us_into_wars_or_incite_rebellions|{s18}毫无廉耻，成天编织阴谋。我担心这些阴谋会把我们拖入战争，或是引发叛乱。
str_s18_disappoints_me_i_once_scolded_for_his_rashness_in_battle_and_he_took_offense_i_do_not_care_to_apologize_for_my_efforts_to_save_his_life_and_the_lives_of_his_men|{s18}令我失望。我曾责备{reg3?她:他}在战场上行事鲁莽，批评了{reg3?她:他}的莽撞，{reg3?她:他}却因此怀恨在心。我是为了保住{reg3?她:他}的性命，还有{reg3?她:他}手下那些{reg3?士兵:部下}的性命，不打算为此道歉。
str_s18_squanders_money_and_carouses_in_a_way_most_unbefitting_a_noble_by_doing_so_he_disgraces_us_all|{s18}挥霍钱财、纵情酒色，完全不成贵族的体统。{reg3?她:他}的所作所为让我们所有人蒙羞。
str_s18_has_been_speaking_ill_of_me_behind_my_back_or_so_they_say|{s18}一直在背后说我的坏话，至少别人是这么说的。
str_s18_is_a_disgrace_reg3shehe_consorts_with_merchants_lends_money_at_interest_uses_coarse_language_and_shows_no_attempt_to_uphold_the_dignity_of_the_honor_bestowed_upon_reg3herhim|{s18}真令人不齿。{reg3?她:他}与商人为伍，放债收息，满口粗话，丝毫无意维护授予{reg3?她:他}的荣誉所应有的尊严。
str_s18_has_condemned_me_for_engaging_in_commerce_what_could_possibly_be_wrong_with_that|{s18}谴责我经商。这究竟有什么错？
str_s18_i_have_heard_has_been_encouraging_seditious_ideas_among_the_peasantry__a_foolish_move_which_endangers_us_all|我听说，{s18}在农民中煽动叛逆思想。这种愚蠢举动让我们所有人都身处险境。
str_s18_has_called_me_out_for_the_way_i_deal_with_my_tenants_well_so_be_it_if_i_teach_them_that_they_are_the_equal_of_anyone_with_socalled_gentle_blood_what_is_it_to_reg3herhim|{s18}指责我对待佃农的方式。那就随便吧。我教导他们，他们与那些所谓拥有“高贵”血统的人平等，这又关{reg3?她:他}什么事？
str_a_most_gallant_gentleman_who_knows_how_to_treat_a_lady|是一位风度翩翩的{reg3?淑女:绅士}，懂得如何对待{reg65?女士:年轻男子}
str_a_base_cad|是个卑鄙无耻之徒
str_appears_to_enjoy_the_chase_and_views_my_affections_as_the_ultimate_trophy|似乎享受追逐的乐趣，把我的芳心当成最高的战利品
str_what_a_bore__i_can_feel_my_wine_turning_sour_just_looking_at_him|真是个无趣的人……光看着{reg3?她:他}，我就觉得杯中的酒都酸了
str_now_he_looks_like_he_could_keep_me_from_being_bored_for_a_while|{reg3?她:他}看上去倒能让我不那么无聊……至少有{reg3?她:他}在的一阵子可以
str_a_man_who_treats_me_as_his_equal_which_is_rare|是个把我视为{reg3?她:他}的平等伙伴的{reg3?{reg65?人:女人}:男人}，这样的人可不多见
str_appears_to_value_me_with_his_estate_and_his_horse_as_prizes_worth_having|似乎把我与{reg3?她:他}的庄园、{reg3?她:他}的骏马一样，都看成值得拥有的战利品
str_a_bit_dull_but_what_can_you_expect|有些无趣，不过还能指望什么呢……
str_the_man_whom_destiny_intends_for_me|是命运为我安排的那{reg3?个人:个男人}
str_is_not_right_for_me__i_cannot_say_why_but_he_makes_my_skin_crawl|不适合我。我说不上为什么，但{reg3?她:他}让我浑身不自在
str_is_a_man_who_clearly_intends_to_make_his_mark_in_the_world|是个显然有志于世的{reg3?女人:男人}，想让{reg3?她:他}的名字留在世上
str_is_a_layabout_a_naif_prey_for_others_who_are_cleverer_than_he|是个懒散天真的人，会沦为那些比{reg3?她:他}聪明的人的猎物
str_is_a_man_of_stalwart_character|是个性格坚毅的{reg3?女人:男人}
str_appears_to_be_a_man_of_low_morals|看来是个品行不端的{reg3?女人:男人}
str_appears_to_be_a_man_who_lacks_selfdiscipline|看来是个缺乏自律的{reg3?女人:男人}
str_bandits_attacked_a_party_on_the_roads_so_a_bounty_is_probably_available|强盗袭击了路上的一支队伍，因此可能有人悬赏捉拿他们
str_total_additions_reg4|增加总计：{reg4}
str_total_subtractions_reg4|减少总计：{reg4}
str_s11_relocates_to_s10|{s11}迁往{s10}。
str_s3_marries_s4_at_s5|{s3}在{s5}与{s4}成婚
str__i_must_attend_to_this_matter_before_i_worry_about_the_affairs_of_the_realm| 我必须先处理这件事，才能顾及国家大事。
str_the_other_matter_took_precedence|另一件事更为紧要。
str_i_cannot_leave_this_fortress_now_as_it_is_under_siege|这座要塞正遭到围攻，我现在不能离开。
str_after_all_we_are_under_siege|毕竟，我们正遭到围攻。
str_prophecy_go_to_carthage|我正前往迦太基。我们将在古代布匿遗迹会合，寻找狄多的宝藏。
str_we_are_not_strong_enough_to_face_the_enemy_out_in_the_open|我们的实力还不足以在野外迎战敌人。
str_i_should_probably_seek_shelter_behind_some_stout_walls|我或许该找些坚固的城墙作为庇护。
str_enemies_are_reported_to_be_nearby_and_we_should_stand_ready_to_either_man_the_walls_or_sortie_out_to_do_battle|据报敌人就在附近，我们必须做好守城或出城迎战的准备。
str_the_enemy_is_nearby|敌人就在附近。
str_as_the_marshall_i_am_assembling_the_army_of_the_realm|身为元帅，我正在召集全国的军队。
str_as_the_marshall_i_am_assembling_the_army_of_the_realm_and_travel_to_lands_near_s10_to_inform_more_vassals|身为元帅，我正在召集全国的军队。我们正前往{s10}一带，通知更多将领。
str_i_intend_to_assemble_the_army_of_the_realm|我打算召集全国的军队。
str_as_the_marshall_i_am_leading_the_siege|身为元帅，我正在指挥围城。
str_i_intend_to_begin_the_siege|我打算开始围城。
str_as_the_marshall_i_am_leading_our_raid|身为元帅，我正在指挥这次劫掠。
str_i_intend_to_start_our_raid|我打算开始劫掠。
str_as_the_marshall_i_am_leading_our_forces_in_search_of_the_enemy|身为元帅，我正在率军搜寻敌人。
str_i_intend_to_lead_our_forces_out_to_find_the_enemy|我打算率军出发，搜寻敌人。
str_as_the_marshall_i_am_leading_our_forces_to_engage_the_enemy_in_battle|身为元帅，我正在率军迎战敌人。
str_i_intend_to_lead_our_forces_out_to_engage_the_enemy|我打算率军出发，迎战敌人。
str_i_dont_have_enough_troops_and_i_need_to_get_some_more|我的兵力不足，需要再招募一些士兵。
str_i_am_running_low_on_troops|我的兵力已经不足。
str_we_are_following_your_direction|我们正在遵照你的指示行事。
str_i_need_to_make_preparations_for_your_wedding|我得为你的婚礼做准备。
str_after_all_i_need_to_make_preparations_for_your_wedding|毕竟，我得为你的婚礼做准备。
str_i_am_heading_to_the_site_of_our_wedding|我正前往我们举行婚礼的地方。
str_after_all_we_are_soon_to_be_wed|毕竟，我们马上就要结婚了！
str_i_am_hosting_a_feast_there|我正在那里举办宴会。
str_i_have_a_feast_to_host|我还有一场宴会要主持。
str_i_am_to_be_the_bridegroom_there|我将在那里做新郎。
str_my_wedding_day_draws_near|我的婚期将近。
str_i_have_too_much_loot_and_too_many_prisoners_and_need_to_secure_them|我的战利品和俘虏太多，需要妥善安置。
str_i_should_think_of_dropping_off_some_of_my_prisoners|我该考虑安置一些俘虏了。
str_i_need_to_reinforce_it_as_it_is_poorly_garrisoned|那里的驻军不足，我需要去增援。
str_there_is_a_hole_in_our_defenses|我们的防线有一处缺口。
str_i_am_following_the_marshals_orders|我正在遵从元帅的命令。
str_the_marshal_has_given_me_this_command|这是元帅给我的命令。
str_i_am_answering_the_marshals_summons|我正在响应元帅的召集。
str_our_realm_needs_my_support_there_is_enemy_raiding_one_of_our_villages_which_is_not_to_far_from_here_i_am_going_there|国家需要我的支援。敌人正在劫掠我们的一座村庄，离这里不远。我正赶往那里。
str_the_marshal_has_issued_a_summons|元帅发出了召集令。
str_comradeinarms|战友。
str_i_am_supporting_my_legate_s10|我正在支援我的军团长{s10}。
str_i_am_supporting_my_legate_duty|我的部队隶属于他的军团，因此服从他的指挥是我的职责。
str_i_am_supporting_my_s11_s10|我正在支援我的{s11}{s10}。
str_i_believe_that_one_of_my_comrades_is_in_need|我认为我的一位战友需要帮助。
str_a_fortress_is_vulnerable|一座要塞防备薄弱。
str_i_believe_that_the_enemy_may_be_vulnerable_heroic|我们必须迅速夺回一座要塞或城镇，否则就会一败涂地。
str_i_believe_that_the_enemy_may_be_vulnerable|我认为敌人可能有可乘之机。
str_i_need_to_inspect_my_properties_and_collect_my_dues_2|我想做些投资，巡视我的产业，并向庄园投入资金。
str_it_has_been_too_long_since_i_have_inspected_my_estates_2|我已经很久没有巡视我的产业和庄园了。
str_i_need_to_inspect_my_properties_and_collect_my_dues|我需要巡视产业，收取税款、租金和各项费用。
str_it_has_been_too_long_since_i_have_inspected_my_estates|我已经很久没有巡视我的庄园了。
str_my_men_are_weary_so_we_are_returning_home|我的部下疲惫不堪，因此我们正在返乡。
str_my_men_are_becoming_weary|我的部下渐渐疲惫了。
str_i_have_a_score_to_settle_with_the_lord_there|我与那里的领主有笔账要算。
str_i_am_thinking_of_settling_an_old_score|我正在考虑清算一笔旧账。
str_i_am_short_of_money_and_i_hear_that_there_is_much_wealth_there|我手头拮据，听说那里有不少财富。
str_i_need_to_refill_my_purse_preferably_with_the_enemys_money|我需要充实钱袋，最好用敌人的钱。
str_by_striking_at_the_enemys_richest_lands_perhaps_i_can_draw_them_out_to_battle|袭击敌人最富庶的土地，或许能把他们引出来交战！
str_i_am_thinking_of_going_on_the_attack|我正在考虑发动进攻。
str_perhaps_if_i_strike_one_more_blow_we_may_end_this_war_on_our_terms_|或许再给敌人一击，就能按我们的条件结束这场战争。
str_perhaps_if_i_strike_one_more_blow_we_may_end_this_war_on_our_terms_heroic|我们已濒临彻底失败，因此我决定以小规模伏击来攻击敌人。
str_we_may_be_able_to_bring_this_war_to_a_close_with_a_few_more_blows|再给敌人几次打击，我们或许就能结束这场战争。
str_we_may_be_able_to_bring_this_war_to_a_close_with_a_few_more_blows_heroic|或许一切都将失去，但至少我们尽可能多地杀了敌人。
str_i_wish_to_attend_the_feast_there|我想参加那里的宴会。
str_there_is_a_feast_which_i_wish_to_attend|有一场宴会我想参加。
str_there_is_a_fair_lady_there_whom_i_wish_to_court|我想拜访{s0}和她的家人。
str_i_have_the_inclination_to_pay_court_to_a_fair_lady|我想拜访{s0}和她的家人。
str_i_patroll_empty_province_1|这座城镇所属的行省叛乱频发、局势不稳。我们必须确保它的安全。
str_i_patroll_empty_province_2|这座城镇所属的行省叛乱频发、局势不稳。我必须确保它的安全。
str_we_have_heard_reports_that_the_enemy_is_in_the_area|我们接到报告，敌人在这一带活动。
str_i_have_heard_reports_of_enemy_incursions_into_our_territory|我接到报告，敌人侵入了我们的领土。
str_i_need_to_spend_some_time_with_my_household|我需要花些时间陪伴家人。
str_it_has_been_a_long_time_since_i_have_been_able_to_spend_time_with_my_household|我已经很久没有机会陪伴家人了。
str_i_am_watching_the_borders|我正在守卫边境。
str_i_may_be_needed_to_watch_the_borders|边境可能需要我去守卫。
str_i_will_guard_the_areas_near_my_home|我会守卫家乡附近的地区……
str_i_am_perhaps_needed_most_at_home|也许家乡最需要我。
str_i_cant_think_of_anything_better_to_do|我想不出还有什么更好的事可做……
str_i_am_staying_at_the_court|我正留在宫廷，参加凯撒的宴会，并在{s27}处理自己的事务。
str_i_am_completing_what_i_have_already_begun|我正在完成已经着手的事情。
str_i_dont_even_have_a_home_to_which_to_return|我甚至无家可归。
str_i_retreated_to_a_save_place_as_my_faction_is_defeated|我的阵营几近覆灭，因此我撤退到了{s11}。
str_i_need_to_hide_and_reconsider_my_actions|我会先躲起来，考虑下一步行动。也许该另寻一个阵营了。
str__i_am_acting_independently_because_no_marshal_is_appointed| 由于尚未任命元帅，我正在独立行动。
str__i_am_acting_independently_because_our_marshal_is_currently_indisposed| 由于元帅目前无法履职，我正在独立行动。
str__i_am_acting_independently_because_our_realm_is_currently_not_on_campaign| 由于我国目前并未出征，我正在独立行动。
str__i_am_not_accompanying_the_marshal_because_i_fear_that_he_may_lead_us_into_disaster| 我没有随元帅出征，因为我担心他会把我们带入灾难。
str_i_am_not_accompanying_the_marshal_because_i_question_his_judgment| 我没有随元帅出征，因为我怀疑他的判断。
str_i_am_not_accompanying_the_marshal_because_i_can_do_greater_deeds| 我没有随元帅出征，因为我能成就更大的功业。
str__s16_has_kept_us_on_campaign_on_far_too_long_and_there_are_other_pressing_matters_to_which_i_must_attend| {s16}让我们在外征战太久了，我还有其他紧要事务必须处理。
str__i_am_not_participating_in_the_marshals_campaign_because_i_do_not_know_where_to_find_our_main_army| 我没有参加元帅的战役，因为我不知道主力部队在哪里。
str__i_am_acting_independently_although_some_enemies_have_been_spotted_within_our_borders_they_havent_come_in_force_and_the_local_troops_should_be_able_to_dispatch_them| 我正在独立行动。虽然境内发现了一些敌人，但他们并非大举入侵，当地部队应该能将他们消灭。
str__the_needs_of_the_realm_must_come_first| 国家之需必须放在首位。
str_we_are_likely_to_be_overwhelmed_by_the_s9_let_each_defend_their_own|我们很可能抵挡不住{s9}。让各人保卫自己的领地吧。
str_we_should_see_this_siege_through|我们应当坚持完成这次围城。
str_we_should_prepare_to_defend_s21_but_we_should_gather_our_forces_until_we_are_strong_enough_to_engage_them|我们应当准备保卫{s21}，但要先集结兵力，直到足以与敌人交战。
str_we_should_prepare_to_defend_s21_but_first_we_have_to_gather|我们应当准备保卫{s21}，但首先必须集结军队。
str_we_should_ride_to_break_the_siege_of_s21|我们应当出兵为{s21}解围。
str_we_should_ride_to_defeat_the_enemy_gathered_near_s21|我们应当出兵击败聚集在{s21}附近的敌人。
str_we_have_located_s21s_army_and_we_should_engage_it|我们已经找到{s21}的军队，应当前去交战。
str_this_offensive_needs_to_wind_down_soon_so_the_vassals_can_attend_to_their_own_business|这次攻势需要尽快结束，好让将领们处理各自的事务。
str_the_vassals_are_tired_we_let_them_rest_for_some_time|将领们已厌倦征战。我们应当让他们休整一段时间。
str_the_vassals_still_need_time_to_attend_to_their_own_business|将领们还需要时间处理各自的事务。
str_it_is_time_to_go_on_the_offensive_and_we_must_first_assemble_the_army|该发动进攻了，我们必须先集结军队。
str_we_must_continue_to_gather_the_army_before_we_ride_forth_on_an_offensive_operation|目前只有几位将领集结，但在出兵进攻之前，我们必须继续召集军队。
str_there_is_no_need_to_beat_around_the_borders__we_can_take_one_of_their_important_towns|不必在边境兜圈子，我们可以攻占他们的一座重镇。
str_we_should_exploit_our_success_over_s21_by_seizing_one_of_their_fortresses|我们应当乘击败{s21}之势，夺取他们的一座要塞。
str_we_shall_leave_a_fiery_trail_through_the_heart_of_the_enemys_lands_targeting_the_wealthy_settlements_if_we_can|我们要让战火烧过敌人的腹地，尽可能以富庶的聚落为目标。
str_the_army_will_be_disbanded_because_we_have_been_waiting_too_long_without_a_target|我们已经漫无目标地等待太久了，军队将就此解散。
str_it_is_time_for_the_feast_to_conclude|该结束宴会了。
str_we_should_continue_the_feast_unless_there_is_an_emergency|除非发生紧急情况，否则我们应当继续宴会。
str_you_had_wished_to_hold_a_feast|你曾想举办一场宴会。
str_your_wedding_day_approaches_my_lady|夫人，你的婚期将近。
str_your_wedding_day_approaches|你的婚期将近。
str_s22_and_s23_wish_to_marry|{s22}与{s23}希望成婚。
str_it_has_been_a_long_time_since_the_lords_of_the_realm_gathered_for_a_feast|国内领主已经很久没有欢聚宴饮了。
str_the_circumstances_which_led_to_this_decision_no_longer_apply_so_we_should_stop_and_reconsider_shortly|促成这一决定的形势已不复存在，我们应当暂且停下，很快重新考虑。
str_s15_is_at_war_with_s16_|{s15}正在与{s16}交战。
str_in_the_short_term_s15_has_a_truce_with_s16_as_a_matter_of_general_policy_|近期，{s15}与{s16}处于停战状态。从整体政策而言，
str_in_the_short_term_s15_was_recently_provoked_by_s16_and_is_under_pressure_to_declare_war_as_a_matter_of_general_policy_|近期，{s15}受到{s16}挑衅，面临宣战的压力。从整体政策而言，
str_s12s15_cannot_negotiate_with_s16_as_to_do_so_would_undermine_reg4herhis_own_claim_to_the_throne_this_civil_war_must_almost_certainly_end_with_the_defeat_of_one_side_or_another|{s12}{s15}无法与{s16}谈判，因为这样做会削弱{reg4?她:他}自己的王位宣称。这场内战几乎必然以一方败亡告终。
str_civil_war_do_not_declare_war|{s12}{s15}目前正面临内战，试图避免与{s16}发生任何敌对行为。
str_civil_war_do_not_declare_peace|{s12}{s15}目前正面临内战，将不惜一切击败{s16}。
str_s12s15_suffered_high_casualities|{s12}{s15}在与{s16}的战争中伤亡惨重，认为没有理由再继续下去。
str_s12s15_considers_s16_to_be_dangerous_and_untrustworthy_and_shehe_wants_to_bring_s16_down|{s12}{s15}认为{s16}危险且不可信任，{reg4?她:他}想将{s16}击垮。
str_s12s15_is_anxious_to_reclaim_old_lands_such_as_s18_now_held_by_s16|{s12}{s15}急于收复{s18}等旧土，这些土地如今掌握在{s16}手中。
str_s12s15_is_anxious_to_reclaim_old_lands_such_as_s18_now_held_by_s16_imperial|{s12}{s15}急于征服{s19}行省，尤其是目前由{s16}占据的{s18}。
str_s12s15_feels_that_reg4shehe_is_winning_the_war_against_s16_and_sees_no_reason_not_to_continue|{s12}{s15}觉得{reg4?她:他}在与{s16}的战争中占据上风，认为没有理由停止战争。
str_s12s15_faces_too_much_internal_discontent_to_feel_comfortable_ignoring_recent_provocations_by_s16s_subjects|{s12}{s15}面临太多内部不满，无法轻易忽视{s16}臣民近期的挑衅。
str_s12even_though_reg4shehe_is_fighting_on_two_fronts_s15_is_inclined_to_continue_the_war_against_s16_for_a_little_while_longer_for_the_sake_of_honor|{s12}即使{reg4?她:他}正在两线作战，{s15}仍倾向于为荣誉而继续与{s16}交战一段时间。
str_s12s15_feels_that_reg4shehe_must_pursue_the_war_against_s16_for_a_little_while_longer_for_the_sake_of_honor|{s12}{s15}认为，为了荣誉，{reg4?她:他}必须继续与{s16}交战一段时间。
str_s12s15_is_currently_on_the_offensive_against_s17_now_held_by_s16_and_reluctant_to_negotiate|{s12}{s15}正在进攻目前由{s16}占据的{s17}，不愿谈判。
str_s12s15_is_alarmed_by_the_growing_power_of_s16|{s12}{s15}对{s16}日益壮大的实力感到警惕。
str_s12s15_wants_to_raid_s16|{s12}{s15}想劫掠{s16}的土地，以获取财富和部族间的声望。
str_s12s15_distrusts_s16_and_fears_that_any_deals_struck_between_the_two_realms_will_not_be_kept|{s12}{s15}不信任{s16}，担心两国达成的任何协议都不会得到遵守。
str_s12s15_is_at_war_on_too_many_fronts_and_eager_to_make_peace_with_s16|{s12}{s15}同时在太多战线作战，急于与{s16}议和。
str_s12s15_is_fighting_strong_enemy_and_wants_peace_with_s16|{s12}{s15}还在与{s17}交战，后者压倒性的实力可能构成严重威胁，因此急于与{s16}议和。
str_s12s15_is_at_war_on_too_many_fronts_and_eager_to_find_allies_with_s16|{s12}{s15}同时在太多战线作战，急于与{s16}结盟。
str_s12s15_seems_to_think_that_s16_and_reg4shehe_have_a_common_enemy_in_the_s17|{s12}{s15}似乎认为，{reg4?她:他}与{s16}有共同的敌人——{s17}。
str_s12s15_feels_frustrated_by_reg4herhis_inability_to_strike_a_decisive_blow_against_s16|{s12}{s15}因{reg4?她:他}无法对{s16}造成决定性打击而感到沮丧。
str_s12s15_has_suffered_enough_in_the_war_with_s16_for_too_little_gain_and_is_ready_to_pursue_a_peace|{s12}{s15}在与{s16}的战争中付出甚多、所得甚少，已准备寻求和平。
str_s12s15_has_suffered_enough_in_the_war_with_s16_for_too_little_gain_and_is_ready_to_pursue_a_peace_2|{s12}{s15}在与{s16}的战争中付出太多，却毫无所得，已准备寻求和平。
str_s12s15_has_suffered_enough_in_the_war_with_s16_for_too_little_gain_and_is_ready_to_pursue_a_peace_3|{s12}{s15}在与{s16}的战争中付出太多，已准备寻求和平。
str_s12s15_would_like_to_firm_up_a_truce_with_s16_to_respond_to_the_threat_from_the_s17|{s12}{s15}希望与{s16}稳固停战协议，以应对{s17}的威胁。
str_s12s15_wishes_to_be_at_peace_with_s16_so_as_to_pursue_the_war_against_the_s17|{s12}{s15}希望与{s16}和平相处，以继续对{s17}作战。
str_s12s15_seems_to_be_intimidated_by_s16_and_would_like_to_avoid_hostilities|{s12}{s15}似乎畏惧{s16}，希望避免交战。
str_s12s15_has_no_particular_reason_to_continue_the_war_with_s16_and_would_probably_make_peace_if_given_the_opportunity|{s12}{s15}没有特别的理由继续与{s16}交战，若有机会，多半会选择议和。
str_s12s15_seems_to_be_willing_to_improve_relations_with_s16|{s12}{s15}似乎愿意改善与{s16}的关系。
str_excuse_me_how_can_you_possibly_imagine_yourself_worthy_to_marry_into_our_family|你说什么？你怎么会觉得自己配得上与我们家联姻？
str_em_with_regard_to_her_ladyship_we_were_looking_specifically_for_a_groom_of_some_distinction_fight_hard_count_your_dinars_and_perhaps_some_day_in_the_future_we_may_speak_of_such_things_my_good_man|呃……至于那位小姐，我们专门为她物色有些名望的{新郎/新娘}。好好打仗，多攒些第纳尔，也许将来某一天，我们可以谈谈这事，{好汉/女士}！
str_em_with_regard_to_her_ladyship_we_were_looking_specifically_for_a_groom_of_some_distinction|呃……至于那位小姐，我们专门为她物色有些名望的{新郎/新娘}。
str_it_is_too_early_for_you_to_be_speaking_of_such_things_you_are_still_making_your_mark_in_the_world|你现在谈这些还太早。你还在世上闯荡，尚未站稳脚跟。
str_you_dont_serve_the_s4_so_id_say_no_one_day_we_may_be_at_war_and_i_prefer_not_to_have_to_kill_my_inlaws_if_at_all_possible|你不为{s4}效力，所以我不会答应。说不定哪天我们就会交战，如果可能，我可不想杀自己的姻亲。
str_as_you_are_not_a_vassal_of_the_s4_i_must_decline_your_request_the_twists_of_fate_may_mean_that_we_will_one_day_cross_swords_and_i_would_hope_not_to_make_a_widow_of_a_lady_whom_i_am_obligated_to_protect|你不是{s4}的封臣，因此我必须拒绝你的请求。命运变幻无常，或许有一天我们会兵戎相见，而我不愿让自己有责任保护的女子成为寡妇。
str_as_you_are_not_a_pledged_vassal_of_our_liege_with_the_right_to_hold_land_i_must_refuse_your_request_to_marry_into_our_family|你并未向我们的君主宣誓效忠，也没有持有领地的权利，因此我必须拒绝你与我们家联姻的请求。
str_look_here_lad__the_young_s14_has_been_paying_court_to_s16_and_youll_have_to_admit__hes_a_finer_catch_for_her_than_you_so_lets_have_no_more_of_this_talk_shall_we|听着，{小子/姑娘}——年轻的{s14}正在追求{s16}，你也得承认，他比你更适合她。所以别再谈这件事了，好吗？
str_i_do_not_care_for_you_sir_and_i_consider_it_my_duty_to_protect_the_ladies_of_my_household_from_undesirable_suitors|{先生/女士}，我不喜欢你，而且我认为自己有责任保护家中的女子，不让不合适的求婚者接近她们……
str_hmm_young_girls_may_easily_be_led_astray_so_out_of_a_sense_of_duty_to_the_ladies_of_my_household_i_think_i_would_like_to_get_to_know_you_a_bit_better_we_may_speak_of_this_at_a_later_date|嗯，年轻姑娘很容易误入歧途。出于对家中女子的责任，我想再多了解你一些。我们以后再谈此事吧。
str_you_may_indeed_make_a_fine_match_for_the_young_mistress|你确实可能是那位年轻小姐的良配。
str_madame__given_our_relations_in_the_past_this_proposal_is_most_surprising_i_do_not_think_that_you_are_the_kind_of_woman_who_can_be_bent_to_a_hushands_will_and_i_would_prefer_not_to_have_our_married_life_be_a_source_of_constant_acrimony|{先生/女士}——以我们过去的关系来看，这次求婚着实出人意料。我觉得你不是会听任{妻子/丈夫}摆布的那种{男人/女人}，而我不希望婚后生活充满争吵。
str_i_would_prefer_to_marry_a_proper_maiden_who_will_obey_her_husband_and_is_not_likely_to_split_his_head_with_a_sword|我更愿意与一位体面的{贵族/少女}结婚，能{疼爱/服从}{他/她}的{妻子/丈夫}，而不是动不动就用剑劈开{她/他}的脑袋。
str_my_lady_while_i_admire_your_valor_you_will_forgive_me_if_i_tell_you_that_a_woman_like_you_does_not_uphold_to_my_ideal_of_the_feminine_of_the_delicate_and_of_the_pure|{大人/女士}，我虽钦佩你的勇气与美貌，但请恕我直言，你这样的{男人/女人}不符合我理想中的{丈夫/妻子}：{有男子气概/有女人味}、细腻而纯洁。
str_nah_i_want_a_woman_wholl_keep_quiet_and_do_what_shes_told_i_dont_think_thats_you|不行。我想要的是个安静听话的{男人/女人}，叫{他/她}做什么就做什么。我看你不是。
str_my_lady_you_are_possessed_of_great_charms_but_no_properties_until_you_obtain_some_to_marry_you_would_be_an_act_of_ingratitude_towards_my_ancestors_and_my_lineage|{大人/女士}，你魅力非凡，却没有产业。在你拥有产业之前，与你成婚便是辜负我的祖先和家族。
str_my_lady_you_are_a_woman_of_no_known_family_of_no_possessions__in_short_a_nobody_do_you_think_that_you_are_fit_to_marry_into_may_family|{大人/女士}，你是个出身不明、毫无产业的{男人/女人}——简而言之，无名小卒。你觉得自己配与我的家族联姻吗？
str_my_lady__forgive_me__the_quality_of_our_bond_is_not_of_the_sort_which_the_poets_tell_us_is_necessary_to_sustain_a_happy_marriage|{大人/女士}——请原谅——你我之间的感情，并非诗人所说维系美满婚姻必不可少的那种情谊。
str_um_i_think_that_if_i_want_to_stay_on_s4s_good_side_id_best_not_marry_you|呃，我想，要是我不想得罪{s4}，最好还是别与你结婚。
str_you_serve_another_realm_i_dont_see_s4_granting_reg4herhis_blessing_to_our_union|你为另一个国家效力。我看{s4}不会为我们的婚事送上{reg4?她:他}的祝福。
str_madame_my_heart_currently_belongs_to_s4|{先生/女士}，我的心如今属于{s4}。
str_my_lady_you_are_a_woman_of_great_spirit_and_bravery_possessed_of_beauty_grace_and_wit_i_shall_give_your_proposal_consideration|{大人/女士}，你是位精神昂扬、勇敢无畏的{男人/女人}，兼具{力量/美貌}、{勇气/优雅}与才智。我会考虑你的求婚。
str_my_lady_you_are_a_woman_of_great_spirit_and_bravery_possessed_of_beauty_grace_and_wit_i_would_be_most_honored_were_you_to_become_my_wife|{大人/女士}，你是位精神昂扬、勇敢无畏的{男人/女人}，兼具{力量/美貌}、{勇气/优雅}与才智。若你能成为我的{丈夫/妻子}，我将倍感荣幸。
str_ah__kais_and_layali__such_a_sad_tale_many_a_time_has_it_been_recounted_for_my_family_by_the_wandering_poets_who_come_to_our_home_and_it_has_never_failed_to_bring_tears_to_our_eyes|啊——《俄耳甫斯与卡利俄佩》——多么悲伤的故事。来我家做客的游吟诗人曾为我们讲过许多次，每次都令人落泪。
str_kais_and_layali_three_hundred_stanzas_of_pathetic_sniveling_if_you_ask_me_if_kais_wanted_to_escape_heartbreak_he_should_have_learned_to_live_within_his_station_and_not_yearn_for_what_he_cannot_have|《俄耳甫斯与卡利俄佩》？依我看，不过是三百节可怜巴巴的哭诉。俄耳甫斯若不想伤心，就该学会安分守己，别去渴望得不到的东西。
str_kais_and_layali_no_one_should_ever_have_written_such_a_sad_poem_if_it_was_the_destiny_of_kais_and_layali_to_be_together_than_their_love_should_have_conquered_all_obstacles|《俄耳甫斯与卡利俄佩》？谁都不该写出这么悲伤的诗！如果俄耳甫斯与卡利俄佩注定相守，他们的爱情就应当战胜一切阻碍！
str_ah_kais_and_layali_a_very_old_standby_but_moving_in_its_way|啊，《俄耳甫斯与卡利俄佩》。老生常谈了，不过自有其动人之处。
str_orpheus_a_terrible_bargain|《俄耳甫斯与欧律狄刻》？一个男人走进冥界，直面死神，最后得到的却只是个连看都不能看的女人的幽魂？多么糟糕的交易。他本该留在人世，再找个情人。世上的女人多的是。
str_the_saga_of_heracles_all_about_hera_really|啊，赫拉克勒斯的故事。或者依我看，这是赫拉的故事。一位强大的女子嫁给了风流成性的神，却不肯任人冷落。她动不了丈夫，便毁掉了他最心爱的玩物。赫拉克勒斯不过是她用来表明态度的一件笨重工具。这说明，若想把事办成，有时就得先把英雄逼疯。很有价值的教训，你不觉得吗？
str_the_saga_of_helgered_and_kara_such_happy_times_in_which_our_ancestors_lived_women_like_kara_could_venture_out_into_the_world_like_men_win_a_name_for_themselves_and_not_linger_in_their_husbands_shadow|啊，《赫拉克勒斯之盾》！那时男人像英雄般战斗，真是美好的年代。赫拉克勒斯是位强大的战士，也关爱自己的妻子。话虽如此，他杀了第一任妻子墨伽拉和孩子们，但那都是赫拉害的！这说明女人报复起来有多可怕……而且我相信他一定很英俊……
str_ah_the_saga_of_helgered_and_kara_now_there_was_a_lady_who_knew_what_she_wanted_and_was_not_afraid_to_obtain_it|啊，《赫拉克勒斯之盾》？这首诗很好地展示了如何在战场上达成目标。不过，就连他也只能听凭诸神摆布。
str_the_saga_of_helgered_and_kara_a_terrible_tale__but_it_speaks_of_a_very_great_love_if_she_were_willing_to_make_war_on_her_own_family|啊，《赫拉克勒斯之盾》？诗写得糟糕，讲的却是一位伟大的战士。
str_the_saga_of_helgered_and_kara_as_i_recall_kara_valued_her_own_base_passions_over_duty_to_her_family_that_she_made_war_on_her_own_father_i_have_no_time_for_a_poem_which_praises_such_a_woman|啊，《赫拉克勒斯之盾》？一首描写血腥厮杀的可怕诗篇……
str_the_saga_of_helgered_and_kara_how_could_a_woman_don_armor_and_carry_a_sword_how_could_a_man_love_so_ungentle_a_creature|《赫拉克勒斯之盾》？呸！
str_a_conversation_in_the_garden_i_cannot_understand_the_lady_in_that_poem_if_she_loves_the_man_why_does_she_tease_him_so|《伊索寓言》？我不明白诗中的女子。若她爱那个男人，为什么还要如此戏弄他？
str_aesopica_too_simple_for_my_tastes|《伊索寓言》？大概是些讨孩子喜欢的小故事吧。这边一只会说话的狐狸，那边一只聪明的鹳。都很……古朴有趣。可激情呢？悲剧呢？那宏大而足以毁灭一切的欲望呢？这些故事都太……寡淡了。我更喜欢酒味浓些、水味淡些的故事。
str_a_conversation_in_the_garden_let_us_see__it_is_morally_unedifying_it_exalts_deception_it_ends_with_a_maiden_surrendering_to_her_base_passions_and_yet_i_cannot_help_but_find_it_charming_perhaps_because_it_tells_us_that_love_need_not_be_tragic_to_be_memorable|《伊索寓言》？让我想想——它无益于道德教化，颂扬欺骗，最后还以少女屈从低俗欲望收场……但我还是忍不住觉得它动人。或许是因为它告诉我们，爱情不必成为悲剧，也能令人难忘。
str_a_conversation_in_the_garden_now_that_is_a_tale_every_lady_should_know_by_heart_to_learn_the_subtleties_of_the_politics_she_must_practice|《伊索寓言》？每位女士都该把这个故事熟记于心，从中学会自己必须运用的权术之微妙！
str_a_conversation_in_the_garden_it_is_droll_i_suppose__although_there_is_nothing_there_that_truly_stirs_my_soul|《伊索寓言》？我想它确实有趣，但里面没有什么真正打动我的心灵。
str_aeneas_and_dido_the_scandal_is_the_best_part|啊，狄多女王的故事！一位强大的女子建起一座城市，诱惑了一位异国英雄，随后在他离去时，以史上最壮烈的自尽告终。她可真懂得如何退场！太富有戏剧性了。埃涅阿斯和他那乏味的命运，不过是她这出绝妙悲剧的注脚。
str_storming_the_fortress_of_love_ah_yes_the_lady_sits_within_doing_nothing_while_the_man_is_the_one_who_strives_and_achieves_i_have_enough_of_that_in_my_daily_life_why_listen_to_poems_about_it|《埃涅阿斯与狄多》？啊，是啊。女子坐在屋里无所事事，男人则在外奋斗建功。我日常生活中已经受够了这一套，何必再听诗来讲它？
str_storming_the_fortress_of_love_ah_yes_an_uplifting_tribute_to_the_separate_virtues_of_man_and_woman|《埃涅阿斯与狄多》？啊，是啊。这是对男女各自美德的一曲振奋人心的赞歌。
str_storming_the_fortress_of_love_ah_yes_but_although_it_is_a_fine_tale_of_virtues_it_speaks_nothing_of_passion|《埃涅阿斯与狄多》？啊，是啊。它讲述美德，故事很好，却丝毫不谈激情！
str_storming_the_fortress_of_love_ah_a_sermon_dressed_up_as_a_love_poem_if_you_ask_me|《埃涅阿斯与狄多》？啊……依我看，不过是披着情诗外衣的说教。
str_a_hearts_desire_ah_such_a_beautiful_account_of_the_perfect_perfect_love_to_love_like_that_must_be_to_truly_know_rapture|《丘比特与普绪克》？啊，多么美丽而悲伤的故事！爱着一位只能触摸、却永远不能看见的丈夫……它讲的是完全建立在信念上的爱情。真是浪漫至极！
str_a_hearts_desire_silly_if_you_ask_me_if_the_poet_desires_a_lady_then_he_should_endeavor_to_win_her__and_not_dress_up_his_desire_with_a_pretense_of_piety|《丘比特与普绪克》？愚蠢透顶。她拥有一位神明情人和一座宫殿，却仅仅因为好奇就抛弃了一切？稍有野心的女人都会巩固自己的地位，而不是点亮一盏灯。这故事毫无道理。
str_a_hearts_desire_hmm__it_is_an_interesting_exploration_of_earthly_and_divine_love_it_does_speak_of_the_spiritual_quest_which_brings_out_the_best_in_man_but_i_wonder_if_the_poet_has_not_confused_his_yearning_for_higher_things_with_his_baser_passions|《丘比特与普绪克》？嗯，这是一个有趣的寓言，讲述灵魂重归神明的旅程。普绪克的试炼展示了美德之路。不过，我们必须警惕故事对禁忌情欲的着重描绘。它已徘徊在失当的边缘。
str_a_hearts_desire_psyche_hedonist|《丘比特与普绪克》？一个告诫人们好奇心危险的故事。这姑娘有宫殿，有无尽的奢华，每晚还有一位神明做情人。可她竟为了看清他的脸，就拿这一切冒险？愚蠢。有些乐趣最好在黑暗中享受。她本该安心享乐。
str_a_hearts_desire_oh_yes__it_is_very_worthy_and_philosophical_but_if_i_am_to_listen_to_a_bard_strum_a_lute_for_three_hours_i_personally_prefer_there_to_be_a_bit_of_a_story|《丘比特与普绪克》？哦，我想这故事还不错。但那些哭哭啼啼和分拣种子的情节……实在太拖沓了。既然要讲诸神与怪物，我个人更喜欢多些打斗，少些相思。
str_reg3_units_of_s4_for_reg5_guests_and_retinue|供{reg5}位宾客及随从享用的{reg3}份{s4}
str_reg3_units_of_spice_of_reg5_to_be_consumed|需消耗{reg5}份香料，现有{reg3}份
str_reg3_units_of_oil_of_reg5_to_be_consumed|需消耗{reg5}份油，现有{reg3}份
str_of_food_which_must_come_before_everything_else_the_amount_is_s8|食物是头等大事，目前的数量{s8}
str_s9_and_the_variety_is_s8_|{s9}，种类则{s8}。
str_s9_of_drink_which_guests_will_expect_in_great_abundance_the_amount_is_s8|{s9}宾客期望酒水极为充足，目前的数量{s8}
str_s9_of_spice_which_is_essential_to_demonstrate_that_we_spare_no_expense_as_hosts_the_amount_is_s8_|{s9}香料是彰显主人不惜花费的必需品，目前的数量{s8}。
str_s9_of_oil_which_we_shall_require_to_light_the_lamps_the_amount_is_s8|{s9}点灯所需的油，目前的数量{s8}。
str_s9_cooks_s8|{s9}也别忘了厨师，总得有人准备饭菜。{s8}
str_s9_overall_our_table_will_be_considered_s8|{s9}总体而言，我们的宴席将被评价为{s8}。
str_rebel|叛军
str_bandit|强盗
str_relation_of_prisoner_with_captor_is_reg0|俘虏与俘获者的关系为{reg0}
str_s5_suffers_attrition_reg3_x_s4|{s5}遭受减员：{reg3}名{s4}
str_s10_said_on_s1_s11__|{s10}于{s1}说：{s11}^^
str_talk_to_the_trainer|与训练师交谈。
str_woman|女人
str_man|男人
str_noble|贵族
str_common|平民
str_may_find_that_you_are_able_to_take_your_place_among_calradias_great_lords_relatively_quickly|或许能较快跻身已知世界的大领主之列
str_may_face_some_difficulties_establishing_yourself_as_an_equal_among_calradias_great_lords|或许会遇到一些困难，才能与已知世界的大领主们平起平坐
str_may_face_great_difficulties_establishing_yourself_as_an_equal_among_calradias_great_lords|或许会遇到极大困难，才能与已知世界的大领主们平起平坐
str_current_party_morale_is_reg5_current_party_morale_modifiers_are__base_morale__50_party_size_s2reg1_leadership_s3reg2_food_variety_s4reg3s5s6_recent_events_s7reg4_total__reg5___|当前队伍士气为{reg5}。^当前队伍士气修正如下：^^基础士气：+{reg6}^队伍规模：{s2}{reg1}^统御：{s3}{reg2}^食物种类：{s4}{reg3}{s5}{s6}^近期事件：{s7}{reg4}^总计：{reg5}^^^
str_s1extra_morale_for_s9_troops__reg6_|{s1}{s9}部队额外士气：{reg6}^
str_courtships_in_progress_|正在进行的求爱：^
str_s1_s2_relation_reg3_last_visit_reg4_days_ago|{s1}^{s2}，关系{reg3}，上次拜访在{reg4}天前
str_s1__poems_known|{s1}^^已学会的诗歌：
str_s1_storming_the_castle_of_love_allegoric|{s1}^《攻陷爱之城堡》（寓言诗）
str_s1_kais_and_layali_tragic|{s1}^《盖斯与莱亚莉》（悲剧诗）
str_s1_a_conversation_in_the_garden_comic|{s1}^《花园对话》（诙谐诗）
str_s1_helgered_and_kara_epic|{s1}^《赫尔格雷德与卡拉》（史诗）
str_s1_a_hearts_desire_mystic|{s1}^《心之渴望》（神秘诗）
str_no_companions_in_service|没有效力中的同伴
str_gathering_support|争取支持
str_expected_back_imminently|预计即将返回
str_expected_back_in_approximately_reg3_days|预计约{reg3}天后返回
str_gathering_intelligence|间谍（{s9}）
str_diplomatic_embassy_to_s9|使节（{s9}）
str_serving_as_minister|担任大臣
str_serving_as_praefect|担任罗马城长官
str_in_your_court_at_s9|在{s9}（宫廷）
str_in_your_rome|在罗马
str_under_arms|正在服役
str_in_your_party|你的队伍
str_attacking_enemy_army_near_s11|正在攻击{s11}附近的敌军
str_holding_feast_at_s11|正在{s11}举办宴会
str_s9s10_current_state_s11_hours_at_current_state_reg3_current_strategic_thinking_s14_marshall_s12_since_the_last_offensive_ended_reg4_hours_since_the_decisive_event_reg10_hours_since_the_last_rest_reg9_hours_since_the_last_feast_ended_reg5_hours_percent_disgruntled_lords_reg7_percent_restless_lords_reg8__|{s9}{s10}^当前状态：{s11}^处于当前状态的时长：{reg3}小时^当前战略考量：{s14}^元帅：{s12}^距上次攻势结束：{reg4}小时^距决定性事件：{reg10}小时^距上次超过18小时的休整：{reg9}小时^距上次宴会结束：{reg5}小时^不满的领主比例：{reg7}%^急躁的领主比例：{reg8}%^^
str__right_to_rule_reg12|统治权：{reg12}。
str_political_arguments_made_legality_reg3_rights_of_lords_reg4_unificationpeace_reg5_rights_of_commons_reg6_fief_pledges_reg7|提出的政治主张：^合法性：{reg3}^领主权利：{reg4}^统一与和平：{reg5}^平民权利：{reg6}^封地承诺：{reg7}
str_renown_reg2_honour_rating_reg3s12_friends_s8_enemies_s6_s9|声望：{reg2}。^荣誉评价：{s60}（{reg3}）。{s12}^朋友：{s8}。^敌人：{s6}。^{s9}
str_you_lie_stunned_for_several_minutes_then_stagger_to_your_feet_to_find_your_s10_standing_over_you_you_have_lost_the_duel|你昏迷了几分钟，随后踉跄着站起来，发现你的{s10}正站在你面前。你输掉了决斗。
str_s10_lies_in_the_arenas_dust_for_several_minutes_then_staggers_to_his_feet_you_have_won_the_duel|{s10}在竞技场的尘土中躺了几分钟，随后踉跄着站起来。你赢得了决斗。
str__this_castle_is_temporarily_under_royal_control| 这座要塞暂由国家管辖。
str__this_castle_does_not_seem_to_be_under_anyones_control| 这座要塞似乎无人管辖。
str__this_town_is_temporarily_under_royal_control| 这座城镇暂由国家管辖。
str__the_townspeople_seem_to_have_declared_their_independence| 城镇居民似乎宣布了独立。
str_to_your_husband_s11|给你的丈夫{s11}。
str__you_see_the_banner_of_your_wifehusband_s7_over_the_castle_gate| 你知道这座要塞属于你的{妻子/丈夫}{s7}。
str__the_banner_of_your_wifehusband_s7_flies_over_the_town_gates| 这座城镇属于你的{妻子/丈夫}{s7}。
str__the_lord_is_currently_holding_a_feast_in_his_hall|^大厅中正在举办宴会。
str__join_the_feast| （参加宴会）
str__however_you_have_sufficiently_distinguished_yourself_to_be_invited_to_attend_the_ongoing_feast_in_the_lords_castle|。不过，你已足够声名显赫，获邀参加大厅中正在举行的宴会。
str_s8_you_are_also_invited_to_attend_the_ongoing_feast_in_the_castle|{s8}。你还获邀参加大厅中正在举行的宴会。
str_s11_unfortunately_s12_was_wounded_and_had_to_be_left_behind|{s11}不幸的是，{s12}受了伤，只得留在后面。
str_s11_also_s12_was_wounded_and_had_to_be_left_behind|{s11}此外，{s12}受了伤，只得留在后面。
str_with_the_s10|在{s10}一方
str_outside_calradia|在已知世界之外。
str_you_have_been_indicted_for_treason_to_s7_your_properties_have_been_confiscated_and_you_would_be_well_advised_to_flee_for_your_life|你被控背叛{s7}。你的产业已被没收，最好赶快逃命。
str_by_order_of_s6_s4_of_the_s5_has_been_indicted_for_treason_the_lord_has_been_stripped_of_all_reg4herhis_properties_and_has_fled_for_reg4herhis_life_he_is_rumored_to_have_gone_into_exile_s11|奉{s6}之命，{s5}的{s4}被控叛国。这位{reg4?女领主:领主}已被剥夺{reg4?她:他}的全部产业，并为保住{reg4?她:他}的性命而出逃。据说{reg4?她:他}已流亡{s11}。
str_local_notables_from_s1_a_village_claimed_by_the_s4_have_been_mistreated_by_their_overlords_from_the_s3_and_petition_s5_for_protection|{s1}的一些乡绅遭到统治他们的{s3}领主虐待，向{s5}请求保护；{s4}声称拥有该村庄
str_villagers_from_s1_stole_some_cattle_from_s2|{s1}的村民从{s2}偷走了一些牛
str_villagers_from_s1_abducted_a_woman_from_a_prominent_family_in_s2_to_marry_one_of_their_boys|{s1}的村民绑架了{s2}一户显贵人家的女子，强迫她嫁给他们村里的一个小伙子
str_villagers_from_s1_killed_some_farmers_from_s2_in_a_fight_over_the_diversion_of_a_stream|{s1}的村民因溪流改道与{s2}的农民发生争斗，杀死了其中几人
str_your_new_minister_|你的新任大臣
str_s10_is_your_new_minister_and_|{s10}是你的新任大臣，并且
str_due_to_the_fall_of_s10_your_court_has_been_relocated_to_s12|由于失去{s10}，你的宫廷已迁往{s11}
str_after_to_the_fall_of_s10_your_faithful_vassal_s9_has_invited_your_court_to_s11_|失去{s10}后，你忠诚的封臣{s9}邀请你的宫廷迁往{s11}
str_after_to_the_fall_of_s11_your_court_has_nowhere_to_go|失去{s11}后，你的宫廷已无处可去
str_s8_wishes_to_inform_you_that_the_lords_of_s9_will_be_gathering_for_a_feast_at_his_great_hall_in_s10_and_invites_you_to_be_part_of_this_august_assembly|{s8}通知你，{s9}的领主们将在他位于{s10}的大厅中欢聚宴饮，并邀请你出席这场贵宾云集的盛会。
str_consult_with_s11_at_your_court_in_s12|在{s12}的宫廷中与{s11}商议
str_as_brief_as_our_separation_has_been_the_longing_in_my_heart_to_see_you_has_made_it_seem_as_many_years|你我分别虽短，可心中想见你的渴望，却让我觉得已过了许多年。
str_although_it_has_only_been_a_short_time_since_your_departure_but_i_would_be_most_pleased_to_see_you_again|你虽刚离开不久，但若能再次见到你，我会非常高兴。
str_although_i_have_received_no_word_from_you_for_quite_some_time_i_am_sure_that_you_must_have_been_very_busy_and_that_your_failure_to_come_see_me_in_no_way_indicates_that_your_attentions_to_me_were_insincere_|虽然已有一段时间没有你的音讯，但我相信你一定十分繁忙。你没能来看我，绝不意味着你对我的情意并不真诚。
str_i_trust_that_you_have_comported_yourself_in_a_manner_becoming_a_gentleman_during_our_long_separation_|你我久别，我相信你的举止始终无愧于一位{绅士/淑女}。
str_it_has_been_many_days_since_you_came_and_i_would_very_much_like_to_see_you_again|自你上次到访，已经过去许多天了，我很想再见到你。
str__you_should_ask_my_s11_s16s_permission_but_i_have_no_reason_to_believe_that_he_will_prevent_you_from_coming_to_see_me| 你应当先征求我{s11}{s16}的许可，但我想不出他有什么理由不许你来看我。
str_lover_1| 我丈夫眼下正在别处忙碌。我想你可以放心前来。
str__you_should_first_ask_her_s11_s16s_permission|。你应当先征求她{s11}{s16}的许可
str__alas_as_we_know_my_s11_s16_will_not_permit_me_to_see_you_however_i_believe_that_i_can_arrange_away_for_you_to_enter_undetected| 唉，你我都知道，我的{s11}{s16}不许我见你。不过，我相信能安排你悄悄进来。
str__as_my_s11_s16_has_already_granted_permission_for_you_to_see_me_i_shall_expect_your_imminent_arrival| 既然我的{s11}{s16}已经准许你来见我，我便期待你早日到来。
str_visit_s3_who_was_last_at_s4s18|拜访{s3}，其最后所在之处为{s4}{s18}
str_the_guards_at_the_gate_have_been_ordered_to_allow_you_through_you_might_be_imagining_things_but_you_think_one_of_them_may_have_given_you_a_wink|门口守卫已奉命放你通行。也许是你的错觉，但你觉得其中一人似乎朝你眨了眨眼。
str_the_guards_glare_at_you_and_you_know_better_than_to_ask_permission_to_enter_however_as_you_walk_back_towards_your_lodgings_an_elderly_lady_dressed_in_black_approaches_you_i_am_s11s_nurse_she_whispers_urgently_don_this_dress_and_throw_the_hood_over_your_face_i_will_smuggle_you_inside_the_castle_to_meet_her_in_the_guise_of_a_skullery_maid__the_guards_will_not_look_too_carefully_but_i_beg_you_for_all_of_our_sakes_be_discrete|守卫怒视着你，你识趣地没有请求入内。然而，在你走回住处时，一位身穿黑衣的老妇人走近你。“我是{s11}的乳母，”她急切地低声说。“穿上这条裙子，用兜帽遮住脸。我会把你装扮成洗碗女仆，偷偷带进要塞去见她——守卫不会细看。但为了我们大家，求你务必谨慎！”
str_the_guards_glare_at_you_and_you_know_better_than_to_ask_permission_to_enter_however_as_you_walk_back_towards_your_lodgings_an_elderly_lady_dressed_in_black_approaches_you_i_am_s11s_nurse_she_whispers_urgently_wait_for_a_while_by_the_spring_outside_the_walls_i_will_smuggle_her_ladyship_out_to_meet_you_dressed_in_the_guise_of_a_shepherdess_but_i_beg_you_for_all_of_our_sakes_be_discrete|守卫怒视着你，你识趣地没有请求入内。然而，在你走回住处时，一位身穿黑衣的老妇人走近你。“我是{s11}的乳母，”她急切地低声说。“到城墙外的泉水旁等一会儿。我会让小姐扮成牧羊女，偷偷带她出来见你。但为了我们大家，求你务必谨慎！”
str_the_guards_glare_at_you_and_you_know_better_than_to_ask_permission_to_enter_however_as_you_walk_back_towards_your_lodgings_an_elderly_lady_dressed_in_black_approaches_you_i_am_s11s_nurse_she_whispers_urgently_her_ladyship_asks_me_to_say_that_yearns_to_see_you_but_that_you_should_bide_your_time_a_bit_her_ladyship_says_that_to_arrange_a_clandestine_meeting_so_soon_after_your_last_encounter_would_be_too_dangerous|守卫怒视着你，你识趣地没有请求入内。然而，在你走回住处时，一位身穿黑衣的老妇人走近你。^“我是{s11}的乳母，”她急切地低声说。“小姐让我转告你，她很想见你，但你得再等一等。小姐说，距离上次相见才这么短的时间，再安排幽会实在太危险了。”
str_the_guards_glare_at_you_and_you_know_better_than_to_ask_permission_to_enter|守卫怒视着你，你识趣地没有请求入内。
str_current_wealth_reg1|当前财富：{reg1}
str_strange_that_one_didnt_seem_like_your_ordenary_troublemaker_he_didnt_drink_all_that_much__he_just_stood_there_quietly_and_watched_the_door_you_may_wish_to_consider_whether_you_have_any_enemies_who_know_you_are_in_town_a_pity_that_blood_had_to_be_spilled_in_my_establishment|奇怪，那人看起来不像寻常的闹事者。他没喝多少酒，只是静静地站在那里，盯着门口。你最好想想，是不是有仇家知道你在城里……可惜我的店里还是见了血……
str_you_never_let_him_draw_his_weapon_still_it_looked_like_he_was_going_to_kill_you_take_his_sword_and_purse_i_suppose_he_was_trouble_but_its_not_good_for_an_establishment_to_get_a_name_as_a_place_where_men_are_killed|你都没让他拔出武器……不过，看起来他确实想杀你。我想，你就拿走他的剑和钱袋吧。他是个麻烦人物，可一家店若落下经常死人的名声，总归不是好事。
str_well_id_say_that_he_started_it_that_entitles_you_to_his_sword_and_purse_i_suppose_have_a_drink_on_the_house_as_i_daresay_youve_saved_a_patron_or_two_a_broken_skull_still_i_hope_he_still_has_a_pulse_its_not_good_for_an_establishment_to_get_a_name_as_a_place_where_men_are_killed|嗯……依我看，是他先动的手。我想，你有权拿走他的剑和钱袋。喝一杯吧，算我请客，你大概替一两个客人免去了一场头破血流。不过，我还是希望他有口气。店里若落下经常死人的名声，可不是好事。
str_stop_no_shooting_no_shooting|住手！不许射击！不许射击！
str_em_ill_stay_out_of_this|呃……我还是别掺和了。
str_the_s12_is_a_labyrinth_of_rivalries_and_grudges_lords_ignore_their_lieges_summons_and_many_are_ripe_to_defect|{s12}内部派系倾轧、积怨重重。领主们无视君主的召集，许多人随时可能叛离。
str_the_s12_is_shaky_many_lords_do_not_cooperate_with_each_other_and_some_might_be_tempted_to_defect_to_a_liege_that_they_consider_more_worthy|{s12}局势不稳。许多领主互不合作，有些人可能会转投自己认为更贤明的君主。
str_the_s12_is_fairly_solid_some_lords_bear_enmities_for_each_other_but_they_tend_to_stand_together_against_outside_enemies|{s12}相当稳固。有些领主彼此结怨，但面对外敌时，他们通常会团结一致。
str_the_s12_is_a_rock_of_stability_politically_speaking_whatever_the_lords_may_think_of_each_other_they_fight_as_one_against_the_common_foe|从政治上说，{s12}稳如磐石。不管领主们私下如何看待彼此，面对共同的敌人时，他们都会齐心作战。
str_tribune_s12|军团保民官{s12}
str_lady_s12|夫人{s12}
str_lord_s12|大人{s12}
str_resolve_the_dispute_between_s11_and_s12|调解{s11}与{s12}之间的争端
str_in_doing_so_you_will_be_in_violation_of_your_truce_is_that_what_you_want|这样做将违反停战协议。你确定要这么做吗？
str_if_you_attack_without_provocation_some_of_your_vassals_may_consider_you_to_be_too_warlike_is_that_what_you_want|如果你无故进攻，一些将领和总督可能会认为你过于好战。最好先制造边境冲突，再宣战。^（提示：你可以命令一位同伴制造边境冲突，或等待冲突自行发生。）^^你仍要宣战吗？
str_our_men_are_ready_to_ride_forth_at_your_bidding_are_you_sure_this_is_what_you_want|我们的部下一声令下便可出征，而且我们有开战理由！你确定要这么做吗？
str_attack_on_tributary|宣布独立是正当的开战理由。你确定要这么做吗？
str_seek_recognition|寻求承认
str_seek_vassalhood|请求成为封臣
str_seek_a_truce|寻求停战
str__promised_fief| （已许诺封地）
str_no_fiefss12|（无封地）{s12}
str_fiefs_s0s12|（封地：{s0}{s12}）
str_please_s65_|拜托，{s65}，
str__s15_is_also_being_held_here_and_you_may_wish_to_see_if_reg4shehe_will_join_us| {s15}也被关在这里，你或许该看看{reg4?她:他}是否愿意和我们一起走。
str_one_thing_in_our_favor_is_that_s12s_grip_is_very_shaky_he_rules_over_a_labyrinth_of_rivalries_and_grudges_lords_often_fail_to_cooperate_and_many_would_happily_seek_a_better_liege|对我们有利的是，{s12}的统治很不稳固。他治下派系倾轧、积怨重重。领主们往往互不合作，许多人很乐意另寻明主。
str_thankfully_s12s_grip_is_fairly_shaky_many_lords_do_not_cooperate_with_each_other_and_some_might_be_tempted_to_seek_a_better_liege|幸好，{s12}的统治颇不稳固。许多领主互不合作，有些人可能愿意另寻明主。
str_unfortunately_s12s_grip_is_fairly_strong_until_we_can_shake_it_we_may_have_to_look_long_and_hard_for_allies|遗憾的是，{s12}的统治相当稳固。在动摇他的统治之前，我们可能很难找到盟友。
str_unfortunately_s12s_grip_is_very_strong_unless_we_can_loosen_it_it_may_be_difficult_to_find_allies|遗憾的是，{s12}的统治非常稳固。除非能削弱他的掌控，否则我们很难找到盟友。
str_playername_come_to_plague_me_some_more_have_you|{playername}……又来烦我了，是吗？
str_ah_it_is_you_again|啊，又是你……
str_well_playername|好吧，{playername}
str_flagon_of_mead|一壶蜂蜜酒
str_skin_of_kumis|一皮囊马奶酒
str_mug_of_kvass|一大杯格瓦斯
str_cup_of_wine|一杯葡萄酒
str_you_intend_to_challenge_s13_to_force_him_to_retract_an_insult|你打算向{s13}挑战，迫使{reg4?她:他}收回侮辱之言。
str_youll_have_to_speak_to_me_at_some_other_time_then|那你得换个时间再来找我谈。^^（提示：附近有其他领主，可能会听到你们的谈话。）
str_this_is_no_time_for_words|现在不是说话的时候！
str_of_course_my_wife|当然，我的{丈夫/妻子}。
str_perhaps_not_our_marriage_has_become_a_bit_strained_dont_you_think|恐怕不行。我们的婚姻已经有些紧张了，你不觉得吗？
str_why_is_that_my_wife_actually_our_marriage_has_become_such_that_i_prefer_to_have_a_witness_for_all_of_our_converations|为什么呢，我的{丈夫/妻子}？说实话，我们的婚姻到了这一步，我宁愿每次谈话都有旁人在场作证。
str_all_right_then_what_do_you_have_to_say_out_with_it|那好吧。你有什么话要说？说出来吧。
str_bah__im_in_no_mood_for_whispering_in_the_corner|呸——我没心情躲在角落里窃窃私语。
str_bah_i_dont_like_you_that_much_im_not_going_to_go_plot_with_you_in_some_corner|呸。我可没那么喜欢你，不会跟你躲到角落里密谋。
str_well__now_what_do_you_have_to_propose|好吧——你有什么提议？
str_trying_our_hand_at_intrigue_are_we_i_think_not|想试着耍弄阴谋，是吗？我看还是免了。
str_hah_i_trust_you_as_a_i_would_a_serpent_i_think_not|哈！我信你还不如信一条蛇。免了吧。
str_i_do_not_like_to_conduct_my_business_in_the_shadows_but_sometimes_it_must_be_done_what_do_you_have_to_say|我不喜欢暗中行事，但有时不得不如此。你有什么话要说？
str_i_would_prefer_to_conduct_our_affairs_out_in_the_open|我更愿意光明正大地谈事情。
str_do_not_take_this_amiss_but_with_you_i_would_prefer_to_conduct_our_affairs_out_in_the_open|请别见怪，但和你谈事情，我更愿意当着大家的面。
str_hmm_you_have_piqued_my_interest_what_do_you_have_to_say|嗯，你引起了我的兴趣。你有什么话要说？
str_em_lets_keep_our_affairs_out_in_the_open_for_the_time_being|呃……我们暂且还是当着大家的面谈吧。
str_thats_sensible__the_world_is_full_of_churls_who_poke_their_noses_into_their_betters_business_now_tell_me_what_it_is_that_you_have_to_say|有道理——世上满是爱探听贵人私事的粗鄙之徒。说吧，你有什么话要说。
str_what_do_you_take_me_for_a_plotter|你把我当成什么人了？阴谋家吗？
str_well_i_normally_like_to_keep_things_out_in_the_open_but_im_sure_someone_like_you_would_not_want_to_talk_in_private_unless_heshe_had_a_good_reason_what_is_it|我通常喜欢光明正大地谈事情，但我相信像你这样的人，若非{他/她}有充分的理由，不会要求私下交谈。什么事？
str_surely_we_can_discuss_whatever_you_want_to_discuss_out_here_in_the_open_cant_we|不管你想谈什么，我们都可以在这里公开谈，不是吗？
str_im_a_simple__man_not_one_for_intrigue_but_id_guess_that_you_have_something_worthwhile_to_say_what_is_it|我是个直来直去的{reg65?女人:男人}，不擅长阴谋，但我猜你有值得一听的事要说。什么事？
str_forgive_me_but_im_not_one_for_going_off_in_corners_to_plot|请原谅，我不喜欢躲在角落里密谋。
str_please_do_not_take_this_amiss_but_i_do_not_trust_you|请别见怪，但我不信任你。
str_certainly_playername_what_is_it|当然，{playername}。什么事？
str_forgive_me_but_id_prefer_to_keep_our_conversations_in_the_open|请原谅，我更愿意公开交谈。
str_please_do_not_take_this_amiss_but_im_not_sure_you_and_i_are_still_on_those_terms|请别见怪，但我不确定你我如今是否还有那份交情。
str_really_well_this_is_the_first_i_have_heard_of_it_unless_you_build_up_support_for_that_claim_you_may_find_it_difficult_to_find_allies_however_whenever_you_see_fit_to_declare_yourself_publically_as_queen_i_should_be_honored_to_be_your_consort|真的？这我还是头一次听说。除非你为这一宣称争取更多支持，否则恐怕很难找到盟友。不过，无论你何时决定公开自立为{s0}，我都会荣幸地成为你的配偶。
str_yes_i_have_heard_such_talk_while_it_is_good_that_you_are_building_up_your_support_i_do_not_think_that_you_are_quite_ready_to_proclaim_yourself_yet_however_i_will_let_you_be_the_judge_of_that_and_when_you_decide_i_should_be_honored_to_be_your_consort|是的……我听过这样的说法。你在争取支持，这是好事，但我觉得你还没有做好自立的准备。不过，此事由你判断，等你作出决定，我会荣幸地成为你的配偶。
str_yes_and_many_others_in_calradia_think_so_as_well_perhaps_it_is_time_that_you_declared_yourself_and_we_shall_ride_forth_together_to_claim_your_throne_i_should_be_honored_to_be_your_consort|是的……已知世界还有许多人也这样认为。或许是时候宣布自立了，我们将一同出征，夺取属于你的王位。我会荣幸地成为你的配偶。
str_i_am_disturbed_about_my_lord_s15s_choice_of_companions|我的君主{s15}所选择的亲信令我不安。
str_well_ill_be_honest_i_feel_that_sometimes_s15_overlooks_my_rights_and_extends_his_protection_to_the_unworthy|我就直说了。我觉得{s15}有时忽视我的权利，却把{reg15?她:他}的庇护赐给不配的人。
str_heh_one_thing_that_ill_say_about_s15_is_that_he_has_a_ripe_batch_of_bastards_in_his_court|哼。说起{s15}，有一件事我倒能肯定：{reg15?她:他}在{reg15?她:他}的宫廷里养了一大群混蛋。
str_well_sometimes_i_have_to_say_that_i_question_s15s_judgment_regarding_those_who_he_keeps_in_his_court|有时我不得不说，我怀疑{s15}的判断，尤其是{reg15?她:他}留在宫廷里的那些人。
str_s15_is_a_weak_man_who_too_easily_lends_his_ear_to_evil_council_and_gives_his_protection_to_some_who_have_done_me_wrong|{s15}是个软弱的统治者，太容易听信奸佞之言，还庇护那些曾经伤害我的人。
str_i_will_confess_that_sometimes_i_worry_about_s15s_judgment_particularly_in_the_matter_of_the_counsel_that_he_keeps|我承认，有时我担心{s15}的判断，尤其是{reg15?她:他}所倚重的顾问人选。
str_what_do_i_think_i_think_that_s15_is_a_vile_pretender_a_friend_to_the_flatterer_and_the_hypocrite|我怎么看？我认为{s15}是个卑鄙的僭位者，与阿谀奉承之徒和伪君子为友。
str_well_s15_is_not_like_you_ill_say_that_much|嗯，{s15}可不像你。我只能说这么多。
str_s15_long_may_he_live|{s15}？愿{reg15?她:他}长寿！
str_he_is_my_liege_that_is_all_that_i_will_say_on_this_matter|{s15}是我的君主。对此我只说这一句。
str_that_you_are_the_rightful_heir_to_the_throne_of_calradia|你是已知世界王位的合法继承人？
str_that_s14_is_the_rightful_ruler_of_calradia|{s14}是已知世界的合法统治者？
str_that_s14_will_rule_this_land_justly|{s14}会公正地统治这片土地？
str_that_s14_will_protect_our_rights_as_nobles|{s14}会保护我们贵族的权利？
str_that_s14_will_unify_this_land_and_end_this_war|{s14}会统一这片土地，结束这场战争？
str_that_s14_will_reward_me_with_a_fief|{s14}会赏给我一块封地？
str_he|他
str_king|国王
str_she|她
str_queen|女王
str_khan|可汗
str_i|我
str_according_to_the_ancient_law_and_custom_of_the_calradians_s45_should_be_s47|按照人类古老的法律和习俗，{s45}应当成为{s47}
str_because_s44_is_the_rightful_s47_of_the_s46|因为{s44}是{s46}合法的{s47}
str_you_speak_of_claims_and_legalities_yet_to_others_you_talk_of_bringing_peace_by_force|你对我谈宣称和法理，对别人却说要以武力带来和平
str_you_speak_of_bringing_peace_by_force_yet_to_others_you_make_legal_claims|你对我说要以武力带来和平，对别人却提出法理上的宣称。
str_you_speak_to_some_of_upholding_the_rights_of_the_commons_yet_you_speak_to_others_of_uphold_the_rights_of_nobles_what_if_those_rights_are_in_conflict|你对一些人说要维护平民权利，对另一些人却说要维护贵族权利。如果这些权利彼此冲突呢？
str_you_speak_to_me_of_upholding_my_rights_as_a_lord_but_to_others_you_talk_of_upholding_the_rights_of_all_commons_what_if_those_rights_come_into_conflict|你对我说要维护我身为{s12}的权利，对别人却说要维护所有平民的权利。如果这些权利彼此冲突呢？
str_a_claim_should_be_strong_indeed_before_one_starts_talking_about_it|在开口谈论宣称之前，至少该先有足够坚实的依据。
str_a_king_should_prove_his_valor_beyond_any_doubt_before_he_starts_talking_about_a_claim_to_the_throne|一位{s12}在谈论王位宣称之前，应当先证明自己的勇武，使人无可置疑。
str_you_must_prove_yourself_a_great_warrior_before_men_will_follow_you_as_king|你必须先证明自己是一位伟大的战士，人们才会奉你为{s12}。
str_a_claim_to_the_throne_should_be_strong_indeed_before_one_presses_it|在争取王位之前，宣称确实应当有足够坚实的依据。
str_indeed_but_a_man_must_also_prove_himself_a_great_warrior_before_men_will_follow_you_as_king|确实。但你还必须证明自己是一位伟大的战士，人们才会奉你为{s12}。
str_my_pigherd_can_declare_himself_king_if_he_takes_he_fancy_i_think_you_need_to_break_a_few_more_heads_on_tbe_battlefield_before_men_will_follow_you|只要高兴，我的{s14}也能自称{s12}。我看你还得在战场上多砍几颗脑袋，才会有人追随你。
str_if_you_do_not_wish_to_die_on_a_scaffold_like_so_many_failed_pretenders_before_you_i_would_suggest_that_you_to_build_your_claim_on_stronger_foundations_so_that_men_will_follow_you|如果你不想像此前那么多失败的僭位者一样死在刑台上，我建议你为宣称打下更牢固的基础，才能让人追随你。
str_if_you_do_not_wish_to_die_on_a_scaffold_like_so_many_failed_pretenders_before_you_i_would_advise_you_prove_yourself_on_the_field_of_battle_so_that_men_will_follow_you|如果你不想像此前那么多失败的僭位者一样死在刑台上，我建议你在战场上证明自己，才能让人追随你。
str_talk_is_for_heralds_and_lawyers_real_kings_prove_themselves_with_their_swords|耍嘴皮子是传令官和律师的事。真正的{s14}要靠自己的{s12}证明自己。
str_i_were_you_i_would_try_to_prove_myself_a_bit_more_before_i_went_about_pressing_my_claim|换作是我，会先多证明一下自己的本事，再四处主张王位。
str_indeed_please_continue|的确。请继续。
str_me|我
str_i_worry_about_those_with_whom_you_have_chosen_to_surround_yourself|你选择留在身边的那些人令我担忧。
str_there_are_some_outstanding_matters_between_me_and_some_of_your_vassals_|我和你手下的一些将领还有旧账未了。
str_my_liege_has_his_faults_but_i_dont_care_for_your_toadies|我的君主固然有缺点，但我也不喜欢你身边那些谄媚之徒。
str_i_think_youre_a_good_man_but_im_worried_that_you_might_be_pushed_in_the_wrong_direction_by_some_of_those_around_you|我觉得你是个好人，但担心你身边的一些人会把你引入歧途。
str_i_am_loathe_to_fight_alongside_you_so_long_as_you_take_under_your_wing_varlots_and_base_men|只要你还庇护着那些无赖和卑鄙之徒，我就不愿与你并肩作战。
str_ill_be_honest__with_some_of_those_who_follow_you_i_think_id_be_more_comfortable_fighting_against_you_than_with_you|我就直说了——看着你的一些追随者，我宁可与你为敌，也不愿与你为伍。
str_i_say_that_you_can_judge_a_man_by_the_company_he_keeps_and_you_have_surrounded_yourself_with_vipers_and_vultures|我认为，看一个人的同伴就能判断他的为人，而你身边尽是毒蛇和秃鹫。
str_you_know_that_i_have_always_had_a_problem_with_some_of_our_companions|你知道，我一直与我们的一些同伴不和。
str_politically_i_would_be_a_better_position_in_the_court_of_my_current_liege_than_in_yours|从政治上说，我在现任君主的宫廷中，会比在你的宫廷中更有地位。
str_i_am_more_comfortable_with_you_and_your_companions_than_with_my_current_liege|比起现任君主，我与你和你的同伴相处得更自在。
str_militarily_youre_in_no_position_to_protect_me_should_i_be_attacked_id_be_reluctant_to_join_you_until_you_could|从军事上说，若我遭到攻击，你无力保护我。在你有能力之前，我不愿加入你。
str_militarily_when_i_consider_the_lay_of_the_land_i_realize_that_to_pledge_myself_to_you_now_would_endanger_my_faithful_retainers_and_my_family|从军事上说，考虑到各地的形势，我意识到，现在向你效忠会使我的忠诚家臣和家人陷入险境。
str_militarily_youre_in_no_position_to_come_to_my_help_if_someone_attacked_me_i_dont_mind_a_good_fight_but_i_like_to_have_a_chance_of_winning|从军事上说，若有人攻击我，你无力来援。我不介意痛快打一场，但总得有获胜的机会。
str_militarily_you_would_have_me_join_you_only_to_find_myself_isolated_amid_a_sea_of_enemies|从军事上说，你想让我加入你，可我到时只会孤立无援，陷在重重敌人之中。
str_militarily_youre_in_no_position_to_come_to_my_help_if_someone_attacked_me_youd_let_me_be_cut_down_like_a_dog_id_bet|从军事上说，若有人攻击我，你无力来援。我敢说，你会任由我像条狗一样被砍倒。
str_militarily_i_wouldnt_be_any_safer_if_i_joined_you|从军事上说，加入你也不会让我更安全。
str_militarily_i_might_be_safer_if_i_joined_you|从军事上说，加入你或许能让我更安全。
str_finally_there_is_a_cost_to_ones_reputation_to_change_sides_in_this_case_the_cost_would_be_very_high|最后，即便理由充分，在收回效忠誓言之前也应慎重考虑，毕竟轻易易主的名声并不好听。就这次而言，我的名誉将遭受极大损失。
str_finally_there_is_a_cost_to_ones_reputation_to_change_sides_in_this_case_the_cost_would_be_significant|最后，即便理由充分，在收回效忠誓言之前也应慎重考虑，毕竟轻易易主的名声并不好听。就这次而言，我的名誉将遭受相当大的损失。
str_finally_there_is_a_cost_to_ones_reputation_to_change_sides_in_this_case_however_many_men_would_understand|最后，即便理由充分，在收回效忠誓言之前也应慎重考虑，毕竟轻易易主的名声并不好听。不过这次，许多人会理解。
str_i_will_not_have_it_be_said_about_me_that_i_am_a_traitor_that_is_my_final_decision_i_have_nothing_more_to_say_on_this_matter|我绝不让别人说我是叛徒。这就是我最终的决定，此事不必再谈。
str_i_am_pledged_to_defend_s14_i_am_sorry_though_we_may_meet_on_the_battlefield_i_hope_that_we_will_still_be_friends|我已发誓保卫{s14}。抱歉，即使我们会在战场上相遇，我仍希望我们还是朋友。
str_i_really_cannot_bring_myself_to_renounce_s14_i_am_sorry_please_lets_not_talk_about_this_any_more|我实在无法背弃{s14}。抱歉，请别再谈这件事了。
str_however_i_have_decided_that_i_must_remain_loyal_to_s14_i_am_sorry|不过，我已经决定，必须继续效忠{s14}。抱歉。
str_however_i_will_not_let_you_lead_me_into_treason_do_not_talk_to_me_of_this_again|不过，我不会让你引诱我叛国。别再跟我谈这件事。
str_its_not_good_to_get_a_reputation_as_one_who_abandons_his_liege_that_is_my_decision_let_us_speak_no_more_of_this_matter|落下抛弃君主的名声可不好。这就是我的决定，此事不必再谈。
str_ive_decided_to_stick_with_s14_i_dont_want_to_talk_about_this_matter_any_more|我决定继续追随{s14}。我不想再谈这件事。
str_you_are_challenging_me_to_a_duel_how_droll_as_you_wish_playername_it_will_be_good_sport_to_bash_your_head_in|你要向我挑战决斗？真有趣！如你所愿，{playername}，砸烂你的脑袋一定很痛快。
str_call_me_coward_very_well_you_leave_me_no_choice|你叫我懦夫？很好，你让我别无选择。
str_reg3_hours|{reg3}小时。
str_hour|小时。
str_however_circumstances_have_changed_since_we_made_that_decision_and_i_may_reconsider_shortly_s16|不过，自我们作出那个决定后，局势已有变化，我可能很快会重新考虑。{s16}
str_i_wish_to_marry_your_s11_s10_i_ask_for_your_blessing|我希望与你的{s11}{s10}成婚，请求你的祝福。
str_i_wish_to_marry_your_s11_s10_i_ask_for_your_help|我希望与你的{s11}{s10}成婚，请求你的帮助。
str_you_plan_to_marry_s3_at_a_feast_hosted_by_s4_in_s5_you_should_be_notifed_of_the_feast_as_soon_as_it_is_held|你计划与{s3}成婚，婚宴将由{s4}在{s5}主持。宴会一旦举行，你应当就会收到通知。
str_your_s11_|你的{s11}，
str_i_ask_again_may|我再问一次：是否可以
str_may|是否可以
str_very_well_as_far_as_im_concerned_i_suppose_she_can_see_most_anyone_she_likes__within_reason_of_course|好吧。依我看，她想见谁就见谁——当然，得合乎情理。
str_very_well_an_alliance_with_you_could_be_valuable_go_chat_with_her_and_see_if_you_can_get_her_to_take_a_fancy_to_you_if_she_doesnt_and_if_we_still_want_to_conclude_this_business_then_i_can_make_her_see_reason|好吧。与你结盟或许颇有价值。去跟她聊聊，看看能不能让她喜欢上你。若她不喜欢，而我们仍想促成此事，我能让她想明白。
str_you_have_my_blessing_to_pay_suit_to_her__so_long_as_your_intentions_are_honorable_of_course_depending_on_how_things_proceed_between_you_two_we_may_have_more_to_discuss_at_a_later_date|我准许你追求她——当然，你的意图必须正派。看你们二人相处得如何，日后我们也许还有更多事情要谈。
str_the_war_has_barely_begun_so_and_it_is_too_early_to_say_who_is_winning_and_who_is_losing|战争才刚开始，现在就说谁胜谁败还为时过早。
str_we_have_been_hitting_them_very_hard_and_giving_them_little_chance_to_recover|我们不断重创敌人，几乎不给他们喘息之机。
str_the_fighting_has_been_hard_but_we_have_definitely_been_getting_the_better_of_them|战斗艰苦，但我们确实占据上风。
str_they_have_been_hitting_us_very_hard_and_causing_great_suffering|敌人不断重创我们，造成了巨大苦难。
str_the_fighting_has_been_hard_and_i_am_afraid_that_we_have_been_having_the_worst_of_it|战斗艰苦，恐怕我们吃了更大的亏。
str_both_sides_have_suffered_in_the_fighting|双方都在战斗中遭受了损失。
str_no_clear_winner_has_yet_emerged_in_the_fighting_but_i_think_we_are_getting_the_better_of_them|战局尚未分出明显胜负，但我认为我们略占上风。
str_no_clear_winner_has_yet_emerged_in_the_fighting_but_i_fear_they_may_be_getting_the_better_of_us|战局尚未分出明显胜负，但恐怕敌人略占上风。
str_no_clear_winner_has_yet_emerged_in_the_fighting|战局尚未分出明显胜负。
str_there_is_no_campaign_currently_in_progress|目前没有正在进行的战役。
str_we_are_assembling_the_army|我们正在集结军队。
str_we_aim_to_take_the_fortress_of_s8|我们的目标是攻占{s8}要塞。
str_we_are_on_a_raid_and_are_now_targeting_s8|我们正在劫掠，目前的目标是{s8}。
str_we_are_trying_to_seek_out_and_defeat_s8|我们正在寻找{s8}，试图将其击败。
str_we_are_riding_to_the_defense_of_s8|我们正赶去保卫{s8}。
str_we_are_gathering_for_a_feast_at_s8|我们正前往{s8}赴宴。
str__however_that_may_change_shortly_s14| 不过，这一情况可能很快就会改变。{s14}
str_it_is_our_custom_to_seal_any_such_alliances_with_marriage_and_in_fact_we_have_been_looking_for_a_suitable_groom_for_my_s11_s14|按照我们的习俗，这种盟约要以婚姻来巩固。事实上，我们一直在为我的{s11}{s14}寻找合适的{新郎/新娘}。
str_once_again_|再一次
str_you_plan_to_marry_s4_as_you_have_no_family_in_calradia_he_will_organize_the_wedding_feast|你计划与{s4}成婚。由于你在已知世界没有家人，婚宴将由{她/他}操办。
str_s43_just_so_you_know_if_you_attack_me_you_will_be_in_violation_of_the_truce_you_signed_with_the_s34|{s43}提醒你一句，如果你攻击我，就会违反你与{s34}签署的停战协议。
str_very_well__you_are_now_my_liege_as_well_as_my_husband|长话短说：你如今既是我的君主，也是我的{妻子/丈夫}，我们都须履行由此而来的相互义务。
str_i_thank_you_reg39my_ladylord|谢谢你，{reg39?夫人:大人}。
str_now_some_might_say_that_women_have_no_business_leading_mercenary_companies_but_i_suspect_that_you_would_prove_them_wrong_what_do_you_say|有人或许会说，{男人/女人}不该率领佣兵队伍，但我相信你会证明他们错了。你意下如何？
str_what_do_you_say_to_entering_the_service_of_s9_as_a_mercenary_captain_i_have_no_doubt_that_you_would_be_up_to_the_task|你愿意以佣兵队长的身份为{s9}效力吗？我毫不怀疑你能胜任。
str_s9_asked_you_to_rescue_s13_who_is_prisoner_at_s24|{s9}请求你营救被囚禁在{s24}的{s13}。
str_s9_asked_you_to_attack_a_village_or_some_caravans_as_to_provoke_a_war_with_s13|{s9}请求你袭击一座村庄或一些商队，以挑起与{s13}的战争。
str_s9_asked_you_to_catch_the_three_groups_of_runaway_serfs_and_bring_them_back_to_s4_alive_and_breathing_he_said_that_all_three_groups_are_heading_towards_s3|{s9}请求你捉住三群逃奴，活着带回{s4}。他说这三群人都朝{s3}去了。
str_you_intend_to_bring_goods_to_s9_in_preparation_for_the_feast_which_will_be_held_as_soon_as_conditions_permit|你打算将货物带到{s9}，为宴会做准备；条件一旦允许，宴会便会举行。
str_hello_playername|你好，{playername}
str_ah_my_gentle_playername_how_much_good_it_does_my_heart_to_see_you_again| 再次见到你，真令我满心欢喜！有时我觉得，你我之间有种跨越距离的神秘联系。
str_playername__i_am_so_glad_to_see_you_again_i_must_say_i_do_envy_your_freedom_to_ride_out_and_experience_the_world| 不得不说，我真羡慕你能自由驰骋，见识世间万物。
str_playername__i_am_so_glad_to_see_you_i_trust_that_you_have_been_behaving_honorably_since_last_we_met| 我相信，自上次相见以来，你的言行一直光明磊落。
str_playername__i_am_so_glad_that_you_were_able_to_come| 你能前来，我真高兴。
str_i_do_enjoy_speaking_to_you_but_i_am_sure_you_understand_that_our_people_cluck_their_tongues_at_a_woman_to_spend_too_long_conversing_with_a_man_outside_her_family__although_the_heavens_know_its_never_the_man_who_is_held_to_blame_|我确实喜欢与你交谈。但我相信你也明白，若一个{reg65?女人:男孩}与{reg65?她:他}家族之外的{男人/女人}交谈太久，旁人就会嚼舌根——尽管诸神都知道，被责备的从来不是那个{男人/女人}。
str_playername__i_am_so_glad_to_see_you_again_i_must_say_i_do_envy_you_all_those_lonely_nights_on_the_road|不得不说，我真羡慕你。旅途上那些漫长而孤独的夜晚……你一定想出了各种有趣的取暖办法。你可得把你的冒险全都讲给我听；我对自己的经历已经厌倦透了。
str_leave_them_wanting_more|一场愉快的谈话，最好在变得乏味之前结束，你不觉得吗？这样才让人意犹未尽。过会儿再来找我……也许那时你已经想出更有趣的办法来吸引我。
str_as_much_as_i_enjoy_speaking_to_you_i_do_not_care_to_be_gossiped_about_by_others_who_might_lack_my_grace_and_beauty_|虽然我喜欢与你交谈，但不愿被那些不及我优雅美貌的人说闲话。
str_i_do_so_enjoy_speaking_to_you_but_as_a_daughter_of_one_of_the_great_families_of_this_land_i_must_set_an_example_of_propriety_|我确实喜欢与你交谈。但身为这片土地上一大世家的{reg65?女儿:子弟}，我必须以礼仪端正作出表率。
str_i_do_so_enjoy_speaking_to_you_but_as_a_daughter_of_good_family_i_must_protect_my_reputation_|我确实喜欢与你交谈。但身为良家的{reg65?女儿:儿子}，我必须维护自己的名誉。
str_although_it_is_kind_of_you_to_pay_me_such_attentions_i_suspect_that_you_might_find_other_ladies_who_may_be_more_inclined_to_return_your_affection|承蒙你如此关心，但我想，你或许能找到别的{reg65?女士:年轻男子}，更愿意回应你的情意。
str_youll_have_to_be_more_entertaining_than_that|哦，我当然可以回应你的情意。问题是，你能让我觉得值得吗？要想让我保持兴趣，你得比现在有趣得多。
str_as_flattered_as_i_am_by_your_attentions_perhaps_you_should_seek_out_another_lady_of_somewhat_shall_we_say_different_tastes|承蒙你的垂青，我很受用，不过你或许该另寻一位品味稍微……怎么说呢……不同的{reg65?女士:男孩}。
str_as_flattered_as_i_am_by_your_attentions_i_am_a_daughter_of_good_family_and_must_be_aware_of_my_reputation_it_is_not_seemly_that_i_converse_too_much_at_one_time_with_one_man_i_am_sure_you_understand_now_if_you_will_excuse_me|承蒙你的垂青，我很受用，但我是良家的{reg65?女儿:子弟}，必须顾及自己的名誉。一口气与同一个{男人/女人}交谈太久，有失体统。我相信你能理解。那么，请恕我告辞……
str_very_well__i_will_let_you_choose_the_time|好吧——时间由你来定。
str_good_i_am_glad_that_you_have_abandoned_the_notion_of_pushing_me_into_marriage_before_i_was_ready|太好了！你不再想着趁我尚未准备好就逼我结婚，我很高兴。
str_i_am|我是
str_s12_s11_to_s14|{s12}，是{s14}的{s11}
str_s12_i_am_here_for_the_feast|{s12}。我是来参加宴会的。
str_another_tournament_dedication_oh_i_suppose_it_is_always_flattering|又一次将比赛胜利献给我？哦，这总归让人受用……
str_do_you_why_what_a_most_gallant_thing_to_say|是吗？哎呀，这话说得真有风度。
str_hmm_i_cannot_say_that_i_altogether_approve_of_such_frivolity_but_i_must_confess_myself_a_bit_flattered|嗯……我不能说自己完全赞同这种轻佻之举，但必须承认，还是有些受用。
str_why_thank_you_you_are_most_kind_to_do_so|哎呀，谢谢你。你真是有心了。
str_you_are_most_courteous_and_courtesy_is_a_fine_virtue_|你彬彬有礼，而礼貌是一种美德。
str_hmm_youre_a_bold_one_but_i_like_that_|嗯，你胆子不小，不过我喜欢。
str_ah_well_they_all_say_that_but_no_matter_a_compliment_well_delivered_is_at_least_a_good_start_|啊，好吧，他们都这么说。不过无妨，一句得体的恭维至少是个好开头。
str_a_fine_opening_now_for_the_main_course|嗯，措辞真漂亮。我确实欣赏肯花心思说句得体恭维的男人。开头不错。我现在很好奇，你其他方面是不是也如此……精巧。
str_oh_do_you_mean_that_such_a_kind_thing_to_say|哦！你是真心的吗？你这话真体贴！
str_you_are_a_most_gallant_young_man_|你是位风度翩翩的年轻{男子/女子}。
str__do_come_and_see_me_again_soon| 请务必早些再来看我。
str_you_intend_to_ask_s12_for_permission_to_marry_s15|你打算请求{s12}准许你与{s15}成婚。
str_you_intend_to_ask_s12_to_pressure_s10_to_marry_you|你打算请求{s12}施压，让{s10}与你成婚。
str_do_be_careful_i_am_so_much_endebted_to_you_for_this|千万小心！这件事让我对你感激不尽……
str_go_then__we_shall_see_which_of_you_triumphs|那就去吧——让我们看看你们谁会获胜……
str_sigh_i_will_never_truly_understand_men_and_their_rash_actions|唉……我永远也无法真正理解{男人/女人}，以及他们那些鲁莽的行为……
str_you_intend_to_challenge_s13_to_force_him_to_relinquish_his_suit_of_s11|你打算向{s13}挑战，迫使{reg4?她:他}放弃追求{s11}。
str_farewell|再会。
str_farewell_playername|再会，{playername}。
str___we_believe_that_there_is_money_to_be_made_selling_| 我们认为，贩卖这些货物有利可图：
str__we_carry_a_selection_of_goods_although_the_difference_in_prices_for_each_is_not_so_great_we_hope_to_make_a_profit_off_of_the_whole| 我们运送多种货物。虽然每种的差价不大，但希望总体算下来能有所获利。
str_s14and_other_goods|{s14}以及其他货物。
str__have_you_not_signed_a_truce_with_our_lord| 你不是与我们的君主签订了停战协议吗？
str_parole|誓约拘押
str_normal|普通
str__meanwhile_s51_reg2areis_being_held_in_the_castle_but_reg2havehas_made_pledges_not_to_escape_and_reg2areis_being_held_in_more_comfortable_quarters| 与此同时，{s51}{reg2?等人:此人}被关在要塞里，但{reg2?他们:其}已承诺不逃跑，因此{reg2?他们:其}被安置在较舒适的住处。
str_you_may_be_aware_my_lord_of_the_quarrel_between_s4_and_s5_which_is_damaging_the_unity_of_this_realm_and_sapping_your_authority_if_you_could_persuade_the_lords_to_reconcile_it_would_boost_your_own_standing_however_in_taking_this_on_you_run_the_risk_of_one_the_lords_deciding_that_you_have_taken_the_rivals_side|{陛下/夫人}，你也许已知道，{s4}与{s5}的争执正在破坏国家的团结，削弱你的权威。若你能说服这两位领主和解，就能提高自己的威信。不过，一旦介入，其中一位领主可能会认为你偏袒对手。
str_you_may_be_aware_my_lord_of_the_quarrel_between_s4_and_s5_which_is_damaging_the_unity_of_this_realm_and_sapping_your_authority_if_you_could_persuade_the_lords_to_reconcile_i_imagine_that_s7_would_be_most_pleased_however_in_taking_this_on_you_run_the_risk_of_one_the_lords_deciding_that_you_have_taken_the_rivals_side|{大人/夫人}，你也许已知道，{s4}与{s5}的争执正在破坏国家的团结。若你能说服这两位领主和解，我想{s7}会十分高兴。不过，一旦介入，其中一位领主可能会认为你偏袒对手。
str__of_course_the_land_is_currently_at_peace_so_you_may_have_better_luck_in_other_realms| 当然，这里目前太平无事，你到别国去也许更容易找到机会。
str_here|这里
str_over|那边
str_s8_in_s12|{s12}的{s8}
str__has_put_together_a_bounty_on_some_bandits_who_have_been_attacking_travellers_in_the_area| 悬赏捉拿一些袭击当地旅人的强盗。
str__is_looking_for_a_way_to_avoid_an_impending_war| 正设法避免一场迫在眉睫的战争。
str__may_need_help_rescuing_an_imprisoned_family_member| 可能需要帮助，营救一位被囚禁的家人。
str__has_been_asking_around_for_someone_who_might_want_work_id_watch_yourself_with_him_though| 一直在四处打听，想找人替自己做事。不过，与{reg4?她:他}打交道可得小心。
str_town|城镇
str_castle|要塞
str__but_he_is_holding_there_as_a_prisoner_at_dungeon_of_s13| 但{reg4?她:他}是囚犯，被关在那里的{s13}地牢中。
str_they_say_that_s9_is_a_most_conventional_maiden__devoted_to_her_family_of_a_kind_and_gentle_temperament_a_lady_in_all_her_way|听说{s9}是位非常循规蹈矩的{reg4?少女:小伙子}，一心顾念{reg4?她:他}的家人，性情温柔善良，无论从哪方面看，{reg4?她:他}都是位端正的{reg4?淑女:年轻绅士}。
str_they_say_that_s9_is_a_bit_of_a_romantic_a_dreamer__of_a_gentle_temperament_yet_unpredictable_she_is_likely_to_be_led_by_her_passions_and_will_be_trouble_for_her_family_ill_wager|听说{s9}有些浪漫，爱做梦——性情温柔，却难以捉摸。{reg4?她:他}很可能受{reg4?她:他}的感情左右。我敢说，这会给{reg4?她:他}的家人惹麻烦。
str_they_say_that_s9_is_determined_to_marry_well_and_make_her_mark_in_the_world_she_may_be_a_tremendous_asset_for_her_husband__provided_he_can_satisfy_her_ambition|听说{s9}一心想缔结良缘，让{reg4?她:他}的名字在世上有所分量。{reg4?她:他}也许会成为{reg4?丈夫:妻子}的一大助力——前提是{reg4?他:她}能满足{reg4?她:他}的野心！
str_they_say_that_s9_loves_to_hunt_and_ride_maybe_she_wishes_she_were_a_man_whoever_she_marries_will_have_a_tough_job_keeping_the_upper_hand_i_would_say|听说{s9}热爱狩猎骑马。也许{reg4?她:他}希望{reg4?她:他}自己是个{reg4?男人:女人}！我看，不管{reg4?她:他}与谁结婚，对方想占上风都不容易。
str_gossip_hedonistic_decadent_spender|听说{s9}整日流连宴会和广场。据说{reg4?她:他}对丝绸、香水和异国享乐的欲望永无止境。谁要是与{reg4?她:他}成婚，光是让{reg4?她:他}开心，就得有一位总督的金库才行。
str_they_say_that_s9_is_a_lady_of_the_highest_moral_standards_very_admirable_very_admirable__and_very_hard_to_please_ill_warrant|听说{s9}是位道德标准极高的{reg4?淑女:年轻绅士}。非常令人钦佩，确实令人钦佩——不过我敢说，也非常难讨好。
str_s9_is_now_betrothed_to_s11_soon_we_believe_there_shall_be_a_wedding|{s9}已经与{s11}订婚。我们相信，婚礼很快就会举行！
str_i_have_not_heard_any_news_about_her|我没有听说关于{reg4?她:他}的消息。
str_they_say_that_s9_has_shown_favor_to_s11_perhaps_it_will_not_be_long_until_they_are_betrothed__if_her_family_permits|听说{s9}对{s11}颇有好感。也许不久后他们就会订婚——只要{reg4?她:他}的家人允许。
str_they_say_that_s9_has_been_forced_by_her_family_into_betrothal_with_s11|听说{s9}被{reg4?她:他}的家人强迫与{s11}订婚。
str_they_say_that_s9_has_agreed_to_s11s_suit_and_the_two_are_now_betrothed|听说{s9}接受了{s11}的求婚，两人如今已经订婚。
str_they_say_that_s9_under_pressure_from_her_family_has_agreed_to_betrothal_with_s11|听说{s9}迫于{reg4?她:他}家人的压力，答应与{s11}订婚。
str_they_say_that_s9_has_refused_s11s_suit|听说{s9}拒绝了{s11}的求婚。
str_they_say_that_s11_has_tired_of_pursuing_s9|听说{s11}已经厌倦追求{s9}了。
str_they_say_that_s9s_family_has_forced_her_to_renounce_s11_whom_she_much_loved|听说{s9}的家人强迫{reg4?她:他}放弃深爱的人{s11}，尽管{reg4?她:他}很爱对方。
str_they_say_that_s9_has_run_away_with_s11_causing_her_family_much_grievance|听说{s9}与{s11}私奔，让{reg4?她:他}的家人十分痛心。
str_they_say_that_s9_and_s11_have_wed|听说{s9}与{s11}已经成婚。
str_they_say_that_s9_was_recently_visited_by_s11_who_knows_where_that_might_lead|听说{s11}最近去拜访了{s9}。谁知道接下来会怎样！
str_there_is_not_much_to_tell_but_it_is_still_early_in_the_season|没什么可说的，不过这个时节才刚开始。
str_s12there_is_a_feast_of_the_s3_in_progress_at_s4_but_it_has_been_going_on_for_a_couple_of_days_and_is_about_to_end_|{s12}{s3}正在{s4}举行宴会，不过已经持续了几天，即将结束。
str_s12there_is_a_feast_of_the_s3_in_progress_at_s4_which_should_last_for_at_least_another_day_|{s12}{s3}正在{s4}举行宴会，应该至少还会持续一天。
str_s12there_is_a_feast_of_the_s3_in_progress_at_s4_which_has_only_just_begun_|{s12}{s3}正在{s4}举行宴会，才刚刚开始。
str_s12there_is_a_feast_of_the_s3_in_progress_at_s4_which_has_only_just_begun_2|{s12}{s3}正在{s4}举行宴会，已经过了一天，可能还会持续几天。
str_not_at_this_time_no|眼下没有。
str_s12the_great_lords_bring_their_daughters_and_sisters_to_these_occasions_to_see_and_be_seen_so_they_represent_an_excellent_opportunity_to_make_a_ladys_acquaintance|{s12}大领主们会带着女儿和姐妹出席这类场合，既看看别人，也让别人看看她们，因此这是结识女士的绝佳机会。
str_you_will_not_be_disappointed_sirmadam_you_will_not_find_better_warriors_in_all_calradia|{先生/女士}，你不会失望的。整个已知世界都找不到更好的战士。
str_your_excellency|阁下
str_s10_and_s11|{s10}与{s11}
str_your_loyal_subjects|你忠诚的臣民
str_loyal_subjects_of_s10|{s10}忠诚的臣民
str_we|我们
str_track_down_s7_and_defeat_him_defusing_calls_for_war_within_the_s11|追踪并击败{s7}，平息{s11}内部要求开战的呼声。
str_track_down_the_s9_who_attacked_travellers_near_s8_then_report_back_to_the_town|追踪袭击{s8}附近旅人的{s9}，然后返回城镇报告。
str_do_you_wish_to_award_it_to_one_of_your_vassals|你想把它封给一位将领吗？
str_who_do_you_wish_to_give_it_to|你想把它交给谁？
str_sire_my_lady_we_have_taken_s1_s2|{陛下/夫人}，我们已攻占{s1}。{s2}
str_s12i_want_to_have_s1_for_myself|{s12}我想把{s1}留给自己。{s2}
str_fiefs_s0|（封地：{s0}）
str_production_setting_buy_from_market|我们从市场购买原料。
str_production_setting_buy_from_inventory|我们只使用库存中的原料。
str_production_setting_produce_to_inventory|我们将产品存入仓库。
str_production_setting_produce_to_market|我们直接将产品卖入库存。
str_feast_quest_expired|你未能按计划举办宴会。很可能是阵营的大规模战役或其他事件从中干扰。如有意愿，你可以再次尝试举办宴会。
str_mulberry_groves|英亩桑树林
str_olive_groves|英亩橄榄园
str_acres_flax|英亩亚麻田
str_enterprise_enemy_realm|{先生/女士}，你是本国的敌人。我们不能允许你在这里购买土地。
str_you_intend_to_denounce_s14_to_s13_on_behalf_of_s12|你打算代表{s12}，私下向{s13}谴责{s14}
str_you_intend_to_denounce_s14_to_his_face_on_behalf_of_s14|你打算代表{s12}，当面公开谴责{s14}
str_you_intend_to_bring_gift_for_s14|你打算将天鹅绒和珠宝带给{s12}。然后与{s14}交谈，看看{s12}是否促成了和解。
str_we_will_gather_the_army_but_not_ride_until_we_have_an_objective|我们会集结军队，但在确定目标之前不会出征。
str_we_shall_lay_siege_to_an_easy_fortress_to_capture|我们正集中兵力攻击他们防备最薄弱的要塞。
str_we_shall_strike_at_the_heart_of_our_foe_and_seize_the_fortress_of_s14|我们打算给他们造成尽可能沉重的打击。
str_we_shall_take_the_fortress_of_s14_which_appears_easily_defensible|我们打算攻占一座便于防守的要塞。
str_we_shall_cut_a_fiery_trail_through_their_richest_lands_to_draw_them_out_to_battle|我们让战火烧过他们最富庶的土地，以引他们出战。
str_strategy_criticism_rash|我认为这个战略太鲁莽，令我军无谓地陷入险境。
str_strategy_criticism_cautious|我认为这个战略过于谨慎，会让我们的军队因无所事事而瓦解，最终一事无成。
str_tavernkeeper_invalid_quest| 似乎有些事情在忙，但我记不清细节了。
str_culture_1_title_male|韦雷洪（Verehon）{s0}
str_culture_2_title_male|韦尔戈贝特（Vergobet）{s0}
str_culture_2_1_title_male|韦尔戈贝特（Vergobet）{s0}
str_culture_3_title_male|巴特萨（Batesa）{s0}
str_culture_4_title_male|赫莱巴瓦尔达兹（Hlaibawardaz）{s0}
str_culture_5_title_male|甘扎尔巴拉（Ganzarbara）{s0}
str_culture_6_title_male|阿尔格巴德（Argbadh）{s0}
str_culture_8_title_male|大祭司（Kohen Gadol）{s0}
str_culture_9_title_male|将军（Strategos）{s0}
str_culture_10_title_male|拉布（Rabb）{s0}
str_culture_11_title_male|马斯（Mass）{s0}
str_culture_12_title_male|马斯（Mass）{s0}
str_culture_13_title_male|佩塞托（Peseto）{s0}
str_culture_14_title_male|刹多罗波（Kshatrapa）{s0}
str_culture_15_title_male|莫拉特（Morat）{s0}
str_culture_16_title_male|内布（Neb）{s0}
str_culture_17_title_male|将军（Strategos）{s0}
str_culture_1_title_male_leader|雷索斯（Rhesos）{s0}
str_culture_2_title_male_leader|里格（Rig）{s0}
str_culture_2_1_title_male_leader|里格（Rig）{s0}
str_culture_3_title_male_leader|萨亚尔（Sayal）{s0}
str_culture_4_title_male_leader|库宁加兹（Kuningaz）{s0}
str_culture_5_title_male_leader|沙阿（Shah）{s0}
str_culture_6_title_male_leader|沙汗沙阿（Shahan Shah）{s0}
str_culture_7_title_male_leader|凯撒·奥古斯都{s0}
str_culture_8_title_male_leader|梅勒赫（Melech）{s0}
str_culture_9_title_male_leader|巴西琉斯（Basileus）{s0}
str_culture_10_title_male_leader|马利克（Malik）{s0}
str_culture_11_title_male_leader|阿盖利德（Agellid）{s0}
str_culture_12_title_male_leader|阿盖利德（Agellid）{s0}
str_culture_13_title_male_leader|科雷（Qore）{s0}
str_culture_14_title_male_leader|沙阿（Shah）{s0}
str_culture_15_title_male_leader|马尔卡（Malka）{s0}
str_culture_16_title_male_leader|法老{s0}
str_culture_17_title_male_leader|巴西琉斯（Basileus）{s0}
str_culture_7_title_male_leader_civil_war|统帅{s0}
str_culture_any_title_male_leader_roman|国王{s0}
str_culture_any_title_male_roman|军团保民官{s0}
str_culture_any_title_female_leader_roman|女王{s0}
str_culture_any_title_female_roman|夫人{s0}
str_culture_1_title_female|齐娅（Zia）{s0}
str_culture_2_title_female|蒂格尔纳（Tigerna）{s0}
str_culture_2_1_title_female|蒂格尔纳（Tigerna）{s0}
str_culture_3_title_female|巴努（Banu）{s0}
str_culture_4_title_female|赫莱巴迪吉奥（Hlaibadigjo）{s0}
str_culture_6_title_female|巴努格（Banug）{s0}
str_culture_7_title_female|夫人{s0}
str_culture_9_title_female|基里娅（Kyria）{s0}
str_culture_10_title_female|拉巴（Rabbah）{s0}
str_culture_11_title_female|塔马斯特（Tamasst）{s0}
str_culture_12_title_female|塔马斯特（Tamasst）{s0}
str_culture_14_title_female|巴努卡（Banuka）{s0}
str_culture_15_title_female|马尔托（Marto）{s0}
str_culture_16_title_female|内布（Neb）{s0}
str_culture_17_title_female|基里娅（Kyria）{s0}
str_culture_1_title_female_leader|雷齐尼（Rezini）{s0}
str_culture_2_title_female_leader|里加尼（Rigani）{s0}
str_culture_2_1_title_female_leader|里加尼（Rigani）{s0}
str_culture_3_title_female_leader|巴努（Banu）{s0}
str_culture_4_title_female_leader|奎尼兹（Kweniz）{s0}
str_culture_5_title_female_leader|沙赫巴努（Shahbanu）{s0}
str_culture_6_title_female_leader|班比什恩（Bambishn）{s0}
str_culture_7_title_female_leader|奥古斯塔{s0}
str_culture_9_title_female_leader|塞巴斯特（Sebaste）{s0}
str_culture_10_title_female_leader|马利卡（Malikah）{s0}
str_culture_11_title_female_leader|塔盖利德特（Tagellidt）{s0}
str_culture_12_title_female_leader|塔盖利德特（Tagellidt）{s0}
str_culture_13_title_female_leader|坎达刻（Kandake）{s0}
str_culture_14_title_female_leader|巴努卡（Banuka）{s0}
str_culture_15_title_female_leader|马尔卡（Malka）{s0}
str_culture_16_title_female_leader|赫姆特内苏特（Hmt-nswt）{s0}
str_culture_17_title_female_leader|塞巴斯特（Sebaste）{s0}
str_name_kingdom_text|你的国家要叫什么名字？
str_default_kingdom_name|{s0}的王国
str_lord_defects_ordinary|领主叛离^^{s1}撤回了{reg4?她:他}对{s3}的效忠，加入了{s2}
str_lord_defects_player|领主叛离^^{s1}撤回了{reg4?她:他}对{s3}的效忠。{reg4?她:他}暂时加入了你的王国。如有意愿，你可以前往宫廷接受效忠誓言。
str_lord_defects_player_faction|领主叛离^^{s1}撤回了{reg4?她:他}对{s3}的效忠。{reg4?她:他}暂时加入了你的王国。如有意愿，你可以前往宫廷接受效忠誓言。
str_lord_indicted_dialog_approach|您好，{大人/夫人}。你也许已听说，我遭到了{s10}的不公对待。你素有善待{他/她}的同伴和将领的名声，若你肯收留我，我将荣幸地宣誓成为你的封臣。
str_lord_indicted_dialog_approach_yes|我也很荣幸接受你的效忠。
str_lord_indicted_dialog_approach_no|抱歉，我不需要你效力。
str_lord_indicted_dialog_rejected|是吗？看来你的名声或许并不属实。告辞，{大人/夫人}——我要去看看，已知世界是否有别的统治者更赏识我的才能。
str__has_been_worried_about_bandits_establishing_a_hideout_near_his_home| 一直担心强盗在{reg4?她:他}的辖区建立藏身处。
str_bandit_lair_quest_description|找到并摧毁{s9}，然后向{s11}报告。
str_bandit_hideout_preattack|你接近了藏身处。{s4}似乎还没有发现你，你仍可以悄悄离开而不被察觉。通往此处的道路艰险——{s5}——因此，你的队伍只有少数士兵能够参与进攻，而且不能带马。如果首次进攻失败，{s4}就能轻易逃脱，四散而去。你要进攻藏身处，还是等待其他时机？
str_bandit_hideout_failure|{s4}击退了你的进攻。你需要重整队伍，重新考虑行动。
str_bandit_hideout_success|退路被切断后，{s4}在你的坚决进攻下一一倒下。他们的藏身处和不义之财，如今都归你所有。
str_bandit_approach_desert|需要穿越沙漠
str_bandit_approach_defile|需要沿狭窄的山隘下行
str_bandit_approach_swamp|需要穿越松林沼泽
str_bandit_approach_thickets|需要穿越一片片茂密灌木
str_bandit_approach_cliffs|需要沿峭壁旁的小径攀登
str_bandit_approach_cove|需要沿切入海崖的溪床下行
str_political_explanation_lord_lacks_center|这次，封地应当授予一位既无土地又无收入的领主。
str_political_explanation_lord_took_center|这次，要塞应当授予攻下它的人。
str_political_explanation_most_deserving_friend|这次，我考量了亲近的朋友与同伴，决定把封地授予其中最有资格的人。
str_political_explanation_most_deserving_in_faction|这次，我考量了全国的领主，决定把封地授予其中最有资格的人。
str_political_explanation_self|既然没有其他明确合适的人选，我提名自己。
str_political_explanation_marshal|我选择了贵族中最勇武的一位；此人深得我信任，目前也没有受到争议的玷污。
str_prisoner_at_large|逃了出来，因为俘获者在战斗中被击败了。我想你的朋友很快就会重新出现。
str_quick_battle_scene_1|意大利丘陵
str_quick_battle_scene_2|沙漠
str_quick_battle_scene_3|山林
str_quick_battle_scene_4|弗拉维圆形竞技场
str_quick_battle_scene_5|卡农图姆圆形竞技场
str_quick_battle_troop_1|Eques（复数equites）是拉丁语中通常表示骑手或骑兵的词。早期的骑马角斗士装备较轻，使用剑或矛，身穿鳞甲，持中等大小的骑兵圆盾（parma equestris），头戴有帽檐的头盔，饰有两根羽毛而无盔冠。后来的形制还配有保护腿部的胫甲，右臂佩戴护臂（manica），身穿束腰无袖短衣。一般而言，他们只与其他骑马角斗士交战。
str_quick_battle_troop_2|这是一个现代术语，泛指任何类型的女性角斗士。与男性同行一样，女性角斗士在各种竞技活动和节庆中彼此厮杀，或与野兽搏斗，为观众提供娱乐。我们对她们所知甚少。可以肯定的是，在观众眼中，她们几乎必然是罕见的新奇事物。关于她们存在的证据，仅见于罗马上层人士留下的少量记述，以及极少数铭文。
str_quick_battle_troop_3|色雷斯式角斗士称为Thraex，复数Thraeces，意为“色雷斯人”。他们穿戴与重装角斗士相同的护甲，头戴包住整个头部的宽檐头盔，以盔冠前部或正面的狮鹫造型为特征（狮鹫是复仇女神涅墨西斯的伴兽），持小圆盾或小方盾（parmula），并佩戴两片长及大腿的胫甲。他们的武器是色雷斯弯剑（sica或falx，长约34厘米，即13英寸）。高卢与罗马议和后，这类角斗士被引入，以取代高卢式角斗士。他们通常与鱼盔角斗士或重装角斗士交战。
str_quick_battle_troop_4|网斗士（retiarius，意为“持网战士”）出现于奥古斯都统治早期。他们携带三叉戟和渔网，装备仿照渔夫。网斗士用宽腰带固定缠腰布，并佩戴一件较大的护臂（manica），延伸至肩部及左侧胸膛。他们不戴头盔。有时还会加上一块金属护肩（galerus），保护颈部与下半张脸。在罗马尼亚发现的一块墓碑上，网斗士手中所持并非常见的有刃匕首，而是一把带四根尖刺的匕首，尖刺分别位于方形护手的四角。人们曾认为这只是艺术虚构，或许是仪式用武器，但最近发现的一处角斗士墓地中，有几具遗骸的骨头上出现了四个奇特的伤痕，呈方形分布，与这种武器的使用相吻合。一种特殊比赛形式是网斗士同时面对两名追击式角斗士。网斗士站在带台阶的桥或高台上，身边放着一堆拳头大小的石块，用来投掷对手。网斗士试图阻止对方靠近，而追击式角斗士则设法爬上高台攻击他。这种平台称作pons（桥），可能建在水上。网斗士通常对阵追击式角斗士，有时也会对阵鱼盔角斗士。另外还有一类被认为举止女性化的角斗士，称为retiarius tunicatus。他们穿着短衣，以区别于普通网斗士；在社会地位上，他们甚至被视为比受辱籍者（infamia）更低的一类人。
str_quick_battle_troop_5|鱼盔角斗士称为murmillo（复数murmillones），也写作myrmillo。他们头戴盔冠饰有鱼形图案的头盔（mormylos，即海鱼），佩戴护臂（manica），身着缠腰布和腰带，右腿有护腿，脚背缠有厚布，并配一片很短的胫甲，其下端留有容纳脚背衬垫的凹口。这是一类重装角斗士，携带短剑（gladius，长64至81厘米）和军团士兵式的高大长方盾。鱼盔角斗士通常与色雷斯式角斗士配对，有时也对阵装备相近的重装角斗士。
str_quick_battle_troop_6|弓箭角斗士（sagittarius）使用反曲弓，能将箭射到很远的地方。
str_quick_battle_troop_7|斯巴达克斯是一名色雷斯角斗士，与高卢人克里克苏斯、甘尼库斯、卡斯图斯和俄诺马俄斯一起，成为第三次奴隶战争中逃亡奴隶的领袖之一。这是一场反抗罗马共和国的大规模奴隶起义。除战争中的事迹外，人们对斯巴达克斯所知甚少；现存史料有时相互矛盾，也并非总是可靠。不过，所有史料都认同，他曾是一名角斗士，也是一位出色的军事领袖。^一些人将这场起义视为受压迫者反抗蓄奴寡头、争取自由的典范，它激励了许多政治思想家，也出现在文学、电视和电影中。虽然古典史家并未明确否定这种解读，但没有历史记载提到，起义的目标是终结共和国的奴隶制度。
str_quick_battle_troop_8|布狄卡是不列颠凯尔特伊西尼部族的女王，于公元60或61年领导起义，反抗罗马帝国占领军；起义失败后不久，她便去世，据说是服毒自尽。她被视为不列颠的民间英雄。布狄卡的丈夫普拉苏塔古斯以罗马名义上独立的盟友身份统治，在遗嘱中将王国共同留给自己的女儿和罗马皇帝。然而，他去世后，遗嘱遭到无视，王国被吞并，财产被夺走。据塔西佗记载，布狄卡遭到鞭打，她的女儿被强奸。卡西乌斯·狄奥则在解释布狄卡的反抗时称，先前皇帝赐予不列颠权贵的赠款被追回，而罗马金融家兼哲学家塞涅卡也要求收回他曾强迫不情愿的不列颠人接受的贷款。公元60或61年，罗马总督盖乌斯·苏埃托尼乌斯·保利努斯正在威尔士西北海岸外的安格尔西岛征战，布狄卡趁机率领伊西尼人、特里诺万特人等起义。他们摧毁了卡穆洛杜努姆。苏埃托尼乌斯得知起义消息后，急忙赶往叛军的下一个目标伦迪尼乌姆。他兵力不足，无法保卫这座城镇，于是组织撤离，放弃了伦迪尼乌姆。布狄卡率领由伊西尼人、特里诺万特人等组成的大军，击败了第九西班牙军团的一支分队，并焚毁了伦迪尼乌姆和维鲁拉米乌姆。据估计，布狄卡的追随者在这三座城市杀死了七万至八万名罗马人和不列颠人，其中许多人遭受酷刑。与此同时，苏埃托尼乌斯重整军队，尽管人数远少于对方，仍决定性地击败了不列颠人。布狄卡随后或为避免被俘而自尽，或因病去世。
str_quick_battle_troop_9|日耳曼尼库斯（拉丁语名Germanicus Julius Caesar，公元前15年5月24日—公元19年10月10日）是尤利乌斯—克劳狄王朝成员，也是罗马帝国一位杰出的将领，以在日耳曼尼亚的战役著称。他是尼禄·克劳狄乌斯·德鲁苏斯与小安东尼娅之子，出身于贵族克劳狄氏族一个颇具影响力的支系。公元前9年，其父因在日耳曼尼亚的胜利而被追授“日耳曼尼库斯”称号，这一称号也被加入他的全名。公元4年，他被父亲的兄弟提比略收养；十年后，提比略继承奥古斯都，成为罗马皇帝。因此，日耳曼尼库斯正式成为尤利乌斯氏族的一员，他的母系原本就与这个显赫家族有亲缘关系。随后，他与奥古斯都的外孙女大阿格里皮娜结婚，进一步巩固了与尤利乌斯家族的联系。他也是提比略的侄子、卡利古拉的父亲，以及尼禄的外祖父。
str_quick_battle_troop_10|朱古达（约公元前160年—前104年）是努米底亚国王，生于基尔塔。他主要因与罗马共和国进行的朱古达战争（公元前112年—前106年）而闻名，最终被盖乌斯·马里乌斯与科尔内利乌斯·苏拉击败。
str_tutorial_training_ground_intro_message|在训练场四处走走，与战士交谈，练习《骑马与砍杀》战斗的各个方面。你可以使用A、S、D、W键移动。要与人物交谈，请靠近对方，直到屏幕显示其姓名，然后按F键。你也可以用F键拾取物品、开门以及与物体互动。随时按Tab键即可退出教程。
str_siege_offense|竞技场战斗
str_biography|背景
str_enemy|敌人
str_faction|阵营
str_army_composition|军队编制
str_army_size|军队规模
str_reg0_men|{reg0}人
str_start|开始
str_i_need_to_raise_some_men_before_attempting_anything_else|在尝试其他事情之前，我需要先招募一些士兵
str_we_are_currently_at_peace|我们目前处于和平时期。
str_the_marshalship|元帅之职
str_you|你
str_myself|我自己
str_my_friend_s15|我的朋友{s15}
str_comment_intro_liege_affiliated_to_player|听说你要质疑我对王位的宣称。不用说，这消息令我很不高兴。不过，我们仍然可以谈谈。
str_comment_intro_liege_affiliated_to_player_emperor|听说你是罗马的新任元首。终于有幸与你相识。
str_s21_the_s8_declared_war_out_of_personal_enmity|{s21}{s8}因私人仇怨而宣战
str_s21_the_s8_declared_war_in_response_to_border_provocations|{s21}{s8}为回应边境挑衅而宣战
str_s21_the_s8_declared_war_to_curb_the_other_realms_power|{s21}{s8}为遏制对方国家的势力而宣战
str_s21_the_s8_declared_war_to_regain_lost_territory|{s21}{s8}为收复失地而宣战
str_we_are_conducting_recce|我们先侦察这一带，再决定如何行动。
str__family_|^家族：
str_center_party_to_far_away|并非我们的目标，因为那里离我军主力太远。
str_center_party_not_active|并非我们的目标，因为我们没有已率军出征的领袖。
str_center_party_looted|最近已经遭到劫掠。
str_center_is_friendly|不是我们的敌人。
str_center_is_already_besieged|已经被围攻。
str_center_is_not_the_right_time_to_attack|不是合适的目标。现在并非进攻的良机。
str_center_is_looted_or_raided_already|已经遭到蹂躏。
str_center_marshal_does_not_want_to_attack_innocents|住着普通百姓，若这片土地遭到蹂躏，受苦最深的就是他们。
str_center_we_have_already_committed_too_much_time_to_our_present_siege_to_move_elsewhere|已经被围攻，因此转往别处是错误的。
str_center_we_are_already_here_we_should_at_least_loot_the_village|就在附近，我们应当夺取那里的财富，再摧毁余下的一切。
str_center_far_away_our_cautious_marshal_does_not_wish_to_reconnoiter|太远了，连侦察都难以进行。
str_center_far_away_even_for_our_aggressive_marshal_to_reconnoiter|太远了，连侦察都难以进行。
str_center_far_away_reason|{s6}比{s5}离我们的据点更远，因此攻占后也更难守住。
str_center_closer_but_this_is_not_enought|{s6}比{s5}离我们的边境更近，但由于其他原因，我们暂时不进攻{s6}。
str_center_protected_by_enemy_army_aggressive|受到敌军保护，据我们判断，这支敌军远比我军强大。
str_center_protected_by_enemy_army_cautious|受到一支敌军保护，据我们判断，对方太强，无法确保交战获胜。
str_center_cautious_marshal_believes_center_too_difficult_to_capture|需要经过一场血腥而危险的围城战才能攻下。
str_center_even_aggressive_marshal_believes_center_too_difficult_to_capture|防御过于坚固，无法攻克。
str_center_value_outweighed_by_difficulty_of_capture|价值不够高，不值得付出攻打的代价
str_center_value_justifies_the_difficulty_of_capture|可以攻下，而且价值足够高，值得进攻。
str_center_is_indefensible|离我们的其他要塞太远，难以守住。
str_we_are_waiting_for_selection_of_marshal|我们正在等待选出元帅
str_best_to_attack_the_enemy_lands|考虑到我军规模，我们认为最好的办法是进攻敌人的领土。
str_we_believe_the_fortress_will_be_worth_the_effort_to_take_it|我们认为，这座要塞值得付出代价去攻占。
str_we_will_gather_to_defend_the_beleaguered_fortress|我们将集结起来，保卫被围困的要塞
str_the_enemy_temporarily_has_the_field|敌人暂时占据战场优势，我们应当避其锋芒，等待风波过去
str_center_has_not_been_scouted|近期未经过我军侦察，但我们可以前往那里，待靠近后再决定如何行动。
str_we_have_assembled_some_vassals|我们已经召集了一些将领，但要等更多人到齐，再进入敌境。
str_we_are_waiting_here_for_vassals|我们正在等待将领们前来会合。
str_we_are_travelling_to_s11_for_vassals|我们正前往{s11}，以便将领们在出征之前更容易加入大军。
str_center_strength_not_scouted|我们最近没有侦察那里，不知道防守有多严密
str_center_strength_strongly_defended|我们认为那里防御严密
str_center_strength_moderately_defended|我们认为那里防守尚可
str_center_strength_weakly_defended|我们认为那里防御薄弱
str_center_distant_from_concentration|离我们比离已探明位置的敌军主力更近，可以在对方作出反应之前发动攻击并将其摧毁
str_tutorial_training_ground_warning_no_weapon|嘿，开始练习之前，你不觉得自己需要一件武器吗？那边应该有些备用武器，去拿一件吧。
str_tutorial_training_ground_warning_shield|你需要先收起盾牌。向下滚动鼠标滚轮即可收起盾牌。
str_tutorial_training_ground_warning_melee_with_parry|这项练习需要手持近战武器。
str_tutorial_training_ground_warning_melee|向上滚动鼠标滚轮即可装备武器。向上滚动会切换到下一件武器，向下滚动则会切换到下一面盾牌。
str_tutorial_training_ground_attack_training|成功攻击次数：{reg0}/5^失败攻击次数：{reg1}^{s0}
str_tutorial_training_ground_attack_training_down|进行刺击！（按住鼠标左键时向下移动鼠标）
str_tutorial_training_ground_attack_training_up|进行上劈！（按住鼠标左键时向上移动鼠标）
str_tutorial_training_ground_attack_training_left|从左侧攻击！（按住鼠标左键时向左移动鼠标）
str_tutorial_training_ground_attack_training_right|从右侧攻击！（按住鼠标左键时向右移动鼠标）
str_tutorial_training_ground_parry_training|成功格挡次数：{reg0}/5
str_tutorial_training_ground_chamber_training|成功弹反次数：{reg0}/5
str_tutorial_training_ground_archer_training|准确命中次数：{reg0}/3^{s0}
str_tutorial_training_ground_ammo_refill|教程已为你补充弹药。
str_tutorial_training_ground_archer_text_1|靠近{s0}，按F键拾取。
str_tutorial_training_ground_archer_text_2|现在射击靶子。
str_tutorial_training_ground_archer_text_3|准星大小表示你的精度。按住鼠标左键，直到准星缩到最小。准星最小时松开鼠标左键。如果等待太久，准星会再次扩大。
str_tutorial_training_ground_archer_text_4|按R键切换第一人称视角。第一人称视角更便于使用远程武器瞄准。
str_tutorial_training_ground_archer_text_5|你已射中所有靶子。现在再次与训练师交谈。
str_tutorial_training_ground_horseman_text_1|走到{s0}旁边，按F键拾取。
str_tutorial_training_ground_horseman_text_2|靠近马匹，按F键上马。
str_tutorial_training_ground_horseman_text_3|骑向下一个路标。
str_tutorial_training_ground_horseman_text_4|攻击下一个头顶有箭头的假人！
str_tutorial_training_ground_horseman_text_5|射击头顶有箭头的箭靶！
str_tutorial_training_ground_horseman_text_6|你已成功完成练习。现在返回训练师身边，与他交谈。
str_the_great_lords_of_your_kingdom_plan_to_gather_at_your_hall_in_s10_for_a_feast|你王国的大领主们计划在你位于{s10}的大厅中欢聚宴饮
str_your_previous_court_some_time_ago|你先前的宫廷，一段时间以前，
str_awaiting_the_capture_of_a_fortress_which_can_serve_as_your_court|正等待收复一座可以作为宫廷的要塞。
str_but_if_this_goes_badly| 我重视你的建议。但若事情办砸了，我会让你负责。
str_i_realize_that_you_are_on_good_terms_with_s4_but_we_ask_you_to_do_this_for_the_good_of_the_realm| 我知道你与{s4}关系不错，但这一切都是为了国家的利益。
str_i_realize_that_you_are_on_good_terms_with_s4_but_the_blow_will_hurt_him_more|我知道你与{s4}关系不错——可这只会让你的打击对他更加沉重！
str_killed_bandit_at_alley_fight|卢卡里乌斯带你前往他的住处。他显得十分紧张，不断四处张望，确认没有人跟踪你们。抵达他家后，他走近你，准备开口……
str_wounded_by_bandit_at_alley_fight|你被击倒了。然而，在失去意识前，你听见喊声和一阵急促的脚步声……醒来时，你发现自己躺在屋内，虽然虚弱，却还活着。
str_cannot_leave_now|现在无法离开。
str_press_tab_to_exit_from_town|现在按Tab键离开。在游戏中的任何地点，你都可以按Tab键快速退出。
str_find_the_lair_near_s9_and_free_the_brother_of_the_prominent_s10_merchant|找到{s9}附近的强盗巢穴，救出{s10}商人的兄弟。
str_please_sir_my_lady_go_find_some_volunteers_i_do_not_know_how_much_time_we_have|若想不辜负我对你的信任，就快些行动。去找些志愿兵。我不确定还剩多少时间。
str_you_need_more_men_sir_my_lady|听着，你还需要更多人手。现在你队伍里只有{reg0}人。若带着太少的人进攻，你倒可能戴着镣铐被拖到他们的藏身处去，但这可不是我们的计划。别冒这个险。再去几个村庄找些志愿兵，然后就能以牙还牙了。
str_good_you_have_enough_men|好，好。你干得不错，人手已经够了。现在去敲开几个劫匪的脑袋，逼他们说出藏身处的位置。
str_do_not_waste_time_go_and_learn_where_my_brother_is|听着，{先生/夫人}，眼下时间紧迫。请你去查明他们把我兄弟藏在哪里，我将感激不尽。
str_start_up_quest_message_1|{s9}希望你招募至少十个人，可以是投石兵之类的廉价佣兵，也可以从附近村庄招募。召集这些人后，去找他交谈。他在{s1}的酒馆里。
str_start_up_quest_message_2|找到并击败潜伏在{s9}附近的一伙强盗，查明雇主的兄弟被带到了哪里。
str_start_up_quest_message_3|从{s9}附近的劫匪藏身处救出商人的兄弟。
str_start_up_first_quest|你已接到第一个任务。在游戏中随时按Q键即可查看任务日志。
str_reason_1|我们目前的目标更有价值。
str_reason_2|对{s8}的攻击给我国带来的危险更大。
str_reason_3|我们认为{s8}面临更迫切的威胁
str_reason_4|这可能与该地区敌军的规模有关。
str_reason_5|我不确定。
str_reason_6|我们不知道那里防守有多严密。
str_reason_7|我们认为那里防御严密。
str_reason_8|我们认为那里防守尚可。
str_reason_9|我们认为那里防御薄弱。
str_has_decided_that_an_attack_on_|决定进攻
str_this_would_be_better_worth_the_effort|考虑到它的价值、距离以及可能的守军人数，这个目标更值得付出努力。
str_has_decided_to_defend_|决定防守
str_before_going_offensive_we_should_protect_our_lands_if_there_is_any_threat_so_this_can_be_reason_marshall_choosed_defending_s4|进攻之前，若我们的领土受到威胁，就应先加以保护。这可能就是元帅选择防守{s4}的原因。
str_are_you_all_right|首先，容我自我介绍。我叫盖乌斯·卢卡里乌斯，是个商人，出身于一个虽小却颇有名望的家族。
str_you_are_awake|啊——你醒了。很高兴你还能走路。幸亏我们经过。我当时正在与巡卫交谈，听见打斗声，就跑来查看。我们来得不够及时，没能阻止你被打倒，但也许救了你一命，免得你被割断喉咙……现在……也许你能帮我一个忙……^不过首先，容我自我介绍。我叫盖乌斯·卢卡里乌斯，是个商人，出身于一个虽小却颇有名望的家族。
str_save_town_from_bandits|从强盗手中救出{s9}。
str_you_fought_well_at_town_fight_survived|哈！干得好——我至少看见三个敌人倒在你面前。照这样打下去，你一定能闯出名堂。我还想把这把罗马短剑送给你，我想你能好好运用它。
str_you_fought_normal_at_town_fight_survived|干得好！我听说你干掉了一两个混蛋，而且自己还站着。一场战斗能有这样的结果，还有什么可求的呢……
str_you_fought_bad_at_town_fight_survived|嗯，敌人已经逃跑，看起来你还站得住。说到底，打仗最重要的就是这个。
str_you_fought_well_at_town_fight|啊！你醒了。刚才那一下可够重的。不过有个好消息！我们打败了他们——而且你倒下之前，也让他们吃了不少苦头。若没有你，事情可能会糟得多。我很感激你……
str_you_wounded_at_town_fight|啊！你还活着，真让人松了口气。刚才那一下可够重的。我不确定你有没有亲手干掉谁，不过幸好我们其余的人打败了他们。我们得想办法给你治疗一下……
str_unfortunately_reg0_civilians_wounded_during_fight_more| 可惜，我的伙计中大约有{reg0}人受伤。我该去看看他们。
str_unfortunately_reg0_civilians_wounded_during_fight| 可惜，我的一个伙计挨了很重的一下。我该去看看他怎么样了。
str_also_one_another_good_news_is_any_civilians_did_not_wounded_during_fight| 而且，我们这边没人受很重的伤。这是个好消息。
str_merchant_and_you_call_some_townsmen_and_guards_to_get_ready_and_you_get_out_from_tavern|你离开酒馆，走上街头。神情紧张的年轻人等在每个街角，你看得出他们衣服下面藏着匕首和棍棒。你经过时，他们匆匆投来的目光混杂着恐惧、期待与自豪。你祈祷这群过于显眼的密谋者没有惊动敌人，最后检查了一遍武器，准备迎接即将到来的行动。
str_town_fight_ended_you_and_citizens_cleaned_town_from_bandits|剩下的几名强盗逃进城镇的狭窄小巷，却被愤怒的居民逐一追杀。所有伤员得到照料后，你和卢卡里乌斯前往他家，回顾当天发生的事情。
str_town_fight_ended_you_and_citizens_cleaned_town_from_bandits_you_wounded|最后一击将你打倒，你动弹不得，竭力不让自己昏迷。很快，街头的厮杀声变成居民的欢呼声，你欣慰地意识到己方获胜了。友善的双手将你从地上扶起，你任由自己沉入安稳的睡眠。几小时后，你在卢卡里乌斯家中醒来。
str_lost_tavern_duel_ordinary|醉汉的最后一击让你瘫倒在地，头脑昏沉。袭击者的怒火似乎立刻消退了。他跌坐在椅子上，望着你低声嘟囔，几乎像是在懊悔。几名客人设法哄他站起来，将他推搡着送出门。另一个人照料了你的伤口，很快你也重新站起来，虽然摇摇晃晃，但还活着。
str_lost_tavern_duel_assassin|袭击者的最后一击让你瘫倒在地，头脑昏沉。他缓慢而从容地跪在你身旁，从衣服下面抽出一把长刀。但还没来得及下杀手，似乎已鼓起勇气的酒馆老板便从背后赶来，重击他的后脑。袭击者失去平衡，见杀你的机会已经错过，便冲向门口。他逃走了。与此同时，其他客人替你包扎伤口，把你扶到后屋休养。
str_lost_startup_hideout_attack|片刻后，你恢复了意识，发现绑匪开了一桶酒庆祝胜利，却忘了采取一些最基本的防范措施——比如绑住你的手脚。你设法溜走了。从藏身处传来的喧闹声判断，你觉得自己或许还有时间多召集一些追随者，再次发动进攻。
str_as_you_no_longer_maintain_an_independent_kingdom_you_no_longer_maintain_a_court|由于你不再统治独立王国，因此也不再设有宫廷
str_rents_from_s0|{s0}的租金：
str_tariffs_from_s0|{s0}的关税：
str_general_quarrel| 多年来，我们在许多争论中立场相反，彼此积怨已深。
str_my_lady_not_sufficient_chemistry|{大人/女士}，已有其他{求婚者/少女}俘获了我的心。
str_my_lady_engaged_to_another|{大人/女士}，据我所知，你已与别人订婚。
str_attempting_to_rejoin_party|正试图重返队伍，
str_separated_from_party|与队伍失散，
str_whereabouts_unknown|下落不明
str_accompany_ligia|跟随莉吉娅
str_leading_party|率领一支队伍
str_court_disbanded|由于你不再统治独立王国，你的宫廷已经解散
str_i_am_not_accompanying_the_marshal_because_will_be_reappointment| 我没有随元帅出征，因为我猜君主很快会另任他人担任此职。
str_persuasion_opportunity|说服机会。^自动成功所需关系：{reg4}^当前关系：{reg5}^成功几率：{reg7}^损失{reg9}点关系的几率：{reg8}
str_marshal_warning|你没有跟随{s1}，不过不会受到任何惩罚。
str_follow_army_quest_brief_2|你的任务已完成。若想获得更多任务，可以继续跟随{s9}的军队。
str_greetings_playername__it_is_good_to_see_you_i_hope_that_you_have_had_success_in_your_efforts_to_make_your_name_in_the_world| 很高兴见到你。我相信你在外面已经有所成就，正逐渐扬名天下。
str_minister_advice_select_fief| 我建议你选择{s4}，因为将领们一直在猜测你会如何分配它。
str_minister_advice_select_fief_wait| 我建议你等任命元帅之后再决定，这样将领们就有时间考虑自己希望支持谁。
str_minister_advice_fief_leading_vassal| 顺便说一句，{s4}已经得到了你麾下{reg4}位将领的支持。
str_unassigned_center| （未分配）
str_s43_also_you_should_know_that_an_unprovoked_assault_is_declaration_of_war|{s43}另外，你身为一国之主，应当知道这次攻击等同于宣战。
str_missing_after_battle|战后失踪
str_retrieve_garrison_warning| （可能无法找回部队）
str_s12s15_declared_war_to_control_calradia|{s12}{s15}可能无须借口便攻击{s16}，以求将整个已知世界纳入掌控。
str_offer_gift_description| 通过赠送礼物提高我的地位。
str_resolve_dispute_description| 通过调解争端提高我的地位。
str_feast_wedding_opportunity| 如果你的婚约对象及{她/他}的家人都在场，这或许正是举行婚礼的机会。
str_s21_the_s8_declared_war_as_part_of_a_bid_to_conquer_all_calradia|{s21}。{s8}几乎毫无借口便宣战，意图征服整个已知世界。
str_master_vinter|酿酒大师
str_s54_has_left_the_realm|{s54}正流亡藏身。
str_enterprise_s5_at_s0|位于{s0}的{s5}的净收益
str_bread_site|磨坊
str_ale_site|酿酒坊
str_oil_site|榨油坊
str_wine_site|葡萄酒坊
str_tool_site|铁器作坊
str_leather_site|制革坊
str_linen_site|亚麻织坊
str_wool_cloth_site|毛纺织坊
str_velvet_site|染坊
str_under_sequestration|已被查封
str_describe_secondary_input| 此外，你还需要购买{reg14}份{s11}，价值{reg10}第纳尔。
str_profit|利润
str_loss|亏损
str_server_name_s0|服务器名称：{s0}
str_map_name_s0|地图名称：{s0}
str_game_type_s0|游戏模式：{s0}
str_remaining_time_s0reg0_s1reg1|剩余时间：{s0}{reg0}:{s1}{reg1}
str_you_are_a_lord_lady_of_s8_s9|你是{s8}的一名指挥官。^{s9}
str_you_are_king_queen_of_s8_s9|你是{s8}的统治者。^{s9}
str_for_s4| 为了{s4}
str_cancel_fiancee_quest| 另外，我之前请你处理的那件事，也请当作已顺利完成。我不宜再给你委派任务。
str_a_duel_request_is_sent_to_s0|已向{s0}发出决斗邀请。
str_s0_offers_a_duel_with_you|{s0}向你发出决斗邀请。
str_your_duel_with_s0_is_cancelled|你与{s0}的决斗已取消。
str_a_duel_between_you_and_s0_will_start_in_3_seconds|你与{s0}的决斗将在3秒后开始。
str_you_have_lost_a_duel|你输掉了决斗。
str_you_have_won_a_duel|你赢得了决斗！
str_disallow_ranged_weapons|禁用远程武器
str_ranged_weapons_are_disallowed|远程武器已禁用。
str_ranged_weapons_are_allowed|远程武器已启用。
str_duel_starts_in_reg0_seconds|决斗将在{reg0}秒后开始……
str_dplmc_none|无
str_dplmc_item_pool_no_items|物品池中目前没有物品。
str_dplmc_item_pool_one_item|物品池中还剩一件物品。
str_dplmc_item_pool_many_items|物品池中还剩{reg20}件物品。
str_dplmc_item_pool_abandon|将物品留在物品池中并继续。
str_dplmc_item_pool_leave|完成。
str_dplmc_hero_not_upgrading_armor|不升级我的护甲
str_dplmc_hero_upgrading_armor|升级我自己的护甲
str_dplmc_hero_not_upgrading_horse|不升级我的马匹
str_dplmc_hero_upgrading_horse|升级我自己的马匹
str_dplmc_hero_wpn_slot_none|保持当前选择（{s10}）
str_dplmc_hero_wpn_slot_horse|马匹
str_dplmc_hero_wpn_slot_one_handed|单手武器
str_dplmc_hero_wpn_slot_two_handed|双手武器
str_dplmc_hero_wpn_slot_bolts|弩炮矢
str_dplmc_hero_wpn_slot_shield|盾牌
str_dplmc_hero_wpn_slot_bow|弓
str_dplmc_hero_wpn_slot_throwing|投掷武器
str_dplmc_hero_wpn_slot_goods|货物
str_dplmc_hero_wpn_slot_head_armor|头部护甲
str_dplmc_hero_wpn_slot_body_armor|身体护甲
str_dplmc_hero_wpn_slot_foot_armor|腿部护甲
str_dplmc_hero_wpn_slot_hand_armor|手部护甲
str_dplmc_hero_wpn_slot_pistol|投石索
str_dplmc_hero_wpn_slot_musket|投石杖（未使用）
str_dplmc_hero_wpn_slot_bullets|投石索石弹
str_dplmc_hero_wpn_slot_animal|动物
str_dplmc_hero_wpn_slot_book|书籍
str_dplmc_gather_information|收集情报
str_dplmc_conclude_non_agression|缔结互不侵犯条约
str_dplmc_bring_gift|送去礼物
str_dplmc_exchange_prisoner|以{s10}交换{s11}
str_dplmc_has_been_set_free|{s7}已获释。
str_dplmc_tax_very_low|极低
str_dplmc_tax_low|低
str_dplmc_tax_normal|普通
str_dplmc_tax_high|高
str_dplmc_tax_very_high|极高
str_dplmc_place_is_occupied_by_insurgents|此地被叛乱者占据。
str_dplmc_relation_mnus_100_ns|{reg4?她:他}似乎对{s59}怀有复仇之心。
str_dplmc_relation_mnus_90_ns|{reg4?她:他}似乎对{s59}怀有复仇之心。
str_dplmc_relation_mnus_80_ns|{reg4?她:他}似乎对{s59}怀有复仇之心。
str_dplmc_relation_mnus_70_ns|{reg4?她:他}似乎憎恨{s59}。
str_dplmc_relation_mnus_60_ns|{reg4?她:他}似乎憎恨{s59}。
str_dplmc_relation_mnus_50_ns|{reg4?她:他}似乎敌视{s59}。
str_dplmc_relation_mnus_40_ns|{reg4?她:他}似乎对{s59}很愤怒。
str_dplmc_relation_mnus_30_ns|{reg4?她:他}似乎对{s59}心怀怨恨。
str_dplmc_relation_mnus_20_ns|{reg4?她:他}似乎对{s59}颇有怨言。
str_dplmc_relation_mnus_10_ns|{reg4?她:他}似乎对{s59}有所疑虑。
str_dplmc_relation_plus_0_ns|{reg4?她:他}似乎对{s59}漠不关心。
str_dplmc_relation_plus_10_ns|{reg4?她:他}似乎愿意与{s59}合作。
str_dplmc_relation_plus_20_ns|{reg4?她:他}似乎欢迎{s59}。
str_dplmc_relation_plus_30_ns|{reg4?她:他}似乎对{s59}抱有好感。
str_dplmc_relation_plus_40_ns|{reg4?她:他}似乎支持{s59}。
str_dplmc_relation_plus_50_ns|{reg4?她:他}似乎对{s59}很友好。
str_dplmc_relation_plus_60_ns|{reg4?她:他}似乎待{s59}亲切有礼。
str_dplmc_relation_plus_70_ns|{reg4?她:他}似乎很喜欢{s59}。
str_dplmc_relation_plus_80_ns|{reg4?她:他}似乎忠于{s59}。
str_dplmc_relation_plus_90_ns|{reg4?她:他}似乎对{s59}忠心耿耿。
str_dplmc_s39_rival| {reg4?她:他}察觉到{s39}可能是情敌
str_dplmc_s40_love_interest_s39|{s40}。此外，{reg4?她:他}的意中人是{s39}。
str_dplmc_s40_betrothed_s39|{s40}。此外，{reg4?她:他}已与{s39}订婚。
str_dplmc_reputation_martial|据说{s46}尚武。
str_dplmc_reputation_debauched|据说{s46}放荡。
str_dplmc_reputation_pitiless|据说{s46}冷酷无情。
str_dplmc_reputation_calculating|据说{s46}工于心计。
str_dplmc_reputation_quarrelsome|据说{s46}好争吵。
str_dplmc_reputation_goodnatured|据说{s46}性情温厚。
str_dplmc_reputation_upstanding|据说{s46}为人正直。
str_dplmc_reputation_conventional|据说{s46}循规蹈矩。
str_dplmc_reputation_adventurous|据说{s46}喜欢冒险。
str_dplmc_reputation_hedonistic|据说{s46}追求享乐。
str_dplmc_reputation_romantic|据说{s46}富有浪漫情怀。
str_dplmc_reputation_moralist|据说{s46}恪守道德。
str_dplmc_reputation_ambitious|据说{s46}野心勃勃。
str_dplmc_reputation_unknown|{s46}的动机无人知晓。
str_dplmc_s21__the_s5_is_bound_by_alliance_not_to_attack_the_s14s18_it_will_expire_in_reg1_days|{s21}^*{s5}与{s14}结成同盟。{s18}该同盟将在{reg1}天后降为防御协定。
str_dplmc_s21__the_s5_is_bound_by_defensive_not_to_attack_the_s14s18_it_will_expire_in_reg1_days|{s21}^*{s5}与{s14}签订防御协定。{s18}该协定将在{reg1}天后降为贸易协定。
str_dplmc_s21__the_s5_is_bound_by_trade_not_to_attack_the_s14s18_it_will_expire_in_reg1_days|{s21}^*{s5}与{s14}签订贸易协定。{s18}该协定将在{reg1}天后降为互不侵犯条约。
str_dplmc_small|小
str_dplmc_medium|中
str_dplmc_big|大
str_dplmc_elite|精锐
str_dplmc_very_decentralized|高度分权
str_dplmc_quite_decentralized|较为分权
str_dplmc_little_decentralized|略微分权
str_dplmc_neither_centralize_nor_decentralized|集权与分权适中
str_dplmc_little_centralized|略微集权
str_dplmc_quite_centralized|较为集权
str_dplmc_very_centralized|高度集权
str_dplmc_very_plutocratic|高度倾向富豪政治
str_dplmc_quite_plutocratic|较为倾向富豪政治
str_dplmc_little_plutocratic|略微倾向富豪政治
str_dplmc_neither_aristocratic_nor_plutocratic|贵族政治与富豪政治适中
str_dplmc_little_aristocratic|略微倾向贵族政治
str_dplmc_quite_aristocratic|较为倾向贵族政治
str_dplmc_very_aristocratic|高度倾向贵族政治
str_dplmc_all_free|几乎全是自由民
str_dplmc_mostly_free|大多是自由民
str_dplmc_usually_free|通常是自由民
str_dplmc_mixture_serfs|奴隶与自由民混合
str_dplmc_usually_serfs|通常是奴隶
str_dplmc_mostly_serfs|大多是奴隶
str_dplmc_all_serfs|几乎全是奴隶
str_dplmc_very_quantity|质量极差
str_dplmc_great_quantity|质量较差
str_dplmc_good_quantity|质量稍差
str_dplmc_mediocre_quality|质量平庸
str_dplmc_good_quality|质量良好
str_dplmc_great_quality|质量上乘
str_dplmc_very_quality|质量极佳
str_dplmc_s21_the_s8_declared_war_to_fulfil_pact|{s21}。{s8}为履行盟约而宣战。
str_dplmc_s21_the_s8_declared_war_to_end_civil_war|{s21}。{s8}为赢得内战而宣战。
str_dplmc_s21_the_s8_declared_war_to_declare_independence|{s21}。{s8}为摆脱外国的压迫统治、争取独立而宣战。
str_dplmc_very_laissez_faire|高度自由放任
str_dplmc_quite_laissez_faire|较为自由放任
str_dplmc_little_laissez_faire|略微自由放任
str_dplmc_neither_mercantilist_nor_laissez_faire|既不特别重商，也不完全自由放任
str_dplmc_little_mercantilist|略微重商
str_dplmc_quite_mercantilist|较为重商
str_dplmc_very_mercantilist|高度重商
str_dplmc_how_will_your_male_vassals_be_known|你的男性封臣将使用什么称号？
str_dplmc_how_will_your_female_vassals_be_known|你的女性封臣将使用什么称号？
str_dplmc_s40_married_s39|{s40}。此外，{reg4?她:他}已与{s39}结婚。
str_dplmc_fief_exchange_ask_interest|你有兴趣交换封地吗？
str_dplmc_fief_exchange_not_interested|不，我没有兴趣。
str_dplmc_fief_exchange_listen|这有些不寻常，但并非没有先例。我愿意听听。你看中了我的哪块封地？
str_dplmc_fief_exchange_listen_player_approval|这有些不寻常，不过既然你是君主，就没人能反对。你看中了我的哪块封地？
str_dplmc_fief_exchange_listen_s10_approval|这有些不寻常，不过只要{s10}不反对，就没有什么不可以。你看中了我的哪块封地？
str_dplmc_fief_exchange_listen_2|你拿哪块封地交换？
str_dplmc_fief_exchange_refuse_looted|{s14}遭到了劫掠。我想等它恢复之后再说。
str_dplmc_fief_exchange_refuse_rebell_can|{s14}可能叛乱。我不想惹上这种麻烦。
str_dplmc_fief_exchange_refuse_rebell_on|{s14}目前正在闹叛乱，我想这是你的问题，不是我的。
str_dplmc_fief_exchange_refuse_home|我无意放弃{s14}。
str_dplmc_fief_exchange_refuse_town|我不想拿城镇交换要塞或村庄。
str_dplmc_fief_exchange_refuse_castle|我不想拿要塞交换一个小村庄。
str_dplmc_fief_exchange_refuse_rich|我不想拿富裕的封地交换贫穷得多的封地。
str_dplmc_fief_exchange_refuse_s14_attack|等{s14}不再遭到攻击时，再来和我谈。
str_dplmc_fief_exchange_accept|我可以接受这个交换。
str_dplmc_fief_exchange_accept_reg3_denars|只要你愿意支付{reg3}第纳尔，补偿我迁移的开支，我就可以接受这个交换。
str_dplmc_fief_exchange_confirm|那就这么定了。
str_dplmc_fief_exchange_confirm_reg3_denars|那就这么定了。这是你的{reg3}第纳尔。
str_dplmc_your_s11_s10|你的{s11}{s10}
str_dplmc_reg6my_reg7spouse|{reg6?我的:我的}{reg7?爱人:{丈夫/妻子}}
str_dplmc_refuse_support_s43_named_s4|支持像{s4}这样的{s43}？我看还是免了。
str_dplmc_comment_you_enfiefed_a_commoner_supportive|我听说你已将{s51}授予{s54}。别人或许对此有异议，但我相信{s54}会是位能干的总督，{reg4?她:他}不会让你失望。
str_dplmc_sirmadame|{先生/女士}
str_dplmc_sirmadam|{先生/女士}
str_dplmc_my_lordlady|{大人/夫人}
str_dplmc_your_highness|殿下
str_dplmc_grandfather|祖父／外祖父
str_dplmc_grandmother|祖母／外祖母
str_dplmc_grandson|孙子／外孙
str_dplmc_granddaughter|孙女／外孙女
str_dplmc_half_brother|同父异母或同母异父的兄弟
str_dplmc_half_sister|同父异母或同母异父的姐妹
str_dplmc_sister_wife|同一配偶的另一位妻子
str_dplmc_co_husband|同一配偶的另一位丈夫
str_dplmc_co_spouse|同一配偶的另一位配偶
str_dplmc_friend|朋友
str_dplmc_ally|盟友
str_s54_is_deceased|{s54}已去世。
str_s54_is_heir|{s54}是你的继承人。
str_dplmc_political_explanation_original_lord|这次，要塞应当归还原主。
str_dplmc_s0_and_s1|{s0}与{s1}
str_hire_deserters|把那些恶棍招入我们的麾下
str_rotten_food|吃那些恶心的食物，每一口都能吃到虫子
str_repress_farmers|镇压那些农民，助长体制固有的暴力
str_stop_cheating|浪费时间折腾“控制台”，明明在营地选项中就能改掉那该死的东西
str_dplmc_hero_wpn_slot_lance|骑枪
str_dplmc_hero_wpn_slot_pikes|长矛
str_dplmc_hero_wpn_slot_halberd|带刃长杆武器
str_dplmc_hero_wpn_slot_no_metatype|无偏好
str_camera_keyboard|观战时，你可以用方向键水平移动，小键盘的加减键垂直移动，小键盘数字键旋转视角。
str_camera_mouse|使用鼠标或小键盘旋转镜头，方向键移动（按住缩放键可加快移动）。使用倾斜键调整灵敏度，使用小键盘旋转和垂直移动。
str_camera_follow|使用倾斜键或鼠标滚轮跟随友军。使用小键盘时按住Ctrl键可改变视角。
str_ai_bhvr_hold|原地待命
str_ai_bhvr_travel_to_party|前往队伍
str_ai_bhvr_patrol_location|巡逻指定地点
str_ai_bhvr_patrol_party|在队伍周围巡逻
str_ai_bhvr_track_party|追踪队伍
str_ai_bhvr_attack_party|攻击队伍
str_ai_bhvr_avoid_party|避开队伍
str_ai_bhvr_travel_to_point|前往指定地点
str_ai_bhvr_negotiate_party|与队伍谈判
str_ai_bhvr_in_town|在城镇中
str_ai_bhvr_travel_to_ship|前往船只
str_ai_bhvr_escort_party|跟随队伍
str_ai_bhvr_driven_by_party|被驱赶
str_s5_transfer|转移至{s5}
str_s5_reinf|来自{s5}的援军
str_s5_scout|{s5}斥候队
str_s5_patrol|{s5}巡逻队
str_preparing_prison_break|正在{s9}筹备劫狱
str_on_loan|借调中
str_accompanying_s5|跟随{s5}
str_key_numpad_0|小键盘0
str_key_numpad_1|小键盘1
str_key_numpad_2|小键盘2
str_key_numpad_3|小键盘3
str_key_numpad_4|小键盘4
str_key_numpad_5|小键盘5
str_key_numpad_6|小键盘6
str_key_numpad_7|小键盘7
str_key_numpad_8|小键盘8
str_key_numpad_9|小键盘9
str_key_num_lock|数字锁定键
str_key_numpad_slash|小键盘除号键
str_key_numpad_multiply|小键盘乘号键
str_key_numpad_minus|小键盘减号键
str_key_numpad_plus|小键盘加号键
str_key_numpad_enter|小键盘回车键
str_key_numpad_period|小键盘小数点键
str_key_insert|Insert键
str_key_delete|Delete键
str_key_home|Home键
str_key_end|End键
str_key_page_up|Page Up键
str_key_page_down|Page Down键
str_key_up|上方向键
str_key_down|下方向键
str_key_left|左方向键
str_key_right|右方向键
str_key_space|空格键
str_key_escape|Esc键
str_key_enter|回车键
str_key_tab|Tab键
str_key_back_space|退格键
str_key_open_braces|左括号键
str_key_close_braces|右括号键
str_key_comma|逗号键
str_key_period|句号键
str_key_slash|斜杠键
str_key_back_slash|反斜杠键
str_key_equals|等号键
str_key_minus|减号键
str_key_semicolon|分号键
str_key_apostrophe|单引号键
str_key_tilde|波浪号键
str_key_caps_lock|大写锁定键
str_key_left_shift|左Shift键
str_key_right_shift|右Shift键
str_key_left_control|左Ctrl键
str_key_right_control|右Ctrl键
str_key_left_alt|左Alt键
str_key_right_alt|右Alt键
str_chest_info|靠近箱子，按住鼠标右键片刻，即可向箱中存钱或取钱。如果你还任命了财务官，也可以访问你的国库。
str_mercenary_intro_1|你选对了，{s0}。{reg1?我的{reg65?同伴:伙计们}:我}懂得信守{reg1?他们:我}的诺言，挣得{reg1?他们:我}应得的报酬。
str_mercenary_intro_2|明智的选择，{s0}。只要不断给{reg1?我:我们}送钱送酒，整个已知世界就没有你需要害怕的敌人。
str_mercenary_intro_3|{reg1?我们:我}听候你的差遣，{s0}。告诉{reg1?我们:我}该收拾谁，剩下的交给{reg1?我们:我}。
str_mercenary_intro_4|你不会失望的，{s0}。整个已知世界都找不到{reg1?更好的战士们:更好的战士}。
str_bandit_intro_1|隔着一里地，我都能闻到鼓鼓的钱袋。我看你的钱袋该减减重了，嗯？
str_bandit_intro_2|哟，路上又碰见一个旅人！我可得提醒你，这一带对你这样的{好汉/女人}来说有点危险。不过只要捐点小钱，我和伙计们就能保证你平安到达目的地，怎么样？
str_bandit_intro_3|哟哟，看看这是谁！朋友，你最好赶紧掏点银子，不然我和伙计们就得把你打趴下。
str_bandit_intro_4|从这片地界经过得交过路费，交给我们。你要是不介意，我们就从你的钱袋里收走应得的份额……
str_bandit_outro_1|又来了个蠢货，要把{他/她}自己送到我的刀口上，是吧？好，开打！
str_bandit_outro_2|我们不怕你，{小子/贱人}。该敲碎几个脑袋了！
str_bandit_outro_3|你犯了个错误。现在，我只能让你缓慢而痛苦地死去。
str_bandit_outro_4|口气不小。让我看看你的本事配不配得上这番话，狗东西！
str_bandit_outro_5|我希望你死在阴沟里。
str_name_presentation_text|{s1}要叫什么名字？
str_default_kingdom|你的国家
str_default_town|首都
str_default_party|队伍
str_default_troop|这位同伴
str_default_legion|你的新军团
str_default_town2|这座城镇
str_default_month|这个月
str_default_cohort|你的新辅助步兵大队
str_default_ala|你的新辅助骑兵队
str_tier_reg|干得好，{小伙子/姑娘}。赢下这一场，你就进入下一级训练了。从现在起，你的对手将是正式战士，不是街头混混，可得打起精神。
str_tier_vet|干得漂亮，{小伙子/姑娘}。欢迎进入第三级训练。从现在起，你的对手将是经验丰富的战士，比如士兵和竞技场老手。这些家伙懂些阴招，防守要严密。
str_tier_champ|{小伙子/姑娘}，你有冠军的胆魄，也有与之相配的剑术。从现在起，你的对手将是冠军级战士。他们是精英中的精英，是我训练过的最优秀的战士。若能连续击败其中三人，你就能跻身他们之列。
str_ctm_melee|你的对手{reg0?们已经:已经}准备好战斗。
str_ctm_ranged|站在地上的线后射击靶子，尽量别浪费弹药。
str_ctm_mounted|尽可能摧毁更多靶子。你有两分半钟完成路线。
str_imod_cracked|开裂的
str_imod_rusty|生锈的
str_imod_bent|弯曲的
str_imod_chipped|有缺口的
str_imod_battered|破损的
str_imod_poor|劣质的
str_imod_crude|粗制的
str_imod_old|陈旧的
str_imod_cheap|廉价的
str_imod_fine|精良的
str_imod_well_made|精制的
str_imod_sharp|锋利的
str_imod_balanced|平衡的
str_imod_tempered|淬火的
str_imod_deadly|致命的
str_imod_exquisite|精致的
str_imod_masterwork|大师级的
str_imod_heavy|沉重的
str_imod_strong|强劲的
str_imod_powerful|强力的
str_imod_tattered|破烂的
str_imod_ragged|褴褛的
str_imod_rough|粗糙的
str_imod_sturdy|结实的
str_imod_thick|厚实的
str_imod_hardened|硬化的
str_imod_reinforced|加强的
str_imod_superb|卓越的
str_imod_lordly|极品的
str_imod_lame|瘸腿的
str_imod_swaybacked|凹背的
str_imod_stubborn|倔强的
str_imod_timid|胆怯的
str_imod_meek|温顺的
str_imod_spirited|精神抖擞的
str_imod_champion|冠军级的
str_imod_fresh|新鲜的
str_imod_day_old|放了一天的
str_imod_two_day_old|放了两天的
str_imod_smelling|发臭的
str_imod_rotten|腐烂的
str_imod_large_bag|大袋的
str_your_men_break_off_the_siege_of_s10_to_follow_you|你的部下解除了对{s10}的围攻，前来跟随你。
str_if_you_get_too_far_from_s10_your_siege_will_end|如果你离{s10}太远，围城就会结束。
str_circunvalation_none|>>尚未建立封锁。敌人会为聚落补充粮食储备。建立封锁，阻止粮食补给。^^
str_water_poison_im|你的部下可以将死老鼠扔进水井及其他水源，让居民和驻军染病。
str_cattle_kill_im|你的部下可以杀死这里和附近村庄的牲畜，大幅削减敌人的粮食储备。^^此外，此举还会损害此地领主的威信和收入。
str_people_morale_im|你的部下可以散播谣言，夜间将当地人的尸体丢在广场上，在守军中制造分歧。这也可能让部分驻军投奔我们。
str_food_burn_im|你的部下可以焚烧敌人的粮仓，毁掉大量粮食储备。
str_give_order|就这样下令
str_no_money|你的钱不够！
str_pilgrim_disguise|祭司
str_farmer_disguise|贫穷的罗马人
str_hunter_disguise|高贵的东方商人
str_merchant_disguise|罗马商人
str_guard_disguise|日耳曼战士
str_bard_disguise|吟游诗人
str_s12s15_dominates_its_weaker_neighbor_s16|{s12}{s15}试图支配较弱的邻国{s16}。
str_s12s15_acts_to_drive_the_people_of_s16_and_their_like_out_of_the_isles|{s12}{s15}决定杀戮{s16}的人民，因为他们是蛮族。
str_deliver_message_improve_relation|正在向统治者传递消息（改善关系）。
str_deliver_message_send_troops|正在向统治者传递消息（请求援军）。
str_deliver_message_leave_faction|正在向统治者传递消息（解除效忠誓言）。
str_deliver_message_secede|正在向统治者传递消息（宣布脱离国家）。
str_on_patrol|正在率领一支独立队伍。
str_spy_on_spousey|正在监视你的配偶。
str_beat_someone_up|正在替你殴打{s40}。
str_html|HTML色码：{s0}
str_color_of|{s0}的颜色：
str_color_banner|你的旗帜背面
str_color_group|小地图上的{s0}编队
str_division_placement|只选中一个编队时，其第一排的中心将部署在指定位置。^^选中多个编队时，各编队会分开展开，如同玩家站在指定位置一样。^^按F2、F7可记忆所选编队相对于玩家的位置。默认位置是步兵在左、骑兵在右、远程部队在前。
str_formations|战斗菜单中的复杂阵型包括：^^-列阵：最精锐的士兵在前^-盾墙：持盾士兵在前，长兵器士兵在后^-楔形阵：最精锐的士兵在前^-方阵：不按特定顺序排列^-不列阵^^即便选择不列阵，玩家仍可多次下达“靠拢”命令，组成最多四排的队列。
str_lover_talk_spouse|亲爱的朋友，你是我信得过的伙伴，有件事我必须告诉你。^^——她谨慎地环顾四周，压低声音——^^我听到了一些令人不安的消息。看来{s30}已经变心，外面流传着出轨的传闻。社交聚会中的窃语和秘密会面，都暗示此事与{s31}有关。别说是我告诉你的。^^——她叹了口气。——
str_lover_talk|因为你是我的朋友，我才告诉你。^^——她环顾四周，确认无人偷听，随后低声说道——^^我听说了一件很有意思的事。{s30}与{s31}私下相爱了。上次宴会时，{s30}悄悄告诉了我。不过，你不是从我这里听说的，对吧？^^——她眨了眨眼。——
str_legio_1|第XXII初生军团
str_legio_2|第III奥古斯塔军团
str_legio_3|第V云雀军团
str_legio_4|第XXI猛禽军团
str_legio_5|第XX英勇胜利军团
str_legio_6|第VI胜利军团
str_legio_7|第XI克劳狄军团
str_legio_8|第XIII合组军团
str_legio_9|第V马其顿军团
str_legio_10|第VI铁甲军团
str_legio_11|第X海峡军团
str_legio_12|禁卫大队
str_pcamp_thanks_help|谢谢你帮忙对付这些混蛋。
str_pcamp_can_accomodate_all_reg2|你的队伍能容纳我们全部{reg2}名士兵。
str_pcamp_can_accomodate_reg0_of_reg2|我们的{reg2}名士兵中，你的队伍能容纳{reg0}人。
str_pcamp_can_accomodate_none_of_reg2|你的队伍连我一个人都容不下，更别说{reg2}名士兵了。
str_pcamp_no_prisoners|营地里没有俘虏。
str_pcamp_can_keep_all_reg3_prisoners|我们能保留全部{reg3}名俘虏。
str_pcamp_can_keep_reg1_of_reg3_prisoners|{reg3}名俘虏中，我们能保留{reg1}人。
str_pcamp_can_keep_none_of_reg3_prisoners|我们得释放全部{reg3}名俘虏。
str_pcamp_disband_leave|我们还是解散队伍，你可以休假几天
str_pcamp_disband_one|我们会带上你，解散其余人
str_pcamp_disband_top_reg0|我们会带上最精锐的{reg0}人，解散其余人
str_pcamp_disband_max_prisoners|我们只带上能容纳的俘虏
str_pcamp_acting_as_commander|担任营地指挥官
str_pcamp_near_s9|在{s9}附近
str_pcamp_too_many_camps|你的常设营地已经太多了。
str_pcamp_no_free_companions|你没有可供指挥常设营地的同伴。
str_pcamp_no_reg7_denars|你没有建立常设营地所需的{reg7}第纳尔。
str_pcamp_too_far_from_s0|你离{s0}太远，营地无法自行获得补给。
str_pcamp_can_start_camp_s0_reg5_reg6_reg7|你可以留下一位同伴，带着部分部队在{s0}附近管理营地，直到你回来。他需要{reg7}第纳尔作为启动经费。^^你还可以建立{reg5}个营地，目前可用资金为{reg6}第纳尔。
str_pcamp_s0_destroyed|{s0}已被摧毁！
str_pcamp_is_commanding_near_s5|正在指挥{s5}附近的一座营地。
str_pcamp_s0s_camp|{s0}的营地
str_pcamp_soldiers_from_s3|来自{s3}的士兵
str_pcamp_skill_too_low|你的统御技能不足，无法维持更多营地。
str_pcamp_s5_cheat_can_do_anyway|{s5}^^作弊模式：你仍然可以这样做！
str_decree_curfew_name|夜间宵禁
str_decree_control_name|出入管制
str_decree_garbage_collection_name|垃圾清运
str_decree_housing_name|救济住房
str_decree_enforcement_law_name|严格执法
str_decree_beggingban_name|禁止乞讨
str_decree_curfew|夜间不再允许在街上走动。这可能降低犯罪率，并有助于打击走私团伙。增设夜间巡卫还将带来500第纳尔的开支。
str_decree_control|管控进出城镇的人员，有助于减少盗匪活动。额外管制将花费500第纳尔，直接从当地聚落租金中扣除。
str_decree_garbage_collection|建立专门队伍清理街头垃圾，可以改善卫生并预防疾病。维持队伍需花费1000第纳尔。
str_decree_housing|为减轻贫困，城镇统治者常常设立专门的“救济院”，供穷人居住。维护这些房屋将额外花费5000第纳尔，但也能防止穷人走上犯罪之路。
str_decree_enforcement_law|城镇巡卫有时对罪犯过于宽容。下令严格执法，可能减少盗匪活动。
str_decree_beggingban|乞丐令人厌烦，在各处聚落都很常见。禁止乞讨虽不能缓解贫困，却能把这些渣滓赶出公共场所。
str_worships_baduhenna_prayer|噢，巴杜亨娜，我的女王^莫摧折我的心，去摧毁我的敌人^噢，美丽的少女，请帮助你忠诚的仆人^在战场的胜利中赢得荣耀！
str_worships_mars_prayer|啄木鸟、狼与熊，^我将它们献给你^以彰显你的荣耀！^赐我力量，让我在战场上赢得荣耀与胜利！
str_worships_dunraz_prayer|敦拉兹，你这雷霆的创造者^你强大的铁锤敲击铁砧^生出雷鸣与闪电^赐予我们技艺与力量^去创造伟大的未来！
str_worships_frijo_prayer|弗里约，我美丽的女王，^你是世界的女皇^请以丰饶之力赐福于我^让我创造伟大的未来！
str_worships_vest_prayer|维斯塔，我美丽的生育女神^生育与家园的守护者^赐予我抚育众多孩子的力量^以你之名，噢，女神！
str_worships_saturn_prayer|不朽的萨图尔努斯，^丰饶、财富与自由的守护者^赐我力量，让我自由^让我富足，让我声名远扬！
str_worships_aphrodite_prayer|华座上的不朽阿佛洛狄忒，^宙斯足智多谋的女儿，我向你祈祷，^女王啊，莫以痛苦和疾病摧折我的心，^请前来，若你过去曾在远方听见我的声音并垂听，^曾离开父亲的殿堂，驾着套好的金色^战车前来；可爱的麻雀^从天穹振翅穿过长空^迅疾地载你越过黑暗的大地。^
str_worships_jupiter_prayer|朱庇特，伟大的雷霆之神^万物生生不息的根源，^赐我力量、荣耀与荣誉！^帮助你忠诚的信徒！
str_worships_castor_pollux_prayer|卡斯托尔与波吕克斯，两位兄弟^引领我走过这个世界^噢，伟大的海洋之主！
str_worships_christus_prayer|我们在天上的父：^愿你的名被尊为圣。^愿你的国降临。^愿你的旨意成就，^在地上，如同在天上。^我们超性的（每日的）食粮，求你今日赐给我们。^宽免我们的债，^如同我们也宽免欠我们债的人。^不要让我们陷于诱惑，^但救我们免于邪恶。^阿门。
str_worships_yhwe_prayer|无
str_worships_alcis_prayer|阿尔基斯，林地的守护者。^引领我走过这个世界^保护我免受敌人伤害^帮助我取得胜利！
str_worships_mithras_prayer|噢，灵中之灵！噢，源中之源！^神赐予我的火焰！^启迪我，照亮我！^赐我力量与智慧！^引领我在战场上走向胜利！
str_worships_andraste_prayer|伟大的安德拉斯忒，胜利与战争女神，我怀着敬畏来到你面前。你执掌长矛与盾牌，引领我们在战场上凯旋，请垂听我的祈祷。^^赐我力量与勇气，面对有形与心灵中的敌人。帮助我克服生命中的障碍与挑战，在每一次抗争中取得胜利。^^愿你的光芒照耀我，引领我穿越黑暗。愿你的智慧与洞察帮助我作出明智的决定与选择。^^安德拉斯忒，请垂听我的祈祷，以恩宠赐福于我。愿我永远敬重你，愿我配得你的保护与指引。^^赞美安德拉斯忒，胜利与战争女神。愿你的名受到颂扬，愿所有呼求你的人都感受到你的力量。
str_worships_maponos_prayer|伟大的马波诺斯，青春洋溢的音乐与狩猎之神，^神圣之子，艺术的守护者，^我们向你献上赞美与感激。^^马波诺斯，请赐予我们青春的喜悦，^让我们怀着轻快的心迎接每一天，^在周围的世界发现奇迹。^^高贵的马波诺斯，请引领我们的旅程，^当我们追寻知识与真理时，^请以你的长矛和盾牌保护我们。^^马波诺斯，愿你治愈的触碰抚慰我们的痛苦，^愿你的音乐使我们心中充满平静，^我们愿献身为你效力。^^赞美你，马波诺斯，光辉灿烂的神明，^我们以言语和行动向你致敬，^感谢你永恒的同在。
str_worships_gebeleizis_prayer|强大的格贝莱齐斯，战争与自然之神，^盖塔人的守护者，^我们怀着谦卑的心与开明的意念来到你面前。^^在危难时赐予我们力量与指引，^以大地的丰饶赐福于我们，^使庄稼茂盛，人民兴旺。^^我们向你献上虔诚与敬意，^愿以一切所行之事尊崇你。^愿你的力量与智慧永远伴随我们，^愿我们永远蒙你恩宠。^^赞美格贝莱齐斯，盖塔人的神！
str_worships_zalmoxis_prayer|伟大的扎尔莫克西斯，达契亚人古老的神明，^我们怀着敬畏来到你面前，^为我们的追寻请求指引与庇护。^^赐予我们战胜敌人的力量，^作出正确决定的智慧，^以及面对前路一切挑战的勇气。^^当我们尊崇你的传承，向你的名致敬时，^愿我们配得你的恩宠与祝福，^愿我们永不忘记你的教诲。^^赞美扎尔莫克西斯，来世的神圣统治者，^我们向你献上祈祷与虔诚，^立誓永远为你效力。
str_worships_goitosuros_prayer|伟大的戈伊托叙罗斯，牲畜与狩猎之神，请垂听我的祈祷。我以谦卑仆人的身份来到你面前，寻求你的保护与指引。^^请赐我的畜群繁衍之力，使其日益壮大。赐我猎人的技艺，让我能养活家人，尊崇自然世界。^^愿我在奔马蹄声与荒野呼唤中感受到你的存在。噢，强大的戈伊托叙罗斯，请指引我的道路，保护我免受伤害。^^我以你之名献上这份祈祷，恳求你的祝福。赞美戈伊托叙罗斯！
str_worships_artimpasa_prayer|噢，伟大的阿尔廷帕萨，生育与战争女神，^驾驭骏马的骑手，精通弓箭的主宰，^我怀着敬畏来到你面前，^寻求你的祝福与援助。^^^赐我迎战的力量，^赐我知晓何时应坚守的智慧，^以丰饶的触碰赐福于我的女人们，^让我的部族强盛繁荣。^^^当我向你献上这份祈祷与虔诚时，^我请求你照看我与我的土地，^保护我免受伤害，赐我富足，^愿你的光芒引领我度过最黑暗的时光。^^^赞美你，阿尔廷帕萨，萨尔马提亚人的女神，^愿你的力量与荣耀永远闪耀。
str_worships_mihr_prayer|噢，伟大的米赫尔，太阳与光明之主，^战士的守护者，正义的捍卫者，^我怀着敬畏呼求你，^请垂听我的祈祷，回应我的呼唤。^^^赐我你的力量与正义之威，^让我击败仇敌，守护正道。^以你的光明和辉煌恩典赐福于我，^引领我穿越人生的挑战与奔忙。^^^当我献上礼物与赞美时，^愿你的祝福洒落在我的每一天。^赐我繁衍、富足与和平，^保护我免受一切伤害与疾病。^^^噢，伟大的米赫尔，请垂听我谦卑的恳求，^愿你的正义永远统治。^我向你献上爱与虔诚，^祈求你的恩宠与保护。
str_worships_armazi_prayer|噢，伟大的阿尔马齐，天穹的统治者，我土地的守护者，^你是世界的光，生命的赐予者，我向你献上祈祷。^愿你的阳光赐予我的田野丰收，^愿你的智慧在困境中指引我，^愿你的爱与仁慈永远照耀我。^噢，阿尔马齐，我以赞歌、鲜果和美酒向你致敬。^愿你的祝福从今直到永远都伴随我。
str_worships_mazda_prayer|噢，智慧之主阿胡拉·马兹达，一切良善与正义的创造者，请垂听我的祈祷。今日我怀着谦卑之心来到你面前，寻求你的指引与祝福。^赐我力量和智慧，选择真理与正义之路，抵御邪恶与黑暗的诱惑，依照你的神圣意志度过一生。^愿你的光照耀我，照亮前路，引领我走向有目标、有意义的人生。愿你的智慧充满我，帮助我明智抉择，以慈悲与善意对待周围所有人。^我感谢你已赐予我的祝福，恳求你继续照看我，保护我免受伤害。噢，阿胡拉·马兹达，愿我的言行令你喜悦，愿我始终努力为你与更大的善而效力。^我以你之名祈祷。阿舍姆·沃胡。
str_worships_allat_prayer|噢，伟大的女神阿拉特，请垂听我的恳求！^我谦卑地来到你面前，寻求你的祝福与恩典。^此刻我站在你面前，献上新鲜的果实与花朵，^象征我所追求的丰饶与生长。^^阿拉特女神，我恳求你赐予我生育的恩典，^赐我的配偶孕育并生下健康孩子的能力。^愿你滋养万物的灵使我配偶的腹中充满生命与活力，^愿你慈爱的怀抱引领我的配偶走过母亲的旅程。^^我也为土地的丰饶与动物的繁衍祈祷，^愿你充沛的力量带来丰收，^愿大地上的生灵兴旺繁衍。^愿你的力量与智慧引领我们所有人过上富足繁荣的生活。^^阿拉特，生育女神，我向你献上虔诚与感激，^恳求你继续以同在与祝福赐福于我们。^感谢你垂听我的祈祷。
str_worships_ifri_prayer|噢，强大的伊弗里，洞穴与山岳的守护者，^野兽与一切生灵的保护者，^我怀着敬畏向你献上祈祷。^请赐我力量与智慧，^引领我行走于大地之上。^愿你的灵永远伴随我，^愿我在一切行动中^尊崇你的力量与奥秘。
str_worships_ammon_prayer|伟大的阿蒙，创造与风之神，我怀着敬畏来到你面前。你创造了世界及其中的一切奇迹，我谦卑地请求你的指引与保护。帮助我驾驭风的力量，像你一样将其用于善事。赐我智慧与洞察，让我能以从容和力量应对人生的挑战。我向你献上感激与虔诚，请求你继续赐福并照看我。赞美阿蒙，伟大而强有力的神！
str_worships_apedemak_prayer|伟大的阿佩德马克，狮首战神，人民的守护者，^今日我怀着谦卑之心与真挚的虔诚来到你面前。^当我面对今生的挑战时，我请求你的指引与力量。^在冲突中赐我庇护，以你的智慧与力量引领我。^帮助我医治身体与心灵的创伤，找到迎接每个新日子的勇气。^愿我永远铭记你的名，尊崇你的传承，依照你的神圣意志度过一生。^阿佩德马克，请垂听我的祈祷，以恩典与仁慈赐福于我。
str_worships_baduhenna|巴杜亨娜
str_worships_mars|玛尔斯
str_worships_dunraz|敦拉兹
str_worships_frijo|弗里约
str_worships_vest|维斯塔
str_worships_saturn|萨图尔努斯
str_worships_aphrodite|阿佛洛狄忒
str_worships_jupiter|朱庇特
str_worships_castor_pollux|卡斯托尔与波吕克斯
str_worships_christus|基督
str_worships_yhwe|雅威（YHWH）
str_worships_alcis|阿尔基斯
str_worships_mithras|密特拉
str_worships_andraste|安德拉斯忒
str_worships_maponos|马波诺斯
str_worships_gebeleizis|格贝莱齐斯
str_worships_zalmoxis|扎尔莫克西斯
str_worships_goitosuros|戈伊托叙罗斯
str_worships_artimpasa|阿尔廷帕萨
str_worships_mihr|米赫尔
str_worships_armazi|阿尔马齐
str_worships_mazda|阿胡拉·马兹达
str_worships_allat|阿拉特
str_worships_ifri|伊弗里
str_worships_ammon|阿蒙
str_worships_apedemak|阿佩德马克
str_worships_baduhenna_intro|她是强大的战争女神。她喜欢你为她献上人祭。没错，人祭！她残暴、冷酷、无情。如果你想成为她最宠爱的信徒，就尽可能多地杀人，尤其是男人。记住我的话，她就会赐予你战斗的力量。
str_worships_mars_intro|赢得玛尔斯青睐的最好办法，就是成为著名的战士。他是唯一真正的战神，能赐予你徒手摧毁整支军队的力量。成为著名的战士，玛尔斯就会保护你。
str_worships_dunraz_intro|要追随敦拉兹之道，你必须拥有大片产业。他是工艺之神，喜欢人们建造东西。成为声名远扬的地主，他就会赐予你更加富裕所需的一切技艺。
str_worships_frijo_intro|弗里约是生命与庇护女神。她不喜欢你杀戮劫掠，更喜欢你帮助别人、诚实待人。成为穷苦与受忽视者的守护者，她就会赐福于你。
str_worships_vest_intro|诚实的维斯塔是生命与庇护女神。她能在战场上保护你，也能帮助你医治病人。诚实谦逊、声誉良好，你就能获得她的恩赐与祝福。
str_worships_saturn_intro|萨图尔努斯保护你的土地，能赐予你丰收。要获得他的支持，你必须取得几处产业，还要拥有一定的财富。当他看见你是个富人，就会帮助你守护这份财富。
str_worships_aphrodite_intro|美丽可爱的阿佛洛狄忒是婚姻女神。因此，要得到她的祝福，你必须结婚。你得对她满怀真爱。不过我相信，如果你真诚纯洁地爱上一位姑娘，她也会赐福于你。
str_worships_jupiter_intro|朱庇特是众神之王。如果你声名显赫、品行高尚、富有而强大，他就会赐予你魅力、力量，以及统治国家所需的一切。去吧，赢得战斗、献上祭品，他就会赐福于你。
str_worships_castor_pollux_intro|只要你充满好奇，卡斯托尔与波吕克斯就会赐福于你。他们能帮你辨明方向，让你总能找到道路，哪怕身处天涯海角。
str_worships_acis_intro|敬拜阿尔基斯，最好献上一顿饭作为祭品。他们也喜欢动物祭品，当然还有人祭。他们的圣兽是驼鹿。
str_worships_mithras_intro|要敬拜密特拉，你需要完成数项仪式。密特拉入教者必须发誓保密并献身，还要背诵教理。你也会被问到一系列关于象征意义的问题。若你愿意，我可以把这些都教给你。这样，你就是密特拉教团的正式成员了。
str_worships_andraste_intro|安德拉斯忒是战争与胜利女神！她的名字意为“不可战胜”，因此敬拜她的最好方式就是在战场上获胜。兔子是她的圣兽，不要伤害它们，还要确保它们安好。
str_worships_maponos_intro|马波诺斯是音乐、青春与狩猎之神。他在狩猎时保护我们，也引导诗人的琴弦。敬拜他的最好方式，是资助艺术，猎取动物并献祭，以示敬意。
str_worships_gebeleizis_intro|格贝莱齐斯常以强大凶猛的战士形象出现，身材健壮，留着长须！他是天气与雷霆、庇护与战争之神。他能在战场上保护你，也守护你的庄稼和家园。将部分收成献给他，就是敬拜他的方式。
str_worships_zalmoxis_intro|在祖先的时代，扎尔莫克西斯住在洞穴里，教导我们的人民认识来世与不朽。后来他登临人间，成为国王，统治我们的人民，带领我们走向荣耀与胜利。不过，那些日子早已远去。如今他是来世之神。向他献上黄金，他就会赐你长寿富足的人生，并巩固你的统治。
str_worships_goitosuros_intro|戈伊托叙罗斯主要是牲畜之神。他帮助你保护畜群免受邪恶侵害，不仅如此，还会在狩猎时保护你。敬拜他的最好方式，是将部分牲畜献祭给他。
str_worships_artimpasa_intro|阿尔廷帕萨是生育女神。她甚至能让失去生育能力的女人重新怀孕，传说还能让失去阴茎的男人射精。但她也是战争女神！她能赐予你胜利。敬拜她的最好方式，是割下敌兵的阴茎，再投入圣火焚烧。
str_worships_mihr_intro|米赫尔就是太阳，永恒而不可杀死的太阳！他也是光明与正义的带来者。米赫尔诞生于天神瓦哈格恩与地母阿斯特吉克的结合！要恰当地敬拜他，就要公正、守荣誉、信守诺言。他会惩罚违背誓言与契约的人。
str_worships_armazi_intro|伟大的阿尔马齐是创世神之子，诞生于一枚金蛋。他有金色胡须，头戴群星之冠，手持光明权杖。他从自己的国度阿尔马齐斯赫维统治大地与诸神！他是农业与丰收之神，能赐予你丰盛的收成。别忘了献上部分收成作为祭品，否则他可能动怒，降下疾病。
str_worships_mazda_intro|阿胡拉·马兹达是一切事物的创造者，是智慧之主。他是唯一的善之力量，是带来真理、秩序与正义的光。他代表至高的良善与智慧理想。要敬拜并尊崇他，就要善良、守荣誉而公正。
str_worships_allat_intro|阿拉特是生育、健康与繁荣女神，也是冥界女神。她还保护旅人。触摸她的金色圣像，会使女人更易生育、身形更丰腴，以便生养更多孩子。要敬拜她，就要献上食物与美酒，尤其是收成的十分之一。
str_worships_ifri_intro|伊弗里是一位伟大的神，住在我们土地的群山中。伊弗里强大、健壮、不可杀死。他是生育、繁荣与庇护之神。他用黏土创造了人类，是我们所有人的父亲。他也是自然与野生生灵之神。要敬拜伊弗里，就要尊重自然与土地。但不可掠夺土地与自然，否则伊弗里会惩罚你。
str_worships_ammon_intro|阿蒙是创造与风之神。他创造了世界及其中的一切生灵，也包括我们人类。他是统治与秩序之神，一位贤明的君王应当以丰盛祭品取悦他！敬拜他的最好方式，是向我们的神庙捐款。我们会用这些钱，依照古老仪式献上恰当的祭品。
str_worships_apedemak_intro|阿佩德马克是狮神，手持长矛与弓。他是战神，每位优秀的领袖都应在战前尊崇他、颂扬他的名。他将胜利赐给强者，惩罚弱者。但他也是太阳与天空之神。若你惹他生气，他会降下旱灾，毁坏你的收成来惩罚你。用动物献祭来敬拜他，尤其是狮子！
str_offense_of_empress_1|据说她性情残虐，喜欢看鲜血与痛苦！据说她会鞭打自己的奴隶，然后强奸他们。
str_offense_of_empress_2|据说她折磨自己的奴隶，喜欢听他们的惨叫。行房前，她会以鞭打奴隶来激起自己的欲望。
str_offense_of_empress_3|据说她热爱诗歌，一心想成为著名诗人，一首接一首地写。可她的诗实在糟糕，全都在写家庭主妇乏味的情欲生活。
str_offense_of_empress_4|据说她有受虐倾向。在与丈夫“玩乐”之前，她会命令保镖先鞭打自己几下。
str_offense_of_empress_5|据说她食欲异常旺盛，整天吃个不停。她肯定是罗马帝国最胖的人！
str_offense_of_empress_6|据说她喜爱美酒、美食和聚会。她的盛宴奢华得出名，体重也同样出名。
str_parties_of_wife_1|从国库中花费了{reg30}第纳尔，用于奢华宴饮、食物、美酒等。看来她确实很喜欢吃饭。
str_parties_of_wife_2|从国库中花费了{reg30}第纳尔，举办奢华聚会。看来她并未将这些活动告知你。信中附有一份宾客名单，大多是以风流韵事闻名的年轻贵族男子。
str_parties_of_wife_3|从国库中花费了{reg30}第纳尔，置办昂贵奢华的餐食。她邀请了年轻贵族参加晚宴。
str_building_1|引水渠
str_building_2|广场
str_building_3|剧院
str_building_4|小神庙
str_building_5|大神庙
str_building_6|公共浴场
str_building_7|公共厕所
str_poem_1|一首描写神明强奸少女的淫秽诗歌。
str_poem_2|一首充满性描写的诗歌。
str_poem_3|一个短篇故事，主人公就像元首一样，是个无用的白痴。
str_poem_4|一首赞颂奥古斯塔美貌的情诗。
str_poem_5|一个讲述奥古斯塔通奸的短篇故事。
str_poem_6|一首描写凯撒尼禄阳痿的诗歌。
str_poem_7|一首将凯撒的统治与叙拉古的狄奥尼修斯暴政相比较的诗歌。
str_poem_8|一出将凯撒比作特洛伊国王普里阿摩斯的悲剧，特洛伊正是在这位国王统治时毁灭的。
str_title_4|财务官
str_title_3|营造官
str_title_2|执政官
str_title_1|监察官
str_custom_reinforce|{reg0}名{s1}已为{s2}抵达
str_slowest|最慢
str_slow|慢
str_normal_size|普通
str_fast|快
str_fastest|最快
str_good_news_our_foragers_found_much_meat|好消息！我们的征粮队找到了大量肉食。
str_our_foragers_have_returned_after_getting_some_food|我们的征粮队从附近村庄取得了一些食物，已经返回，但村民对我们很不满。
str_bad_news_our_foragers_didnt_find_food_today|坏消息！我们的征粮队今天没有找到食物。
str_very_bad_news_our_foragers_were_attacked|非常糟糕！我们的征粮队遭到愤怒村民的袭击，损失了两到四人。
str_continue|继续。
str_s22_and_s19|{s22}与{s19}
str_s23_and_s20|{s23}与{s20}
str_s24_and_s21|{s24}与{s21}
str_s17_and_s67|{s17}与{s67}
str_nobles_at_hall|{reg0?大厅中的贵族：{reg0}。{reg1? 指挥官：{reg1}（{s67}）。:} {reg2?女士：{reg2}（{s19}）。:}:} {reg3?英雄：{reg3}（{s20}）。:}
str_dplmc_setting_freq|频繁
str_dplmc_setting_tt0|将鼠标悬停在选项上可查看详情。更详细的机制说明见游戏概念信息页面。
str_dplmc_setting_tt1|此选项使战场上所有马匹的移动速度按生命值损失的比例下降。
str_dplmc_setting_tt1a|此选项使战场上无骑手的马匹在1分钟后开始逃离，再过30秒后被移除。默认检查间隔为10秒，设为0则禁用移除。骑上马匹会重置其计时器，玩家5米内的其他马匹也不会被移除。
str_dplmc_setting_tt2|此选项允许你的部队在你战斗倒下后继续作战。
str_dplmc_setting_tt3|此选项使更适应当前地形的部队在自动计算的战斗中获得优势。^骑兵不擅长林地作战，而弓箭手表现更好。
str_dplmc_setting_tt4|此选项允许流亡领主回归并加入某个阵营。
str_dplmc_setting_tt7|此选项允许你决定游戏中性别歧视的程度。
str_dplmc_setting_tt8|此选项决定同伴是否会因道德观不合和积怨受到惩罚。不过，士气低落时，同伴仍可能离队！
str_dplmc_setting_tt9|此选项决定同伴能否离开你的队伍。如果禁止同伴离队，他们的工资将变为原来的5倍！
str_dplmc_setting_tt10|此选项启用进入敌对聚落时更复杂的伪装系统。
str_dplmc_setting_tt2a|此选项会在你战斗倒下后，命令所有部队自由使用武器、自由射击并发起冲锋。
str_setting_of|当前设置：{s1}
str_beginner|简单
str_hardcore|良好
str_resting_morale|休息提升士气
str_insane_difficult|疯狂难度
str_gore|血腥效果
str_disable_complex_formations|禁用复杂阵型
str_have_formations_face_enemy|军队自动转向敌人
str_damage_to_player|玩家所受伤害
str_damage_to_friends|友军所受伤害
str_combat_ai|战斗AI
str_campaign_ai|强盗队伍规模
str_movement_and_combat_speed|战术速度
str_battle_size|战场规模
str_difficulty_setting|难度设置
str_realism_feature|真实度功能
str_special_setting|特殊设置
str_formation_feature|阵型设置
str_performance_feature|性能设置
str_battle_size_text|限制战场上同时存在的部队数量。如果大型战斗时性能较差，可以尝试降低战场规模。超过引擎上限300的战场规模可能导致问题。^^更多设置请查看画面选项，可从游戏主菜单进入，也可在游戏中按Esc键访问。
str_this_setting_affects_all|此设置影响玩家及所有游戏角色。
str_wounds|伤势
str_player_division|玩家所属编队
str_speech_senate_suggess|你的演讲很成功，元老们为你鼓掌。
str_speech_senate_fail|你的演讲糟透了！你一个字也没说出来。
str_senate_support_change|支持率从{reg50}%的元老变为{reg51}%。元老总数：{reg52}。支持者人数：{reg53}
str_lex_militari|军事法（lex militaris）
str_lex_julia|尤利娅与帕皮娅法（lex Julia et Papia）
str_lex_agra|粮食与土地法（lex frumentaria et agraria）
str_senate_meeting_over|元老院会议结束了。
str_province_begin|无行省
str_tarraco|塔拉科行省
str_baetica|贝提卡
str_lusitania|卢西塔尼亚
str_mauretania|毛里塔尼亚
str_africa|阿非利加元老院行省
str_cyrenaica|昔兰尼加
str_aegyptus|埃及
str_arabia|佩特拉阿拉伯
str_judea|犹太
str_syria|叙利亚
str_cilicia|奇里乞亚
str_cappadaokia|卡帕多西亚
str_pontus|本都
str_asia|亚细亚
str_thrac|色雷斯
str_moesia_sup|上默西亚
str_moesia_inf|下默西亚
str_achaia|亚该亚
str_epirus|伊庇鲁斯
str_macedonia|马其顿
str_dalmatia|达尔马提亚
str_sicilia|西西里
str_magna_greacia|大希腊
str_italia|意大利
str_cisalpina|山南高卢
str_narabonensis|纳尔波行省
str_aquitania|阿基坦
str_lugdunensis|卢格杜努姆行省
str_belgica|比利时高卢
str_germania_inf|下日耳曼尼亚
str_germania_sup|上日耳曼尼亚
str_raetia|雷蒂亚
str_noricum|诺里库姆
str_pannonia|潘诺尼亚
str_britannia|不列颠尼亚
str_caledonia|喀里多尼亚
str_germania_magna|大日耳曼尼亚
str_hercynia|赫尔基尼亚
str_suebia|苏埃比亚
str_dacia|达契亚
str_sarmatia|萨尔马提亚
str_bosporus|博斯普鲁斯
str_scythia|斯基泰
str_armenia|亚美尼亚
str_mesopotamia|美索不达米亚
str_assyria|阿特罗帕特尼米底亚
str_sadinia|科西嘉与撒丁
str_cyprus|塞浦路斯与克里特
str_caucasia|高加索
str_persia|波斯
str_parthia|帕提亚
str_media|大米底亚
str_nubia|努比亚
str_garamantia|加拉曼特
str_chorasmia|花剌子模
str_osreon|奥斯罗埃尼
str_adiabene|阿迪亚贝尼
str_simple_names_begin|无地区
str_qual_life_feature|便利功能
str_immersion_feature|沉浸感功能
str_edict|敕令
str_law|法律
str_not_enough_party_space|你的队伍没有足够的空位
str_not_enough_gold|你的钱不够，真尴尬！
str_character_report|角色声望：{reg5}^荣誉：{s60}（{reg6}）^队伍士气：{reg8}^队伍人数上限：{reg7}^^{s44}^{s45}^{s1}
str_diplo_version_string_1|使用Diplomacy版本{reg1}.0
str_diplo_version_string_2|使用Diplomacy版本{reg1}.00{reg2}
str_diplo_version_string_3|使用Diplomacy版本{reg1}.0{reg2}
str_diplo_version_string_4|使用Diplomacy版本{reg1}.{reg2}
str_mod_version_string_1|{s1}^模组版本{reg1}.0
str_mod_version_string_2|{s1}^模组版本{reg1}.00{reg2}
str_mod_version_string_3|{s1}^模组版本{reg1}.0{reg2}
str_mod_version_string_4|{s1}^模组版本{reg1}.{reg2}
str_convince_emperor|说服{s12}颁布法律变更。
str_can_not_retreat_ambush|现在无法撤退，你遭到了伏击！
str_grain_quest|将{reg25}船粮食运到{s5}。^提示：前往埃及或北非的一座城镇，与杂货商交谈，商议运输事宜。
str_center_rebellion_ongoing|目前正遭到叛军攻击。
str_s5_over_s14|{s21}^*{s5}是{s14}的宗主国。{s18}此关系将在{reg1}天后降为同盟。
str_s14_over_s5|{s21}^*{s5}是{s14}的朝贡附庸。{s18}此关系将在{reg1}天后降为同盟。
str_ranks_1|新兵
str_ranks_2|士兵
str_ranks_3|副百夫长
str_ranks_5|第一大队百夫长
str_ranks_6|首席百夫长
str_ranks_7|宽条带保民官
str_ranks_8|军事保民官
str_pret_ranks_1|试用新兵
str_pret_ranks_2|免役兵
str_pret_ranks_3|副百夫长
str_pret_ranks_5|第一大队百夫长
str_pret_ranks_6|首席百夫长
str_pret_ranks_7|城市大队保民官
str_pret_ranks_8|军事保民官
str_great_battles1_title|赫拉克利亚之战
str_great_battles2_title|埃克诺穆斯角之战
str_great_battles3_title|坎尼之战
str_great_battles4_title|条顿堡森林之战
str_great_battles1_intro|三个半世纪前，执政官普布利乌斯·瓦莱里乌斯·莱维努斯在离这里不远的赫拉克利亚，与皮洛士国王统率的希腊联军交战。
str_great_battles2_intro|西西里南岸的埃克诺穆斯角，曾是史上最大规模海战的战场。那是在第一次布匿战争期间，迦太基是海上强国，控制着西西里及其他沿海殖民地。为了与之抗衡，罗马展开了空前庞大的造船计划。最终，将近七百艘巨舰、载着三十万人，在这里相遇。
str_great_battles3_intro|两个半世纪前，执政官盖乌斯·特伦提乌斯·瓦罗与卢基乌斯·埃米利乌斯·保卢斯，在坎尼战场迎战汉尼拔，遭遇了堪称罗马最惨重的一次失败。罗马联军的兵力是汉尼拔的三比二，按照惯例，由瓦罗与保卢斯逐日轮流指挥。缺乏经验却信心十足的瓦罗，将部队排成密集纵深阵型，向敌人进攻。
str_great_battles4_intro|五十年前，这里发生了瓦鲁斯惨败。第XVII、第XVIII和第XIX三个军团及其辅助部队，在普布利乌斯·昆克提利乌斯·瓦鲁斯率领下穿过这片森林。
str_great_battles1_body|希腊军队从帝国各地集结而来，包括马其顿方阵和来自埃及的战象。罗马也集结了由八个军团组成的大军，并有辅助部队支援，战斗就此展开。双方势均力敌，彼此造成惨重伤亡，直到皮洛士投入留作预备的秘密武器。当时人们还不熟悉战象，在战场上遇见这种巨兽想必极其可怕。罗马军溃败，皮洛士占据了战场。
str_great_battles2_body|迦太基拥有熟练的水手，精通海战机动与撞击，但罗马重步兵举世无双。为充分发挥其优势，罗马战舰装备了“乌鸦”吊桥——一种巨大的旋转桥，便于登上敌船。两支舰队规模过于庞大，分成数群，各自交战。最终，罗马中军获胜，参与该处战斗的船只转而支援其他舰群，一次次击溃迦太基人。迦太基强大的海军被摧毁，而罗马的大规模海军扩张，为此后称霸海洋奠定了基础，他们将这片海称为Mare Nostrum——我们的海。
str_great_battles3_body|汉尼拔排出更长、更疏松的阵线，将最强的部队布置在两翼。中军佯装退却，将罗马人越引越深，两翼则静候时机。随后，两翼向前推进，合拢陷阱，从两侧将罗马军彻底包围。恐慌随之而来，继而是屠杀。数小时内，每分钟都有数百名军团士兵被杀，直到夜幕降临，少数人才得以趁乱逃脱。
str_great_battles4_body|他们的敌人是阿尔米尼乌斯率领的日耳曼部族。阿尔米尼乌斯是日耳曼裔罗马公民，受过军事教育，曾替瓦鲁斯指挥一支辅助部队。他知道在开阔地击败军团很难，于是在森林中布下伏击。这一计策极为成功。军团既未列阵，也未做好战斗准备，仓促组织的抵抗很快被压垮，大多数人被杀或沦为奴隶。
str_great_battles1_ending|然而，希腊人也损失了如此多的士兵，以至于“皮洛士式胜利”成为代价高到形同失败的胜利的代名词。劫掠罗马领土后，希腊军队也撤退了；他们伤亡太重，无力迎战正在合围的新到罗马援军。
str_great_battles2_ending|这个故事还有值得警惕的一面。这次战役后不久，罗马舰队遭遇风暴，损失了近四百艘船和十万人。也许是涅普顿格外愤怒，也许是帮助他们获胜的乌鸦吊桥，让船只更难抵御海浪。无论如何，大海中总有比世上最强海军更强大的力量，理当敬畏。
str_great_battles3_ending|罗马军队全军覆没。保卢斯战死，瓦罗则与少数幸存者逃生，面对耻辱。然而，罗马并未投降，反而更加坚定。哀悼三十天后，“和平”一词被禁止，公开哭泣也遭禁绝。他们组建新军，由不同指挥官独立行动，最终将布匿军队逼回非洲。扎马之战后，战争终于以罗马获胜告终。
str_great_battles4_ending|据说，奥古斯都听闻败讯后的反应是：“瓦鲁斯，还我军团！”这些土地的殖民进程因此受挫，尽管日耳曼尼库斯后来发动了惩罚性远征，许多部族至今仍敌视罗马。
str_quest_updated|任务记录已更新。
str_thunder_god_text|杀死大祭司后，你发现雷神像已被撞倒。它的双手都碰着一卷羊皮纸，而卷轴已经燃烧，火势迅速蔓延到整辆马车。不一会儿，马车就被烈焰吞没。受惊的马匹狂奔起来，载着大火冲向远方。马车速度太快，撞上许多岩石，一路颠落陶罐，最后彻底散架，变成一堆面目全非的残骸。你勉强捡到了原本属于雷神像的一条铜臂，此外几乎什么也没留下。^^帕提亚密探和他的手下向你走来。
str_thunder_god_text_lost|虽然你被击倒，但同伴们完成了任务，将大祭司及其侍僧斩于剑下。
str_thunder_god_text2|帕提亚密探死在你脚下。可惜没能留他活口审问。你花了一些时间检查残骸，试图弄清机械原理，却一无所获。要么这确实是一位神明，要么让雕像放出闪电的知识已经随之消失了。
str_thunder_god_text_lost2|虽然你被击倒，但同伴们最终获胜。
str_defeated_enemy|你击败了敌人。
str_defeated_enemy_death|虽然你倒下了，但你的部队击败了敌人。
str_party_1|你抵达罗马，前往奥古斯都府邸。那里正举行聚会。^^首先，你应当找到波佩娅·萨比娜，与她交谈。
str_party_2|现在你应当找到波佩娅·萨比娜，说明情况。
str_progress|进度点数变化：{reg1}点
str_water_dispute_success_s3|在足够多的罗马权贵为你说话后，你精明的政治布局轻松赢得了法庭上的胜利。{s3}获得了极为有利的用水条件，经济因此振兴，当地人也对你感恩戴德。
str_water_dispute_fail_s3|遗憾的是，你未能说服足够多的罗马权贵支持你的诉求。判决对{s3}不利。
str_entlisted_service_in_s25|你已在{s25}入伍服役。
str_discovery_reg1_text1|我们的探险队沿尼罗河溯流而上，寻找它的源头。我们与巨大的鳄鱼搏斗，还带回了一头凶猛的河马，它夺走了我们祭司的性命。拐过数百道河湾后，尼罗河化为一片广阔沼泽，茂密繁盛的植被丛生其中。我们既无法步行穿过，沉重的船只也无法通行。友善的当地人说，河流还延伸到这片被他们称为苏德的沼泽之外，但我们找不到穿越绿色迷宫的路。失去祭司后，当地诸神抛弃了我们，许多人病倒死去。死了一半人后，我们返航了。我们必须再试一次，这回得保护好祭司，别让那些凶恶的河马靠近。
str_discovery_reg1_text2|我们用极轻的小船，成功穿过尼罗河上游险恶的苏德沼泽。沼泽之外，河流仍延伸很远，有时扩展成巨大的淡水湖，宽广到身处湖上时望不见任何一岸。植被浓密青翠，空气炎热而潮湿，与埃及沙漠截然不同。传说那里有座诸神居住的大山，我们远远望见它庞大的山体直入云端，却无法尝试攀登。我们应当召集最好的登山者，组织远征，登顶并插上你的旗帜！
str_discovery_reg1_text3|伟大的凯撒，请原谅我们，我们失败了。最优秀的登山者随探险队，来到苏德沼泽与尼罗河上游诸湖之外的大山脚下。我们穿过云层，越过深深的裂缝，攀上陡峭的岩台。我们爬得如此高，难以忍受的酷热变成难以忍受的严寒，四周遍布冰雪。我们竭尽所能向上攀登，但上方的诸神派出精灵阻止我们。精灵抽走口中的空气，让人窒息；又令人昏昏欲睡，失足坠亡；还使人看见、听见根本不存在的东西。当我们都受到精灵侵袭时，只得下山返回。噢，凯撒，我们无法在峰顶插上你的旗帜，因为那里已经被诸神占据。
str_discovery_reg1_text4|我们找到了！我们沿尼罗河前行，历经险阻，为你带回神圣源头的故事：诸神在那里赐予我们河水，让埃及最肥沃的河谷在险恶沙海中得到滋养。神圣的凯撒，在苏德沼泽之外、那座不可攀登的大山之前，恰在第一座大湖的尽头，尼罗河分成两支。东支通往一座巨湖，大到横渡需要数日。湖水来自一道大泉，赋予生命的水流以神圣巨力从死寂岩石中喷涌而出，养育下游数百个差异巨大、几乎无法彼此交流的民族，最后汇入我们的海。我们从源头带回许多卵石，供罗马人民纪念你的发现。
str_discovery_reg1_text5|噢，凯撒，你或许已看见他们骑着条纹斑马归来，让整个罗马的围观者惊叹不已。斑马当然是献给你的，但它们的来处更加有趣。^我们在尼罗河源头那座大湖的东南岸登陆，向内陆前进。与对岸葱郁的森林不同，这里的土地干燥，大多平坦。稀疏的树木零星矗立，其余地方都长满青草。巨大的兽群在平原上漫游，铺满目之所及的地平线，数量比罗马的所有人口还多，挤得也更密。没有掠食者敢挑战它们；若这样的兽群奔过，即便最强的军团也会被冲垮，踏成尘土。
str_discovery_reg1_text6|我们从辽阔的塞伦吉平原带来了更多奇闻。居住在这里的马赛部族相信，诸神将全世界的牲畜都赐给了他们。因此，任何外人饲养家畜，或猎杀当地漫游的大兽群，都是僭越。^不过，我们还是与他们建立了友好关系，了解了许多习俗。他们的生活如此艰苦，新生婴儿在头三个月甚至不被正式承认，免得夭折。^狮子既是他们的图腾，也是仪式狩猎的猎物，男孩借此证明自己已成为男人。噢，凯撒，我们觉得最好别提罗马人杀狮子只是为了取乐。^马赛人送给你一头“驼豹”作为礼物——一种长颈、满身斑点的骆驼。
str_discovery_reg1_text7|塞伦吉平原的马赛人带我们前往一处他们称为“神之山”的地方。他们的神想必曾有一天大发雷霆，因为整座山只剩下了前所未见的巨大火山口！火山口内部宽逾十英里，长满青草，坐落着一座湖，野生动物繁盛。狮子、大象、河马与野牛共享这片火山口，景色令人屏息。
str_discovery_reg1_text8|噢，凯撒，只剩几名幸存者能讲述，为何广阔的塞伦吉平原如此人烟稀少。虽然我们大多数人死于马赛人的长矛，但也几乎等同于死在被称为采采蝇的巨型吸血飞虫手中。它们有孩子手指那么大，袭击人畜，饱饮鲜血。牲畜尤其容易受害，大量死于随之而来的疾病。人虽然活下来，却失去了役畜，只能徒手耕作，于是饥荒接踵而至。我们停留期间，情况尤其恶劣，原本热情的主人因此转而敌视我们……我们最好暂时避开这一带。
str_discovery_reg1_text9|我们的舰队向西驶出我们的海，再沿非洲海岸南下，探索海滨。你也知道，大洋波涛汹涌，狂暴风浪频发。然而，当我们绕过海岸的转折处向东航行时，没有一个沿海村庄说得出曾遭大风暴袭击的迹象。各方说法都表明，更南方的海域似乎受到涅普顿赐福，适宜安全航行！^我们探索了大片海岸，从海岸转折处一直到一条由北向南注入大洋的大河，沿途每座聚落都有详细记录。
str_discovery_reg1_text10|噢，神圣的陛下，那条向南流经非洲西部的大河，竟正是穿越努米底亚南方沙漠的旅人所说的吉尔河与尼日尔河。过去人们以为这些河流经一连串地下通道汇入尼罗河，如今看来显然并非如此。沿岸住着许多人，大部分土地只能勉强养活小村落，但有些地方肥沃得足以支撑城市。那里的人制作有趣的陶器和艺术品，开采金属，建造敬奉诸神的场所。^也许我们可以通过海路与他们建立贸易。
str_discovery_reg1_text11|神圣的凯撒，我们发现了冥界！在非洲东岸之外、遥远南方的一座大岛上，遍布邪恶的勒穆雷斯——古老罗马传说中夜间游荡、折磨生者的幽魂。^整片土地都浸透魔力。没有一种动植物是我们在世上其他地方见过的。树叶会变成蜥蜴，猫一般大的巨型变色龙会隐身，偷偷靠近盗走食物。夜里，黑暗森林亮起成千上万只燃烧般的黄色眼睛，伴着我们不敢面对的生物的嚎叫。^这地方最好别再碰。
str_discovery_reg2_text1|神圣的凯撒，我们走遍印度诸国，带回珍贵的珍珠、宝石，以及许多关于当地传统的故事。最引人注目的是，我们带回了五头被他们称作老虎的巨型凶猛掠食者。它们是巨大的猫科动物，比狮子还大，身有条纹，极富攻击性！圆形竞技场很少见到能与它们匹敌的动物。
str_discovery_reg2_text2|探险并未完全按计划进行，但仍是巨大的成功，噢，凯撒。我们的船在前往印度途中遭遇风暴，无论怎样努力，都无法顶着巨浪与狂风向北前进。涅普顿亲自派来的幽魂低语着，叫我们转向南方。^我们照做后，发现了一串岛屿，当地的德维人称其为迪维。这是世上最美的地方，白沙铺岸，海水清澈纯净，如同维斯塔贞女的一滴眼泪。棕榈树结出硕大的圆果，硬壳之内是柔软的白色纤维和乳白色汁液。^这里是海洋中央的一个帝国，散布在数千座小岛上。莫非这就是亚特兰蒂斯？
str_discovery_reg2_text3|神圣的凯撒，我们遍寻印度，才为你带回这种不可思议的致命动物。当然，许多地方都有毒蛇，克娄巴特拉便因埃及的一条毒蛇而死，世人皆知。但蛇通常得咬到人才能伤人，穿着合适腿甲的人，除了最狡诈的蛇，基本都能防住；而优秀的矛手还没等蛇扑来，就能把它劈成两截。^可这条蛇不同！噢，凯撒，这是最阴险的喷毒眼镜蛇。它能像投掷标枪一样喷射毒液，从很远的地方击中敌人。毒性也极其猛烈，不幸被击中的人必死无疑。
str_discovery_reg2_text4|神圣的凯撒，我们到访了塔普罗巴那大岛，它几乎与印度南端相接。这是一片富裕的土地，许多通往更遥远东方的香料与奢侈品贸易路线，都以此为重要中转站。^噢，凯撒，最令我们震撼的是他们庞大的水利工程。罗马的宏伟引水渠将清水送入大城，但这些人的工程足以与我们媲美。四百多年来，他们不断修建扩展巨大的运河、人工水库，甚至整条地下河。^我们尽可能多地带回图纸，供我们的建筑师研究。
str_discovery_reg2_text5|神圣的凯撒，我们为你带回了一只极为奇特的宠物。这小家伙在印度叫作“蒙古斯”。它看似不起眼，却拥有抵御最毒蛇类致命咬伤的特殊本领。就连最致命的眼镜蛇也拿它无可奈何，一见它就逃，而它会追上去猎杀。^噢，凯撒，让这只獴留在你身边吧，罗马向来遍地毒蛇，虽然其中大多用两条腿走路。
str_discovery_reg2_text6|神圣的凯撒，这次的礼物只有几枚巴克特里亚德米特里一世的钱币，但我们带回的知识无价。^印度繁忙的沿海港口深入内陆，有许多小王国。如今所剩无几，但就在两百多年前，西北部的大部分土地还由希腊国王统治。^据说他们是一些希腊国王的后裔，那些国王征服的地方比亚历山大更远，却被历史遗忘。他们皈依佛教，在印度次大陆建立了伟大的王国。庞培乌斯·特罗古斯曾为凯撒奥古斯都简略记述过他们；如今，神圣的陛下，我们已为你仔细记录了一切能查到的细节。
str_discovery_reg2_text7|伟大的凯撒，桑奇大佛塔之于佛教徒，正如金字塔之于埃及。每座佛塔都围绕圣物建造，是类似金字塔的庞大穹顶建筑。它们遍布印度腹地的桑奇。但与很久以前建成的金字塔不同，佛塔仍在不断扩建。广阔的建筑群中矗立着许多国王所立的柱子，甚至还有来自北方一位印度希腊国王的赫利奥多罗斯柱。^这里很值得研究，但我们提前结束了考察，用手头资金以神圣凯撒{playername}之名建起一根柱子，让遥远国度的人们也能赞颂你的名。
str_discovery_reg2_text8|伟大的凯撒，这些埃洛拉石窟的图画或许难以置信，但描绘的都是真实景象。石窟由巨大的地下神庙、院落和墓窟组成，宽阔大厅深凿于坚硬的玄武岩中。殿顶高逾十五个人的大厅里，安放着想象中最巨大的雕像，与岩体一同雕成，大到根本无法在地表独立存在。^噢，凯撒，有些石窟神庙已有一千多年历史，比罗马建城还早！我们已仔细记录墙壁讲述的故事，甚至部分译出了刻着《罗摩衍那》史诗的铭文。^完整翻译还需要学者们花更多时间，因为原文有成千上万节诗句。
str_discovery_reg2_text9|我们从印度沿海岸继续东行，发现了一大片群岛，有的岛比整个意大利还大，自成世界；有的则只是涨潮时勉强露出海面的岩石。那里有许多聚落，沿海聚落间香料贸易繁盛。^其中一座岛上生活着巨大的蟒蛇，足以整个人吞下成年男子！另一座名叫科莫多的岛，则被不会飞的龙占据。它们厚重的甲皮能挡住钢铁利器，咬出的伤口如受诅咒，会溃烂并在数日内致命。^据我们所知，这两种怪物各守自己的岛屿，互不往来。不过，我们当然各带回了几只。神圣的凯撒，只要你下令，就能让它们在竞技场中厮杀！
str_discovery_reg2_text10|噢，神圣的陛下，我们如今绘出了从印度一路延伸至西纳（Sinae）的岛屿与海岸地图，那里港口里的上等丝绸和瓷器便宜得惊人！这片土地广袤多样，有许多大城，其中不少我们只能听闻。关于更北方土地的传说也同样奇妙。据说陆地一直延伸至世界尽头的一片大冰原，即使盛夏也永不融化。^与罗马一样，这片土地统一为一个大帝国；他们的政治斗争、背叛与内战故事，足以与我们的相比。
str_discovery_reg2_text11|噢，凯撒，我们探索了西纳（Sinae）北方，汉帝国正在那里与边境蛮族交战。帝国沿北境修筑了巨大的城墙，绵延数英里。即便伟大的帝国也无法在如此庞大的城墙上处处驻兵，但它们能阻止游牧军队骑马迅速穿行。^汉帝国北方的部族与我们这里的斯基泰人相似，精于骑射，擅长野战。他们越过一道城墙，最终又会遇见另一道；到那时，汉军已完成动员，准备迎战。
str_discovery_reg2_text12|噢，神圣的陛下，探险途中发生了一件意外。船长停靠港口时，爱上了一位陌生的印度姑娘。她给他讲了一个童话，说南方有一片巨大土地，流淌着奶与蜜，生活着奇异动物，拥有难以想象的财富。据说它位于我们此前发现的群岛以南。姑娘想去那座岛，沉醉于爱情的船长便想满足她的一切愿望。于是他们沿岛屿海岸向南航行，终于抵达那片土地。那里没有财富，却有些奇怪的动物，用两条腿蹦跳。船长与姑娘留在那里，其余船员则更喜欢罗马，不愿待在这遥远地方，于是返航。如今他们已经回来，还给你带来了一只这样的动物！
str_expedition_event_string_1|欢腾的罗马人庆祝这场令人暂忘日常生活的盛会。人群为珍稀凶猛动物的搏斗喝彩，在圆形竞技场观看重演罗马探险者旅程的戏剧，品尝依照世界各地文化正宗做法烹制的异国美食，并反复聆听那些奉你之命远行探索的人亲口讲述见闻。^这些人被当作古老传说中的英雄，受尽关注与敬畏，而他们也对你大加赞颂。盛会尚未结束，人民便已确信，他们的元首确实是一位仁慈的神。
str_expedition_event_string_2|你的谍报首脑在绝对保密中不懈工作。此事不惜一切花费，罗马最杰出的头脑都投入其中，从禁卫军，到高明得无人知晓姓名的间谍，无不参与。最终策划出一场帝国前所未见的秘密行动。^各小组协调配合，建立秘密密码，应急预案还有备用预案，而备用预案又另有后手。^经历漫长而令人紧张的等待，间谍终于凯旋，带回能为罗马赚取数百万财富的珍贵幼虫。从现在起，你可以在大庄园建造丝织坊。
str_changed_controversy|你的争议值变化了{reg30}。
str_latrones_event_12|贵族鞠躬致歉，再未提起自己的想法。竞技赛照往年一样继续举行。
str_latrones_event_3|得到你的许可后，贵族筹到足够资金举办活动，但成效有限。平民自然欢迎这种免费消遣，暂时摆脱日常劳作，可棋局节奏缓慢，观众无法像观看角斗那样发出狂热的吼声。
str_latrones_event_4|元首慷慨捐助后，罗马最富有的人们为了追赶时尚，也纷纷捐款，活动遂变成奢华无比的盛典。免费美酒佳肴将人群淹没，最优秀的解说员在各条通道大声描述赛况，美貌而半裸的奴隶四处走动，展示将授予冠军的巨大金杯。^^围绕棋局精心编排的表演，在节奏缓慢时填入精彩内容，让观众始终保持兴趣与兴奋。活动大获成功，棋戏的声望也随之提高。^^新设立的年度“{playername}真人盗贼棋锦标赛总决赛”，今后足以吸引足够的赞助者，无须再动用你的国库。
str_avaritia_dead|苏佩尔布斯和阿瓦里提娅在别墅中被捕，产业遭到查封。事实证明，所有指控都是真的。宣布死刑时，阿瓦里提娅哭喊道：“{playername}，只要你再饶我们最后一次，我们一定诚实做人，我向诸神起誓！”但你不为所动，平静地观看行刑。数日后，两人都在十字架上渴死。
str_avaritia_banished|苏佩尔布斯和阿瓦里提娅在别墅中被捕，产业遭到查封。事实证明，所有指控都是真的。^^他们被流放到一座林木茂盛的小岛，岛上只有一个住着十几人的小村庄。你听说，他们开始了诚实的新生活。
str_freelancer_enabled|入伍服役期间无法进行。
str_become_pharaoh_ceremony_text2|首先是“绕行白墙”。你的任务很简单：率领盛大的队伍，绕孟斐斯古老的城墙走完一周。沿途挤满欢呼的人群，他们将爱戴献给新法老，宣誓永远忠诚。^^你乘着四匹骏马拉的战车，从容巡视新的权力中心，如同三千多年前传说中的美尼斯王。伟大罗马迄今的全部历史——从小村庄崛起、胜利与失败、征服昔日强盛的古老帝国、动荡与繁荣，以及所有国王、元老、执政官、独裁官和皇帝——统统算在一起，在你与美尼斯之间的漫长岁月中，足以容纳四遍。然而如今，你来到这里，接管他古老的疆土、古老的城墙，与他一样成为神。
str_become_pharaoh_ceremony_text3|第二项仪式是“上下埃及统一”。传统上，以两只蛇颈豹的长颈交缠象征统一。不过蛇颈豹是神话生物，眼下难以取得，祭司们便在仪式中分别用蛇和豹代替。人群太高兴、也喝得太醉，既没察觉，也不在意。^^仪式最后一环是“击灭敌人”。按照传统，应当仪式性地处死敌国君王。这次用的是新近俘获的一位边境劫掠部族首领。
str_become_pharaoh_ceremony_text4|第三项仪式是“幼王哺乳”，由女神伊西斯给婴儿法老喂奶。通常这会用小雕像演示，而非真人表演，尤其对一位成年的元首而言更应如此；但你的一些顾问强烈反对任何不以你为中心的仪式。一人主张制作巨大的伊西斯神像，使你相比之下如同婴儿；另一人则坚持让真人女子扮成女神，以求完全逼真。^^最终由你选择，但无论你听从哪位顾问，或是遵循传统，人民都已尽情享受了这场庆典。
str_become_pharaoh_ceremony_text5|第四项仪式是索卡尔祭宴。它并非加冕独有，但按传统仍会举行，以纪念前任统治者之死。仪式需要制作一艘礼仪小舟，绘上索卡尔的形象；他是冥界之神，也是王家墓地的神圣守护者。当你把船拖到尼罗河放流时，必须决定要为尼禄许下怎样的愿望。
str_become_pharaoh_ceremony_text6|最后一项仪式是“国王显现”。它紧接加冕举行，展示并确立你的统治权。这是一切庆典的高潮，食物、酒水和娱乐都不惜重金。庆典中，你头戴新的双重王冠，分三次出现在欢呼的人群面前。首先是上埃及国王显现，然后是下埃及国王显现——恰好也是你。最后，是上下埃及国王显现。^^大功告成。你成为埃及法老，继承了三千多年来统治这片古老土地的三百多位法老。这里的每个男人、女人和孩子，都将你当作神明叩拜。王冠所散发的权力几乎触手可及。
str_corruption_event_text_1|{s44}迅速前来接受审查，表现得无比忠诚。文书完美得无可挑剔。你永远无法知道，这是因为总督确实清白，还是因为来此的漫长路途，让他有足够时间抹平所有不法证据。
str_corruption_event_text_2|{s44}前来接受审查。很明显，本应属于你的财物确实遭到了侵吞。你得与他谈谈。
str_corruption_event_text_diag_1|（你翻阅文书。总督的账目井井有条，看来近期税收偏低确有合理解释。）
str_corruption_event_text_diag_2|（你翻阅文书。没有合理解释，账目清楚地显示存在贪腐。）
str_governor_corruption_punish_honor|噢，凯撒，我深感羞愧。求你了，我一向尽职忠诚。
str_governor_corruption_punish_martial|我做错了，但一名优秀战士对你难道不值许多吗？^^我应当受罚，但罪不至死。让我在战场上击败你的敌人，重新赢得你的青睐。
str_governor_corruption_punish_dishonor|噢，凯撒，请别急着严惩。难道我们就不能商量个办法吗？
str_tributary_attack|他们是我们的朝贡国。若你攻击他们，就会违反条约。
str_nomad_request_text1|一位部族首领的儿子对希腊戏剧很感兴趣，请求获准与希腊最优秀的演员一同生活学习。
str_nomad_request_text1_1|一位部族首领的儿子对{s24}戏剧很感兴趣，请求获准与{s23}最优秀的演员一同生活学习。
str_nomad_request_text2|他们的使节在{s25}时爱上了一位美丽的女奴。她也回应了他的感情，但主人无论多少钱都不肯出售或释放她。使节请求你强令主人允许他为爱人赎身。
str_nomad_request_text3|一位著名{s24}乐师的技艺深得部族酋长喜爱，他请你帮忙说服乐师，到部族宫廷住一年并演奏。乐师很害怕游牧民，只有你保证安全，并派一支武装的{s24}使团陪同，他才肯去。酋长对此并无异议，也乐意承担全部费用。
str_nomad_request_text4|部族酋长认定，最近在{s25}拍卖的一件独一无二的短衣，非常适合他的爱妻。可惜，目前拥有它的{s24}女士无论多少钱都不肯割爱。酋长请求你帮忙。
str_nomad_request_text5|一位{s11}领袖读过罗马伟大战役的历史后，请求阅读尤利乌斯·凯撒在高卢征战时送回罗马的报告原件。
str_nomad_request_text5_1|一位{s11}领袖听说{s23}的历史及其伟大战役后，请求进入王家档案库，以便了解更多。
str_nomad_request_text6|几位出身高贵的{s11}青年热爱海洋，但这与游牧生活不相容。他们有权势的父亲请求让儿子到罗马船上当学徒，并准许他们在我们的海开设海上贸易商社。
str_nomad_request_text6_1|几位出身高贵的{s11}青年热爱{s24}文化，但这与游牧生活不相容。他们有权势的父亲请求让儿子到{s25}住上几年，并开设商社。
str_nomad_conflict_text1|游牧民世代在这一带放牧，但随着定居的{s24}臣民日益增多，农田逐渐侵占越来越多的牧场。游牧民认为这是侵犯，农民则指责他们经常小规模劫掠偷盗。
str_nomad_conflict_text2|水源向来容易引发争执，在两族交界之处尤其如此。农民不断引水灌溉，游牧民抱怨这让溪流枯竭，毁掉了他们领地上本就稀少的珍贵水源。他们要求恢复溪流，但定居者坚持，水坝是维持生计所必需的。
str_nomad_conflict_text3|一种新的成年仪式正在最剽悍的游牧青年中流行。尽管长者禁止，一些桀骜不驯的年轻人仍从边境村庄掳走女子作新娘。作为报复，与绑架毫无关系的游牧商人和旅人遭到伏击殴打，有些甚至被杀。必须介入解决，防止局势进一步恶化。
str_nomad_conflict_text4|边境村庄接连发生马匹和牛只被盗事件，农民将其归咎于游牧民。他们开始结伙袭击较小的游牧营地，以作报复。必须由你介入解决，防止局势进一步恶化。
str_nomad_conflict_text5|这一带边境村庄的居民，在前往附近城镇时接连失踪。后来，有些人在更远处的奴隶市场出现，讲述自己被骑手绑架的遭遇。当地村民指责擅长骑术的游牧民，游牧民则否认参与，认为应当怪罪{s24}强盗。
str_nomad_event_outcome_1|尽管得到你的援助，亲{s24}一派仍然落败，一个不太愿意合作的氏族掌握了权力。与{s11}的关系恶化。
str_nomad_event_outcome_2|你的秘密援助确保了{s11}中的友好派系获胜。新领袖本就亲近{s24}，又因你在危难之际施以援手，如今更加友善。
str_nomad_event_outcome_3|亲{s24}一派落败，一个不太愿意合作的氏族掌握了权力。与{s11}的关系恶化。
str_nomad_event_outcome_4|内战尘埃落定后，你与新领导层建立了关系，他们对{s25}的态度相当中立。
str_nomad_event_outcome_5|亲近{s25}的派系未靠你的帮助便取得胜利。与{s11}的关系有所改善，但他们质疑，你为何在其危难之际拒绝支持。
str_nomad_event_outcome_6|一支强大的{s24}军队越过边境，加入你选择的派系。他们击溃所有对手，扶立{s11}的新领袖；此人当然拥护{s25}与{s26}。
str_nomad_event_outcome_7|一支强大的{s24}军队加入战斗，但出乎所有人意料，敌对部族联盟将其彻底击败。{s25}的军队被迫撤退，{s11}出现了一位强烈敌视{s25}的新领袖。
str_nomad_event_outcome_8|尽管得到你的援助，亲{s24}一派仍未能夺权。不过，{s24}的介入并未瞒过旁人，与{s11}的关系因此恶化。
str_nomad_event_outcome_9|你的秘密援助确保了{s11}中的友好派系获胜。新领袖本就亲近{s25}，又因你在危难之际施以援手，如今更加友善。
str_nomad_event_outcome_10|{s11}使节对你感激不尽。在他们生死存亡之际，{s25}挺身相助。你赢得了忠诚的朋友，但饥饿的{s24}平民却没有那么善解人意。在安排更多粮食之前，{s26}将不得不应付血腥骚乱。
str_nomad_event_outcome_11|{s11}使节怒气冲冲地离去，深知你刚刚判定他的数千同胞将痛苦死去。他们不会轻易忘记你的冷漠。
str_nomad_event_outcome_12|人群为你的决定欣喜若狂，但与{s11}的关系已彻底破裂。若你在意自己使节的性命，最好别再派他们前往{s11}。
str_nomad_event_outcome_13|{s11}使节被秘密送出{s25}。他的族人心怀感激，关系因此改善，但{s25}爆发了愤怒的骚乱。平民满怀仇恨，责怪你让他们冒着遭受神罚的危险。此后数周，凡有不顺，都会被归咎于你。
str_nomad_event_outcome_14|你在此事上支持农民，以{s26}的武力相威胁，迫使游牧民退让。{s24}人民乐于看到一位强硬的{s27}，但与游牧民的关系恶化。
str_nomad_event_outcome_15|你斥责当地总督，责怪他放任冲突、侵犯邻近部族。{s24}人民认为这是软弱的表现，但游牧民感谢你的支持。
str_patrol_nothing_vignette0|一支小商队，正缓缓前往最近的城镇。
str_patrol_nothing_vignette1|一只野生食腐动物，啃食着一具放了一天的动物尸体。
str_patrol_nothing_vignette2|一位年轻女子暂时放下采根挖果的活计，在荒野溪流中裸泳，浑然不知你们全队曾悄悄偷看，随后才继续巡逻。
str_patrol_nothing_vignette3|一群前往圣地朝拜的朝圣者。
str_patrol_nothing_vignette4|一位帝国信使沿路飞驰，胯下纯种马累得口吐白沫。
str_patrol_nothing_vignette5|一支伐木者的队伍，用驴驮着木材运往附近村庄。
str_patrol_nothing_vignette6|一支征粮队，带着一具新鲜猎物返回军团。
str_patrol_nothing_vignette7|一名猎人，带着大批兽皮和毛皮前往城镇。
str_patrol_nothing_vignette8|一支组织严密的大商队，护卫队实力与你的小队相当。经过时，久经沙场的佣兵们怀疑地盯着你们。
str_patrol_nothing_vignette9|一支村民队伍，从城镇买了各色物品回来。
str_patrol_nothing_vignette10|几只鸟，在道路上方昂然翱翔，沿着你们的路线飞行。这显然是个好兆头。
str_patrol_nothing_vignette11|一只死鸟，在地上腐烂。这显然是个坏兆头。
str_patrol_text_peaceful|行军，行军，还是行军。率领小队巡逻本可能危险重重，这次却又一如往常，平安无事。部队走完了指定路线，小心避开潜在的伏击。你们看见{s2}几小时后，你们返回军团。
str_village_x_has_been_raided_player_pay|你必须支付{reg23}第纳尔，修缮遭到劫掠的{s31}。
str_fake_rumor_1|你听说{s32}牵涉到一位元老的谋杀案，死者曾支持你的主张。
str_fake_rumor_2|你听到了关于{s32}邪恶品性的传闻。罗马四处流传着他可怕习性的骇人消息。他似乎在以巴克科斯之名举办的聚会中，与各种奴隶纵情享乐。
str_fake_rumor_3|一张长长的清单被送到你面前，列举{s32}的种种罪行。你看了看，其中一句话吸引了你的注意：“{s32}无能得令人震惊，连用勺子吃饭都不会。”
str_fake_rumor_4|你听说{s32}挪用行政资金，供自己挥霍。^^一份请愿书被送到你面前，附有长长的清单，列举贪腐证据。但仔细研究后，你发现其中有些古怪的指控……
str_fake_rumor_5|有人说{s32}正在囤积武器，争取罗马元老和贵族的支持。莫非想反叛你？
str_fake_rumor_6|有人说{s32}在元老院支持甚广，想借此推翻你的统治。
str_fake_rumor_7|据说{s32}已开始煽动民众，或是为了挑战你的统治，或只是纯粹无能所致。
str_fake_rumor_8|传闻称，{s32}谋杀了一位富商，自己曾欠那人的钱。但案发当天，{s32}正在皇宫参加你举办的一场聚会……
str_string_speech_1_1|当家乡的年轻男子和美丽女子问起你的战伤从何而来，你可以告诉他们：“我曾在世上最伟大的军队中，追随世上最伟大的将军征战！”
str_string_speech_1_2|想想此刻，帝国各地的懦夫和老人，正在放羊、种地，白白劳苦流汗！而我们士兵站在这里。我们的艰辛即将开始，我们的汗水和鲜血即将流淌。为了什么？为了荣誉！为了荣耀！为了胜利！
str_string_speech_1_3|我们从这片土地的四面八方赶来，要在此时此刻，在这片战场迎接命运。即使我们早已死去，人们仍会在歌谣中传唱我们的名字，歌颂我们将在此地创造的伟业！
str_string_speech_1_4|兄弟们！你们曾呱呱坠地，后来长成男子汉。昨天我们行军，今天我们战斗！今天，我们让敌人流血，将他们送入毁灭。今天，我们击碎他们的盾牌。你们一生的每一天，都通向此刻。今天，我们以兄弟之名一同征服。今晚，我们在敌人的餐桌上设宴！
str_string_speech_1_5|朋友们！听我说！今天，我们要用敌人的鲜血，写下家中炉火旁传唱的歌谣！你们是自由人！任何侵犯我们土地的人，都别想活着讲述。眼前的敌军人数众多，但他们不是来保卫家园，而是来劫掠你们的家园。他们必将倒下！做好准备！坚守，永不屈服！谁也不许把土地与荣耀交给眼前这群乌合之众。战斗！宁死不屈！绝不，绝不，绝不！
str_string_speech_1_6|士兵们，敌人就在眼前。准备武器！这支军队就是我们的家，让我们欢迎敌人吧！让他们来！让两军一决高下！你们所需的，只有自己的臂膀与勇气。兄弟们，你们将屹立在这支军队之中。我知道，在场每个人胸中都有一团如此炽烈的火焰，以至于我要说，你们的铠甲保护的不是自己，而是敌人！荣耀就是我们的命运！除非你拱手让出，否则无人能将它夺走。
str_string_speech_1_7|来吧，士兵们！让我们前进，在战场上迎战敌人！有你们这样的勇士，军队绝不会崩溃，绝不会败给那些胆敢来犯的懦弱恶犬！像古代英雄一样，让我们杀个痛快，人人都是英雄，人人都是真正的男子汉！今天，我们要让渡鸦吃个饱！
str_string_speech_1_8|记住你们的孩子与妻子，记住家园与祖先，记住诸神，以及我们今日为之战斗的一切。我们在这里，是为了建立更美好的世界！对面的敌人知道这一点，也畏惧我们的决心。他们怕得尿湿裤子，像树叶般发抖，连长矛都握不住。士兵们！我与你们同在，一同流血流汗，能与这样的巨人并肩，我深感自豪。士兵们，命运正在等待我们，该由我们亲手夺取了！
str_string_speech_1_9|今夜，敌人的太阳将会落下，而我们将像春日阳光般闪耀。你们此刻或许紧张颤抖，但与敌人相比，这双颤抖的手根本不值一提。他们只是风中的秋叶，我们却是呼啸的风暴，要将他们吹散到草原上，永不复见。举起武器，化作击倒他们大树的雷霆。这片土地属于我们——这些森林、丘陵与田野——四季轮转，年复一年，永远如此！
str_string_speech_1_10|士兵们！今天，我们站在荣耀的门槛上，以不屈的心与不折的意志面对敌人。记住：战死者将升入诸神殿堂，他们的勇武将永受颂扬！而从战火熔炉中归来的人，你们的名字将回响于史册，受到后世代代敬仰！
str_string_speech_1_11|士兵们！我的兄弟们！我们已一同行军许多天，你们的奖赏仍在等待！荣耀、战利品与胜利，都要从敌人的哀嚎中取得！现在，去吧！奔向你们的命运！夺取奖赏！战斗！战斗！一个活口也别留！
str_string_speech_1_end|按Tab键结束任务。
str_cave_leave|现在沿原路返回，回到外面吗？
str_it_is_time_for_the_feast_to_conclude_2|举办宴会的聚落已经被烧毁，我们必须结束宴会。
str_return| 返回
str_start_emperor_1|你已来到永恒之城罗马附近，这里是罗马帝国——你的帝国——的首都。
str_start_tribune_1|你被任命指挥一个辅助步兵大队。部队工资由帝国国库支付，而以你目前的军衔，可领取1000第纳尔薪俸。由于尚未结婚，你还必须缴纳惩罚性税款（尤利娅与帕皮娅法）。
str_start_slave_1|你被带到奴隶市场。身强力壮的你，本来注定要在采石场或矿井中耗尽余生，早早埋骨。但福尔图娜另有安排。地主马尔库斯·盖乌斯·克拉基乌斯那娇纵的女儿在奴隶市场看见你，被你的肌肉吸引，立刻将你买作“玩物”。^新生活成了一场噩梦。你必须满足她最阴暗的欲望，稍有不从，就会遭到惩罚和折磨。^你再也无法忍受，决定行动。你在奴隶中争取支持。主人极不得人心，所有奴隶都同意你的起义计划。他们小心收集一切能当武器的工具。清算之日，奴隶们聚集在主人屋前。为未来而战的时刻到了！
str_present_option_1|一箱精致的温和奶酪
str_present_option_2|一匹高大凶悍的重型战马
str_present_option_3|一箱加烈葡萄酒，烈得足以让人当场倒下
str_present_option_4|一位身姿丰腴的交际花
str_present_option_5|一位擅长制作利布姆奶酪糕的名厨
str_present_option_6|一位使用三叉戟和渔网的角斗冠军
str_present_option_7|一条同样华贵的珍珠项链
str_present_option_8|一位歌喉优美的歌者
str_present_option_9|一首赞美你智慧的诗
str_present_option_10|一头巨象，可能是你见过最大的
str_collective_punishment_opt1|总督集结大军，进军村庄，将许多当地卫兵与政客处死。他的部队如入侵者般劫掠，不顾居民对公正的呼求，杀死一切试图反抗的人。^^如此残暴地滥用权力，令许多人震惊。故事传遍帝国，为了更耸人听闻，往往被夸大得离谱。总督送来赞颂与贵重礼物，表达对神圣而敬爱的凯撒的忠诚与敬意。
str_collective_punishment_opt2|此后数月，大批帝国军队涌入村庄。他们彻底征税，审查每份文书，在法律允许范围内连最轻微的违规也不放过。每辆货车都被扣上数日，每个箱子、袋子和双耳陶罐都被打开检查，进出村庄的贸易陷于瘫痪。货物动辄以微不足道的法律借口被没收，任其腐烂。数月的这种围困，几乎带来了与真正战争同等的苦难。村民最终屈服，交出涉事的盗贼、卫兵，甚至一些政客，并附上证据和极为热心的证人供起诉使用。可惜，这次武力示威开支不菲，总督下一次上缴的税款少了一些。
str_collective_punishment_opt3|你指示总督，必须严格而公正地依法办事。未经证实的怀疑不能成为惩罚任何人的理由，更别说整座城镇。^^结果，总督束手束脚，局面依旧。犯罪组织大喜，周边城镇则十分不满。
str_offensive_cult_opt1|如此卑劣的崇拜行径，必须根除。总督将罗马在行省中的全部力量用于支持自发集结的民众，引导他们，并尽力确保调查与审判至少有几分法律程序的样子。^^一些被指控者遭到拷打或杀害，其中包括许多无辜者。虽然可能仍有教徒藏匿，{s13}的居民大多相信邪教已被摧毁。可惜，最狂热的私刑团不肯停手，实际上沦为盗匪，借根除邪恶之名攻击平民。
str_offensive_cult_opt2|在你的指示下，总督集中力量打击私刑团伙。他以刀剑教会众人：无论民众有何怨言，只有帝国有权使用暴力。这自然引起民怨，也丝毫未能消除人们对邪教的恐惧。^^最终，私刑组织被赶入地下，变得与邪教本身一样隐秘。此后多年，{s13}都会陷入一场隐秘战争，夜间谋杀与纵火不断，而你的总督无力阻止。
str_offensive_cult_opt3|{s13}的民众为总督与元首欢呼，许多私刑团横行街头，把教徒从家中拖出，就地处决。但很快，越来越多人发现，这些人根本不知自己在做什么，只是凭着毫无根据的指控杀害无辜者。反抗随之而生，居民组建自卫团保护街区。私刑团立刻指责他们是起事的邪教徒，要杀害并献祭{s13}的善良百姓。全城爆发内战，就连当地军队也无力平息。直到附近各行省援军赶到，和平才得以恢复，而届时城市已遭焚毁，街道一再被鲜血洗过。^^这是罗马和平的一次严重失败，民众将责任归咎于你。
str_disguised_present_opt1|你给{s12}送去答复。他以礼物掩饰用意的做法显而易见，但礼物仍令人感激。
str_disguised_present_opt2|你告诫{s12}，不能占用紧急通信渠道送礼。消息传开后，其他人也不再以这种方式给你送礼。
str_gardens_conventional|是的，{s0}。这一切美景仍让我心醉。虽听过许多关于皇宫之美的故事，却想不到它看起来、闻起来都如此美好。如今我以奥古斯塔的身份生活在这里，仍觉得难以置信。
str_gardens_adventurous|噢，{s0}，想来凉亭里和我们一起小酌用餐吗？我们正在探讨生与死。最近的角斗我看得很尽兴，可惜最喜欢的那个人死了。我们正谈论他的永恒灵魂如今会怎样……
str_gardens_otherworldly|啊，{s0}，我在这里和随从们相处了这么久。有时望着蜜蜂，就觉得自己像蜂后。我住在这些勤劳的蜜蜂中间，仿佛是他们的女王。
str_gardens_ambitious|是的，{s0}，很高兴见到你。我决定今天在花园用晚餐。要不要加入我们，谈谈政治？
str_gardens_moralist|噢，{s0}，宫中诱惑甚多，可在这花园里，我觉得稍微安全些。我仍尽力避免变得像波佩娅或克里斯皮尼拉那样腐化！
str_gardens_hedonist|啊，{s0}，花园真是私下交谈的好地方，你不觉得吗？远离宫廷里那些窥探的眼睛。在玫瑰丛间，人可以更自在地……做自己……
str_palace_conventional|是的，我的{s0}？我正在读一位新诗人的诗，据说他前途无量。可惜我忘了他的名字。算了，你有什么事？
str_palace_adventurous|噢，{s0}，我正在计划重新布置餐厅。另外，我买了些新奴隶，旧的那些对我的口味来说，年纪有点太大了。
str_palace_otherworldly|是的，{s0}。我觉得自己像东方行省商人常讲的故事中的公主。顺便说，奥尔孔把我比作宝石，真是动听的赞美。
str_palace_ambitious|是的，{s0}。最近我和几位元老聊得很愉快，正考虑请他们参加晚宴。他们肯定抵挡不住我的魅力。
str_palace_moralist|噢，{s0}，不得不说，虽然宫中对女人有许多诱惑，这里仍是极其雅致的地方。尽管如此，我可以说自己保住了美德。
str_palace_hedonist|噢，{s0}，皇宫难道不美妙吗？这么多权势显赫的男人，走廊里低声传递着这么多秘密……简直是感官的盛宴。“美德”留给维斯塔贞女吧，我更喜欢真正活色生香的生活。
str_palace_meal_conventional|我正在准备晚餐。如果事情不太重要，我们晚些再谈，好吗，我的{s0}？
str_palace_meal_adventurous|是的，{s0}。我正在试衣服。看看这条项链，多么廉价！你得给我买条新的！
str_palace_meal_otherworldly|是的，{s0}。我正准备去用晚餐，却还没想好穿哪条裙子。
str_palace_meal_ambitious|是的，{s0}？我正准备与几位元老共进晚餐，但还没决定穿哪条裙子……
str_palace_meal_moralist|是的，{s0}，我正准备午餐，请别太打扰我。我们晚些再谈。
str_palace_meal_hedonist|啊，{s0}，你来得正巧，我刚要尝尝这美妙的香料酒。除非你的事比这杯酒更醉人，否则总能等一等。
str_christ_dialogue_1|愿基督保佑你。希望他们找不到我们，否则我们都难逃一死。不过至少我们会上天堂，不像他们要下地狱。
str_christ_dialogue_2|我每周来这里一次，为自己永恒的灵魂祈祷。末日将近，基督会降临，摧毁世间邪恶。
str_christ_dialogue_3|末日将近。我能感觉到，也能梦见。下周一定会来。那时基督将审判世人，我们将进入天堂！我真为此激动！
str_christ_dialogue_4|罗马人的堕落会使他们覆灭。帝国会崩溃，世界会在我们的上帝耶稣基督最终审判之前倾覆。
str_christ_dialogue_5|因父、及子、及圣神之名。阿门。
str_christ_dialogue_6|求你发出你的光明与真理，引导我，带我到你的圣山，进入你的居所。
str_christ_dialogue_7|上帝，我的上帝，我要弹琴赞美你。我的灵魂啊，你为何忧伤，为何使我不安？
str_christ_dialogue_8|愿你们平安！
str_urban_praefect_intro_emperor|我是{s29}。听候差遣，神圣的凯撒。^^（你注意到他脸上露出阴沉的笑容。）
str_urban_praefect_intro|我是{s29}。你想要什么？^^（你注意到他脸上露出阴沉的笑容。）
str_urban_praefect_emperor|听候差遣，神圣的凯撒。
str_god_praise_1_christ|也愿上帝保佑你！
str_god_praise_2_christ|多么适合赞美上帝的一天！
str_god_praise_3_christ|噢，上帝，我向你祈祷：请帮助我，让我的儿子熬过这场疾病。
str_god_praise_4_christ|上帝，我向你祈祷：我这个谦卑的仆人需要你的帮助。我的妻子病了，请救救她！
str_god_praise_5_christ|希望上帝垂听我的祈祷，救救我的母亲。她正在遭受疾病折磨……
str_god_praise_6_christ|噢，上帝，请垂听我的祈祷：我的女儿身陷险境，请用你的力量帮助她。
str_god_praise_1|愿诸神保佑你和你的孩子！
str_god_praise_2|多么适合赞美诸神的一天！
str_god_praise_3|前些天我看见这只鹰。那是诸神的预兆，我生病的儿子会活下来！
str_god_praise_4|别忘了，诸神有时相当喜怒无常，所以我们必须献祭，以求他们欢心。
str_god_praise_5|祖父常告诉我，他曾在街上行走时见到帕拉斯·雅典娜。几个乞丐袭击他，他说女神赶来救了他的命。
str_god_praise_6|你应当时刻留意吉兆与凶兆，这样才知道是否需要献祭。
str_god_praise_7|无人比朱庇特更强大。朱庇特所能为之事，牛却不可为之。
str_legatus|军团长
str_praefectus|大队长
str_tribunus|军事保民官
str_lecture_1_1|在接下来的讲课中，我会谈论柏拉图的正义观，以及他所描述的理想国家。首先从柏拉图哲学中的正义谈起。^^什么是正义？有人会说，正义就是帮助支持朋友，伤害敌人。或者换一种说法，让每个人得到应得之物。但如果你看错了人呢？若你把一个正直善良的人视为敌人，伤害他，还认为这是正义之举。然而，伤害无辜者不可能是正义。那些与恶人为友、与善人为敌的人又该如何？他们岂不是得支持恶人、伤害善人？这不可能是正义。
str_lecture_1_2|如果这样定义正义呢：正义是有利于强者之事，而不义是谋求自己的利益与好处。比如，国家统治者制定对自己有利的法律，再用这些法律界定正义。但统治者也会犯错，可能颁布不利于自己的法律。若臣民遵守法律，便会损害统治者。因此，伤害统治者也可能成为正义之举。但这又与定义矛盾：正义应当是有利于强者之事。
str_lecture_1_3|那么，究竟什么是正义，怎样才算正义呢？正义有两层含义，一层关乎整个社会，另一层关乎每个个体。在理想社会中，公民愿意承担自己天性适合的工作，就是正义。这些工作决定其在社会中的天然地位。轻视这些职责界限，就会产生不义。对个人而言，当灵魂各部分——理性、意气与欲望——保持恰当比例时，此人就是正义的。比如，让懦夫当士兵，让勇敢强壮的人做学者，就不合正义。第一课到此结束。
str_lecture_2_1|今天，我想谈五种主要政体，以及它们之间的联系。我会用一个虚构例子说明。先从最好的形式开始：最优秀者的统治，即贤人政体（aristokratia）。只有少数最优秀的公民统治国家。但这种政体通常并不稳定，迟早会有不合格的人进入领导层。贪婪的地主会试图聚敛财富与土地供自己享用。剩下的能人为了避免内战，只得与地主妥协。于是产生了财产所有者的统治，即荣誉政体（timekratia），因为拥有最多财产的人权势最大。但此时一部分人会越来越富有，最富有者的数量不断减少，直到只剩少数地主统治，寡头政体（oligarchia）就此形成。为了向上爬，人们想尽办法聚敛财富，贫困与盗匪活动也随之蔓延。
str_lecture_2_2|不久，穷苦民众便会起事反抗。新的政体由此产生，即民主政体（demokratia），人民的统治。自由成为首要价值，无人被强迫做任何事，人人都能自由选择。^^但这不可能长久维持。迟早，法律会被漠视，混乱将占上风。无节制的自由欲望会使政体沦为无政府状态，最终覆灭。民主公民不愿有权威凌驾自己。统治者为保住职位、争取连任而讨好人民。孩子开始不尊重父母、教师，乃至所有成年人。穷富差别依然存在，因为起义并未消除它。但财富分配不平等，又与民主的价值相矛盾。
str_lecture_2_3|于是，人们开始追随一位承诺终结不平等的煽动者。富人感到恐惧，试图将他关押，但他会组建民兵。内战爆发，煽动者获胜，最终形成僭主政体（tyrannis）。^^僭主上台后，先重新分配土地，奖赏支持者，再发动战争，将注意力集中于外敌，使自己不可或缺。潜在敌人被杀死或送上战场。为建立监视民众的体系，僭主需要招募更多军队，开支高昂，于是加重赋税。最深重的奴役就此形成。^我还要补充几点：这只是个例子，用以说明五种基本政体——贤人政体、荣誉政体、寡头政体、民主政体和僭主政体。现实中还存在它们的混合形式。这个例子也应当说明一些普遍过程，展示不同政体如何相互转化。
str_lecture_3_1|这一课，我想谈柏拉图描述的理想国家。^^什么是理想国家？我们从正义观出发：理想国家应当是正义的，因此人人都该做自己最擅长的事。想想船长与船，并非人人都有能力当船长。再看医生，并非人人都能治疗伤口。因此，理想情况下，应把人民分为三个群体或阶层。第一是生产者阶层，他们擅长制造物品，如裁缝和铁匠。第二是战士阶层，他们勇敢强壮，因而是优秀战士。最后是统治者阶层，他们最聪明、理性、自律，热爱智慧与学习，最适合为整个国家作出决定。
str_lecture_3_2|接下来谈一些激进的推论。为确保人人属于合适的阶层，并避免与父母形成血亲纽带，新生儿不由父母抚养，而由教育者培养。男孩女孩接受同样的教育。尤其是，男女并无区别：女人若强壮勇敢，就成为战士；若足够聪慧，就成为哲学家。国家规划人口繁衍，以培养优秀公民并维持人口稳定。有残疾的新生儿和儿童会被杀死，正如多数社会已有的传统，因为他们对国家无用。
str_lecture_3_3|文艺与体能教育十分重要。在这一阶段，能力不足、无法理解数学等知识的人，将成为农民或工人。其余人则依能力，有机会成为战士，甚至统治者。禁止讲述有害神话也很重要。许多传统神话讲述恐惧，或描绘诸神的可耻行为。理想国家不允许传播这样的故事，因为它们灌输恐惧，让人畏惧死亡，并诱发可耻行为。^^你也看得出来，这种构想在现实中无法实现。下一课，我会谈一种更现实的方案：次优国家。
str_lecture_4_1|今天是与考试相关的最后一课。我会讲柏拉图所谓的次优国家，也就是理想国家更现实的版本。我们放弃哲人统治的想法，因为权力过度集中于少数人，容易使人腐化。更好的办法，是混合此前讨论过的各种政体。凌驾一切的应当是法律，而非个人，因为人容易腐化。所有公民都应有机会控告任何人，甚至国家的不法行为。每条法律都应表述清楚、言之有物，确保人们能够理解。这样，公民才会尊重法律，因为他们明白法律为何必要。
str_lecture_4_2|与理想国家不同，次优国家仍保留家庭与私有财产。参与政治的机会不只属于哲学家，而向所有公民开放。不过，担任公职仍有要求：只有具备能力者才能任职。虽然家庭依旧存在，人们仍会接受广泛教育。为了确保法律不被违反，公民相互监督十分重要，尤其应能控告违法的其他公民。最后，还需要一个额外机构监督政府。柏拉图称其为夜间议事会，成员是受过适当哲学教育、具备能力的公民。议事会不能立法，只能监督并解释政府颁布的法律。
str_lecture_4_3|次优国家应当能够在现实中实现。最关键的是建立不同机构，使其相互制约。正如柏拉图正确指出，权力集中于少数人会使人腐化，集中于一人则会彻底腐化。防止腐化的唯一办法，是将监督权分散给不同职位与机构中的人。如此，国家才有希望朝良好方向发展。^^与考试相关的最后一课到此结束。我还会额外简讲其他学派，作为补充，但不会列入考试。
str_lecture_5_1|欢迎来到补充课。这里主要教授柏拉图哲学，但我也想让你大致了解其他学派。我会先谈斯多葛学派、毕达哥拉斯和伊壁鸠鲁。^^先从伊壁鸠鲁开始。他教导人们，快乐是根本，尤其是心灵的快乐，而不一定是肉体快感。应当抑制不必要的人为欲望，例如对权力与名声的渴求。
str_lecture_5_2|伊壁鸠鲁还劝人远离炽烈爱情，避免婚姻。对他而言，充实人生的基础是友谊。他也教导人们不要畏惧死亡或诸神。在政治上，他认为人人天然平等，因为都由相同元素组成。不过，他不鼓励参与政治，甚至不鼓励成家，因为妻儿带来的麻烦多于益处。^^这些就讲到这里。接着谈毕达哥拉斯。他主要用数字与数学来论证。比如，数字1象征理智与存在，数字2象征思想，4则与正义有关，因为2乘2等于4。
str_lecture_5_3|最重要的数字是3，因为毕达哥拉斯认为，整个世界、万事万物都归结于这个数。它还有另一层含义：他认为，每个人的良善分为三方面，即审慎、动力与好运。谈到正义，他说各部分应得其所，而比例保证了这一点。^^最后谈谈斯多葛学派。核心观念是培养健全的自制力，克服一切破坏性情绪。人应当成为思路清晰、眼界普遍的思考者，唯有如此，才能理解世界的普遍理性，也就是他们所说的逻各斯。目标是获得内心安宁；摆脱激情，也就是摆脱苦恼与痛苦，便能达到。感谢你来听这节选修课，好好准备考试吧。
str_emperor_request_text_1|我的次子是个好士兵，也是极忠诚的公民。他一直梦想加入你的卫队，可上个月恰逢与百夫长比试考核时病倒，因而落选。现在他已康复，百夫长却不肯再听解释，说这职位太重要，不能给人第二次机会。^^只要给他一次公平的尝试，我知道这孩子会成为你有过的最优秀的卫兵。
str_emperor_request_text_2|我知道你一定很忙，请原谅我提出这个请求。我正在为艺人剧团写一出戏，准备巡演帝国所有城市。若你能读一读，给些意见，对我们意义重大。我们都十分敬重你的艺术品味。
str_emperor_request_text_3|我家世代在罗马经营珠宝。我们得到一颗宝石，澄澈明亮，胜过此前见过的一切。我与最优秀的工匠精心将它制成一枚绝美戒指。噢，神圣的陛下，我来将它献给你，表达感激与忠诚。我们别无所求，只望蒙你青睐。
str_emperor_request_text_4|抱歉为此打扰你，但我们向别人求助时都被嘲笑。我家来自乡下，我刚带女儿搬来，让她在神庙学徒。我们租了一间便宜的公寓，虽算不上好，但看着还行。我不知道街对面竟是妓院！如今每晚满街都是吵闹的醉汉，淫靡的尖叫声大得让我们无法入睡！房东却说，无论住不住，都得付一年的钱。^^求你解除这份契约好吗？女儿是个贞洁姑娘，将来要当女祭司。我不能让她在这种地方出门。
str_emperor_request_text_5|我是一个舞团的领队，若能为你和宫廷表演，我们将倍感荣幸。当然，我们不要报酬，只求你赏光。
str_emperor_request_text_6|我和爱人离家私奔了。家人不让我们相见，但我们彼此相爱。你是神圣的陛下，是一切良善的化身，一定明白我们的感受。你愿意收我们为受庇护人，保护我们，准许我们结婚吗？只要能够相守，我们愿尽一切所能为你效力。
str_emperor_request_text_7|我们曾是一位富裕体面之人的受庇护人。他一辈子乐于收下我们微薄的礼物；儿子成年后，这位庇护人为他在渔船上找了份工作。儿子生前也常向他致敬。可如今大海夺走了儿子，我们年老体弱，无法工作，庇护人给的东西又少得不足以糊口。我们已走投无路。求你帮帮忙好吗？我们世代忠诚，如今却要挨饿，这不公平。
str_emperor_request_text_8|我代表商人行会前来，表达对你一如既往的支持与感激。能继续在罗马经商，我们深感荣幸。我们愿献上一只小箱子，装着最上等货物的样品作为礼物。你可愿拨冗片刻，看看它们？
str_emperor_request_text_9|我有做铁匠的天赋，连老师都承认，而他们是帝国最好的工匠。我曾参与制作百夫长、甚至将军穿的精良铠甲！如今学徒期结束，本该成为正式工匠，可原本要由我接替的那位工匠决定不退休。行会规定限制工匠人数，因此我无法入行。长老们死守传统和规则，不肯为我改变！^^求你帮我在城里成为铁匠。我不想回村里，一辈子打马蹄铁！
str_emperor_request_text_10|我们家与对手结怨已久，冲突不断升级。至今虽未死人，但已几次险些酿成命案，我担心很快就会。他们也觉得闹得太过，双方一直尝试商定调解办法。可惜，我们无法就主持调解的德高望重之人达成一致。^^但若凯撒任命一位公正调解者，他们一定会同意。请为我们找这样一个人。
str_emperor_request_text_11|我是一户古老贵族人家的第二个孩子。我们虽不及当今权贵富有显赫，却足以让我自由求学、关注政治——这是我的热爱。噢，神圣的陛下，你的天才及你为增进罗马荣耀所做的一切，都让我敬佩！不过，在几个问题上，我有些不同看法，希望与你分享。^^我保证不是来乞讨，我家也不会从这些建议中赚到一枚钱币。我只想帮助你，为罗马服务。若能给我半小时说明观点，实在是莫大的恩赐。
str_emperor_request_text_12|我……我没什么请求，神圣的陛下。我只想待在你身边！能让我碰一下你吗？
str_emperor_request_text_13|我代表二十四位老兵前来。他们历经多次征战，一直忠于罗马。光荣退役后，他们得到了应得的边境土地，甚至有河流经过。据说那是肥沃湿润的农田。^^可等他们前去定居，才发现河水泛滥、河道变宽，冲走了大部分土地，剩下的也化作沼泽。他们为帝国牺牲了那么多，如今却一无所有，而指挥官拒绝另授土地。老兵们盼望你能纠正这份不公。
str_emperor_request_text_14|我恳求你纠正一个可怕的错误，它给我家招来了灾祸。我们与另一小贵族家族积怨已久，原本多是口角和小冲突，直到他们捏造谎言，说我们诽谤并亵渎你。如今产业被毁，亲友遭殴，税收两度提高，每个官员都因这些谎言判我们败诉。^^那些话全不是真的！我们一向忠于你，随时愿用任何方式证明！求你赐予宽恕，还我们清白，好吗？
str_emperor_request_text_15|你！全是你的错！我有三个儿子，都被你那些愚蠢的战争夺走了！长子曾以在军团服役为荣，却再也没回来！他的兄弟随后入伍，要为他报仇，现在也都死了！^^我已没有活下去的理由，你这个邪恶嗜血的混蛋！来啊，干脆处死我！让我死，别让我这样活着！
str_emperor_request_text_16|小心，神圣的陛下！求你小心。我看见了异象。你的敌人在密谋，正在袭击。我看见他们从背后刺你，就像对伟大凯撒所做的那样！噢，不！太晚了！血！鲜血！！！^^明天别去元老院！别去！求你，别去！
str_emperor_request_text_17|我觉得邻居是帕提亚间谍。他喜欢穿他们的服饰，总在同一时间去市场，也许是在那里会见帕提亚主子。昨天他还了借我的钱，其中一枚居然是帕提亚银币！^^我告诉过一些官员，可他们不肯听。我想他们也被帕提亚人收买了！神圣的陛下，你该派人调查！
str_emperor_request_text_18|父亲临终遗愿，把家产分给我和那该死的兄弟。可如今，他那边发现了一条大银矿脉，开矿赚得比国王还富，我这边却只有羊。^^这不公平！我觉得他该把银子分我一半。
str_emperor_request_text_19|我是全罗马最好的厨师！这可不只是我自夸。最尊贵的人尝过我的手艺，没有一个不满意！我想，伟大的凯撒竟从未品尝，实在不公平。^^让我为你的下次宴会效劳吧，神圣的陛下。若你喜欢，也许能展开一段获利丰厚的合作？
str_emperor_request_text_20|我代表裁缝行会前来。我们想献上这条精美绝伦的裙子，宫中任何一位美丽女士穿上都很合适。能看到受你青睐的贵妇以我们的作品装点自己，是我们的荣幸。^^你愿意接受这份微薄礼物吗？
str_emperor_request_text_21|我代表主人前来，他家在意大利南部拥有大片葡萄园。这只雕花象牙壶装满最好的陈年葡萄酒，另有十桶将送到你的厨房，表达主人对你的敬意与忠诚，神圣的陛下。^^你愿意接受这份微薄礼物吗？
str_emperor_request_text_22|身为哲学家，我花了多年思索人生意义。如今，我想自己终于发现了！^^若能首先与你分享发现，我将倍感荣幸。我只求占用你宝贵的一个晚上，与我一同迈向真理。
str_emperor_request_text_23|我女儿想当演员和舞者，尽管我们出身贵族。我们告诉她，体面社会认为演员与妓女无异，可她有多大才华，就有多倔强！^^我太爱她，不忍摧毁梦想、让她为政治联姻，却也不能让她在肮脏的剧院表演。你能否将她收入宫中，让她用才华为你和宫廷效劳？谁也不敢说为凯撒服务有辱身份。
str_emperor_request_text_24|{reg40?我是位老妇，自从离开城市的喧嚣，便照料农场、种植谷物。你看，我对待庄稼就像养育孩子一样，用心、严格、有耐心。我从意大利带来一些种子，种在气候很不一样的自家小田里。起初长势艰难，但慢慢适应后，如今甚至比本地作物更茂盛。^^我真相信，能教会谷物在帝国最严酷、食物匮乏的地区生长。我只需要一点资金继续工作。这笔开销对你的国库微不足道，对我却意味着一切！:我是个老兵，自退役以来，一直在自家农场种粮。我想到一个办法，像训练士兵那样训练庄稼。我从意大利带来种子，种在气候不同的退役授田上。起初不及本地粮种，如今却长得更好。^^我真相信，只要有时间，就能训练谷物在如今无法生长的地方、在帝国极边远之处生长。我只需要些钱进行训练。你的国库根本不会在意这点钱，对我却是一笔财富！}
str_emperor_request_text_25|我坦白承认，身为造船匠，向你展示这些确实有商业打算，但它们仍然非同凡响。这些是旅人带回的图纸，描绘遥远东方诸王的巨船。它们像宫殿一样大，也一样华贵！^^当然，我不是建议你今天就订造这样一艘船。但若你愿意花几分钟看看图纸，我相信一定会印象深刻。
str_emperor_request_text_26|哇……真的是{凯撒/奥古斯塔}{本人/本人}！我还以为{他/她}会更高些……^^等等，糟了！我不是故意说出声的！求你别伤害我！
str_emperor_request_text_27|我尊贵的主人参加了你上次的宴会，对表演艺人印象极深。他想请问，能否雇用你的一位乐师，为他庆祝结婚周年的宴会演奏。
str_emperor_request_text_28|我父亲嘛，老是在元老院忙，母亲管着罗马的家，就把乡间别墅交给我。朋友们的父亲也一样，总有些什么重要事情要辩——嗝——辩论，诸如此类的蠢事。无聊透了。所以，我和朋友们在别墅开了些超棒的宴会，觉得你要是能来一起玩，那简直太绝了！他们都是最崇拜你的人，巴不得见你一面！
str_emperor_request_text_29|请原谅我这样请求，我的{凯撒/奥古斯塔}。父亲去参加下一次元老院会议，把别墅交给我照管。我和朋友们有点……不小心，把一栋房子烧了。如果他发现，会让我觉得还不如在冥界永火里烧着。^^我已经请工人重建，可他们来不及完工。我只差一天！求你，能不能再给元老院找件事，多讨论一天？我知道不该这样问，可否则我就死定了。
str_emperor_request_text_30|我的{凯撒/奥古斯塔}，主持我案件的官员是个……嗯，客气地说，他犯了错。证据明明对我有利，他却判原告胜诉。如今我的生意无辜损失了数百第纳尔！^^求你推翻这个判决，另派官员审理好吗？
str_emperor_request_text_31|我主人经营一个武器锻造联合商团，向你的卫队供应武器。他想请你到乡间别墅，参加为你举办的宴会。他希望你知道，为说服你续签合同，他们愿尽一切所能。
str_emperor_request_text_32|几个月前，你的一个军团经过我的土地。征粮士兵以你的名义征走一群羊，留下这张承诺付款的文书。可至今没有官员肯付钱，税吏却来索要那群早已不在的羊的税！^^请让那些以你的名义夺走财产的人，偿还欠款并支付我的税，因为羊被带走了，我无法再养它们来交税。
str_emperor_request_text_33|我的{凯撒/奥古斯塔}，奥斯蒂亚港的航运如今十分艰难。我们遇到了前所未见的巨大风暴，我家四艘船一下沉了三艘，如今连修好第四艘再次出航的钱都不够。我们找过放贷人，可太多商人遭遇相同，钱实在难借。^^我希望，也许你愿意借钱给我们？我们一向自食其力，不想靠公共粮食救济。我发誓会还。
str_emperor_request_text_34|一年多前，一个军团经过村庄，你麾下两名骑兵斥候请求在我家过夜。他们很有礼貌，付钱也大方，我们原本只觉得他们好，直到几个月后发现女儿怀孕了！孩子健康出生，长得与那个年轻士兵一模一样！^^我去过军团，也找遍能找的地方，可他们都只会笑话我。求你帮我找到那个斥候，让他为自己的所作所为负责！
str_emperor_request_text_35|像你这样博学的{先生/女士}，一定熟悉关于世界形状的争论。我当然支持大地是圆的。从毕达哥拉斯到斯特拉波，伟大智者已提出大量证据，可仍有人无聊地坚持它是平的！我想出一个一劳永逸的证明办法：同一天正午，在帝国不同城市测量太阳角度。^^我只需要一些钱来实施。对你而言微不足道，对我却是永远难以承担的数目。神圣的陛下，你愿做我的资助人吗？
str_emperor_request_text_36|噢，{凯撒/奥古斯塔}，我作为忧心的家长和公民前来。这股追捧外国剧团的新风气正在毁掉孩子们！他们看这些粗俗花哨的舞蹈，迷上外国习俗，竞相模仿，而不是长成正派的罗马人，欣赏古典希腊戏剧和我们健康有益的角斗表演！这正在毁掉家庭。我代表罗马所有好父母，请求你禁止这些剧团在城里演出，污染我们的文化。
str_emperor_request_text_37|我家几百年来一直制作城里最好的橄榄油，甚至一度供应凯撒的厨房！如今时日艰难，我的店已是剩下不多的几家之一。在罗马生活昂贵，各行省的廉价油又不断运入。^^噢，{凯撒/奥古斯塔}，我不想显得像个只为自己商业利益乞讨的人，但若你不行动，城里的榨油业很快就所剩无几。求你提高行省橄榄油的进口税。
str_emperor_request_text_38|我对你无比忠诚，可我的邻居是条不忠而卑鄙的毒蛇，神圣的陛下。他说些最荒唐、最令人作呕的谣言，我连重复都不愿意。他甚至曾说尼禄没有死！我敢打赌，那条蛇就等着心爱的尼禄回来，好从背后捅你一刀。^^你该趁他背叛之前，以叛国罪惩罚他！
str_emperor_request_text_39|他们要杀我心爱的福尔蒂西米！我求你，赦免他吧！我们一辈子都很亲密。我知道他不小心杀了三个人，但他就是这样，如今他们竟判他去竞技场打斗！他不会打架，心地善良温顺！他不该死。我保证看好他，不让他再杀任何人。^^求求你，别让他们杀我的狮子！
str_emperor_request_text_40|神圣的陛下，你曾出席我们的婚礼，为我们带来莫大福泽，再次感谢你拨冗前来。我们即将庆祝第一个孩子的出生，若你能再次赏光，我们将欣喜若狂。
str_emperor_request_text_41|终于，终于注意到我了。噢，噢，神圣的陛下，有件事……可我……我是……我有……噢，我真蠢。求你，求你原谅我。
str_emperor_request_text_42|{reg40?神圣的陛下，我有个微不足道的小请求。我住在一座小城，已经问过行省总督，可他拒绝了。所以我想这样请求:我是个寡妇，养着七个孩子。丈夫为人正直，孩子们也是。如今我想开自己的作坊，没什么大事，只是卖自己做的项链。可法律规定，我是女人，必须获得许可。总督却不肯。既然我是寡妇，依法就有这项权利。请赐给我总督拒绝的许可。:我的凯撒，我有个小请求。我已问过行省总督，可他拒绝了。但我确信这是自己的权利，所以想来问你，神圣的陛下。请求很小:我需要开设作坊的证明。规模不大，只想出售自己做的桌椅。可总督以我不是罗马公民为由，拒绝许可。我属于几十年前被罗马征服的一个小部族。我不懂罗马法律，但一直向你献祭，因为别人告诉我，你是神，也是我的王。神圣的陛下，我恳求你答应这个请求。}
str_emperor_request_text_43|噢，神圣的凯撒！我代表自己的小部族前来，我们几十年前被军团征服。神圣的陛下，我们只是想把村里生产的货物，卖到最近的集镇。但总督拒绝了，说我们不是罗马公民，没有这个资格。他叫我们把货物以低得可怕的价格卖给商人！我们不懂罗马法律，不知该怎么办。但有人说，神圣的陛下会帮助受冤屈的臣民。因此我决定前往罗马，请求你帮助我们。恳求你了，陛下。我们一直向你献祭，尊重罗马统治。
str_cheat__marriage_proposal|作弊：求婚
str_emperor_request_text_44|{reg40?神圣的陛下，噢，神圣的陛下！我是你最忠诚的仆人，每天都向你献祭。我有好几尊你的雕像，常常亲吻，还在小屋里为你建了一座神龛。噢，我一直想要的只是……嗯，就是……与你共度一夜。你能实现我这个愿望吗？:我父亲在罗马开了一家小杂货铺，生意还不错。神圣的陛下，我能否请你光临？那一定能帮我们卖出更多货物。我母亲做饭很好吃，噢，凯撒，你当然可以尽情享用，我相信你会喜欢！}
str_emperor_request_text_45|{reg40?你、你、你真的在跟我说话。还是我在做梦？^^——她脸红了。——^^我一直想……只是想……想……摸摸你，可是，可是在你两腿之间……噢，我说了什么？如果这个请求很蠢，请原谅我。:神圣的凯撒，我……我……我爱你！第一次看见你，是你凯旋进入罗马时，你的身影多么令人欢喜，多么威严，多么美好！若你愿让我为你暖床……我就是罗马最幸福的男人。}
str_emperor_request_text_46|{reg40?噢，神圣的陛下。一位占卜者告诉我，我会成为你下一位侍臣和情人！第一次看见你，我就爱上了你。那时你正带着随从离开尤利娅议事堂。你的身影真是……噢，让我心潮澎湃……后来我去找占卜者，她说你也会爱我！我来了！我属于你，已准备好成为你的情人和侍臣！:我的凯撒！我是个好罗马公民，曾在战场上为罗马效力多年。后来重伤，被迫退役。如今我一无所有，除了身上的衣服，什么都没有！没有收入！没有妻子！什么都没有！你能否赏我些钱？听说你有时会这样做？}
str_emperor_request_text_47|{reg40?终于能和你说话了，神圣的陛下！我有件极重要的事。昨晚我做了个梦，梦见你被狮子杀死。快下令杀光罗马所有狮子，否则你会死的，凯撒！:神圣的凯撒，我只是罗马一家小铁匠铺里卑微的工人，但我做了这条项链。妻子是占卜者，她说项链受了魔法加持，能保护佩戴它的人。我想将它献给你，神圣的陛下。}
str_emperor_request_text_48|{reg40?人们说我是罗马最美的女人，可仍有人骂我又丑又胖！噢，神圣的陛下，我每天向你献祭，比任何人都更尊崇敬拜你。请告诉我，我很美。或者更好！正式宣布我是罗马最美的女人！求你了。只要你肯，我什么都愿做，我就是你的。:我的凯撒，妻子病了，没有医生能治好。我求你，能否治愈她？我的表亲一周前碰到你，就痊愈了。她站在觐见大厅入口，在你经过时碰了你。看来，被你触碰的人都会康复！请碰碰她，治好她。求你了，神圣的陛下。}
str_emperor_request_text_49|{reg40?我、我不想拿自己的蠢事烦你，神圣的陛下，但只要你肯听听我的烦恼，我就很开心。事情是这样，我爱上了一个英俊男人，买了爱情药水，可似乎没用，他现在反而恨我！你能下令或强迫他娶我吗？:我、我不想拿自己的蠢事烦你，神圣的陛下，但只要你肯听听我的烦恼，我就很开心。事情是这样，我爱上了一个女人，买了爱情药水，可似乎没用，她现在反而恨我！你能命令她嫁给我吗？}
str_emperor_request_text_50|{reg40?神圣的陛下，我拥有那么多你的雕像，可真人好看得多！你真是个{英俊/美丽}的{男人/女人}。能否赐我一个吻？那会美妙极了，噢，凯撒。:你在和我说话！这是我一生最幸福的一天。说说我的请求吧，我需要一艘新船。我是船长，可上一艘船沉了，钱又不够买新的。噢，神圣的陛下，你能否替我没收一艘？}
str_emperor_request_text_51|{reg40?我从小村庄长途跋涉来到罗马，终于能和你说话，我很高兴，神圣的陛下。村里一位占卜者说，我会有伟大辉煌的未来。她说我会坐在神明身旁！这只能说明，我命中注定要成为你的侍臣！我来了，已准备好为你侍奉！:我的凯撒，我终于有机会和你说话了。这一生太多厄运。我曾有妻子，可她生的孩子都死了。不久前，她也死了。我曾有间小店，后来欠债，如今店也被没收。我不知道该怎么办。你能否把店还给我，免去所有债务？求你，神圣的陛下，再赐我一次机会！}
str_governor_asks_governor_help_industry|{s24}一直积极发展{s23}的产业，促进与其他行省的贸易。在总督指示下，{s23}的一家行会请求你协助扩大与你领地的贸易。这需要少量开支，但也会让{s24}欠你一份人情。
str_governor_asks_governor_help_famine|{s23}因歉收而粮食短缺，{s24}正承受避免饥荒的巨大压力。{s23}使者携求援信前往帝国各地。只要你下令，你的领地便能为{s23}提供一些救济。
str_governor_asks_governor_help_bandits|{s23}周边乡村的违法活动异常增多，危及旅人、居民，更重要的是{s24}的税收。需要压倒性的武力示威，追剿或震慑流窜团伙，恢复和平繁荣。为此，{s24}请求帝国各地友好总督派遣分队，增强{s23}本地兵力，以雷霆之势打击强盗。
str_governor_asks_governor_help_pirates|{s23}高度依赖贸易，近来货船却屡遭海盗袭击，其中包括一些运往你行省的船只。{s24}提议组织远征，追剿海盗、保护航道，并向同样受影响的总督筹款，建造所需战舰。
str_governor_asks_governor_help_fugitive|{s24}的一位私人政敌曾在{s23}不断与总督作对，如今出逃，据说藏在你的行省。{s24}的密探不便在你的土地上行动，若展开彻底搜索所需的大规模活动，还可能冒犯你。因此，{s24}请求你找出逃犯，将其交给他。
str_battle_of_bedriacum_benevolent|贝德里亚库姆之战的消息令我欣慰。如今和平可以恢复了。
str_battle_of_bedriacum_spiteful_enemy|贝德里亚库姆附近的大战，多半结束了罗马爆发的争斗……也打开了许多机会。不过，潘多拉的盒子不宜敞开太久。
str_battle_of_bedriacum_coldblooded|贝德里亚库姆之战后，所有僭位者都已死去。愿你的统治长久，蒙诸神赐福！
str_battle_of_bedriacum_enemy|贝德里亚库姆之战的消息传遍帝国。虽然称不上伟大胜利……但我明白，它是必要的。
str_battle_of_bedriacum_spiteful|希望贝德里亚库姆附近的大战已结束罗马爆发的争斗。它打开了许多机会，不过，潘多拉的盒子不宜敞开太久。
str_battle_of_bedriacum_friendly|朋友，我为贝德里亚库姆之战的胜利深感高兴。若有人配称元首——平等者中的第一人——那就是你，{playername}！你确实配得奥古斯都之名。
str_battle_of_bedriacum_default|你在贝德里亚库姆获胜的消息传遍帝国每个角落。这场流血必将结束争斗。愿你的统治长久，蒙诸神赐福！
str_comment_you_attacked_buisness_enemy_benevolent|你干涉我的生意，给我惹了许多麻烦，还让我损失大笔第纳尔。我不会忘记！
str_comment_you_attacked_buisness_enemy_spiteful|你打击我的生意，惹出许多麻烦。总有一天，你会付出代价。
str_comment_you_attacked_buisness_enemy_coldblooded|你干涉我的生意，惹出许多麻烦，让我损失惨重。我会让你以后再破坏我的收入前，先好好掂量。
str_comment_you_attacked_buisness_enemy|你干涉我的生意，制造麻烦和损失。无论用什么方式，我都一定让你偿还！
str_comment_you_attacked_buisness_unfriendly_spiteful|因为你插手我的生意，我损失了大笔钱财。总有一天，我会让你付出代价。
str_comment_you_attacked_buisness_friendly|你干涉我的生意，让我损失惨重。这将严重损害我们的友谊。
str_comment_you_attacked_buisness_default|你干涉我的生意，让我损失惨重。若继续如此，我们很快就要兵戎相见了。
str_comment_you_helped_buisness_default|多谢你慷慨解囊。时机合适时，我一定会以某种方式回报。
str_comment_you_helped_buisness_benevolent|你的钱帮了我大忙，我很感激，希望很快能以某种方式报答。
str_comment_you_helped_buisness_coldblooded|我很看重金钱，因此当你需要时，我会帮助你。我保证，你的投资会有回报。
str_comment_you_helped_buisness_spiteful|我很看重金钱，因此当你需要时，我会帮助你。不过小心，我可不喜欢被自己欠着人情的商人欺骗。
str_game_concepts_tutorial|^^到这里，你已对《Aut Caesar aut nihil》有了一些了解。若是首次游玩，建议先熟悉部分游戏概念。现在将打开介绍这些概念的页面。^^你随时可以在战役地图中返回此页，只需点击“记录”，再点击“游戏概念”。
str_citizen|冒险家与绅士
str_all_enemies_routed|所有敌人都在溃逃。按Tab键离开，或继续追击！
str_sporus_1|今天很有意思，与贵霜使节聊了聊，真是个有趣的人，不是吗？
str_sporus_2|我与盖图利人的使节聊得很愉快，他真有异国风情。
str_sporus_3|今天吃了太多东西，我已经饱了。
str_sporus_4|我想昨天酒喝多了，现在宿醉得厉害。
str_sporus_5|你今天真美……
str_sporus_6|好华丽的衣服，凯撒！
str_aslan_fight|眼前一黑。醒来时，你躺在草地上，头痛欲裂，仿佛独自喝光了一整座酒窖。不过，你还记得自己击败了阿斯兰。狮子再也不会恐吓拉里萨。此外，你如今还拥有一件用狮皮制成的坚固护甲。^^该向当地首领复命了。
str_aslan_help|眼前一黑。醒来时，你躺在草地上，头痛欲裂，仿佛独自喝光了一整座酒窖。不过，你还记得阿斯兰答应不再猎食拉里萨的牛羊。^^该向当地首领复命了。
str_oliver_rumor|听说有个人最近派探险队去印度寻找大理石，可一直没有回来。他住在罗马，目前正寻找冒险者帮忙。
str_bacchus_rumor|据说意大利某处庞大的洞穴群里，正举行狂野的纵欲盛会。人们说，狄俄尼索斯亲自主持那些宴会。
str_solus_rumor|听说哲学家索卢斯·莫纳库斯正在亚历山大里亚图书馆讲课。
str_pamphile_rumor|听说雅典住着一位名叫潘菲勒的女子，正在研究历史上著名的女性。她也许在寻找冒险者帮忙。
str_hyroglyphs_no|你无法读懂象形文字。^^（需要更高的智力。）
str_arminius_tomb_1|亵渎它！
str_arminius_tomb_2|表达敬意。
str_arminius_tomb|你发现了阿尔米尼乌斯之墓。由于他的背叛，三个军团遭到屠戮，数千罗马人被献祭给日耳曼诸神。
str_hyroglyphs|……阿肯那顿，太阳之子，赐福于他的不是阿蒙，而是拉·哈拉赫提；阿吞在阿肯那顿身上显现。他是独一真神阿吞所派遣的人。阿吞是独一真神，创造了土地、河流、人类、野兽，以及大地上的一切……阿吞是唯一的神，其余皆为偶像。凡转向他的人，他一概不弃。富人与穷人在他眼中平等，每个清晨，我们在日轮中迎接他……他不死不灭，永恒且无处不在；没有他，任何事都无法发生……
str_hyroglyphs_2|阿肯那顿，阿吞之子，赞颂他的名……阿吞俯身靠近大地，照看自己的造物；他登上天空，也是为此；他为生灵辛劳，为它们一一照耀，赐予阳光，降下雨水。未出生的孩子与幼雏都得到照料；阿肯那顿请求神圣的父亲，为他的缘故“提升”这些生灵，使它们能向往父亲阿吞那完美的境界……
str_salary_string_1|薪俸（保民官）
str_salary_string_2|薪俸（长官）
str_salary_string_3|薪俸（军团长）
str_extort_tax|征收特别税
str_extort_toll|征收特别关税
str_extort_concile|洗劫城镇议事会
str_extort_tax_xp|你可以征收特别税。队伍中交易技能最高者的技能为{reg2}，{reg3?你预计:{s1}预计}征税需要{reg40}小时，可获得{reg30}第纳尔，但会激怒{s39}的居民。
str_extort_toll_xp|你可以对今天交易的货物征收特别通行税。这会激怒{s39}的商人，以及来此售货的周边村民。队伍中交易技能最高者的技能为{reg2}，{reg3?你预计:{s1}预计}征收需要{reg40}小时，可获得{reg30}第纳尔。
str_extort_concile_xp|城镇议事会的金库中有{reg31}。你可以强迫他们交出资金。这需要2小时，你会得到{reg31}第纳尔。
str_center_manage_denied|你必须是这座城镇的总督，或提高阵营的集权程度。
str_war_cry|你发出骇人的战吼，鼓舞部队！
str_won_chariot|战车赛
str_won_horse|赛马
str_won_mule|赛骡
str_won_throwing|掷矛
str_won_fighting|古希腊拳击
str_won_running_tunic|双程短跑
str_won_running_hoplit|披甲赛跑
str_won_throwing_2|掷铁饼
str_tribute_force_1|一些愤怒的村民拿起工具。一个大胆的男孩试图用斧头攻击军团士兵，却被抓住。村民意识到毫无胜算，长老下令立刻投降。作为惩罚，几个孩子沦为奴隶，村民被迫亲吻军团鹰旗。试图攻击士兵的男孩被活活打死，父母则被迫在旁观看。
str_tribute_force_2|一些绝望的村民试图自卫，但手中只有工具，毫无胜算。参与小规模起事的男人全被杀死，一些妇女和孩子沦为奴隶，其余村民被迫亲吻军团鹰旗。^一位副百夫长说道：“罗马统治之处，就必须纳税！”
str_tribute_force_3|村民没有反抗，逐一交上贡赋，随后必须亲吻军团鹰旗，以示臣服。一名年轻男子缴纳贡赋时，一个女人尖叫着跑来，阻止他亲吻鹰旗。她抓住他的胳膊，用本族语言向士兵喊叫，大概是在辱骂。男子试图安抚她。军团士兵看了一会儿，随后四人上前，两人击打男子腹部，逼他跪下亲吻鹰旗，另外两人抓住女人，将她拖到小屋后。她尖叫了一阵，等两名士兵再次出现时，只能听见她低低的呜咽。
str_tribute_force_4|村民被占据绝对优势的罗马军队吓住，完全不敢反抗。他们逐一交上贡赋，跪在鹰旗前亲吻，无人敢违抗。
str_tribute_force_5|村民完全不敢反抗，逐一交上贡赋，跪在鹰旗前亲吻。但有些村民说自己穷困潦倒、一无所有，交不起贡赋。于是军团士兵进入他们家中，搜集各种值钱物品。收够之后，你的小队离开村庄。
str_companion_event_1|荒野生活艰苦，冬季太冷，夏季太热，野兽和强盗始终构成威胁。尽管如此，你的同伴{s21}渐渐适应了。
str_companion_event_2|你的同伴{s21}学得很快，开始逐渐适应冒险者劳苦的生活。
str_companion_event_3|野外冒险与持续训练，让你的同伴{s21}觉得强壮而健康。
str_companion_event_4|在今天的训练中，{s21}展现了勇气与胆识。
str_companion_event_5|日复一日，{s21}越来越适应士兵艰苦的生活。
str_companion_event_6|{s21}今天杀死了营地附近发现的一头野兽，展现出极大勇气。
str_companion_event_7|冒险者的生活让{s21}经验更加丰富。
str_companion_event_level|{s21}获得了经验！
str_companion_event_strength|{s21}提升了力量！
str_companion_event_agility|{s21}提升了敏捷！
str_investment_request_text1|航运
str_investment_request_text2|农业
str_investment_request_text3|教育
str_investment_request_text4|医疗
str_investment_request_text5|贸易
str_investment_request_text6|娱乐
str_investment_request_text7|服务
str_investment_request_text8|金属加工
str_investment_request_text9|食品加工
str_investment_request_text10|造船
str_investment_request_text11|私人护卫
str_investment_request_text12|住宿
str_investment_request_text13|木工
str_investment_request_text14|纺织
str_investment_request_text15|皮革加工
str_strategy_cam|此镜头会跟随玩家。F键拉远，V键拉近；加减键缩放，小键盘调整游戏速度（启用作弊时），鼠标滚轮调整镜头速度。
str_tactical_controls|使用键盘数字键选择编队，按0选择全军。^^使用F1至F4向所选编队下令。按住F1可部署所选编队，也能通过此方式指定敌方编队为目标。^^按回车键通常会启用俯视战略镜头。^^按退格键通常会打开带“雷达”的战斗指挥界面。
str_tutorial_assign_fiefs|将鼠标悬停在聚落上可查看基本信息。点击可切换显示聚落主人拥有的全部封地。^^按住Shift点击已着色聚落，可更改颜色。^^按住Ctrl点击聚落，可分配封地。可滚动的下拉菜单需要WSE2。^若已任命财务官，你将获得所选聚落的额外信息。^若已任命监察官，你将获得本国及他国领主的额外信息。
str_not_enough_influence|你的影响力不足！
str_irigation_name_rome|灌溉设施
str_irigation_description_rome|改善农田与牧场灌溉，可以提高土地肥力，降低干旱发生的概率。
str_manor_name_rome|庄园宅邸
str_manor_description_rome|庄园宅邸可供你在村庄休息，休息期间只需支付部队一半工资。你也能在庄园驻兵，保护村庄免遭劫掠。驻军无需支付维护费，但最多只能驻扎150人。此外，可以安置俘虏，让他们在村庄劳动，创造额外财富。每月维护费为500第纳尔，从租金中支付。
str_guard_posts_name_rome|岗哨
str_guard_posts_description_rome|增设岗哨有助于打击盗匪。强盗将无法在夜间潜入聚落，聚落附近也不再出现劫匪。维护费为300第纳尔，直接从租金中扣除。
str_sewers_name_rome|下水道
str_sewers_description_rome|修建下水道，清除街上的粪污，可以改善居民健康，降低疾病发生的概率。
str_sewers_name_eastern|坎儿井
str_sewers_description_eastern|坎儿井是输水的地下隧道网络。供应洁净水源可以改善居民健康，降低疾病发生的概率。
str_sewers_name_germanic|集水设施
str_sewers_description_germanic|组织供水可以改善居民健康，降低疾病发生的概率。
str_sewers_name_british|圣地围苑
str_sewers_description_british|在聚落中央保留圣林，可以取悦诸神，改善居民健康，降低疾病发生的概率。
str_sewers_name_dacian|圣林
str_sewers_description_dacian|城中一处树木环绕的安静场所，可以改善居民健康，降低疾病发生的概率。
str_sewers_name_nomadic|休养营地
str_sewers_description_nomadic|供居民安静休息的场所，可以改善健康，降低疾病发生的概率。
str_mills_name_rome|大型磨坊
str_mills_description_rome|大型磨坊能增加面包等货物的产量，从而提高财富与租金。
str_mills_name_eastern|王家磨坊
str_mills_description_eastern|增建磨坊能增加面包等货物的产量，从而提高财富与租金。
str_mills_name_germanic|磨坊与面包坊
str_mills_description_germanic|增建磨坊和面包坊能增加面包等货物的产量，从而提高财富与租金。
str_mills_name_british|酋长磨坊
str_mills_description_british|增设磨坊能增加面包等货物的产量，从而提高财富与租金。
str_mills_name_dacian|王家粮仓
str_mills_description_dacian|增建磨坊和储粮设施，能增加面包等货物的产量，从而提高财富与租金。
str_mills_name_nomadic|部族粮仓
str_mills_description_nomadic|储粮的粮仓能增加面包等货物的产量，从而提高财富与租金。
str_looms_name_rome|大型织坊
str_looms_description_rome|大型织坊能增加亚麻布与毛织物的产量，从而提高财富与租金。
str_looms_name_eastern|王家织造作坊
str_looms_description_eastern|增设织机能增加亚麻布与毛织物的产量，从而提高财富与租金。
str_looms_name_germanic|织造作坊
str_looms_description_germanic|修建织造作坊能增加亚麻布与毛织物的产量，从而提高财富与租金。
str_looms_name_british|工匠作坊
str_looms_description_british|工匠增产亚麻布与毛织物，能够提高财富与租金。
str_looms_name_dacian|王家织坊
str_looms_description_dacian|投资织造作坊能增加亚麻布与毛织物的产量，从而提高财富与租金。
str_looms_name_nomadic|织造营地
str_looms_description_nomadic|织坊能增加亚麻布与毛织物的产量，从而提高财富与租金。
str_smithies_name_rome|大型铁匠铺
str_smithies_description_rome|大型铁匠铺能增加工具与其他金属制品的产量，从而提高财富与租金。
str_smithies_name_eastern|王家铁匠铺
str_smithies_description_eastern|增设铁匠铺能增加工具与其他金属制品的产量，从而提高财富与租金。
str_smithies_name_germanic|铁匠铺
str_smithies_description_germanic|铁匠铺能增加工具与其他金属制品的产量，从而提高财富与租金。
str_smithies_name_british|工具作坊
str_smithies_description_british|工具作坊能增加工具与其他金属制品的产量，从而提高财富与租金。
str_smithies_name_dacian|王家炼铁场
str_smithies_description_dacian|投资炼铁场能增加铁及其他金属制品的产量，从而提高财富与租金。
str_smithies_name_nomadic|部族铁匠铺
str_smithies_description_nomadic|铁匠铺能增加工具与其他金属制品的产量，从而提高财富与租金。
str_fishing_name_rome|渔港
str_fishing_description_rome|为渔船队修建专用港口，可以增加鱼类产量，从而提高租金。还会产生500第纳尔的通行税收入，计入租金。
str_roads_name_rome|铺装道路
str_roads_description_rome|道路便利运输，促进贸易与繁荣。还会产生2000第纳尔的通行税收入，计入租金。
str_roads_name_eastern|王家收费道路
str_roads_description_eastern|道路便利运输，促进贸易与繁荣。还会产生2000第纳尔的通行税收入，计入租金。
str_roads_name_germanic|蜜酒大厅
str_roads_description_germanic|修建大型蜜酒大厅，会吸引附近村民前来消遣，促进贸易与繁荣。还会产生2000第纳尔收入，计入租金。
str_roads_name_british|农贸集市
str_roads_description_british|大型集市可以促进贸易与繁荣。还会产生2000第纳尔收入，计入租金。
str_roads_name_dacian|王家金库
str_roads_description_dacian|铸造钱币并增设税吏，可以增加贸易收入。还会产生2000第纳尔收入，计入租金。
str_roads_name_nomadic|市场
str_roads_description_nomadic|市场可以促进贸易与繁荣。还会产生2000第纳尔的通行税收入，计入租金。
str_hospital_name_rome|医馆
str_hospital_description_rome|医馆能改善居民健康，并提高你与聚落的关系。每月维护费为1000第纳尔，从租金中扣除。
str_hospital_name_eastern|地下凉厅
str_hospital_description_eastern|地下凉厅（Shabestans）是配有风塔的地下楼层，能提供凉爽环境。因此，它们可以改善居民健康，并提高你与聚落的关系。每月维护费为1000第纳尔，从租金中扣除。
str_hospital_name_germanic|医者
str_hospital_description_germanic|医者通过治疗疾病改善居民健康，并提高你与聚落的关系。每月维护费为1000第纳尔，从租金中扣除。
str_hospital_name_british|德鲁伊医者
str_hospital_description_british|德鲁伊医者通过治疗疾病改善居民健康，并提高你与聚落的关系。每月维护费为1000第纳尔，从租金中扣除。
str_hospital_name_dacian|德尔泽拉斯圣林
str_hospital_description_dacian|获得德尔泽拉斯的祝福，可以改善居民健康，并提高你与聚落的关系。每月维护费为1000第纳尔，从租金中扣除。
str_hospital_name_nomadic|萨满小屋
str_hospital_description_nomadic|萨满通过治疗疾病改善居民健康，并提高你与聚落的关系。每月维护费为1000第纳尔，从租金中扣除。
str_habour_name_rome|大港
str_habour_description_rome|扩建港口可以增加海上贸易关税、提高繁荣度，并额外产生2500第纳尔租金收入（通行税）。完成如此庞大的工程，还会给予你声望与经验。
str_habour_name_eastern|大型商港
str_habour_description_eastern|扩建港口可以增加海上贸易关税、提高繁荣度，并额外产生2500第纳尔租金收入（通行税）。完成如此庞大的工程，还会给予你声望与经验。
str_habour_name_germanic|码头
str_habour_description_germanic|修建码头与完善的港口，可以增加海上贸易关税、提高繁荣度，并额外产生2500第纳尔租金收入（通行税）。完成如此庞大的工程，还会给予你声望与经验。
str_habour_name_british|港口
str_habour_description_british|修建港口可以增加海上贸易关税、提高繁荣度，并额外产生2500第纳尔租金收入（通行税）。完成如此庞大的工程，还会给予你声望与经验。
str_habour_name_dacian|港湾
str_habour_description_dacian|扩建港口可以增加海上贸易关税、提高繁荣度，并额外产生2500第纳尔租金收入（通行税）。完成如此庞大的工程，还会给予你声望与经验。
str_habour_name_nomadic|简易港口
str_habour_description_nomadic|修建简易港口可以增加海上贸易关税、提高繁荣度，并额外产生2500第纳尔租金收入（通行税）。完成如此庞大的工程，还会给予你声望与经验。
str_farming_name_rome|行省农业
str_farming_description_rome|投资行省农业与灌溉，可以增加谷物等货物的产量，从而提高租金。
str_faction_salary_description|这是支付给军团长和军团保民官的薪饷。
str_faction_taxes_govern_description|这是各总督上缴的税款，包括城镇、堡垒和村庄产生的租金与关税。
str_faction_taxes_buisness_description|这是向富有的贵族和地主征收经营所得税带来的收入，例如罗马贵族所有的大庄园缴纳的税款。
str_faction_taxes_war_description|这是军团保民官和军团长收集的战利品。
str_faction_taxes_edicts_description|这是法律和敕令带来的额外收入。
str_faction_taxes_diplomacy_description|这是外交协议带来的各类赔款和贡金。
str_kingdom_1_description|达契亚国王斯科里洛稳坐王位。达契亚疆域西起多瑙河，东至喀尔巴阡山脉。达契亚人以冶金和采矿技艺闻名，近年来日益繁荣。^^斯科里洛继续推进达契亚各部落的统一，建立起令敌人畏惧的强大王国。达契亚战士挥舞着令人胆寒的镰形弯刀，以作战凶猛著称。王国各地修筑了达契亚堡垒等许多雄伟防御工事，用来抵挡入侵者。^^尽管达契亚王国实力强盛，仍有诸多劲敌，例如不断扩张的罗马帝国，以及从东方涌入的各支萨尔马提亚部落。罗马强大的军力和先进的工程技术始终威胁着达契亚人。罗马帝国自身也把达契亚王国视为其地区统治的威胁。达契亚人必须为可能发生的冲突做好准备。^^难度：简单
str_kingdom_2_description|卡勒多尼亚国王统治着横跨不列颠北部崎岖高地的国土。他的人民是勇猛的战士，以临阵英勇和对国王的坚定忠诚著称。他们分散居住在崎岖地形中的小村庄与部落里，依靠狩猎、捕鱼和耕作为生。^^国王有许多敌人。在尼禄皇帝统治下，罗马帝国多年来一直试图向不列颠扩张。罗马人在岛屿南岸建立了堡垒和哨所网络，定期袭击其他部落。^^卡勒多尼亚人也与布里甘特人等邻近部落不和。这些部落时常袭击卡勒多尼亚村庄、掠走牲畜，使双方始终处于紧张敌对状态。^^尽管挑战重重，卡勒多尼亚国王和人民仍决心保卫土地与生活方式。他们战技精湛、勇猛顽强，为抵御敌人、保护家园将不惜一切。^^难度：简单
str_kingdom_3_description|辛梅里安博斯普鲁斯王国是位于黑海东岸的强大古国。统治者提比略·尤利乌斯·雷斯库波里斯国王坚强能干，以军事才能和战略眼光闻名。辛梅里安人勇猛而自豪，拥有丰富的文化遗产和悠久的商贸历史。^^王国虽强，却并非没有敌人。邻近的萨尔马提亚部落企图劫掠国土、破坏商路，构成严重威胁。国王与军队时刻警戒，准备保卫王国、抵御入侵。此外，辛梅里安博斯普鲁斯王国与罗马帝国已不和了一段时间：帝国不断扩张，而王国正处于其势力范围内。国王要么继续充当罗马的傀儡，要么谋求独立。后者可能引发冲突，甚至招来直接入侵。^^难度：中等
str_kingdom_4_description|弗里西亚人的土地从北海沿岸延伸到大日耳曼尼亚内陆的茂密森林与起伏丘陵。弗里西亚人勇猛而独立，以航海技艺及顽强抵抗外敌著称。^^他们此时的主要敌人是不断扩张帝国、寻求征服新领土的罗马人。双方冲突由来已久，关系十分紧张。国王必须运用全部力量与智谋，保护人民免遭罗马侵略，守卫疆土。^^目前，国王的军队正准备与罗马人交战。这支军队勇猛且经验丰富，由来自全国各地的精锐战士组成。他们装备剑、盾与长矛，准备为保卫家园战斗至死。^^国王与军队决心维护独立，为抵御罗马入侵不惜一切。但罗马人强大而无情，这场冲突的结局仍未可知。^^难度：困难
str_kingdom_5_description|亚美尼亚人的土地从里海延伸到地中海。王国以险峻的山脉、繁茂的森林和肥沃的平原闻名，为居民提供丰富的资源。亚美尼亚人勇猛且训练有素，并有堡垒网络保护。^^如今，亚美尼亚被夹在相互对抗的强权之间。一方面，王国处于罗马帝国的势力范围内；另一方面，它与帕提亚帝国有着长久的文化与经济联系，国内许多人不愿支持罗马。^^帕提亚国王沃洛加西斯为扩大帕提亚在这一地区的影响力，入侵亚美尼亚，并扶持自己的弟弟梯里达特登上王位。^^罗马无法容忍这种行动，如今战争已不可避免。亚美尼亚人必须准备与世界上空前庞大的帝国打一场漫长而血腥的战争。^^难度：中等
str_kingdom_6_description|沃洛加西斯是帕提亚帝国的国王。帕提亚是一个强大的国家，疆域从中亚和高加索，经波斯延伸至美索不达米亚。它建立于公元前三世纪，以强大的骑兵和战场上的骑射手闻名。帝国也以复杂的政治结构著称，各附庸王向国王效忠。^^与前任君主一样，沃洛加西斯以罗马帝国为主要敌人。两大帝国的冲突由来已久：罗马人试图向东方扩张领土与影响力，帕提亚人则坚决捍卫自身利益。如今，沃洛加西斯希望继续推行扩张政策，利用近期的机会入侵亚美尼亚王国，并扶持自己的弟弟梯里达特登上王位。与罗马的战争已经无法避免。^^尽管面临这些挑战，沃洛加西斯仍被视为坚强能干的领袖，能够维护帝国完整、抵御敌人。迄今为止，他统治下的帝国相对稳定繁荣，臣民与敌人都尊重他。^^难度：简单
str_kingdom_7_description|尼禄出生于安提乌姆，原名卢基乌斯·多米提乌斯·阿赫诺巴尔布斯，是罗马第五任皇帝，也是罗马政治家格奈乌斯·多米提乌斯·阿赫诺巴尔布斯与小阿格里皮娜的儿子。母亲嫁给了自己的叔父克劳狄皇帝，后者死后，尼禄被拥立为帝。克劳狄之子不列颠尼库斯也在父亲死后被母子二人谋杀。尼禄以热爱艺术、不关心军事和具有暴君倾向著称。^^罗马帝国正处于权势的巅峰，却强敌环伺。北方的日耳曼蛮族不时劫掠边境，他们虽畏惧军团，但日耳曼尼库斯曾留在他们心中的恐惧早已消散。东方的帕提亚是罗马最大的威胁，组织严密，军队危险，正潜伏暗处，等待进攻的良机。犹太人不满鹰旗下的统治，若他们起义，机会便可能到来；考虑到犹太行省的局势，这一天可能比预期更早。谨慎的外交，以及迅速消灭北方最弱的敌人，将为帝国带来威望、稳定和新的土地。但要警惕东方，那里正酝酿着一场风暴。^^难度：简单
str_kingdom_8_description|杜姆诺尼亚是不列颠西南部的强大王国，由一位勇猛而雄心勃勃的国王统治，他已将多个部落统一于麾下。王国经济主要依靠农业和贸易，也依靠采矿，尤其是向罗马帝国出口的锡矿。^^王国的主要敌人是罗马帝国，数十年来，罗马始终试图征服并控制不列颠岛。目前，罗马不列颠总督盖乌斯·苏埃托尼乌斯·保利努斯率领的军队正在筹划入侵杜姆诺尼亚，企图击败其强大的国王和军队。^^杜姆诺尼亚的其他敌人还包括邻近部落和王国，它们长期为领土与资源同杜姆诺尼亚争斗。国王与军队时刻准备保卫国土，应对外敌入侵和内部冲突。^^难度：困难
str_kingdom_9_description|科里尔陶维人的国王是强大的统治者，带领人民走向荣耀。他的疆域辽阔，聚落与农田遍布其间。麾下战士强壮凶悍，以作战英勇著称。^^科里尔陶维人擅长冶金和贸易，也精于耕作与放牧，深谙土地及其资源。他们的金属工匠技艺精湛，制作的武器和工具实用而美观。他们拥有代代相传的讲故事与口述历史传统，信仰虔诚，深深敬畏自然世界。这是一个勇猛而自豪的民族，随时准备抵御一切威胁土地与生活方式的敌人。^^然而，王国并非没有敌人。邻近的布里甘特部落企图扩张领土、争夺资源，构成持续威胁。罗马人也在不断征服和压服周边部落以谋扩张，同样危险。国王和战士们必须保持警惕，保护人民与土地免遭入侵。^^难度：困难
str_kingdom_10_description|布里甘特人骄傲的女王名叫卡尔蒂曼杜娅。她统治着一个强大的大部落，占据不列颠北部大片土地。其疆域南起亨伯河，北至索尔韦湾，东起海岸，西至丘陵。布里甘特人擅长耕作与放牧，境内遍布村庄、农场和山丘堡垒。^^卡尔蒂曼杜娅坚强能干，凭智慧和军事才能赢得人民尊重。她成功抵御邻近部落的入侵，甚至与一些昔日敌人结成联盟。^^然而，布里甘特人并非没有敌人。南方，强大的罗马帝国不断扩张，对部落构成持续威胁。北方与西方，卡勒多尼亚人等勇猛的战士部落不断袭击布里甘特人的聚落。^^尽管挑战重重，卡尔蒂曼杜娅与人民仍决心维持独立，抵御一切入侵者。这是一个自豪而坚韧的部落，决心守护自身丰富的文化与历史。^^难度：困难
str_kingdom_11_description|法尔佐伊是萨尔马提亚人的国王。这个强大的游牧民族驰骋于东欧与中亚草原。王国南起黑海，深入斯基泰的荒阔草原，以精湛的骑术和高明的弓手闻名。萨尔马提亚人勇猛而独立，法尔佐伊决心使他们永远如此。他率领人民迎战一切威胁其生活方式的敌人。^^萨尔马提亚人的主要敌人是企图扩大地区影响力的罗马帝国。多年来双方多次交锋，但罗马人始终未能击败他们。^^另一个游牧部落阿兰人从东方草原推进，常与萨尔马提亚人争夺资源、领土和牧场。阿兰人以骑术和战技著称，但实力不及萨尔马提亚人，在冲突中往往处于劣势。^^罗马帝国的附庸国博斯普鲁斯王国也是敌人之一。萨尔马提亚人频繁劫掠这个位于黑海东北岸的王国。博斯普鲁斯人虽试图防御，却收效甚微。^^尽管敌人众多，法尔佐伊与他的王国仍是地区内不容小觑的力量。这个自豪而独立的民族决心完整守护自己的生活方式。^^难度：中等
str_kingdom_12_description|西拉克人是萨尔马提亚众多部落之一，居住在里海与黑海之间，以娴熟的骑术和勇猛的武艺著称。他们由佐尔西内斯国王领导，国王以智慧与公正统治所有萨尔马提亚部落。^^西拉克人过着游牧生活，追随马群穿越辽阔草原。他们擅长繁育和训练马匹，用于交通和战争。西拉克战士勇猛善战，以骑战技巧及在马背上精准致命的射术闻名。^^他们的社会等级分明，最强大、最有影响力的家族组成统治阶层。西拉克人坚决维护独立，忠于部落和国王，以荣誉与忠诚为社会核心。^^他们以色彩鲜艳、工艺繁复的衣饰著称，其上的图案和符号讲述着历史与信仰。这是一个自豪的民族，坚定忠于国王和部落。佐尔西内斯国王睿智公正，受到人民尊敬，令敌人畏惧。在他的统治下，西拉克人在里海与黑海之间的广阔草原上继续繁荣兴盛。^^难度：中等
str_kingdom_13_description|卢吉人是一个日耳曼部落，目前居住在茂密森林与起伏丘陵环绕的地区。这里野生猎物丰富，土地肥沃，为狩猎和耕作提供充足资源。^^卢吉人住在散布各地的小聚落中，用木材和茅草建造房屋，并从周围森林获取柴火和建材。他们擅长炼铁，利用附近河流为锻造作坊提供动力。^^卢吉人坚决维护独立，顽强抵御一切被视为威胁领土的事物。他们精于作战，战士令邻近部落畏惧。各处还有神圣的树林，他们在那里举行宗教仪式，向诸神献祭。地区内的几条大河也提供鱼类、交通和贸易之便。^^难度：中等
str_kingdom_14_description|马科曼尼人是一个日耳曼部落，目前居住在茂密森林与起伏丘陵环绕的地区。这里野生猎物丰富，土地肥沃，为狩猎和耕作提供充足资源。^^他们由强大的巴洛马尔国王领导。他统治数个小聚落，凭军事才能与领导能力赢得人民尊重。巴洛马尔是出色的战士，曾率部落多次击败邻近部落。^^马科曼尼人居住在小木屋中，主要依靠狩猎和耕作为生。他们擅长炼铁，利用附近河流为锻造作坊提供动力。他们也以骑术闻名，骑兵在同类部队中被视为精锐。^^马科曼尼人自豪而独立，顽强抵御一切被视为威胁领土的事物。他们与罗马帝国长期对抗，巴洛马尔国王决心使部落免受罗马支配。尽管他们拼死抵抗，罗马人仍在数场战斗中获胜，但巴洛马尔与人民继续抗拒罗马的扩张。^^难度：困难
str_kingdom_15_description|鲁吉人是生活在大河彼岸的勇猛战士部落。他们是自豪的民族，以航海能力及沿海贸易、海盗活动闻名。他们精于战斗，令许多邻近部落畏惧。首领兰贝特国王是一位勇猛而雄心勃勃的战士，凭战场上的勇气和力量崛起。在他的统治下，鲁吉人成为地区强权，令敌人胆寒，赢得盟友尊重。兰贝特国王的领导为人民带来繁荣与稳定，他的智慧和勇敢也备受鲁吉人敬重。^^难度：中等
str_kingdom_16_description|夸迪人是居住在日耳曼尼亚东南部的日耳曼部落。他们是娴熟的骑手和勇猛的战士，以临阵英勇著称。他们自豪，富有集体意识，忠于部落。^^他们住在分散的小聚落中，各聚落由人民选出的酋长领导。他们在肥沃土地上种植作物、饲养牲畜。他们也擅长冶金，制造的武器和工具深受部落珍视，并与邻近部落交易。^^他们崇拜众多男女神灵，在神树林中举行仪式和献祭。虽然以凶猛闻名，他们也十分虔诚，与自然世界联系紧密。社会等级复杂，领袖和战士居于顶层，其下是平民和奴隶。他们重视家庭，珍视荣誉与忠诚。^^难度：困难
str_kingdom_17_description|犹太是一片充满矛盾的土地。一方面，它对犹太人具有重大的宗教意义，耶路撒冷是其核心。希律王建造的圣殿巍峨壮丽，象征着犹太人的虔诚。另一方面，这里也是压迫与动荡之地。在尼禄皇帝统治下，罗马帝国将意志强加于犹太人民，局势十分紧张。^^耶路撒冷街头熙熙攘攘，商贩售卖货物，人们忙于日常生计。然而，恐惧与不安暗流涌动。街上的罗马士兵随处可见，他们的盔甲和武器时刻提醒着人们，谁掌握着这片土地的权力。犹太人怨恨罗马统治，起义的低语四处流传。^^耶路撒冷城外，乡间散布着小村庄与农场。这里的普通百姓努力谋生、养家，但同样承受罗马统治的重压，税赋和征兵严重损害生计。许多人为求生存而落草为寇，使所有途经乡间的人都面临危险。^^尽管困难重重，犹太人民仍坚守信仰与传统。圣殿依旧是犹太人敬拜的中心，大祭司继续带领人民举行宗教仪式。但越来越多人感到，必须作出改变，必须采取行动，打破罗马压迫的枷锁，夺回土地。犹太的未来如何，唯有时间能够揭晓。^^难度：极难
str_kingdom_18_description|雅兹格人是一个由游牧骑手与弓手组成的部落。他们带着马群和牛群，游荡于欧亚大陆西部的广袤草原。他们勇猛而技艺精湛，以勇气和武艺著称。^^在人们的记忆中，雅兹格人世世代代生活在草原上，随牲畜的季节性放牧规律迁徙。他们善于在严酷环境中生存，凭借对土地的了解和骑术应对自然考验。^^然而，这种生活方式并非没有挑战。雅兹格人不断逐水草迁徙，也不断与其他部落争夺资源，必须随时准备自卫。^^尽管困难重重，雅兹格人已在草原繁衍数百年，形成丰富的文化与历史。但他们的世界即将改变：南方的强大帝国正在扩张，雅兹格人被迫进一步西迁，最终获罗马人允许，定居潘诺尼亚平原。他们必须适应新的生活方式，面对新挑战，缔结新联盟，但不会放弃游牧传统，勇猛的精神也将永存。^^难度：极难
str_kingdom_19_description|巴塔维人是以力量及参与罗马军事行动而闻名的日耳曼部落，居住在平坦多水的地区。虽然一直是罗马帝国忠实的盟友，他们开始感受到帝国沉重税赋与征兵的压力。部落内部不满日益增长，在尤利乌斯·西维利斯的领导下，他们起兵反抗罗马统治。^^巴塔维人兼擅骑术与航海，成为罗马军队的劲敌。他们突袭罗马控制的聚落与堡垒，迅速夺回本族领土。对当地地形与水道的熟悉，使他们占据显著优势。不过，罗马不会容许这场叛乱持续太久。^^难度：极难
str_kingdom_20_description|卡尔特利自然风光壮美，文化丰富，位于高加索山脉腹地、姆特克瓦里河与阿拉格维河交汇处，西邻伊比利亚，东接科尔基斯。这里土地肥沃、气候温和，十分适合农业。卡尔特利人自豪而勤劳，以重视传统和热情好客著称。他们的历史悠久，远早于波斯帝国。^^卡尔特利王国是地区内最强大、最有影响力的国家之一。卡尔特利人拥有独特的语言与字母，文化深受琐罗亚斯德教传统影响。他们的音乐、舞蹈、金属工艺等艺术传统源远流长。境内还有许多古城，例如王国首都、神圣之城姆茨赫塔。^^难度：中等
str_kingdom_21_description|高加索阿尔巴尼亚是位于高加索山麓的小王国。首都名叫卡巴拉，以秀丽风景与丰富文化著称。王国周围有罗马、帕提亚等强大帝国，却凭巧妙的外交和联盟维持独立。^^目前统治王国的是奥罗埃泽斯国王，以治国睿智公正闻名。这里以农业社会为主，大量人口从事耕作和畜牧。高加索阿尔巴尼亚人民由不同族群组成，各族和睦相处，保持独特文化。^^王国也以深厚的宗教传统著称，信仰融合了琐罗亚斯德教与当地多神教。境内有许多供奉各类男女神灵的神庙与祠所，宗教仪式是文化的重要组成部分。^^总而言之，高加索阿尔巴尼亚虽小，又被强大帝国包围，却仍是繁荣而富有活力的王国，成功保持了独立与独特文化。^^难度：中等
str_kingdom_22_description|科尔基斯位于黑海沿岸，富庶而美丽。这里以丰富的金矿闻名，人民擅长冶金和农业。科尔基斯人拥有浓厚的战士文化，数百年来一直能够抵御入侵、守卫国土。^^在尼禄皇帝时代，科尔基斯仍是重要而强大的王国。科尔基斯人以忠于罗马帝国著称，与罗马结成紧密联盟。国王作为皇帝的附庸，维持强大军队以保护王国、保持和平。这里也以技艺精湛的工匠和商人闻名，他们制作精美艺术品，并与地区内其他王国和城邦贸易。^^科尔基斯的首都是繁忙的大都会，遍布宏伟的宫殿、神庙和公共建筑。王室与贵族生活奢华，身边尽是珍品和精美艺术品。城内市场也生机勃勃，来自已知世界各地的商人在此买卖货物。^^尽管城市奢华，科尔基斯人民仍十分虔诚，有着深厚的敬神传统。他们信奉众多神灵，建有大量供奉各神的神庙和祠所。^^^难度：中等
str_kingdom_23_description|奥斯罗恩国王马努六世端坐王位，统治从埃德萨城到幼发拉底河的疆土。他继承父亲阿布加尔五世——人称阿布加尔大帝——的王位，接手一个繁荣稳定的王国。在他的统治下，奥斯罗恩继续汇聚多种文化与宗教，以包容和商贸中心地位闻名。^^马努六世精明老练，善于周旋于古代近东的政治格局之中。他既是强大罗马帝国的附庸王，与罗马保持良好关系，也与东方霸主帕提亚友好往来。他必须不断平衡这两大强权的利益，同时维护王国独立。^^尽管挑战重重，马努六世决心延续父亲的遗产，维持奥斯罗恩的繁荣与文化成就。他赞助艺术和科学，鼓励叙利亚语及其文学蓬勃发展。^^但奥斯罗恩处境艰难，夹在争夺东方霸权的两个敌对帝国之间。马努必须谨慎，否则他的统治可能很快结束。^^难度：极难
str_kingdom_24_description|此人命运多舛。约公元32年，他出生于费伦提乌姆一个有伊特鲁里亚血统的贵族家庭，后来娶了波佩娅·萨比娜。她利用他接近尼禄，并与尼禄私通。最终，尼禄让他们离婚，将波佩娅据为己有。作为忠心效劳、为人忠实的“奖赏”，奥托被打发到卢西塔尼亚任总督，而他确实治理有方。五年多来，他保持沉默，尽着总督的职责。但心中的怨恨呢？难道他要像伊特鲁里亚人把一切输给罗马那样，把一切都输给尼禄？难道命运注定他会因“任由”尼禄夺走妻子而遭人嘲笑？不，他心中藏着复仇与野心。他未曾密谋反对尼禄，或许显得怯懦，但他从未原谅，也永远不会原谅。迟早有一天，罗马会猛然惊醒：正如罗马王国曾由伊特鲁里亚人统治，若奥托成功，罗马帝国也将如此。
str_kingdom_25_description|该如何描述这个人？韦斯帕芗于公元9年出生在罗马附近的一个村庄，出身骑士阶层，在政军体系中逐步晋升，成为裁判官，继而进入元老院。他以军事成就闻名，比其他罗马贵族更重荣誉、更少贪欲。乍看之下，他似乎只是普通的罗马骑士，但别弄错了：军团中的声望，加上现任皇帝尼禄日益失去人心，已经让他心生念头。帝冠被不配戴它的人占据太久了，他们辱没凯撒和奥古斯都的遗产。韦斯帕芗会成为推翻尼禄、登上帝位的人吗？唯有时间能够揭晓。
str_kingdom_26_description|维特里乌斯于公元15年出生在诺切拉苏佩里奥雷，通常以肥胖著称，最爱宴饮作乐。但那一身肥肉之下，是多年的努力和人脉：他与两位皇帝结交，逐步晋升，出任阿非利加总督，并赢得士兵的拥戴。尼禄或许会取笑他，所有人都可能如此，但这是一个动荡、背叛与欺骗的时代。若尼禄和其他人不小心，或许会发现自己正向这个不甘受辱的人乞求宽恕。维特里乌斯渴望的不只是美酒佳肴，还有权力；如果他成功，那些人的笑声就会堵在喉咙里。
str_kingdom_27_description|加尔巴于公元前3年出生在塔拉奇纳附近，来自显赫贵族家庭，甚至自称是朱庇特的直系后裔，绝不是可以轻视的人。他的兄弟遭到谋杀，而他逐步晋升，先任裁判官，继任阿基塔尼亚总督，最终成为执政官。担任上日耳曼尼亚军团统帅时，加尔巴以严守军纪闻名。但他有一个敌人：时间。他忠心侍奉卡利古拉及前任皇帝后退隐，却眼看帝国逐渐落入不称职的皇帝手中，这些人把享乐置于治理和职责之上。应尼禄要求，他被召回出任西班牙总督；如今，随着年岁增长，他却愈发野心勃勃、焦躁不安。他会终生侍奉无能皇帝，直到死去吗？还是利用余生，最终扫除玷污罗马的一切污秽？唯有时间能够揭晓。或许有一天，人们醒来便会看见尼禄被钉在十字架上，而加尔巴已成为新的皇帝。
str_culture_dacian|作为达契亚文化的一员，你属于一个勇猛而精于战斗的社会。你的人民深深敬畏自然世界，诸神融入日常生活。你们举行各类仪式与献祭，向神明致敬。^^你们也以先进的冶金技术闻名，精美工艺品备受珍视和追捧。社会由小部落组成，各自由国王或酋长领导。农业和采矿同样在经济中占据重要地位。^^你们富有集体意识，忠于部落，战士训练有素、备受尊敬。你们或许与其他文化不同，却对自身身份和传承怀有深厚的荣誉感与自豪感。勇猛的精神与独立性格，使你们成为不容小觑的力量。
str_culture_celtic|作为凯尔特人，你属于一个自豪而独立、与自然联系紧密的社会。你们尊崇诸神，举行仪式向他们致敬。社会分为各个部落，由酋长领导，并有深厚的诗歌、说故事和吟游表演传统。^^你们是勇猛而精于战斗的民族，战士训练有素、备受尊敬。你们的冶金和手工艺传统也很深厚，技艺广受珍视与追捧。^^你们富有集体意识，忠于部落，坚决维护独立。你们或许与其他文化不同，却对自身身份和传承怀有深厚的荣誉感与自豪感。勇猛的精神与独立性格，使你们成为不容小觑的力量，勇气也受到众人敬重。
str_culture_caledonian|作为卡勒多尼亚人，你属于一个自豪而独立的社会，以勇猛的战士精神著称。你与卡勒多尼亚荒野险峻的地貌紧密相连，诸神深深融入日常生活。你们拥有代代相传的口述历史与说故事传统。^^你们是勇猛的战士，以战技和顽强精神闻名，战士训练有素、备受尊敬。社会分为各个小部落，由酋长领导。你们擅长狩猎、捕鱼和放牧，深谙土地。^^你们富有集体意识，忠于部落，坚决维护独立。你们或许与其他文化不同，却对自身身份和传承怀有深厚的荣誉感与自豪感。勇猛的精神与独立性格，使你们成为不容小觑的力量，勇气也受到众人敬重。
str_culture_sarmatian|你是萨尔马提亚人，属于一个技艺精湛、实力强大的游牧战士社会。你的人民以骑术和战技闻名，社会由酋长领导的部落组成，有着深厚的口述历史、说故事和诗歌传统。^^你的人民擅长狩猎、放牧和耕作，社会以畜牧经济为基础。你们也以冶金技艺闻名，武器和盔甲备受珍视。^^你们富有集体意识，忠于部落，坚决维护独立。你们或许与其他文化不同，却对自身身份和传承怀有深厚的荣誉感与自豪感。勇猛精神、战技与骑术，使你们成为不容小觑的力量，勇气也受到众人敬重。
str_culture_germanic|你是自豪的日耳曼人，属于一个强大而独立、以勇猛战士精神著称的社会。你的人民与自然联系紧密，拥有深厚的口述历史与说故事传统。诸神融入日常生活，你们举行各类仪式和献祭向他们致敬。^^你们是勇猛的战士，以战技和顽强精神闻名，战士训练有素、备受尊敬。社会分为各个小部落，由酋长或首领领导。你们擅长狩猎、捕鱼和耕作，深谙土地。^^你们富有集体意识，忠于部落，坚决维护独立。你们或许与其他文化不同，却对自身身份和传承怀有深厚的荣誉感与自豪感。勇猛的精神与独立性格，使你们成为不容小觑的力量，勇气也受到众人敬重。
str_culture_caucasian|作为高加索人，你属于一个居住在美索不达米亚遥远北方的古老文明。你们的文化深受波斯、希腊化和罗马文化影响，拥有丰富的商贸历史。^^你们与自然联系紧密，诸神深深融入日常生活。你们举行各类仪式与献祭向他们致敬，并以代代相传的丰富口述传统和说故事技艺闻名。^^社会分为各个小部落，由酋长领导。你们擅长农业、畜牧和冶金，深谙土地，富有集体意识，忠于部落，并坚决维护独立。^^你们或许与其他文化不同，却对自身身份和传承怀有深厚的荣誉感与自豪感。勇猛的精神与独立性格，使你们成为不容小觑的力量，勇气也受到众人敬重。
str_culture_parthian|你是波斯人，属于一个疆域从中亚经高加索延伸至近东的强大帝国。你们的社会组织严密，拥有复杂的政府体系和强有力的中央权威。^^你们历史文化丰富，传统深厚，具有强烈的延续性和稳定性。社会重视教育、艺术、文学和哲学。人民精通多种工艺，包括冶金、陶器和纺织生产。^^你们深深敬重祖先及其成就，社会以强烈的责任感和忠诚为基础，分为不同阶层，并重视家庭与共同体。^^你们或许与其他文化不同，却对自身身份和传承怀有深厚的荣誉感与自豪感。责任与忠诚、丰富的文化历史，以及强大的政府和社会，使你们成为不容小觑的力量，勇气也受到众人敬重。
str_culture_roman|作为罗马人，你属于世界上最强大、最有影响力的帝国之一。你们的社会组织严密，拥有复杂的政府体系和强有力的中央权威，重视法律、秩序与稳定。罗马军队被视为世界上最强大、最有效率的武装力量之一。^^你们历史文化丰富，传统深厚，具有强烈的延续性和稳定性。社会重视教育、艺术、文学和哲学。人民精通多种工艺，包括工程、建筑、城市规划、营造、制陶与纺织生产。^^你们深深敬重祖先及其成就，社会以强烈的责任感和忠诚为基础，分为不同阶层，并重视家庭与共同体。罗马社会也具有四海汇聚的特质，帝国内各群体与文化多姿多彩。^^你们或许与其他文化不同，却对自身身份和传承怀有深厚的荣誉感与自豪感。责任与忠诚、丰富的文化历史，以及强大的政府和社会，使你们成为不容小觑的力量，勇气也受到众人敬重。
str_culture_judean|作为犹太人，你属于一个信仰深厚、历史传统丰富的社会。你的人民与犹太大地紧密相连，宗教以敬拜亚伯拉罕、以撒和雅各的上帝为核心。你们拥有代代相传的口述历史与说故事传统，文化深受《妥拉》所载法律与教义影响。^^你们富有集体意识，忠于人民，社会分为不同阶层，十分重视家庭与共同体。社会重视教育，研习《妥拉》与先知书备受尊崇。^^你们或许与其他文化不同，却对自身身份和传承怀有深厚的荣誉感与自豪感。深厚信仰、丰富的文化历史以及强烈的集体意识，使你们成为不容小觑的力量，勇气也受到众人敬重。尽管政治局势艰难，土地遭罗马占领，你们仍保持传统习俗，渴望自由与独立。
str_culture_bosporan|你是博斯普鲁斯人，属于一个居住在黑海与亚速海周围、即今天俄罗斯与乌克兰境内的古老文明。你们是海洋民族，以航海技艺和贸易网络闻名，经济以农业、畜牧和贸易为基础。^^你们历史文化丰富，传统深厚，具有强烈的延续性和稳定性。社会重视教育、艺术、文学和哲学。人民精通多种工艺，包括冶金、陶器和纺织生产。^^你们深深敬重祖先及其成就，社会以强烈的责任感和忠诚为基础，分为不同阶层，并重视家庭与共同体。^^你们或许与其他文化不同，却对自身身份和传承怀有深厚的荣誉感与自豪感。航海技艺、丰富的文化历史以及强烈的集体意识，使你们成为不容小觑的力量，勇气也受到众人敬重。尽管政治局势复杂，你们仍得以保持独立，文化与社会继续繁荣。
str_culture_arabian|你是自豪的阿拉伯人，属于众多部落和氏族之一，其中有些游牧，有些定居。你的人民擅长贸易、经商和作战，经济主要依靠商贸。你们崇拜不同的古代男女神灵，不过地区内也存在犹太教等其他宗教。你们以诗歌闻名，借此沟通，表达思想和情感。^^你的人民重视共同体与家庭，珍视荣誉和待客之道。他们也以传统习俗闻名，其中包括一种称为“穆鲁瓦”的行为准则，强调勇气、慷慨与忠诚。
str_culture_berber|你是柏柏尔人，是北非的居民。你的人民骑术精湛，善用长矛、弓箭等武器，也以编织和制陶技艺闻名。游牧生活围绕牛、绵羊和山羊展开，人们为寻找牧场而不断迁徙，各部落都有独特的习俗与传统。你们组成氏族，再按家族纽带分为较小群体。人民富有集体意识，十分重视好客与荣誉。^^你的人民信奉各类神灵，也接受了一些来自罗马人的新神。
str_culture_garmatian|你是加拉曼特人，居住在利比亚肥沃的绿洲。你的人民擅长骑术和贸易，在北非建立起商路网络，也以军事才能闻名，令邻近部落畏惧。你们的社会等级分明，以国王为最高统治者；父权制度下，大部分权力由男性掌握，但女性在贸易和农业中同样扮演重要角色。
str_culture_nubian|你是努比亚人，居住在尼罗河周围肥沃的土地上。你的人民以宏伟建筑著称，包括独特的金字塔和神庙群。你们深深敬重祖先，并发展出复杂的仪式来纪念他们。肥沃的尼罗河流域为农民提供广阔土地，种植小麦、大麦和豆类等作物。你们也与邻近地区贸易，交换黄金、象牙和奴隶等货物。
str_culture_saka|你是坚毅的塞种战士，出生于穿行广袤草原的游牧部落。你的人民以精湛骑术和射术闻名，世代为生计与荣耀纵横原野，磨炼这些本领。塞种人的生活围绕饲养珍贵牲畜和有计划的劫掠展开，展现出一种游牧战士文化：人与马的纽带神圣，武艺是备受尊崇的道路。^^在信仰方面，你的人民崇拜与草原自然力量相连的祖传神灵。萨满习俗根深蒂固，萨满沟通人间与灵界，指引部落应对旷野的挑战。塞种各部受一种名为“亚萨克”的行为准则约束，塑造像你这样的战士的品格。亚萨克强调勇气、忠诚与坚韧，为复杂的部落生活提供道德指引。^^在游牧生活中，塞种人保持着强烈的集体与亲族意识。庆祝成功狩猎或天象的节庆将部落聚集起来，强化团结与共同传统的重要性。作为塞种战士，你的身份融入丰富的史诗故事与口述传统，传颂传奇领袖的英雄事迹，使部落遗产历久不衰。
str_culture_syrian|你是叙利亚人，来自帝国交汇处一片肥沃而多元的土地。你们的城市是贸易、工艺和学问的中心，闪米特、希腊化和阿拉米传统在此交融。你的人民是熟练的商人和工匠，以纺织品、玻璃和文雅的城市生活闻名。^^你们善于适应、见多识广，热情好客，却也眷恋本地习俗和家庭纽带，尽管统治者频繁更替，仍守护悠久的传承。
str_culture_egyptian|你是埃及人，是尼罗河孕育的古老文明的继承者。你们的社会围绕神庙、祭司传统与河流的节律组织起来。你们擅长灌溉、纪念建筑营造和艺术，礼仪与典礼融入日常生活。^^你的人民自豪而保守，重视延续性、祖先智慧，以及神庙和陵墓所体现的有形秩序。
str_culture_greek|你是希腊人，来自重视学问、修辞与艺术的城邦和殖民地传统。你们的城邦是哲学、戏剧和海上贸易的中心，公民重视公共生活、公开辩论与艺术成就。^^你们既是娴熟的水手，也是优秀的士兵，将希腊习俗传播到地中海各地，把本地传统与诗人、哲学家和工匠的遗产融合起来。
str_dplmc_explain_centralization|高度集权会降低国王的税收损耗，却提高封臣的税收损耗。此外，高度集权允许国王管理王国拥有的所有城镇和村落，这会影响君主与封臣的关系。对于帝国行政体制，集权程度还会影响帝国维护费与最高帝国税率。
str_dplmc_explain_aristocarcy|提高贵族权力会改善国王或皇帝与封臣或贵族的关系，也会增加领主或贵族的收入，并略微降低城镇产生的财富。
str_dplmc_explain_serfdom|加强农奴制或奴隶制会降低国王及封臣的税收损耗，使封臣能够维持更大的军队，但部队士气会下降。此外，也会影响国内的奴隶贸易。
str_dplmc_explain_quality|为部队配备更优质的装备，会提高他们在自动结算战斗中的战斗力。此外，部队生成时获得优质武器的概率也会提高，例如装备平衡的罗马短剑，而非普通短剑。但这也会增加军饷。
str_dplmc_explain_mercantilism|强化重商主义政策会最大限度增加出口、减少进口，并加强政府对工商业的管制。
str_background_slave|你的父母都是奴隶，你也因此生来为奴。你的人生充满艰辛与苦难。童年时，你目睹家人因微小过失或被认定的冒犯而遭主人残酷惩罚，你也未因年幼而得到宽恕。像多数奴隶一样，你的父母早早死去。你决心避免同样的命运，于是逃走，将那个地方远远抛在身后。
str_background_freeman|你的父母是自由民，拥有一小块由农奴耕种的土地。你刚会走路，就被安排干活，帮忙收割、提水、喂养牲畜。生活虽然有时艰苦，却很快乐：你与其他孩子嬉戏打闹，逗弄牲畜取乐，也参加族人丰富的文化和宗教庆典。
str_background_noble|你的父母是小贵族，拥有一座小庄园。他们以家世为荣，也如此养育你。至少与平民相比，你生活舒适。成年后，父亲的扈从教你使用长矛、剑与盾，你也学会了战术、领导和狩猎的技艺。
str_build_strong|你天生结实健壮。魁梧的体格使你力量强大，也令人敬畏。
str_build_thin|你天生轻巧敏捷。你步伐灵活，行动迅速而优雅。
str_build_weak|你天生瘦小虚弱。成长过程中，单薄的身材使你容易成为欺凌的目标。
str_mind_genius|你拥有罕见的聪慧。学习和分析能力使你在理解复杂事物时胜人一筹。
str_mind_shrewd|你敏锐而精明。生活早已教会你，准确判断与机敏应变有多么重要。
str_mind_normal|你的才智既不出众，也不欠缺。你和周围大多数人一样普通，一样迷信。
str_mind_dull|你思维十分迟缓。虽然不是善于思考的人，却以力量、美貌或顽强意志弥补不足。
str_mcc_label_menus|人物背景
str_mcc_label_story|你的故事
str_mcc_label_gender|你的性别：
str_mcc_label_father|你的父亲是：
str_mcc_label_earlylife|你早年曾是：
str_mcc_label_later|后来你成为：
str_mcc_label_reason|踏上冒险的原因：
str_mcc_label_gameplay_options|游戏选项
str_mcc_label_region|起始地区
str_mcc_skl_shield|盾防
str_mcc_skl_inventorymanagement|物品管理
str_mcc_skl_prisonermanagement|俘虏管理
str_other_goy_preparing_rome|我正在罗马等待执行计划。我们应该与克劳狄娅·安东尼娅一起，在奥古斯都宫前会面。
str_other_praetorioan_preparing_rome|我正在罗马等待执行计划。我会安排好禁卫军，等待你和克劳狄娅·安东尼娅发出信号。
str_vespasian_preparing_alexandria|我正在集结部队、准备舰队，我们很快就会驶向意大利。
str_others_preparing_alexandria|我正前往亚历山大里亚与我军会合，我们很快就会驶向意大利。
str_others_fight_rebellion|我正前往意大利与我军会合，抵御多瑙河军团的叛乱。
str_others_start_rebellion|我正在准备向罗马进军，并在梅迪奥拉努姆与我军会合，随后从那里开赴罗马。
str_others_preparing_rome|我正前往罗马与我军会合，我们必须准备保卫意大利，抵御争位者的进攻。
str_others_preparing_mediolanum|我正前往梅迪奥拉努姆与我军会合，我们必须准备进攻意大利，击败争位者。
str_description_hercules_club|说明：^^多纳尔之棒是日耳曼人的圣物。他们用劫掠罗马边境村庄所得的黄金与宝石制成了它。^^背景：^^据塔西佗记载，日耳曼人以动物祭品敬奉赫拉克勒斯。他把多纳尔（托尔）称作赫拉克勒斯。塔西佗还记载，威悉河彼岸有一片献给赫拉克勒斯（多纳尔）的树林。他也写道，下日耳曼尼亚崇拜一位名为赫拉克勒斯·马古萨努斯的神。赫拉克勒斯的象征是他的木棒与狮皮。^^
str_description_celtic_carnyx|说明：^^普通的卡尔尼克斯战号由青铜制成，而这支用纯金打造，因此是财富的象征。^^背景：^^卡尔尼克斯是凯尔特人在公元前200年至公元200年间使用的一种管乐器，用来在战斗中传递信号、集结部队，也可能用于仪式。乐器很高，发出的声音能够越过战场或仪式参与者的头顶，传得更远。^^
str_description_dacian_treasure|说明：^^数百年来，达契亚诸王搜集了各种宝石和大量黄金。这座宝库显然象征着巨大的财富。^^背景：^^据卡西乌斯·狄奥记载，末代达契亚国王德凯巴卢斯将财宝藏在一条河里。狄奥写道：“德凯巴卢斯的财宝也被发现了，虽然它们藏在流经王宫的萨尔格提亚河底。德凯巴卢斯借助一些俘虏，使河流改道，在河床挖坑，将大量金银及其他能够承受一定潮湿的珍贵物品投入其中，然后覆以石块和泥土，再使河流回归原道。他还命同一批俘虏把衣袍及类似物品存入洞穴，完事后杀死他们，以防泄密。但知晓此事的同伴比基利斯被俘，供出了这些情况。”^^
str_description_menorah|说明：^^这座灯台是犹太教的圣物，以黄金和宝石华丽装饰。^^背景：^^七枝灯台在《希伯来圣经》及后来的古代文献中，被记载为会幕和耶路撒冷圣殿所用的器物。其图像渊源可追溯至史前时代的神树形象。自古以来，无论在以色列故土还是流散之地，它都是犹太人民与犹太教的象征。
str_description_scythian_bong|说明：^^这是一支黄金水烟管，用来吸食令人兴奋愉悦的东西。^^背景：^^考古学家在俄罗斯南部发现了两件器物，推断为距今2400年的纯金水烟管。它们出土于一座覆有黏土、以石块衬砌的地下墓室，属于斯基泰人。传说这个伊朗语系游牧部落在作战前吸食大麻和鸦片，以改变精神状态。希罗多德写道，斯基泰人用一种植物产生烟雾，任何希腊蒸汽浴都无法相比，令人高声呼喊。
str_description_perfume_special|说明：^^这款香水是芬芳的极致。想象清晨微风轻柔拂过，带着千朵花瓣的亲吻。前调如柑橘色的日出迸发，以黎明的清新唤醒感官。柠檬、佛手柑与橘子的果皮香俏皮旋转，舞出鲜活色彩，为空气绘上生动的画卷。^^背景：^^制香艺术起源于古埃及、美索不达米亚和印度河流域文明。埃及人在宗教仪式中使用一种名为“基菲”的复合熏香。埃及配方各有十六种原料，足见人们为此投入之大。
str_description_lyre_rich|说明：^^这把里拉琴由纯金打造，琴弦由金色头发制成，属于尼禄。^^背景：^^尼禄以热爱艺术闻名。他对音乐的痴迷，超出了社会对他所属阶层的罗马人所能接受的程度。
str_description_kush_crown|说明：^^库施王冠以黄金和饰件华丽装点。^^背景：^^此物品依据努比亚统治者雕像的图片制作。
str_description_parthian_female_hat|说明：^^这顶女式王冠由万王之王的妻子佩戴，以黄金和宝石华丽装点。^^背景：^^大致参考电影中波斯公主或王后的形象，例如《亚历山大大帝》，但并不符合史实。
str_description_crown_shah|说明：^^这是波斯统治者、万王之王的王冠，以黄金和宝石华丽装点。^^背景：^^这顶具体的王冠纯属虚构，没有原型。统治波斯的帕提亚诸王很可能拥有昂贵王冠。
str_description_laurel_gold|说明：^^黄金打造的桂冠，堪配凯撒。^^背景：^^在希腊神话中，阿波罗通常被描绘为头戴桂冠。桂冠授予古代奥林匹克运动会等竞技比赛的优胜者。在罗马，它象征军事胜利，用于凯旋式上为得胜的统帅加冠。通常由奴隶将黄金桂冠举在凯旋者头顶。
str_description_female_crown|说明：^^黄金打造的宝冠，镶有大量宝石，十分适合女王或奥古斯塔。^^背景：^^“Diadem”源于希腊语“diadema”，最初指象征王权的刺绣丝带，后来发展为金属王冠和冠冕等珠宝饰品。埃及和爱琴海世界都有古代实例。它也可以象征君权。罗马皇帝佩戴宝冠，公元476年，奥多亚塞驱逐罗慕路斯·奥古斯都后，将一顶宝冠归还给芝诺皇帝。
str_description_laurel_silver|说明：^^银制桂冠。^^背景：^^在希腊神话中，阿波罗通常被描绘为头戴桂冠。桂冠授予古代奥林匹克运动会等竞技比赛的优胜者。在罗马，它象征军事胜利，用于凯旋式上为得胜的统帅加冠。通常由奴隶将黄金桂冠举在凯旋者头顶。
str_description_pharaoh_crown|说明：^^埃及双王冠，由凯迈特的神圣统治者法老佩戴。^^背景：^^双王冠象征法老统治统一的全埃及。冠上有两种动物^徽记：蓄势欲击的埃及眼镜蛇，即圣蛇徽，象征下埃及女神瓦吉特；以及象征上埃及守护女神奈赫贝特的秃鹫。它们固定在双王冠前方，被称为“两位女神”。
str_description_pilos_ultimate|说明：^^这顶古希腊皮洛斯盔经过精湛修复，是权力的终极象征。荣耀归于皮洛斯！^^背景：^^皮洛斯帽与佩塔索斯帽是古风时代和古典时代希腊最常见的帽式。公元前五世纪，古希腊开始出现青铜版本，随后成为流行的步兵头盔，有时还饰以马鬃盔冠。希腊皮洛斯帽类似罗马与伊特鲁里亚的皮勒乌斯帽，通常由毡制成。希腊的皮利迪翁帽与拉丁的皮勒奥卢斯帽是较小的版本，类似贴头小帽。^现代，皮洛斯盔成了崇拜对象。从Discord传播开来，皮洛斯教派正逐渐征服世界。
str_description_felt_steppe_cap|说明：^^这只是一顶模样滑稽的帽子。^^背景：^^这顶圣诞帽，德语称“Zipfelmuetze”，不过是传奇皮洛斯盔的现代继承者，因此也是皮洛斯伟大的象征。通常在圣诞活动中佩戴。
str_description_laurel_wreath|说明：^^桂冠，是比赛优胜者的常见奖赏。^^背景：^^在希腊神话中，阿波罗通常被描绘为头戴桂冠。桂冠授予古代奥林匹克运动会等竞技比赛的优胜者。在罗马，它象征军事胜利，用于凯旋式上为得胜的统帅加冠。通常由奴隶将黄金桂冠举在凯旋者头顶。
str_description_minotaur_armor|说明：^^这只是一张又臭又旧的毛皮。你若穿着它出现在公共场合，人们会感到恶心。^^背景：^^就是一张又臭又旧的毛皮。你还指望什么？
str_description_cupid_arrow|说明：^^传奇的丘比特之箭。被它刺中者，会爱上自己看到的第一个人。^^说明：^^丘比特是欲望、性爱和吸引力之神。他携带两种箭矢，一种带尖锐金箭头，另一种带钝铅箭头。被金箭所伤的人会充满无法控制的欲望，被铅箭击中的人则感到厌恶，只想逃离。
str_description_mithras|说明：^^密特拉杀牛的雕像，以印度优质大理石制成。^^背景：^^此雕像模型来自一座在罗马发现的公元二世纪雕像的数字扫描。密特拉身着东方服饰，包括裤装和弗里吉亚帽。一条狗和一条蛇试图舔食鲜血，一只蝎子正在攻击公牛的生殖器。原物为大英博物馆藏品，编号1825,0613.1。
str_description_allat|说明：^^这是纯金打造的阿拉特女神像。^^背景：阿拉特是伊斯兰教出现之前的阿拉伯女神。这一造型纯属虚构。
str_description_holy_grail|说明：^^这只杯子很可能属于一个名叫克瑞斯托斯的人。^^背景：克瑞斯托斯是公元一世纪常见的奴隶名字。
str_description_danish_longsword_2|说明：^^这把长剑由日耳曼诸神锻造，是芙蕾雅的礼物。^^背景：^^其原型是斯堪的纳维亚发现的同期剑器。
str_description_arminius_mask|说明：^^一顶带金面具的罗马头盔。据说阿尔米尼乌斯用条顿堡战役的战利品打造了这副金面具。^^背景：^^阿尔米尼乌斯是历史人物，但这副面具是虚构的。
str_description_arminius_spatha|说明：^^阿尔米尼乌斯的斯帕塔长剑。^^背景：^^阿尔米尼乌斯是历史人物，很可能也使用过剑，但这把具体的剑纯属虚构。
str_description_thunder|说明：^^这把复合弓名为“雷霆”，因为它像雷霆一样强大。^^背景：^^这把弓纯属虚构。
str_description_dragon|说明：^^这把复合弓名为“巨龙”，因为它像巨龙一样强大。^^背景：^^这把弓纯属虚构。
str_description_african_longbow|说明：^^受尼亚梅神祝福的强弓。^^背景：^^尼亚梅是加纳阿坎人崇拜的一位北非神灵。不过，这把弓纯属虚构。
str_description_dragon_arrows|说明：^^这些箭矢与“巨龙”弓完美相配。^^背景：^^这些箭矢纯属虚构。
str_description_thunder_arrows|说明：^^这些箭矢与“雷霆”弓完美相配。^^背景：^^这些箭矢纯属虚构。
str_description_sling_david|说明：^^大卫用来杀死歌利亚的传奇投石索，是对付强敌的绝佳武器。^^背景：^^据宗教典籍记载，大卫用投石索击败了更强壮的歌利亚。
str_description_jupiters_throwing_spear|说明：^^这支投矛威力如此强大，宛如朱庇特的雷电。^^背景：^^朱庇特（宙斯）的象征是雷电。模组将它与镇压了米底叛乱的罗多古娜女王联系起来。
str_description_linothorax_alexander|说明：^^这是亚历山大大帝穿过的盔甲。^^背景：^^此模型依据亚历山大大帝的常见形象制作。
str_description_alexanders_helm|说明：^^这是亚历山大大帝戴过的头盔。^^背景：^^此模型依据亚历山大大帝的常见形象制作。
str_description_armor_of_african_gods|说明：^^坚固的锁子甲套在短袍外，配以狮皮。不知为何，它提供的防护远超预期。^^背景：^^这套盔甲纯属虚构。
str_description_khopesh1|说明：^^一把名为科佩什的古埃及青铜弯剑。^^背景：^^科佩什是埃及的镰形剑，由战斧演变而来，使用于青铜时代。
str_description_holy_lance|说明：^^这支长枪曾属于朗基努斯，他用它刺穿了基督的肋旁。^^背景：^^朗基努斯是后人为那位用长枪刺穿基督肋旁的无名罗马士兵取的名字。这支枪被称为“圣枪”。
str_description_gallic_spear_4|说明：^^这是凯尔特伊比利亚战酋奥林迪库斯的传奇长矛，他曾率众反抗罗马。据说他举止如先知，手持诸神从天上赐下的魔法银枪带领部队。^^背景：^^奥林迪库斯，又称奥洛尼库斯，生活于约公元前170年，是领导反罗马起义的凯尔特伊比利亚战酋。他在远西班牙行省与裁判官卢基乌斯·卡努莱尤斯及其部队作战。据弗洛鲁斯记载，他是出色的领袖，也是机敏大胆的战士。传说还称，他拥有天空诸神赠予的银矛。
str_description_ancient_spatha|说明：^^这把斯帕塔长剑装饰华丽，曾属于第一位元首奥古斯都。^^背景：^^我认为奥古斯都（屋大维）用过斯帕塔长剑，也认为它有装饰。
str_description_ancient_spatha_melee|说明：^^这把斯帕塔长剑装饰华丽，曾属于第一位元首奥古斯都。^^背景：^^我认为奥古斯都（屋大维）用过斯帕塔长剑，也认为它有装饰。
str_description_augustus_armor|说明：^^这件胸甲装饰华丽，曾属于第一位元首奥古斯都。^^背景：^^胸甲依据“普里马波尔塔的奥古斯都”雕像制作。肌肉胸甲是军团长常见的甲式，其图像表现公元前20年帕提亚归还罗马鹰旗与军徽一事，这是奥古斯都最重要的外交成就之一。^雕像胸甲图像说明：^^最常见的解释认为，中央人物是臣服的帕提亚国王弗拉特斯四世，正向一名披甲罗马人归还克拉苏的军旗。罗马人可能是提比略，也可能象征复仇者玛尔斯，或理想的军团士兵。另一种理论认为，男性人物是罗马军团的理想化身。这是奥古斯都宣传中极受欢迎的主题，代表他最大的国际成就之一，尤其需要强调：面对帕提亚军力，奥古斯都未发动罗马人民期待的战争，而是选择了外交。武装人物下方可见一条狗，也可能是一匹狼；考古学家阿斯卡尼奥·莫德纳·阿尔蒂耶里认为，那是哺育罗慕路斯与雷穆斯的母狼。左右坐着哀伤的女性。一侧人物携带入鞘之剑，象征被迫向罗马纳贡的东方民族，也可能包括条顿人；另一侧人物持出鞘之剑，象征被征服的民族，即凯尔特人。从顶部顺时针看，依次为：^-天空之神凯卢斯展开天穹帷幕^-奥罗拉与卢娜^-被征服民族的化身^-狄安娜女神^-大地女神刻瑞斯或忒卢斯，和平祭坛上也有类似形象^-奥古斯都的守护神阿波罗^-纳贡民族的化身^-太阳神索尔^-双肩各一只斯芬克斯，象征奥古斯都击败克娄巴特拉
str_description_hannibals_armor|说明：^^这件盔甲曾由罗马之敌汉尼拔·巴卡穿戴。^^背景：^^汉尼拔·巴卡是罗马著名的敌人。他翻越阿尔卑斯山，以少胜多，多次击败罗马。但他未能战胜顽强的罗马人，最终被阿非利加征服者西庇阿击败。
str_description_hannibals_helm|说明：^^这顶头盔曾由罗马之敌汉尼拔·巴卡佩戴。^^背景：^^汉尼拔·巴卡是罗马著名的敌人。他翻越阿尔卑斯山，以少胜多，多次击败罗马。但他未能战胜顽强的罗马人，最终被阿非利加征服者西庇阿击败。
str_description_aslans_fur|说明：^^这是传奇狮子阿斯兰的毛皮。它居住在奥林匹斯山附近的洞穴中，玩家杀死它即可获得。^^背景：^^希腊文化中的狮皮常与英雄和战士相联系。例如，赫拉克勒斯经常被描绘为身披涅墨亚狮子的皮；杀死这头神话狮子是他的十二项功业之一。这张狮皮成为他力量与英雄气概的标志。
str_description_ancient_helm_light|说明：^^这顶头盔已有数千年历史，由武尔坎努斯制作。^^背景：^^模型依据可追溯至青铜时代的考古发现制作。
str_description_ancient_helm_heavy|说明：^^这顶头盔已有数千年历史，由武尔坎努斯锻造。^^背景：^^模型依据可追溯至青铜时代的考古发现制作。
str_description_ancient_boots_heavy|说明：^^这些胫甲已有数千年历史，由武尔坎努斯锻造。^^背景：^^模型依据可追溯至青铜时代的考古发现制作。
str_description_ancient_plate_armor|说明：^^这件青铜甲已有数千年历史，由武尔坎努斯锻造。^^背景：^^模型依据可追溯至青铜时代的考古发现制作。
str_description_ancient_plate_armor2|说明：^^这件青铜甲已有数千年历史，由武尔坎努斯锻造。^^背景：^^模型依据可追溯至青铜时代的考古发现制作。
str_description_ancient_leather_armor|说明：^^这件皮甲已有数千年历史，由武尔坎努斯制作。^^背景：^^模型依据可追溯至青铜时代的考古发现制作。
str_description_ancient_spear|说明：^^这支青铜矛已有数千年历史，由武尔坎努斯锻造。^^背景：^^模型依据可追溯至青铜时代的考古发现制作。
str_description_ancient_axe|说明：^^这把青铜斧已有数千年历史，由武尔坎努斯锻造。^^背景：^^模型依据可追溯至青铜时代的考古发现制作。
str_description_ancient_sword|说明：^^这把青铜剑已有数千年历史，由武尔坎努斯锻造。^^背景：^^模型依据可追溯至青铜时代的考古发现制作。
str_description_ancient_shield|说明：^^这面青铜盾已有数千年历史，由武尔坎努斯锻造。^^背景：^^模型依据可追溯至青铜时代的考古发现制作。
str_description_anti_fooling_paint|说明：^^这种防污涂料能保护船只，防止船体污损及藤壶附着。它由法尔比乌斯制造，只有他知道配方。^^背景：^^藤壶是一种小型甲壳动物，会附着在水下表面，包括船体。这一过程被称为生物污损。
str_description_didos_underwear|说明：^^薄如轻声细语的丝绸，据说曾属于传说中的迦太基女王，散发着历久不衰的魅力。^^背景：^^有人癖好购买女性穿过的内衣，只为闻其气味。通过剧情转折，玩家发现自己的角色也藏着同样的怪癖，为人物增添了一层复杂性。
str_description_aegis|说明：^^这是赫淮斯托斯锻造的宙斯之盾，上面有戈耳工的头颅。^^背景：^^希腊神话中的埃癸斯与众神之王宙斯紧密相关，通常被描述为具有神力的防护披风或盾牌。有时其上带着戈耳工的头颅；这种蛇发怪物的目光能将人化为石头。埃癸斯象征神圣的保护与威慑，常由宙斯或其女儿雅典娜使用。一些神话中，其他男女神灵也会使用它。
str_description_caesars_sword|说明：^^这是盖乌斯·尤利乌斯·凯撒的罗马短剑，名为“克罗刻亚·莫尔斯”，拉丁语意为“黄色之死”。凡被此剑击中者，要么首级被斩落，要么重伤到永无康复希望。^^背景：^^传说凯撒入侵不列颠时，曾与当地领主嫩尼乌斯交战。凯撒击中嫩尼乌斯的头部，但剑卡在对方盾上。混战将两人分开后，嫩尼乌斯扔掉自己的剑，用凯撒的剑攻击罗马人，杀死许多人，包括军团保民官昆图斯·拉贝里乌斯·杜鲁斯。战后十五天，嫩尼乌斯因头伤而死，葬于伦敦，即“特里诺万特人之城”的北门附近。凯撒的剑克罗刻亚·莫尔斯随他一同下葬。
str_description_caesars_sword_melee|说明：^^这是盖乌斯·尤利乌斯·凯撒的罗马短剑，名为“克罗刻亚·莫尔斯”，拉丁语意为“黄色之死”。凡被此剑击中者，要么首级被斩落，要么重伤到永无康复希望。^^背景：^^传说凯撒入侵不列颠时，曾与当地领主嫩尼乌斯交战。凯撒击中嫩尼乌斯的头部，但剑卡在对方盾上。混战将两人分开后，嫩尼乌斯扔掉自己的剑，用凯撒的剑攻击罗马人，杀死许多人，包括军团保民官昆图斯·拉贝里乌斯·杜鲁斯。战后十五天，嫩尼乌斯因头伤而死，葬于伦敦，即“特里诺万特人之城”的北门附近。凯撒的剑克罗刻亚·莫尔斯随他一同下葬。
str_description_maske|说明：^^这是一副面具和一件披风。巴克斯穿戴它们来隐藏面容。^^背景：^^没什么好说的了。
str_description_roman_rich_vitellius|说明：^^这件躯干物品是维特里乌斯的大肚腩。你无法获得。^^背景：^^奥卢斯·维特里乌斯以肥胖和放纵的生活方式闻名。历史记载称他体重过重，极度喜爱奢侈、暴食与铺张宴会。他的外貌，尤其肥胖，经常在史料中被着重提及。
str_description_roman_noble_dress_7_fat|说明：^^这件躯干物品用于肥胖女性。你无法获得。^^背景：^^奥卢斯·维特里乌斯是古代肥胖最典型的例子。不过，当时也有肥胖女性，因此制作了这件物品。
str_description_animal_boar|说明：^^这是玩家可以猎杀的野猪，无法放入物品栏。^^背景：^^野猪是危险的动物。
str_description_animal_dear|说明：^^这是玩家可以猎杀的鹿，无法放入物品栏。^^背景：^^鹿容易受惊，可能逃跑。
str_description_animal_wolf|说明：^^这是玩家可以猎杀的狼，无法放入物品栏。^^背景：^^狼是危险的动物。
str_description_wild_elephant|说明：^^这是玩家可以猎杀的大象，无法放入物品栏。^^背景：^^大象是危险的动物。
str_description_wild_lion|说明：^^这是玩家可以猎杀的狮子，无法放入物品栏。^^背景：^^狮子是危险的动物。
str_description_wild_lion_2|说明：^^这是玩家可以猎杀的豹，无法放入物品栏。^^背景：^^豹是危险的动物。
str_description_xylospongium|说明：^^这东西用来清洁厕所，也就是把它伸进满是粪便的洞里。有些人颇有创意，改塞进屁股。还有些人更有创意，改塞进嘴里。你会选哪个洞？^^背景：^^海绵棒，又称xylospongium或tersorium，是古罗马厕所中发现的一种器具，由木棒和固定在一端的海绵组成。原始文献记载含糊，学者对它的确切用途意见不一。传统观点认为，它是便后共用的擦拭肛门器具，海绵用醋或水清洗。另一些较新的研究认为，它很可能是厕所刷。奥斯提亚七贤浴场的一幅二世纪壁画上有“(u)taris xylosphongio”的铭文，是已知最早提及这个词的实例。公元一世纪中叶，罗马哲学家小塞涅卡记载，一名日耳曼角斗士用海绵棒自杀。据塞涅卡说，他躲进竞技场厕所，把木棒推入食道，窒息而死。
str_description_female_slave1|说明：^^这是一套略带透明感的丝绸舞衣。^^背景：^^性感不性感？
str_description_female_slave2|说明：^^这是一套略带透明感的丝绸舞衣。^^背景：^^性感不性感？
str_description_female_slave3|说明：^^这是一套略带透明感的丝绸舞衣。^^背景：^^性感不性感？
str_description_female_slave4|说明：^^这是一套略带透明感的丝绸舞衣。^^背景：^^性感不性感？
str_description_roman_female_augusta|说明：^^这件长裙以黄金华丽装饰，堪配神圣凯撒的配偶。^^背景：^^是虚构的。那又怎样？
str_description_roman_female_augusta_2|说明：^^这件长裙以黄金装饰，用略带透明感的丝绸制成。^^背景：^^是虚构的。那又怎样？
str_description_saka_dress|说明：^^这是扎里娜娅女王的王室礼服，以黄金和宝石装饰。^^背景：^^大致参考塞种服饰，不过虚构成分多于史实。
str_description_saka_crown|说明：^^这是扎里娜娅女王的王冠。^^背景：^^大致参考塞种服饰，不过虚构成分多于史实。
str_description_seiden_dress|说明：^^这件睡衣由透明丝绸制成。^^背景：^^是虚构的。那又怎样？
str_description_roman_rich_emperor|说明：^^这是一件装饰华丽的托加袍。^^背景：^^Toga picta是拉丁语，意为“彩绘托加袍”。通常整件染成紫色，以金线绣上图案，穿在同样装饰的棕榈纹短袍外，供将领在凯旋式上穿着。帝国时期，执政官与皇帝也会穿戴。后来，它日益繁复，并融合了执政官条纹礼袍的元素。
str_description_roman_rich_emperor_2|说明：^^这是一件装饰华丽的托加袍。^^背景：^^Toga picta是拉丁语，意为“彩绘托加袍”。通常整件染成紫色，以金线绣上图案，穿在同样装饰的棕榈纹短袍外，供将领在凯旋式上穿着。帝国时期，执政官与皇帝也会穿戴。后来，它日益繁复，并融合了执政官条纹礼袍的元素。
str_description_chinese_helmet|说明：^^这是一顶来自异域文化的重型札甲盔。^^背景：^^这是一顶中国头盔，由公元二世纪汉朝军队使用。
str_description_chinese_cap_1|说明：^^这是一顶来自异域文化的帽子。^^背景：^^这是一顶中国军帽，由公元二世纪汉朝军队使用。
str_description_chinese_cap_2|说明：^^这是一顶来自异域文化的帽子。^^背景：^^这是一顶中国军帽，由公元二世纪汉朝军队使用。
str_description_chinese_sword|说明：^^这是一把来自异域文化的短剑。^^背景：^^这是一把中国短剑，由公元二世纪汉朝军队使用。
str_description_chinese_sword_rich|说明：^^这是一把来自异域文化、装饰华丽的短剑。^^背景：^^这是一把中国短剑，由公元二世纪汉朝军队使用。
str_description_chinese_hallbard|说明：^^这是一种来自异域文化、形状奇特的长柄武器。^^背景：^^这是一把中国戟，由公元二世纪汉朝军队使用。
str_description_chinese_shield_1|说明：^^这是一面来自异域文化、形状奇特的小盾。^^背景：^^这是一面中国盾牌，由公元二世纪汉朝军队使用。
str_description_chinese_shield_2|说明：^^这是一面来自异域文化、形状奇特的小盾。^^背景：^^这是一面中国盾牌，由公元二世纪汉朝军队使用。
str_description_chinese_light_1|说明：^^这是一件来自异域文化的札甲。^^背景：^^这是公元二世纪汉朝军队使用的典型盔甲。
str_description_chinese_light_2|说明：^^这是一件来自异域文化的札甲。^^背景：^^这是公元二世纪汉朝军队使用的典型盔甲。
str_description_chinese_heavy_1|说明：^^这是一件来自异域文化的重型札甲。^^背景：^^这是公元二世纪汉朝军队使用的典型重甲。
str_book_poop|说明：^^一本讲述“排便艺术”的书。它回答了诸如这些问题：倒立着排便是个好主意吗？粪便尝起来如何？闻起来如何？^^背景：^^本书由著名的普皮亚努斯撰写，他才是真正精通一切粪便之事的大师。
str_event_pharaoh_emperor_description|埃及法老^^按照埃及习俗，必须有一位神圣法老，作为人民与神界之间的中介。自一个多世纪前埃及成为行省以来，这一角色按惯例由罗马元首、凯撒奥古斯都担任。^^罗马人民虽不太在乎这些埃及习俗，却很在乎肥沃尼罗河谷为城市提供的重要粮食。粮食供应一旦中断，任何统治者的民望都会迅速受损。^^举行盛大仪式，让整个古老王国将你奉为神明，也有助于新凯撒树立威信。一旦控制底比斯，就该正式获承认为法老了。
str_event_pharaoh_king_description|埃及法老^^按照埃及习俗，必须有一位神圣法老，作为人民与神界之间的中介。埃及曾多次被征服，征服者也自称法老。^^你的人民虽不太在乎这些埃及习俗，却很在乎肥沃尼罗河谷提供的重要粮食。^^举行盛大仪式，让整个古老王国将你奉为神明，也有助于新国王树立威信。一旦控制底比斯，就该正式获承认为法老了。
str_emissary_intro_parthia|我是万王之王的使节。请收下这些昂贵的天鹅绒，作为礼物，表达我们的善意。
str_emissary_intro_kush|我是库施王国的使节，我国位于青尼罗河、白尼罗河与阿特巴拉河的交汇地区。我带来黄金作为礼物，表达我们的友好之意。
str_emissary_intro_garamantes|我是加拉曼特王国的使节。我带来象牙作为礼物，表达我们的友好之意。
str_emissary_intro_kushan|我是印度河附近贵霜帝国的使节，远道而来，代表我的国王。我带来香料作为礼物，表达我国人民的善意。
str_roman_advisor_hints_1|一个世纪以前，元老院与罗马人民统治着世界。但在盖乌斯·尤利乌斯·凯撒之后，如今由您这位神圣凯撒以绝对权力统治世界。不过，别忘了那些古老家族依然存在。
str_roman_advisor_hints_2|我们都在等待死亡。我的意思是，迟早我们都会死。所以别为死者悲伤，那没有用，很快你也会成为其中一员。死亡是生命中唯一不变的事物。即使是神圣的{playername}您，也终将在诸神认为合适的时候死去。
str_roman_advisor_hints_3|Mens sana in corpore sano。健全的精神寓于健全的身体。健康生活、同时锻炼身体与心智十分重要。身体虚弱的凯撒，与心智软弱的凯撒同样无用。守护罗马，您必须两者兼备。
str_roman_advisor_hints_4|Quod licet iovi, non licet bovi。朱庇特可以做的，公牛未必可以。并非人人权利相同，有人生来统治，有人生来乞讨。唯有诸神能改变这一切！看见乞丐或穷人时，记住这一点。他们别无选择，只有神下令赐予财富，才能使他们摆脱污泥。
str_roman_advisor_hints_5|务必密切留意基督教。这些基督徒就像瘟疫，基督教在帝国传播得比死亡还快！人们喜欢传教士的话，对他们言听计从。从没人见过这样的事情。您应该采取措施阻止它。
str_roman_advisor_hints_end|罗马顾问提示结束
str_eastern_merchant_intro_1|啊，来，走近些，朋友。我有许多好货给你。
str_eastern_merchant_intro_2|你好，朋友。长途跋涉，一定饿了吧。拿些面包，再喝点水。^^（他给你发臭的水和陈面包。）^^朋友，我的货是全城最好的，绝不会让你失望。
str_eastern_merchant_intro_3|向你致敬，朋友。你看起来口渴了，来，喝点水。^^——他递给你一杯发臭的水。——^^现在让我展示货物吧，我相信你带着许多亮闪闪的钱币。
str_eastern_merchant_intro_4|朋友，想买些什么吗？保证不会让你失望。我的价格最好，你看了就知道。
str_eastern_merchant_intro_5|向你致敬。我有许多东方货物，价格全城最优。别处绝找不到更便宜的。
str_eastern_merchant_intro_end|东方商人开场白结束
str_eastern_merchant_trade_1|朋友，我有许多漂亮的货物给你。
str_eastern_merchant_trade_2|太好了！今天我刚收到来自遥远国度的货物。
str_eastern_merchant_trade_3|你不会失望的。我的货以品质优良闻名。
str_eastern_merchant_trade_4|很好。我的货是全城最新鲜的。
str_eastern_merchant_trade_5|啊，很好。我有各式各样你会喜欢的东西。
str_eastern_merchant_trade_end|东方商人交易对白结束
str_roman_merchant_trade_1|朋友，我有许多好东西给你。
str_roman_merchant_trade_2|太好了！今天我刚收到来自遥远国度的货物。
str_roman_merchant_trade_3|你不会失望的。我的货品质优良，全罗马闻名。
str_roman_merchant_trade_4|很好。我的货是罗马最新鲜的。
str_roman_merchant_trade_5|啊，很好。我有各式各样的东西出售。
str_roman_merchant_trade_end|罗马商人交易对白结束
str_rumor_string_1|——她微微一笑。——^^你想听听传闻和人们在议论什么？嗯，听说上周天气很奇怪，雨水比这个时节通常多得多。我还听说，著名的李维乌斯·奥库卢斯写的那首曲子简直糟透了。
str_rumor_string_2|嗯，我最近读了马库斯·加维乌斯·阿皮基乌斯的食谱《烹饪论》。他生活在凯撒奥古斯都提比略统治时期。据说他在吃喝上花了2500万第纳尔！难以置信！连我都没在吃上花这么多，你要知道，我可是非常喜欢美味佳肴的！
str_rumor_string_3|你该读读佩特罗尼乌斯·阿尔比特的《萨蒂利孔》。一位朋友推荐给我，很有趣，整本书都让我发笑。除此之外，就没什么有趣的事可谈了。
str_rumor_string_4|你听说卡图卢斯的故事了吗？他是个诗人，爱上了梅特卢斯·凯勒的妻子克洛狄娅。凯勒几年前当过执政官。卡图卢斯写了那么多情诗，全罗马都在议论。可怜的克洛狄娅，有个如此热烈的追求者，真会让人厌烦。
str_rumor_string_5|最近我去看戏了，是索福克勒斯的一部老戏，但名字忘了……啊，我还听说罗马郊区起了火。希望没人受伤。
str_rumor_string_6|最近没听到什么有趣的事。贵妇的生活真够无聊的。我不能像你们男人一样，随意出门做自己想做的事。
str_rumor_string_7|——她神秘地低声说。——^^你听说元老院的秘密会议了吗？传闻他们打算修改某条法律，可是……我忘了是哪条。
str_rumor_string_8|我参加了卢基乌斯·奥勒留元老举办的宴会。饭菜精美，余兴精彩。我无意中听仆人说，贵宾竟是著名演说家塞克斯图斯·查杜斯。看来，这场聚会不只是为了享用佳肴。
str_spy_on_spouse_failure|抱歉，执行任务时，{s31}看见我了。我确信她发现了我在监视她，也确信她现在会怀疑你是幕后主使。而且不得不说，我什么也没查到。
str_spy_on_spouse_no_lover|我查明她没有情人。我很确定！我监视了她的一举一动，甚至贿赂了她的女仆。她没有情人。
str_spy_on_spouse_no_result|不得不说，我什么也没查到。我试着监视她，却差点被抓住，于是停止了行动。我不知道她有没有情人。
str_spy_on_spouse_lover|我查明她有情人。我很确定！我监视了她的一举一动，甚至贿赂了她的女仆。他叫{s32}。提醒你，这已构成与你配偶离婚的正当理由。
str_spy_on_spouse_maybe|我只查到她可能有情人。我不确定，但很有可能。我贿赂了她的女仆，对方说{s31}每到周末总会离开一个小时。
str_spouse_break_love_affair_very_low|如果非这样不可……
str_spouse_break_love_affair_low|当然，我会的，而且我发誓再也不背叛你。
str_spouse_break_love_affair_medium|——泪水滑过她的脸颊。——^^当然，我会的。我真的很抱歉……
str_spouse_break_love_affair_high|——她哭泣着。——^^我那么爱你，对自己的所作所为感到抱歉。我再也不会背叛你了。
str_spouse_break_love_affair_very_high|——她泪如泉涌。——^^我真的爱你。我会照你说的做……
str_spouse_lover_ambitious|我想提升我们在国内的地位。有情人至关重要，我可以操纵他们，实现我们的目标。我是为了我们才这么做的。
str_spouse_lover_moralist|——她哭泣着。——^^我深感歉疚。我犯下了最严重的罪行：通奸。愿诸神在我死后不要把我打入塔耳塔罗斯。
str_spouse_lover_conventional|——她哭泣着。——^^请原谅我，求你了。我真的很抱歉。我不知道，我爱上了他。你总不在，而他待我那么温柔……
str_spouse_lover_adventurous|因为你总在外面，冷落我，从不在这里陪我说话。我需要有人填补这份空虚。
str_spouse_lover_otherworldly|——她哭泣着。——^^我以为我们的感情深厚而珍贵。可后来你冷落我，总是不在……
str_spouse_lover_default|——她哭泣着。——^^请原谅我，求你了。我真的很抱歉。我不知道，我爱上了他。你总不在，而他待我那么温柔……
str_spouse_lover_hedonistic|哦，亲爱的，你去打那些乏味的仗，我无聊得要命。就当我玩了场骨骰游戏消磨时间吧。那只是愉快的消遣，如今真正的游戏——你——已经回来了。那些丢弃的棋子，你何必在意。
str_spouse_divorce_low_rel|如果你就是这么想的！我也觉得离婚更好……
str_spouse_divorce_ambitious|是，我知道。但这会破坏你与我家族的联盟。我想你不会愿意吧。
str_spouse_divorce_moralist|我明白，通奸是离婚的正当理由。但求你了，我不想离婚！我还爱你！
str_spouse_divorce_conventional|——泪水滑过她的脸颊。——^^求你，别离婚。我承受不了。我真的爱你，你是我唯一的真爱。
str_spouse_divorce_adventurous|如果你就是这么想的！但记住，别再爬回来求我。想清楚，破碎了就无法修复。
str_spouse_divorce_otherworldly|——她哭泣着。——^^我以为我们的感情很深。我那么爱你，也为自己的所作所为感到抱歉。但求你，我不想与你离婚。
str_spouse_divorce_default|——泪水滑过她的脸颊。——^^求你，别离婚。我承受不了。我真的爱你……
str_spouse_divorce_hedonistic|离婚？多么精彩的戏码！你确定想这样吗？想想你会错过多少乐趣。没人能像我这样让你开心。你真准备好与乏味、守本分的配偶过一辈子了吗？这是你最后的反悔机会。
str_lady_time_spend_married|其余时间我用来管理家务，虽然无聊，却很重要。
str_lady_time_spend_single|其余时间也没做什么特别的事。贵妇的生活可能十分无聊。
str_lady_time_spend_ambitious|说说我？通常男人不会问女人整天做什么。不过你想知道，我可以告诉你。和所有贤良女子一样，我闲暇时画画、缝纫，也读很多书，主要是哲学论著。{s42}
str_lady_time_spend_moralist|嗯，我不知道淑女与男人谈这些是否合适，但也想不出有什么不妥。所以，我大部分时间都在缝纫或画画，偶尔读书，当然，只读适合女人的书。{s42}
str_lady_time_spend_conventional|哦，我从没遇到过想知道这些的男人。嗯，我大部分时间都在缝纫或画画，偶尔读书，当然，只读适合女人的书。{s42}
str_lady_time_spend_adventurous|说说我？通常男人不会问女人整天做什么。不过你想知道，我可以告诉你。我花很多时间想象，像你们男人一样骑马出游、经历冒险，会是什么感觉。{s42}
str_lady_time_spend_otherworldly|哦，你这么问真好。我闲暇时读诗、写诗，觉得十分愉快。我也常做针线，偶尔画画。{s42}
str_lady_time_spend_default|哦，我从没遇到过想知道这些的男人。嗯，我大部分时间都在缝纫或画画，偶尔读书，当然，只读适合女人的书。{s42}
str_lady_time_spend_hedonistic|我怎么打发时间？主要是努力不让自己无聊死。喝点酒，在浴场聊聊闲话，也许与英俊的里拉琴老师调调情，保持感官敏锐。下一场像样的宴会到来之前，总得做点什么熬过沉闷的时光。{s42}
str_intro_01|罗马由孪生兄弟罗慕路斯与雷穆斯建立。他们由母狼养大，最终返回出生地，夺回理应属于自己的统治地位。在七位国王统治下，罗马成长为强大的城邦。但诸王变得过于傲慢、放荡和贪婪，罗马人民遂将他们驱逐，建立共和国。元老院与罗马人民征服、降服了邻近部落和城邦。罗马人铭记自己的神圣起源，相信应以权威统治世界。
str_intro_02|不断的战争逐渐为世界带来秩序。意大利南部的城邦与部落被征服。其他强权注意到这些征服，试图击败罗马，却无法阻挡鹰旗前进。
str_intro_03|以独立为傲的希腊城邦被征服，亚历山大大帝的继业者被击败。罗马鹰旗远征至埃及。
str_intro_04|随着高卢被征服、小亚细亚各行省被降服，扩张达到顶峰。如此巨大的权力必然带来腐化。内战动摇了共和国。起初似乎还有挽救希望，但其根基已然腐烂。共和国的毁灭无可避免。
str_intro_05|奥古斯都结束动荡，恢复秩序与原则，这些正是罗马权威的根基。在他及继任者统治下，征服仍在继续。从不列颠到埃及，从西班牙到亚细亚，罗马鹰旗不断前进。
str_intro_06|岁月流逝，巨大的动荡即将到来。有人低语着厄运与毁灭，另一些人却骂他们愚蠢。罗马和平带来文明之光。有人说罗马已无敌人，但事实并非如此，因为罗马已经成了自己的敌人。
str_bedriacum_description|苍穹乌云汇聚，投下阴影；雨幕遮蔽平原，狂风如猛烈的交响，呼啸哀鸣。你立于风暴之中，承受雨水严酷的抚触。青草与沉静的树木随阵风摇摆，宛如涅普顿领域中起伏的海浪。雷声——朱庇特的声音——在头顶轰鸣，令你战栗，将神威的宣告织入自然。^混乱之中，索尔的一缕金光穿透云幕，轻吻你的面容。那短暂的一刻，明亮温暖包围着你，如天界的拥抱，给予力量与慰藉。可惜片刻安宁转瞬即逝，天空的裂隙迅速合拢，收回仁慈的触碰。孤独的寒意与黑暗再度降临，对未知明日的焦虑也随之啃噬心灵。^然而，就在绝望将要吞没你时，敌军迅速逼近的消息传来，预示凡人的意志即将碰撞。
str_bedriacum_victory|平原上尸横遍野，是刚刚结束的战斗无声的回响。你在血腥之中一动不动，脸上鲜血淌落，见证厮杀的纷乱。天际轻灵的车驾让位于劲风，埃俄罗斯命云朵退散。索尔驾着光辉战车，将金光倾洒大地，使其沐浴神圣光芒。然而，即便阿波罗的光线抚触你疲惫的身体，伤口刺痛仍诉说着凡人搏杀的苦楚。^这幅混乱景象中，群鸟合唱，与倒下者痛苦的呼喊交织。他们的哀号融入自然之歌，成为献给已投入哈得斯怀抱的英雄们的挽歌。
str_goy_burn_alive|人群聚集在竞技场前，观看{s10}被处决。他将被活活烤死，尸肉喂给野狗。^^角斗士将{s10}押入竞技场，随后把他绑在铁杆上，架到火堆上方。烘烤期间，角斗士相互搏斗。最终，获胜者离场，野狗被放入竞技场。炙烤的火焰渐渐熄灭，野狗扑向{s10}。
str_goy_crucified|人群聚集在竞技场前，观看{s10}受十字架刑。他将被钉在十字架上。^^{s10}背着十字架，由角斗士押入竞技场。随后，角斗士将他钉上去。{s10}尖叫时，角斗士开始搏斗。场面十分壮观，平民看得兴高采烈。
str_goy_suicide|禁卫军护送{s10}返回罗马的别墅。他获准享用最后一餐，随后{s10}割开静脉，生命缓缓流逝。死后，遗体交还家人。
str_drunken_event_1|我来时他就已经醉了，接着吐在桌子正中。这人真丢脸。
str_drunken_event_2|他吃饭时喝了很多酒。我很久没见过这么贪杯的人了。
str_drunken_event_3|他已经喝了一升酒。我敢肯定，很快就会吐得满厅都是。
str_drunken_event_4|他对待奴隶的样子真叫人难以置信。我敢肯定，他想上那些胖的。
str_drunken_event_5|他先在角落吐一场，只为腾出肚子再吃。真恶心！
str_drunken_event_6|我从没见过这么大的白痴。和他聊天时，他连赫拉克勒斯是谁都不知道。
str_drunken_event_end|结束
str_african_rumor_00|据说国王的妻子从不剪头发，想必有好几尺长。
str_african_rumor_01|昨天一个农民给我讲了个有趣的小故事，可我忘了。
str_african_rumor_02|今年的狮子一定发怒了。它们上周杀了我的女儿。
str_african_rumor_03|祭司警告我们将有灾祸。他们说，我们必须向诸神献上更多祭品。
str_african_rumor_04|猎狮很危险。昨天，一支由12名壮汉组成的猎队，竟被一头狮子杀光了！
str_african_rumor_05|昨天，我酒馆旁的店铺遭了窃！希望小偷别也来我这里。
str_african_rumor_06|昨天我接待了个奇怪的客人。他是远方来的商人，说着我从没听过的语言。今天他被蛇咬死了。
str_african_rumor_07|我唯一知道的消息，就是我姐妹的女儿的儿子摔断了腿。
str_african_rumor_08|听说附近村庄有狮子袭击农民。穿越沙漠时可要小心，狮子饿着呢！
str_african_rumor_09|昨晚有些希腊商人在这里留宿。他们买我们的货，出价很公道。
str_african_rumor_10|我听说有个旅人被一群强盗袭击。他独自赤手空拳打败了20人。真是勇士。
str_african_rumor_end|最近没听到什么有趣的事。
str_african_taverkeeper_welcome_0|欢迎，朋友。
str_african_taverkeeper_welcome_1|欢迎你。来，^——他递给你一杯满满的酒。——^第一杯免费。
str_african_taverkeeper_welcome_2|朋友，你看起来又渴又饿。我有最好的酒和饭菜。
str_african_taverkeeper_welcome_3|欢迎来到我的简陋帐篷。有何吩咐？
str_african_taverkeeper_welcome_end|你一定想喝点什么，对吧？
str_wpt_one_handed_weapon|单手武器
str_wpt_two_handed_weapon|双手武器
str_wpt_crossbow|弩炮
str_minor_faction_merchant_intro_0|来，朋友。我有许多好货出售。
str_minor_faction_merchant_intro_1|朋友，来，吃点面包，喝点水。^^——他递给你发臭的水和陈面包。——^^我有许多来自世界各地的货物。
str_minor_faction_merchant_intro_2|朋友，你看起来口渴了。来，喝点水。^^——他递给你发臭的水。——^^现在让我展示货物吧。
str_minor_faction_merchant_intro_3|朋友，想买些什么吗？
str_minor_faction_merchant_intro_4|我的货是这一带最好的。来看看吧。
str_minor_faction_merchant_intro_end|结束
str_minor_faction_merchant_talk_0|朋友，我有许多好东西给你。
str_minor_faction_merchant_talk_1|太好了！今天我刚收到来自遥远国度的货物。
str_minor_faction_merchant_talk_2|你不会失望的。
str_minor_faction_merchant_talk_3|很好！我的货最新鲜。
str_minor_faction_merchant_talk_4|啊，很好。我有各式各样的东西出售。
str_minor_faction_merchant_talk_end|结束
str_event_01_normal_1|戏仿^^听说一位著名诗人为你的人生写了一首短诗，戏仿你不光彩的生活。
str_event_01_normal_2|讽刺^^一位知名诗人写了一首讽刺短诗，嘲弄你人生中不光彩的行为。
str_event_01_normal_3|讥刺^^你发现一位著名诗人为你的人生写了一首短诗，讥刺你可耻的行径。
str_event_01_normal_4|嘲弄^^一位著名诗人为你的人生创作了短诗，嘲笑你羞耻的过去。
str_event_01_normal_5|奚落^^有人告诉你，一位知名诗人为你的人生写了短诗，奚落你不光彩的行为。
str_event_01_normal_end|结束
str_event_01_normal_1_1|赞歌^^听说一位著名诗人为你的高尚事迹写了一首歌。
str_event_01_normal_1_2|颂诗^^一位知名诗人写了颂诗，赞美你的高尚行为。
str_event_01_normal_1_3|献颂^^你发现一位著名诗人以歌曲向你致敬，赞颂你的光荣事迹。
str_event_01_normal_1_4|颂词^^一位著名诗人以你之名写下颂词，赞美你德行高洁的过去。
str_event_01_normal_1_5|礼赞^^有人告诉你，一位知名诗人写了一首歌，向你的高尚成就致敬。
str_event_01_normal_1_end|结束
str_event_05_normal_1|一名农民挡在路上，身后跟着哭泣的女儿。他指着你的一名士兵，控诉士兵强奸了女儿，要求予以惩罚。^士兵回应指控，声称自己为军队征用物资时遭农民袭击，这才对他的女儿下手。
str_event_05_normal_2|一名农民挡在路上。他指着你的一名士兵，控诉士兵偷了他的牛。^士兵回应指控，声称只是依法征用了牛。
str_event_05_normal_3|一名园丁挡在路上，说你的一名士兵偷了园中的果蔬。^士兵回应指控，声称只是依法征用了水果。
str_event_05_normal_end|结束
str_event_05_normal_1_1|一名奉命补充饮水的士兵受伤归来，却没带回任何水。他说一个农民袭击了他，阻止他完成任务。这名士兵素以撒谎和酗酒闻名。
str_event_05_normal_1_2|你的一名士兵指控当地农民侮辱他，并用木棒袭击他。这名士兵素来诚实可靠。
str_event_05_normal_1_3|你派去购买日常补给的一名军官，指控当地园丁侮辱他。当时园丁挡住了去路，军官让他让开，但园丁非但不让，反而投掷石块，并用木棒袭击军官。
str_event_05_normal_1_end|结束
str_break_treaty_declare_war|{s63}因{s64}对此事无所作为而感到失望，于是{s63}决定借机撕毁与{s62}的条约，宣战！
str_provokations_between_allies|{s63}要求{s62}的领袖{s64}惩罚肇事者，但{s64}无视了{s63}的请求，使双方日后关系更加紧张。
str_provokations_between_allies_help|{s63}要求{s62}的领袖{s64}惩罚肇事者。在{s64}命令下，事件得到调查，并以有利于{s61}的方式解决。
str_lord_intro_lybian_feast_1|欢迎，{playername}。多精彩的宴会！在我看来，罗马的这种聚会要正式得多……这里却有一种自由、松快的气氛，令人耳目一新。恕我直言，有些亚历山大里亚人活得未免太放纵，但也许这正是魅力所在……让我们为亚历山大里亚的魅力干杯！
str_lord_intro_lybian_feast_2|欢迎来到利比亚人的盛宴，{playername}！亚历山大里亚从不令人失望，我们尊贵的主人也一样。你见识过他的贸易网络有多大吗？难怪如此有影响力。不过，今晚最吸引我的还是酒——当然是希腊酒，只要最好的。
str_lord_intro_lybian_feast_3|哎，我把杯子放哪儿了？愿意陪我再喝一杯吗？
str_fortress_jilu_looted|堡垒遭到彻底洗劫，随后被夷为平地，但只找到少量贵重物品。残余守军被俘，关进地牢留在原地，汉军援兵必会找到他们。稍后，一名匈奴斥候报告，大队骑兵正在接近。你迅速下令撤退。
str_fortress_jilu_retreat|你立即下令撤往附近山丘，扎营疗伤休息。然而，一名匈奴斥候很快报告，大队汉军骑兵正在接近。
str_event_grain_emperor|身为元首，你必须决定：拨出应急资源，另寻供应，还是让民众自谋生路，承受可能爆发的动乱？
str_event_grain_ai_help|凯撒果断行动，下令采取应急措施，为城市筹措新的粮食。罗马人民如释重负，国库却承受了压力。
str_event_grain_ai_ignore|尽管粮船海难的消息十分严峻，凯撒仍选择不予干预。市场渐渐空荡，罗马民众的不满声日益增多。
str_event_male_penetrating|妓院昏暗朦胧，人影交叠，笑声隐约穿墙而来。短暂的亲近由此产生，提醒着人们，人生舞台上，一个人可以扮演多少种角色。
str_event_male_penetrated|妓院的帷幕合拢，今夜成了一堂学习顺从的课。力量被重新定义，信任也在片刻间交付。
str_event_male_blowjob|话语化为轻声呢喃，此刻的温暖带走世间重负，只剩转瞬即逝的感受与悄然屏住的呼吸。
str_event_female_classic|摇曳灯火的柔光照亮她丰美的曲线。共同的节奏在空气中轻舞，低诉着亘古的交流与彼此的慰藉。
str_event_female_butt|妓院的小壁龛中，这一刻的丰盈渐渐成形，既俏皮又放纵，赞颂着圆润的身姿与热情。
str_event_female_blowjob|温暖空气中香料与欲望的气息愈发浓郁，金色灯光下，话语让位于心照不宣的目光与默默的奉献。
str_event_caravan_sciri|黎明时，商队集结，满载货物与希望的车辆吱呀作响。旅途通向遥远北方的斯基里部落之地，波罗的人森林在那里低诉古老秘密。^^穿过茂密森林、顶着寒风长途跋涉后，商队抵达斯基里聚落。木造厅堂立于树间，空气中飘着松木与远处炊火的气息。
str_event_caravan_sagala|商队出发，尘土飞扬，香料与异域货物的气息交融。前方是印度城镇奢羯罗，金色神庙和繁忙市场预示着无数珍宝与故事。^^商队越过山丘，奢羯罗的壮丽尽收眼底。城镇生机勃勃，市场充满香料、丝绸和印度鲜艳的色彩。神庙高耸，金色尖顶在阳光下闪耀。
str_event_caravan_djenne|非洲烈日下，商队向南进发，穿越无尽沙海与青翠绿洲。目的地是杰内杰诺，一座拥有茅屋与古老智慧的城镇，依偎在滋养生命的河流怀抱中。^^杰内杰诺终于映入眼帘，商队停下脚步。泥砖建筑沐浴午后光芒，附近河流如银带闪耀。商人与当地居民往来交织，谈笑声汇成和谐的嗡鸣。
str_event_caravan_karsahr|商队蜿蜒穿过崎岖地形，在山峦与平原间行进。前方是费尔干纳谷地远端的喀喇沙尔，商人与旅人在这世界的十字路口相遇。^^商队终于抵达喀喇沙尔，这座费尔干纳谷地西缘的繁忙枢纽。异域货物的香气弥漫空气，商人的讨价还价声回荡街头。文化与故事在此汇聚。
str_priest_sacrifice_begin|祭司献祭开始
str_priest_sacrifice_baduhenna|巴杜亨娜，战斗与防御女神，请接受此祭，致敬您的威能。护佑我们免受伤害，指引我们的刀剑，赐予战胜敌人的胜利。愿您的庇护永不动摇，怒火摧毁一切与我们为敌者。
str_priest_sacrifice_mars|玛尔斯，战争与力量之神，我们向您献上此祭。赐予我们战场上的勇气、坚定的纪律，以及战胜敌人的凯旋。愿您炽烈的精神驻于我们心中，让我们以您的名义光荣作战。
str_priest_sacrifice_dunraz|敦拉兹，风暴与天空的强大神灵，请聆听呼唤。接受此祭，以您的力量赐福我们。愿您的风指引我们，雷声激励我们，雨水滋养我们的土地。
str_priest_sacrifice_frijo|弗里约，爱情与丰产女神，我们以此供物向您致敬。愿您的祝福使家庭和睦、田野丰饶、心中喜悦。请以恩泽照耀我们。
str_priest_sacrifice_vest|维斯塔，炉火的神圣守护者，请接受此祭。让永恒火焰为家庭与人民带来温暖和团结。愿您的庇护与纯洁始终指引我们。
str_priest_sacrifice_saturn|萨图恩，时间与丰收的古老主宰，我们向您献上此物。以智慧赐福我们，使劳动结出丰硕成果。愿您的指引带来繁荣。
str_priest_sacrifice_aphrodite|阿佛洛狄忒，爱情与美丽女神，我们谦卑地献上此祭。赐予生活魅力，为彼此的纽带带来热情与和谐，以恩泽充实我们的世界。
str_priest_sacrifice_jupiter|朱庇特，众神之王、天界主宰，我们献祭致敬。以智慧赐福我们，以威能保护我们，以公正引领人民。
str_priest_sacrifice_castor_pollux|卡斯托尔与波吕克斯，庇护与胜利的神圣双子，请接受供物。守望我们，在战场上指引我们，以天界恩宠赐福我们的事业。
str_priest_sacrifice_christus|基督，慈悲与救赎之主，我们怀着敬意献上此祭。以光明指引我们，赐予宽恕，激励我们行走于您的正义之路。
str_priest_sacrifice_yhwe|雅威（YHWH），全能而永恒的主，我们向您献上此祭。以力量和智慧赐福您的子民，以诫命指引我们，让您的意志成为我们的盾牌。
str_priest_sacrifice_alcis|阿尔基斯，和谐与力量的双子神，请接受供物。在您的庇护下使我们团结，赐予我们行事所需的平衡与坚毅。
str_priest_sacrifice_mithras|密特拉，光明的使者、誓言的守护者，我们以此祭向您致敬。指引我们穿越黑暗，守护我们的承诺，赐予克服逆境的力量。
str_priest_sacrifice_andraste|安德拉斯忒，胜利与复仇女神，我们向您献上此物。赋予我们战斗的力量，粉碎敌人，让您勇猛的精神引领我们走向胜利。
str_priest_sacrifice_maponos|以冥界诸神仁善力量之名，我召唤阿尔韦里翁的马波诺斯。用冥界的法力追击他们！
str_priest_sacrifice_gebeleizis|格贝莱齐斯，风暴与雷电之主，我们献祭致敬您的力量。击倒敌人，净化土地，以威能保护我们。
str_priest_sacrifice_zalmoxis|扎尔莫克西斯，永生与智慧之神，我们谦卑献礼。赐予知识，护佑我们免受伤害，指引我们通往永恒。
str_priest_sacrifice_goitosuros|戈伊托叙罗斯，治愈者与生命守护者，请接受供物。赐予健康，保护家庭，给予我们承受人生考验的力量。
str_priest_sacrifice_artimpasa|阿尔廷帕萨，丰产与战争女神，我们为您的荣耀献祭。赐福田野与战士，使我们和平时繁荣，冲突时得胜。
str_priest_sacrifice_mihr|米赫尔，契约与正义之神，请接受供物。让光明照耀真相，维护交易中的公平，指引我们信守盟约。
str_priest_sacrifice_armazi|阿尔马齐，强大的守护者与统治者，我们向您献祭。赐予力量，护佑我们免受伤害，以威能赐福我们的事业。
str_priest_sacrifice_mazda|阿胡拉·马兹达，睿智的创造之主，请接受供物，见证我们的虔诚。以真理照亮道路，使混乱归于秩序，引领我们走向正义。
str_priest_sacrifice_allat|阿拉特，大地与丰产女神，我们以您的名义献祭。赐予土地丰饶，保护我们免受伤害，给予我们恩宠。
str_priest_sacrifice_ifri|伊弗里，沙漠与旅人的守护者，请接受此祭。保护旅程，使事业繁荣，守望我们的人民。
str_priest_sacrifice_ammon|阿蒙，隐秘力量与丰产之神，我们以供物致敬。赐福事业，给予智慧，让您的力量扶持我们。
str_priest_sacrifice_apedemak|阿佩德马克，南方的狮首战神，请接受供物。赐予力量，保护国土，让我们战胜敌人。
str_sacrifice_description_begin|献祭说明开始
str_sacrifice_description_baduhenna|巴杜亨娜，战斗与防御女神，要求配得上她的祭品。我将献上一只雄壮公羊的血，以红缎带装饰羊角，象征力量与保护。同时焚烧杜松枝，祈求她以盾牌阻挡敌人。
str_sacrifice_description_mars|我将向战争与勇武之神玛尔斯献祭一头公牛，以雄健体魄致敬他的力量。牛血将涂抹祭坛，摆在神前的武器则象征求取恩宠者的勇气与纪律。
str_sacrifice_description_dunraz|风暴之主敦拉兹要求与其狂暴力量相称的祭品。我将献上一只黑山羊，以其精神象征躁动的天空，同时焚烧松脂，将大麦投入火焰，祈求他的风眷顾我们。
str_sacrifice_description_frijo|爱情与丰产女神弗里约将获得鸽子作为祭品，其温柔精神体现和谐与爱意。我还将把甜蜜蜂蜜和新鲜牛奶浇在芳香花朵上，祈求她赐予生活恩泽。
str_sacrifice_description_vest|神圣炉火的守护者维斯塔要求纯洁的供物。我将把无瑕的谷物、新鲜水果和橄榄油投入她的火焰，以这些礼物致敬，并确保家中得到她温暖的庇护。
str_sacrifice_description_saturn|丰收与时间之主萨图恩将获得一只幼羊作为祭品，以其纯真象征生命循环。我还将献上麦捆与熟无花果，感谢他的丰厚赐予，寻求指引。
str_sacrifice_description_aphrodite|美丽与爱情女神阿佛洛狄忒会喜欢玫瑰花瓣、甜酒和芳香没药。我还将献祭一只白鸽，以其纯洁象征她在凡人心中唤起的忠贞与和谐。
str_sacrifice_description_jupiter|我将向众神之王、天界主宰朱庇特献祭一头雄伟白牛，以力量与纯洁致敬他的威能。月桂枝和熏香将被焚烧，烟雾升入天空，祈求恩宠。
str_sacrifice_description_castor_pollux|神圣双子卡斯托尔与波吕克斯要求成双的供物。我将献祭两只羔羊，象征他们的团结与天界力量，同时焚烧乳香，献上橄榄枝，祈求指引与保护。
str_sacrifice_description_christus|基督不要求血祭，而要求信仰与虔诚。我将点燃一支朴素的蜡烛，象征教诲之光，并献上面包与葡萄酒，敬奉他的恩典及为人类作出的牺牲。
str_sacrifice_description_yhwe|雅威（YHWH）不需要流血，只要纯粹的虔诚。我将焚烧最上等的乳香与没药，让烟雾升起，象征祈祷。同时献上无酵饼，将仪式奉献给他的永恒荣耀。
str_sacrifice_description_alcis|和谐的守护者阿尔基斯将获得两只白牡鹿，象征平衡与团结。我还将献上橡叶花环，把蜂蜜酒倾在祭坛上，祈求他们赐福我们的事业。
str_sacrifice_description_mithras|誓言的守护者密特拉要求献祭一头雄壮公牛。牛血将使仪式神圣，祭坛上还将摆放圣饼与清水，象征他神光中的纯洁与力量。
str_sacrifice_description_andraste|胜利女神安德拉斯忒将获得一匹战马作为祭品，以力量与精神致敬她的威能。我还将焚烧花楸木，撒出灰烬，祈求她在战场上指引我们。
str_sacrifice_description_maponos|年轻的活力之神马波诺斯将获得一只幼鹿作为祭品，以生机象征新生。我还将献上新鲜泉水和花朵，祈求力量与耐力。
str_sacrifice_description_gebeleizis|我将在露天向风暴之主格贝莱齐斯献祭一只黑山羊，在地上刻下闪电形符号，并焚烧雪松木，致敬其威能，祈求保护。
str_sacrifice_description_zalmoxis|永生之神扎尔莫克西斯要求庄严的供物。我将献祭一头象征纯洁的白牛，焚烧圣草，祈求他指引我通往觉悟与永恒智慧。
str_sacrifice_description_goitosuros|治愈者戈伊托叙罗斯要求温和的供物。我将献祭一只羔羊，以其纯真唤起他的慈悲，并献上药草和清水，祈求健康与康复的祝福。
str_sacrifice_description_artimpasa|丰产与战争女神阿尔廷帕萨将获得一匹红母马作为祭品，象征生命与力量。我还将献上大麦和石榴，祈求她在和平与冲突中都给予恩宠。
str_sacrifice_description_mihr|正义与光明之神米赫尔将获得一只白公羊。我将焚烧乳香，献上新烤面包，寻求他的指引，让我们的行为守护真理与公平。
str_sacrifice_description_armazi|伟大的守护者阿尔马齐要求配得上其力量的祭品。我将献上一头公牛，焚烧杜松枝，召唤他的威能，护佑我们免受伤害，赋予人民力量。
str_sacrifice_description_mazda|睿智之主阿胡拉·马兹达要求纯洁而恭敬的供物。我将奉上圣火，焚烧檀香，献上牛奶与蜂蜜，象征虔诚，并寻求他通往正义的指引。
str_sacrifice_description_allat|大地女神阿拉特将获得小麦、椰枣和牛奶。我还将献祭一只白羔羊，祈求她赐予土地丰饶、繁荣与和平。
str_sacrifice_description_ifri|旅人的守护者伊弗里将获得一只山羊作为祭品，以力量象征耐力。我还将焚烧沙漠鼠尾草，祈求她在前路上保护并指引我们。
str_sacrifice_description_ammon|丰产与隐秘力量之神阿蒙要求一只强壮公羊。我将焚烧雪松木，献上葡萄酒，为我们的事业祈求智慧与祝福。
str_sacrifice_description_apedemak|狮首战神阿佩德马克将获得一头狮子或强壮公牛作为祭品。我还将焚烧金合欢木，献上金饰，祈求战场上的庇护与力量。
str_bad_omen_1|日落时，营火不祥地噼啪作响，投下摇曳的长影。突然，一只渡鸦发出刺耳连鸣，从头顶飞过，消失在漆黑天空。士兵们紧张低语——据说渡鸦是死亡的先兆。窃窃私语在队伍中蔓延，沉重的不安笼罩营地。
str_bad_omen_2|夜里，一阵怪风扫过营地，冷得人人寒意彻骨。风中隐约夹着哀号，却无人能辨明来源。队伍中更迷信的人低声说起不安的亡灵，恐惧仿佛会传染。那一夜，人们难以入睡。
str_bad_omen_3|一位路过的行商带来令人不安的消息：夜空出现血红彗星，预示灾难将至。你虽斥之为胡言乱语，却发现许多部下恐惧地交换目光。这类传闻总能在人心中生根。
str_bad_omen_4|黎明时，你发现一群秃鹫栖在营地附近，凶恶的眼睛盯着你的一举一动，令人倍感压抑。士兵开始低声咒骂，在不祥鸟群的注视下，勇气动摇，士气低落。
str_bad_omen_end|凶兆结束
str_good_omen_1|日出时，一束光穿透云层，直照营地。温暖光辉近乎神圣，士兵们视之为上天赐福。笑声重回营地，精神振奋，新的一天在焕发的活力中开始。
str_good_omen_2|行军途中，一只白牡鹿出现在附近山丘，昂然立于天际。许多人将这罕见的吉景视为诸神眷顾的征兆。士兵欢呼着，满怀希望继续前进，坚信胜利就在前方。
str_good_omen_3|黄昏时，一阵奇异而舒缓的微风掠过营地，带来盛开野花的甜香。旅途的沉重压抑似乎消散，士兵们相视而笑，充满希望。有人低语说诸神正向队伍微笑，士气高涨。
str_good_omen_4|深夜，营地安歇，头顶星辰异常清晰。有些人将星光构成的形状解读为神圣符号。队伍醒来后精神焕发，兴奋谈论这番景象。他们相信，群星正指引他们走向荣耀。
str_good_omen_end|吉兆结束
str_bucket_over_100000|超过200000
str_party_stance_forced_march|强行军
str_party_stance_screening|掩护警戒
str_description_legio_begin|军团说明开始
str_description_legio_1|驻地：自公元43年起，驻扎上日耳曼尼亚的莫贡提亚库姆（美因茨）。^著名指挥官：盖乌斯·狄利乌斯·沃库拉（公元69年巴塔维起义期间）。^徽记：摩羯与赫拉克勒斯。
str_description_legio_2|驻地：努米底亚（北非）的阿迈达拉，公元75年迁至忒维斯特。^著名指挥官：卢基乌斯·克洛狄乌斯·马凯尔（公元68年反叛尼禄）。^徽记：飞马。
str_description_legio_3|驻地：公元70年以前，驻扎下日耳曼尼亚的卡斯特拉维特拉（克桑滕）。^著名指挥官：法比乌斯·法布卢斯（公元69年）。^徽记：大象（尤利乌斯·凯撒授予）。
str_description_legio_4|驻地：公元70年以前，驻扎上日耳曼尼亚的温多尼萨（温迪施）。^著名指挥官：奥卢斯·凯基纳·阿利埃努斯（公元69年率军进军罗马）。^徽记：摩羯。
str_description_legio_5|驻地：不列颠，公元60年代以维罗科尼乌姆（罗克塞特）为基地。^著名指挥官：格奈乌斯·尤利乌斯·阿格里科拉（公元70—73年）或罗斯基乌斯·科埃利乌斯（公元69年）。^徽记：野猪。
str_description_legio_6|驻地：公元70年以前驻扎塔拉科西班牙，随后迁往日耳曼尼亚。^著名指挥官：塞尔维乌斯·苏尔皮基乌斯·加尔巴（总督及皇帝，公元68年）。^徽记：公牛。
str_description_legio_7|驻地：达尔马提亚的布尔努姆，至公元69年；随后迁往上日耳曼尼亚的温多尼萨。^著名指挥官：卢基乌斯·安尼乌斯·巴苏斯（公元69年使军团支持韦斯帕芗）。^徽记：涅普顿。
str_description_legio_8|驻地：公元89年以前，驻扎潘诺尼亚的波埃托维奥。^著名指挥官：马库斯·安东尼乌斯·普里穆斯（公元69年率弗拉维派军队入侵意大利）。^徽记：狮子。
str_description_legio_9|驻地：默西亚的奥埃斯库斯；公元67—70年在犹太作战。^著名指挥官：提图斯·弗拉维乌斯·韦斯帕芗（未来的皇帝，公元67年）。^徽记：公牛。
str_description_legio_10|驻地：叙利亚；科尔布罗军队及穆基亚努斯进军罗马时的核心力量。^著名指挥官：格奈乌斯·多米提乌斯·科尔布罗（公元58—63年）。^徽记：母狼与罗慕路斯、雷穆斯。
str_description_legio_11|驻地：犹太；公元70年耶路撒冷围城战的核心部队。^著名指挥官：马库斯·乌尔皮乌斯·图拉真（图拉真皇帝之父，公元67年）及提图斯。^徽记：桨帆战船与野猪。
str_description_legio_12|驻地：罗马禁卫军营。^著名指挥官：奥福尼乌斯·提格利努斯（尼禄的禁卫军长官，公元62—68年）。^徽记：蝎子与月亮、星辰。
str_grain_success_1|你的及时干预保障了城市粮食供应。粮食在玛尔斯广场分发给感激的市民，元老们表示满意。你在元老院中的地位无疑有所提升。^^然而，帕拉蒂努斯山传来的低语表明，元首对你的独立行动有些不悦，或许担心这会开创先例，或担忧你的成功带来的政治影响。
str_grain_success_2|你成功运粮的消息迅速传开！在欢呼与感谢声中，重要物资在玛尔斯广场分发给民众。元老院显然很满意你的果断与慷慨。^^然而，有消息称，元首凯撒奥古斯都对此并不高兴。或许他认为，这让人们把不受欢迎的目光投向其政府被指责的不足，也可能认为你的努力促成了元老院影响力的越界扩张。
str_grain_success_end|结束
str_subculture_hispanic_tarraconensian|伊比利亚
str_subculture_hispanic_baetican|伊比利亚
str_subculture_hispanic_lusitanian|伊比利亚
str_subculture_asian_cappadocian|加拉太
str_subculture_asian_pontic|本都
str_subculture_balkan_thracian|色雷斯
str_subculture_balkan_moesian_superior|色雷斯
str_subculture_balkan_moesian_inferior|色雷斯
str_subculture_balkan_dalmatian_illyrian|伊利里亚
str_subculture_gaulish_narbonensian|高卢
str_subculture_gaulish_aquitanian|高卢
str_subculture_gaulish_lugdunensian|高卢
str_subculture_gaulish_belgic|高卢
str_subculture_germanic_inferior|西日耳曼
str_subculture_germanic_superior|南日耳曼
str_subculture_germanic_raetian|凯尔特
str_subculture_germanic_norican|凯尔特
str_subculture_central_pannonian|凯尔特
str_subculture_britannic_britannian|不列颠
str_subculture_hercynian_germanian|南日耳曼
str_subculture_suebian_germanian|东日耳曼
str_subculture_scythian_steppe|斯基泰
str_subculture_armenian_highlands|亚美尼亚
str_subculture_mesopotamian|阿拉米
str_subculture_assyrian|米底
str_subculture_mediterranean_western_isles|撒丁
str_subculture_persian_plateau|波斯
str_subculture_parthian_iranian|帕提亚—伊朗
str_subculture_median|米底
str_subculture_unknown|美式大胖兔
str_culture_1_rized|达契亚化的
str_culture_2_rized|凯尔特化的
str_culture_3_rized|萨尔马提亚化的
str_culture_4_rized|日耳曼化的
str_culture_5_rized|高加索化的
str_culture_6_rized|帕提亚化的
str_culture_7_rized|罗马化的
str_culture_8_rized|犹太化的
str_culture_9_rized|博斯普鲁斯化的
str_culture_10_rized|阿拉伯化的
str_culture_12_rized|加拉曼特化的
str_culture_15_rized|叙利亚化的
str_culture_16_rized|埃及化的
str_culture_17_rized|希腊化的
str_here_is_what_i_have_on_offer|以下是我出售的货物：^^{s3}
str_unfortunately_i_have_no_slaves_to_offer_today|很遗憾，今天没有奴隶可卖。也许改天再来？
str_i_will_take_the_reg1_s1_for_reg2_denars|我要这{reg1}名{s1}，价格是{reg2}第纳尔。
str_reg1_s1_have_been_added_to_your_party_as_prisoners|{reg1}名{s1}已作为俘虏加入你的队伍。
str_household_mod_latifunida_limit_name|大庄园数量上限
str_household_mod_workshop_limit_name|工坊数量上限
str_household_mod_corruption_name|腐败
str_household_mod_cook_quality_name|厨师水平
str_household_mod_admin_eff_name|行政效率
str_household_mod_engineering_eff_name|工程效率
str_household_mod_latifunida_limit_descr|你能够拥有的大庄园数量上限。大庄园提供收入，但需要大量管理。
str_household_mod_workshop_limit_descr|你能够拥有的工坊数量上限。工坊通过生产获得收入，但需要管理。
str_household_mod_corruption_descr|你的行政体系的腐败程度。腐败严重可能导致收入减少。
str_household_mod_cook_quality_descr|家中厨师制作食物的品质。品质越高，宴会越出色。
str_household_mod_admin_eff_descr|行政人员的工作效率。效率越高，庄园管理越好。
str_caucasian_name_01|斯姆巴特
str_caucasian_name_02|哈奇克
str_caucasian_name_03|阿绍特
str_caucasian_name_04|阿尔沙姆
str_caucasian_name_05|扎里亚德雷斯
str_caucasian_name_06|哈马扎斯普
str_caucasian_name_07|瓦尔丹
str_caucasian_name_08|阿尔塔瓦兹德
str_caucasian_name_09|姆泽兹
str_caucasian_name_10|埃鲁安德
str_caucasian_name_11|奥龙特斯
str_caucasian_name_12|米特拉尼斯
str_caucasian_name_13|赫尔赫斯
str_caucasian_name_14|霍兹里德
str_caucasian_name_15|萨梅斯
str_caucasian_name_16|阿尔沙梅斯
str_caucasian_name_17|梯里达特
str_caucasian_name_18|提格兰
str_caucasian_name_19|扎雷赫
str_caucasian_name_20|阿尔塔舍斯
str_caucasian_name_21|阿尔沙克
str_caucasian_name_22|瓦加尔什
str_caucasian_name_23|霍斯劳
str_caucasian_name_24|瓦拉兹达特
str_caucasian_name_25|瓦萨克
str_caucasian_name_26|阿舒沙
str_caucasian_female_name_01|提格拉努希
str_caucasian_female_name_02|瓦努希
str_caucasian_female_name_03|米赫拉娜
str_caucasian_female_name_04|阿萨特拉
str_caucasian_female_name_06|阿里亚扎特
str_caucasian_female_name_07|阿卡
str_caucasian_female_name_08|加达娜
str_caucasian_female_name_09|埃拉托
str_caucasian_female_name_10|扎尔曼杜赫特
str_caucasian_female_name_11|法兰采姆
str_caucasian_female_name_12|马赫巴努
str_caucasian_female_name_13|泽诺比娅
str_caucasian_female_name_14|萨特尼克
str_nubian_name_01|阿米尔泰奥斯
str_nubian_name_02|安赫马基斯
str_nubian_name_03|阿内姆霍尔
str_nubian_name_04|阿拉托斯
str_nubian_name_05|阿尔加诺斯
str_nubian_name_06|卡里亚斯
str_nubian_name_07|杰德霍尔
str_nubian_name_08|埃泽纳
str_nubian_name_09|霍雷马赫特
str_nubian_name_10|伊索克拉底
str_nubian_name_11|哈巴巴什
str_nubian_name_12|列奥尼普斯
str_nubian_name_13|吕迪亚达斯
str_nubian_name_14|曼涅托
str_nubian_name_15|马西瓦
str_nubian_name_16|纳赫托雷布
str_nubian_name_17|纳拉瓦斯
str_nubian_name_18|内法阿鲁德
str_nubian_name_19|涅斐里布雷
str_nubian_name_20|内西斯提
str_nubian_name_21|尼基阿斯
str_nubian_name_22|尼科德穆斯
str_nubian_name_23|奥埃扎尔刻斯
str_nubian_name_24|奥克辛塔斯
str_nubian_name_25|佩杜巴斯特
str_nubian_name_26|佩涅乌斯
str_nubian_name_27|佩尔狄卡斯
str_nubian_name_28|斐洛克拉底
str_nubian_name_29|斐洛忒奥斯
str_nubian_name_30|波利佩尔孔
str_nubian_name_31|普舍雷纳蒙
str_nubian_name_32|普舍伦普塔赫
str_nubian_name_33|普萨穆忒斯
str_nubian_name_34|托勒密
str_nubian_name_35|忒奥克里托斯
str_nubian_name_36|忒拉蓬
str_nubian_name_37|提莫莱翁
str_nubian_name_38|克桑托斯
str_nubian_name_39|克塞农
str_nubian_name_40|泽特雷斯
str_nubian_name_41|佐西穆斯
str_nubian_name_42|阿赫梅斯
str_nubian_name_43|阿赫摩斯
str_nubian_name_44|阿拉鲁斯
str_nubian_name_45|阿马苏斯
str_nubian_name_46|阿梅尼
str_nubian_name_47|巴肯雷内夫
str_nubian_name_48|克莱奥梅尼斯
str_nubian_name_49|欧几里得
str_nubian_name_50|哈尔西奥特夫
str_nubian_name_51|赫努特
str_nubian_name_52|伊比
str_nubian_name_53|哈巴什
str_nubian_name_54|拉古斯
str_nubian_name_55|奈克塔内布
str_nubian_name_56|赫佩尔卡雷
str_nubian_name_57|涅斐尔卡雷
str_nubian_name_58|内希
str_nubian_name_59|奥索尔孔
str_nubian_name_60|帕米
str_nubian_female_name_01|阿伽佩
str_nubian_female_name_02|阿伽托克莱娅
str_nubian_female_name_03|阿曼尼莎贝托
str_nubian_female_name_04|安提戈涅
str_nubian_female_name_05|阿帕梅
str_nubian_female_name_06|阿波罗尼娅
str_nubian_female_name_07|阿里斯托玛刻
str_nubian_female_name_08|阿尔忒弥西亚
str_nubian_female_name_09|阿斯帕西娅
str_nubian_female_name_10|雅典娜伊斯
str_nubian_female_name_11|贝勒尼基
str_nubian_female_name_12|卡里斯
str_nubian_female_name_13|克娄巴特拉
str_nubian_female_name_14|库娜
str_nubian_female_name_15|德梅特里娅
str_nubian_female_name_16|埃尔皮斯
str_nubian_female_name_17|厄瑞涅
str_nubian_female_name_18|欧多基娅
str_nubian_female_name_19|欧尼刻
str_nubian_female_name_20|欧斐弥娅
str_nubian_female_name_21|欧律狄刻
str_nubian_female_name_22|欧塔利娅
str_nubian_female_name_23|希帕提娅
str_nubian_female_name_24|尼萨
str_nubian_female_name_25|奥伊南忒
str_nubian_female_name_26|奥林皮娅
str_nubian_female_name_27|斐拉
str_nubian_female_name_28|斐勒
str_nubian_female_name_29|索斯特拉忒
str_nubian_female_name_30|斯特拉托尼刻
str_nubian_female_name_31|泰伊丝
str_nubian_female_name_32|忒奥斐拉
str_nubian_female_name_33|忒提玛
str_nubian_female_name_34|帖撒罗妮基
str_nubian_female_name_35|托拉基斯
str_nubian_female_name_36|提莫
str_nubian_female_name_37|阿尔西诺伊
str_nubian_female_name_38|吕珊德拉
str_nubian_female_name_39|基娅
str_nubian_female_name_40|凯尔哈塔
str_roman_full_names1|G.阿庇乌斯·丰杜斯
str_roman_full_names2|卢基乌斯·利波
str_roman_full_names3|佩特罗尼乌斯·帕西奥
str_roman_full_names4|马尔库斯·卡苏斯
str_roman_full_names5|盖乌斯·马克西穆斯·狄奥
str_roman_full_names6|昆图斯·卢库卢斯
str_roman_full_names7|塞尔维乌斯·苏普利基乌斯
str_roman_full_names8|李维乌斯·苏普利基乌斯·卡梅里努斯
str_roman_name_01|普里穆斯
str_roman_name_02|塞孔杜斯
str_roman_name_03|特尔提乌斯
str_roman_name_04|夸尔图斯
str_roman_name_05|昆图斯
str_roman_name_06|塞克斯图斯
str_roman_name_07|奥勒利安努斯
str_roman_name_08|奥卢斯
str_roman_name_09|法乌斯图斯
str_roman_name_10|屋大维乌斯
str_roman_name_11|诺努斯
str_roman_name_12|塞尔维乌斯
str_roman_name_13|马尼乌斯
str_roman_name_14|塞普提穆斯
str_roman_name_15|塞尔维乌斯
str_roman_name_17|阿格里帕
str_roman_name_18|卡米卢斯
str_roman_name_20|夸杜斯
str_roman_name_21|克洛埃利乌斯
str_roman_name_22|盖乌斯
str_roman_name_23|卡尼迪乌斯
str_roman_name_24|杜伊利乌斯
str_roman_name_25|范尼乌斯
str_roman_name_26|加维乌斯
str_roman_name_27|尤尼乌斯
str_roman_name_28|莱莫尼乌斯
str_roman_name_29|马尔基乌斯
str_roman_cognomen_1|阿比托
str_roman_cognomen_2|布鲁图斯
str_roman_cognomen_3|库里奥
str_roman_cognomen_4|狄奥
str_roman_cognomen_5|埃沃迪乌斯
str_roman_cognomen_6|法杜斯
str_roman_cognomen_7|法古斯
str_roman_cognomen_8|埃皮马库斯
str_roman_cognomen_9|贺拉提乌斯
str_roman_cognomen_10|哈德里亚努斯
str_roman_cognomen_11|尤维纳利斯
str_roman_cognomen_12|雷必达
str_roman_cognomen_13|马里乌斯
str_roman_cognomen_14|涅波斯
str_roman_cognomen_15|奥罗西乌斯
str_roman_cognomen_16|普布利安努斯
str_roman_cognomen_17|索利安努斯
str_roman_cognomen_18|西庇阿
str_roman_cognomen_19|提比略
str_roman_cognomen_20|乌尔比安努斯
str_roman_cognomen_21|瓦伦斯
str_roman_cognomen_22|瓦罗
str_roman_cognomen_23|瓦伦提努斯
str_roman_cognomen_24|芝诺
str_roman_cognomen_25|埃利乌斯
str_roman_cognomen_26|阿维图斯
str_roman_cognomen_27|孔库比纳图斯
str_roman_cognomen_28|卢斯基尼乌斯
str_roman_cognomen_29|维尔吉尼乌斯
str_roman_female_name_01|普里玛
str_roman_female_name_02|塞孔达
str_roman_female_name_03|特尔提娅
str_roman_female_name_04|夸尔塔
str_roman_female_name_05|昆塔
str_roman_female_name_06|塞克斯塔
str_roman_female_name_07|奥勒利安娜
str_roman_female_name_08|奥拉
str_roman_female_name_09|维苏维娅
str_roman_female_name_10|屋大维娅
str_roman_female_name_11|诺娜
str_roman_female_name_12|塞尔维娅
str_roman_female_name_13|马尼娅
str_roman_female_name_14|塞普提玛
str_roman_female_name_15|塞尔维娅
str_roman_female_name_16|提塔
str_roman_female_name_17|阿格里帕
str_roman_female_name_18|卡米拉
str_roman_female_name_19|李维娅
str_roman_female_name_20|夸达
str_roman_female_name_21|克洛埃利娅
str_roman_female_name_22|盖娅
str_roman_female_name_23|卡尼迪娅
str_roman_female_name_24|杜伊利娅
str_roman_female_name_25|范尼娅
str_roman_female_name_26|加维娅
str_roman_female_name_27|尤尼娅
str_roman_female_name_28|莱莫尼娅
str_roman_female_name_29|奥菲迪娅
str_roman_female_cognomen_1|阿比塔
str_roman_female_cognomen_2|布鲁塔
str_roman_female_cognomen_3|库里娅
str_roman_female_cognomen_4|狄娅
str_roman_female_cognomen_5|埃沃迪娅
str_roman_female_cognomen_6|法迪娅
str_roman_female_cognomen_7|法吉娅
str_roman_female_cognomen_8|埃皮马基娅
str_roman_female_cognomen_9|贺拉提娅
str_roman_female_cognomen_10|哈德里亚尼娅
str_roman_female_cognomen_11|尤维纳利娅
str_roman_female_cognomen_12|莱皮娅
str_roman_female_cognomen_13|莱皮提娅
str_roman_female_cognomen_14|涅皮提娅
str_roman_female_cognomen_15|奥罗西娅
str_roman_female_cognomen_16|普布利安尼娅
str_roman_female_cognomen_17|索利安尼娅
str_roman_female_cognomen_18|西庇娅
str_roman_female_cognomen_19|提比里娅
str_roman_female_cognomen_20|乌尔比安尼娅
str_roman_female_cognomen_21|瓦伦提娅
str_roman_female_cognomen_22|保拉
str_roman_female_cognomen_23|瓦伦提尼娅
str_roman_female_cognomen_24|泽尼娅
str_roman_female_cognomen_25|埃利尼娅
str_roman_female_cognomen_26|阿维提娅
str_roman_female_cognomen_27|孔库比纳提娅
str_roman_female_cognomen_28|卢斯基尼娅
str_roman_female_cognomen_29|维尔吉尼娅
str_dacian_name_01|巴斯蒂扎
str_dacian_name_02|比基利斯
str_dacian_name_03|布莱吉萨
str_dacian_name_04|布莱苏斯
str_dacian_name_05|布莱基萨
str_dacian_name_06|布拉苏斯
str_dacian_name_07|布雷比斯塔
str_dacian_name_08|科莫西库斯
str_dacian_name_09|科忒拉斯
str_dacian_name_10|科提索
str_dacian_name_11|达布洛萨
str_dacian_name_12|达达斯
str_dacian_name_13|达达扎伊
str_dacian_name_14|戴祖斯
str_dacian_name_15|达皮克斯
str_dacian_name_16|达尔迪奥莱
str_dacian_name_17|达尼洛
str_dacian_name_18|德基巴卢斯
str_dacian_name_19|迪达
str_dacian_name_20|登齐巴卢斯
str_dacian_name_21|迪尔奈斯
str_dacian_name_22|多图齐
str_dacian_name_23|杜拉斯
str_dacian_name_24|凯吉扎
str_dacian_name_25|科莫佐伊
str_dacian_name_26|莫斯孔
str_dacian_name_27|穆卡波尔
str_dacian_name_28|穆卡特拉
str_dacian_name_29|纳托波鲁斯
str_dacian_name_30|奥罗拉
str_dacian_name_31|佩提波尔
str_dacian_name_32|皮尔波鲁斯
str_dacian_name_33|雷马克索斯
str_dacian_name_34|罗勒斯
str_dacian_name_35|鲁博博斯特斯
str_dacian_name_36|罗卢齐斯
str_dacian_name_37|里戈祖斯
str_dacian_name_38|斯科里斯
str_dacian_name_39|提亚提
str_dacian_name_40|塔尔布斯
str_dacian_name_41|齐鲁
str_dacian_name_42|津纳
str_dacian_name_43|维齐纳
str_dacian_name_44|祖图拉
str_dacian_name_45|德罗米凯忒斯
str_dacian_female_name_01|杜基达瓦
str_dacian_female_name_02|雷斯库图尔梅
str_dacian_female_name_03|齐娜
str_dacian_female_name_04|齐奈
str_dacian_female_name_05|佩特里图尔梅
str_dacian_female_name_06|津杜尔梅
str_dacian_female_name_07|罗伊巴娜
str_dacian_female_name_08|奥里扎
str_dacian_female_name_09|雷斯库莱
str_dacian_female_name_10|莱娜
str_dacian_female_name_11|桑齐亚娜
str_dacian_female_name_12|克拉莉娅
str_dacian_female_name_13|埃卡娜
str_britannic_name_01|阿科阿德多马鲁斯
str_britannic_name_02|阿迪亚图阿努斯
str_britannic_name_03|阿德米尼乌斯
str_britannic_name_04|艾奥里克斯
str_britannic_name_05|安比卡托斯
str_britannic_name_06|安德孔博吉乌斯
str_britannic_name_07|阿涅罗埃斯特斯
str_britannic_name_08|阿里奥维斯图斯
str_britannic_name_09|阿尔韦鲁斯
str_britannic_name_10|阿尔维拉尔古斯
str_britannic_name_11|阿提斯
str_britannic_name_12|阿维图斯
str_britannic_name_13|贝利基亚努斯
str_britannic_name_14|贝洛韦苏斯
str_britannic_name_15|博杜奥格纳图斯
str_britannic_name_16|博伊奥
str_britannic_name_17|博伊奥里克斯
str_britannic_name_18|博尔吉奥斯
str_britannic_name_19|布伦努斯
str_britannic_name_20|布里库萨
str_britannic_name_21|布里托马里斯
str_britannic_name_22|布鲁凯提乌斯
str_britannic_name_23|布伊特
str_britannic_name_24|凯尔特拉姆
str_britannic_name_25|卡拉克塔库斯
str_britannic_name_26|卡尔维利乌斯
str_britannic_name_27|卡西维劳努斯
str_britannic_name_28|卡图拉努斯
str_britannic_name_29|卡尔托里特斯
str_britannic_name_30|卡图格纳图斯
str_britannic_name_31|卡瓦里努斯
str_britannic_name_32|卡瓦鲁斯
str_britannic_name_33|凯拉图斯
str_britannic_name_34|辛格托里克斯
str_britannic_name_35|科伊卢斯
str_britannic_name_36|科米奥斯
str_britannic_name_37|科穆克斯
str_britannic_name_38|孔科利塔努斯
str_britannic_name_39|科雷乌斯
str_britannic_name_40|科提乌斯
str_britannic_name_41|克里克苏斯
str_britannic_name_42|库诺贝利努斯
str_britannic_name_43|迪维基亚库斯
str_britannic_name_44|迪维科
str_britannic_name_45|多努斯
str_britannic_name_46|德拉佩斯
str_britannic_name_47|杜布诺韦劳努斯
str_britannic_name_48|杜姆纳库斯
str_britannic_name_49|杜卡里乌斯
str_britannic_name_50|杜拉提奥斯
str_britannic_name_51|杜姆诺科韦罗斯
str_britannic_name_52|杜姆诺里克斯
str_britannic_name_53|埃利托维乌斯
str_britannic_name_54|埃提托维乌斯
str_britannic_name_55|埃帕提库斯
str_britannic_name_56|加兰
str_britannic_name_57|加尔巴
str_britannic_name_58|圭德里乌斯
str_britannic_name_59|伊阿库斯
str_britannic_name_60|伊基乌斯
str_britannic_name_61|伊马努恩提乌斯
str_britannic_name_62|伊纳马尔库斯
str_britannic_name_63|伊纳米库斯
str_britannic_name_64|因杜提奥马鲁斯
str_britannic_name_65|基马尔库斯
str_britannic_name_66|卢克特里乌斯
str_britannic_name_67|卢戈托里克斯
str_britannic_name_68|卢塔里乌斯
str_britannic_name_69|马莱乌斯
str_britannic_name_70|曼杜布拉基乌斯
str_britannic_name_71|马尔加努斯
str_britannic_name_72|马斯凯利奥
str_britannic_name_73|奥尔格托里克斯
str_britannic_name_74|普拉苏塔古斯
str_britannic_name_75|塞戈瓦克斯
str_britannic_name_76|西纳图斯
str_britannic_name_77|西诺里克斯
str_britannic_name_78|西西利乌斯
str_britannic_name_79|塔洛尔克
str_britannic_name_80|塔斯基奥瓦努斯
str_britannic_name_81|塔斯盖提乌斯
str_britannic_name_82|塔克西马古卢斯
str_britannic_name_83|条托马利乌斯
str_britannic_name_84|廷科马鲁斯
str_britannic_name_85|托戈杜姆努斯
str_britannic_name_86|维尔提斯库斯
str_britannic_name_87|维努提乌斯
str_britannic_name_88|维里多里克斯
str_britannic_name_89|沃塞尼乌斯
str_britannic_name_90|沃德诺斯
str_britannic_female_name_01|艾芙
str_britannic_female_name_02|艾尔梅德
str_britannic_female_name_03|安卡斯塔
str_britannic_female_name_04|班娜
str_britannic_female_name_05|比利卡
str_britannic_female_name_06|布狄卡
str_britannic_female_name_07|布里克塔
str_britannic_female_name_08|布伦温
str_britannic_female_name_09|卡塔
str_britannic_female_name_10|卡尔蒂曼杜娅
str_britannic_female_name_11|基奥马拉
str_britannic_female_name_12|达莫娜
str_britannic_female_name_13|迪塞塔
str_britannic_female_name_14|格温多伦
str_britannic_female_name_15|利塔维斯
str_britannic_female_name_16|伊安基拉
str_britannic_female_name_17|梅芙
str_britannic_female_name_18|维里卡
str_britannic_female_name_19|金格泰萨
str_britannic_female_name_20|康娜
str_britannic_female_name_21|卡蒂娅
str_britannic_female_name_22|卡尔苏娜
str_britannic_female_name_23|库诺温娜
str_britannic_female_name_24|伊利卡
str_britannic_female_name_25|洛韦尔尼斯卡
str_britannic_female_name_26|马古娜
str_britannic_female_name_27|卢基利娅
str_britannic_female_name_28|奥科内娅
str_britannic_female_name_29|里娅
str_britannic_female_name_30|罗苏拉
str_britannic_female_name_31|塞尼卡
str_britannic_female_name_32|森提卡
str_britannic_female_name_33|苏利凯娜
str_britannic_female_name_34|瓦苏拉
str_britannic_female_name_35|维诺玛
str_britannic_female_name_36|沃尔韦娜
str_britannic_female_name_37|乌尔卡
str_britannic_female_name_38|维洛里加
str_britannic_female_name_39|维利比娅
str_britannic_female_name_40|托提娅
str_britannic_female_name_42|维尔布特娜
str_britannic_female_name_43|塞尼基娅娜
str_britannic_female_name_44|塞尼拉
str_britannic_female_name_45|弗罗卡塔
str_britannic_female_name_46|埃克苏佩拉塔
str_britannic_female_name_47|德伊阿娜
str_britannic_female_name_48|库诺拉瓦
str_britannic_female_name_49|昆萨
str_britannic_female_name_50|奥基萨
str_britannic_female_name_51|阿劳娜
str_britannic_female_name_52|阿拉图卡
str_britannic_female_name_53|埃西库尼娅
str_britannic_female_name_54|博迪卡基娅
str_britannic_female_name_55|布里提文达
str_britannic_female_name_56|卡提塞娜
str_britannic_female_name_57|坎提塞娜
str_britannic_female_name_58|莉安侬
str_britannic_female_name_59|安德拉斯忒
str_britannic_female_name_60|尤加
str_britannic_female_name_61|里卡甘贝达
str_britannic_female_name_62|萨提阿达
str_britannic_female_name_63|塞努娜
str_britannic_female_name_64|苏利斯
str_britannic_female_name_65|韦尔贝娅
str_britannic_female_name_66|莫德龙
str_britannic_female_name_67|阿里安罗德
str_britannic_female_name_68|戈埃温
str_britannic_female_name_69|凯里德温
str_britannic_female_name_70|唐温
str_britannic_female_name_71|阿温
str_britannic_female_name_72|布里甘提娅
str_germanic_name_01|阿克特赫劳克
str_germanic_name_02|阿克特蒙德
str_germanic_name_03|阿克托巴尔德
str_germanic_name_04|阿克托盖斯
str_germanic_name_05|阿克托加斯特
str_germanic_name_06|阿克托莱克
str_germanic_name_07|阿克托马尔
str_germanic_name_08|阿克特兰德
str_germanic_name_09|阿克特里克
str_germanic_name_10|阿克特瓦尔德
str_germanic_name_11|阿格纳里克
str_germanic_name_12|阿吉纳里克
str_germanic_name_13|阿克图梅尔
str_germanic_name_14|阿尔博盖斯
str_germanic_name_15|阿尔博甘
str_germanic_name_16|阿尔博加斯特
str_germanic_name_17|阿尔博莱克
str_germanic_name_18|阿尔博蒙德
str_germanic_name_19|阿尔布拉姆
str_germanic_name_20|阿尔布兰德
str_germanic_name_21|阿尔布劳克
str_germanic_name_22|阿尔布里克
str_germanic_name_23|阿尔布瓦尔德
str_germanic_name_24|阿里奥盖苏斯
str_germanic_name_25|阿里奥盖斯
str_germanic_name_26|阿斯卡里克
str_germanic_name_27|阿斯科巴尔德
str_germanic_name_28|阿斯科加斯特
str_germanic_name_29|阿斯科盖尔
str_germanic_name_30|阿斯科赫拉姆
str_germanic_name_31|阿斯科赫劳克
str_germanic_name_32|阿斯科赫特
str_germanic_name_33|阿斯科莱克
str_germanic_name_34|阿斯科蒙德
str_germanic_name_35|阿斯科兰德
str_germanic_name_36|阿斯科里克
str_germanic_name_37|阿斯科瓦尔德
str_germanic_name_38|巴尔德赫劳克
str_germanic_name_39|巴尔多
str_germanic_name_40|巴尔多盖斯
str_germanic_name_41|巴尔多加斯特
str_germanic_name_42|巴尔德里克
str_germanic_name_43|巴尔德瓦尔德
str_germanic_name_44|包托
str_germanic_name_45|卡斯特赫劳克
str_germanic_name_46|卡斯特莱克
str_germanic_name_47|卡斯特兰德
str_germanic_name_48|卡斯特里克
str_germanic_name_49|哈里埃托
str_germanic_name_50|卡里奥瓦尔达
str_germanic_name_51|赫罗库斯
str_germanic_name_52|丹科
str_germanic_name_53|杜奥马克特
str_germanic_name_54|杜奥梅德
str_germanic_name_55|杜奥莫甘
str_germanic_name_56|杜奥莫加尔
str_germanic_name_57|杜奥莫加斯特
str_germanic_name_58|杜奥莫莱克
str_germanic_name_59|杜奥莫兰德
str_germanic_name_60|杜奥莫劳克
str_germanic_name_61|杜奥莫里克
str_germanic_name_62|埃多比希
str_germanic_name_63|埃德盖斯
str_germanic_name_64|埃德加斯特
str_germanic_name_65|艾德赫拉姆
str_germanic_name_66|艾德赫劳克
str_germanic_name_67|艾德莱克
str_germanic_name_68|艾德蒙德
str_germanic_name_69|艾多巴尔德
str_germanic_name_70|艾多赫特
str_germanic_name_71|艾多瓦尔德
str_germanic_name_72|艾德兰德
str_germanic_name_73|埃德里克
str_germanic_name_74|埃尔贝马尔
str_germanic_name_75|埃尔博
str_germanic_name_76|埃尔普蒙德
str_germanic_name_77|弗拉维乌斯
str_germanic_name_78|盖诺
str_germanic_name_79|盖诺巴尔德
str_germanic_name_80|盖诺鲍德
str_germanic_name_81|盖诺蒙德
str_germanic_name_82|盖诺拉姆
str_germanic_name_83|盖诺兰德
str_germanic_name_84|盖恩里克
str_germanic_name_85|盖恩瓦尔德
str_germanic_name_86|盖兰德
str_germanic_name_87|盖尔赫拉姆
str_germanic_name_88|盖尔赫劳克
str_germanic_name_89|格里克
str_germanic_name_90|盖罗
str_germanic_name_91|盖罗加斯特
str_germanic_name_92|盖罗莱克
str_germanic_name_93|盖罗劳克
str_germanic_name_94|盖尔瓦尔德
str_germanic_name_95|贡德赫拉姆
str_germanic_name_96|贡德莱克
str_germanic_name_97|贡德马尔
str_germanic_name_98|贡多巴尔德
str_germanic_name_99|贡多甘
str_germanic_name_100|贡多加尔
str_germanic_name_101|贡多加斯特
str_germanic_name_102|贡多蒙德
str_germanic_name_103|贡多瓦尔德
str_germanic_name_104|贡德兰德
str_germanic_name_105|贡德劳克
str_germanic_name_106|贡德里克
str_germanic_name_107|哈里奥瓦尔德
str_germanic_name_108|赫里
str_germanic_name_109|希尔德艾德
str_germanic_name_110|希尔德甘
str_germanic_name_111|希尔德赫拉姆
str_germanic_name_112|希尔多巴尔德
str_germanic_name_113|希尔多盖斯
str_germanic_name_114|希尔多加斯特
str_germanic_name_115|希尔多赫特
str_germanic_name_116|希尔多莱克
str_germanic_name_117|希尔多蒙德
str_germanic_name_118|希尔德兰德
str_germanic_name_119|希尔德劳克
str_germanic_name_120|希尔德里克
str_germanic_name_121|希尔德瓦尔德
str_germanic_name_122|赫拉姆巴尔德
str_germanic_name_123|赫拉姆加斯特
str_germanic_name_124|赫拉姆莱克
str_germanic_name_125|赫拉莫
str_germanic_name_126|赫拉姆里克
str_germanic_name_127|赫拉蒙德
str_germanic_name_128|赫拉姆瓦尔德
str_germanic_name_129|赫劳克瓦尔德
str_germanic_name_130|赫劳格蒙德
str_germanic_name_131|赫劳格拉姆
str_germanic_name_132|赫劳格里克
str_germanic_name_133|赫罗科
str_germanic_name_134|因加斯特
str_germanic_name_135|英格巴尔德
str_germanic_name_136|英格尔
str_germanic_name_137|英格蒙德
str_germanic_name_138|英戈赫特
str_germanic_name_139|英戈莱克
str_germanic_name_140|英戈马尔
str_germanic_name_141|英格拉姆
str_germanic_name_142|英格兰德
str_germanic_name_143|英格劳克
str_germanic_name_144|英格里克
str_germanic_name_145|英格孙
str_germanic_name_146|英圭奥梅尔
str_germanic_name_147|英格瓦尔德
str_germanic_name_148|莱克瓦尔德
str_germanic_name_149|莱格蒙德
str_germanic_name_150|莱克博拉德
str_germanic_name_151|莱克劳克
str_germanic_name_152|莱科
str_germanic_name_153|马拉克特
str_germanic_name_154|马尔莱克
str_germanic_name_155|马洛巴尔德
str_germanic_name_156|马洛鲍德斯
str_germanic_name_157|马洛文杜斯
str_germanic_name_158|马洛
str_germanic_name_159|马洛巴尔德
str_germanic_name_160|马洛甘
str_germanic_name_161|马洛加斯特
str_germanic_name_162|马洛盖尔
str_germanic_name_163|马洛贡德
str_germanic_name_164|马洛拉姆
str_germanic_name_165|马洛兰德
str_germanic_name_166|马洛劳克
str_germanic_name_167|马洛里克
str_germanic_name_168|马洛温德
str_germanic_name_169|马尔瓦尔德
str_germanic_name_170|马尔科博尔德
str_germanic_name_171|马尔科甘
str_germanic_name_172|马尔科加斯特
str_germanic_name_173|马尔科盖尔
str_germanic_name_174|马尔科贡德
str_germanic_name_175|马尔科莱克
str_germanic_name_176|马尔科梅尔
str_germanic_name_177|马尔科蒙德
str_germanic_name_178|马尔科拉姆
str_germanic_name_179|马尔科劳克
str_germanic_name_180|马尔克瓦尔德
str_germanic_name_181|马尔科赫特
str_germanic_name_182|马罗博德
str_germanic_name_183|马罗多乌斯
str_germanic_name_184|梅德里克
str_germanic_name_185|梅罗
str_germanic_name_186|梅罗巴尔德
str_germanic_name_187|梅罗鲍德斯
str_germanic_name_188|梅罗盖斯
str_germanic_name_189|蒙多巴尔德
str_germanic_name_190|蒙多加斯特
str_germanic_name_191|蒙多盖尔
str_germanic_name_192|内比加斯特
str_germanic_name_193|兰德莱克
str_germanic_name_194|兰德蒙德
str_germanic_name_195|兰多
str_germanic_name_196|兰多巴尔德
str_germanic_name_197|兰德拉姆
str_germanic_name_198|兰德劳克
str_germanic_name_199|里科梅雷斯
str_germanic_name_200|里科马尔
str_germanic_name_201|里格莱克
str_germanic_name_202|里格蒙德
str_germanic_name_203|里格兰德
str_germanic_name_204|里格瓦尔德
str_germanic_name_205|塞格斯特斯
str_germanic_name_206|塞吉梅尔
str_germanic_name_207|塞吉蒙德
str_germanic_name_208|塞西坦克
str_germanic_name_209|西加克特
str_germanic_name_210|西格艾德
str_germanic_name_211|西吉巴尔德
str_germanic_name_212|西吉盖斯
str_germanic_name_213|西吉甘
str_germanic_name_214|西吉加斯特
str_germanic_name_215|西吉贡德
str_germanic_name_216|西吉马尔
str_germanic_name_217|西吉蒙德
str_germanic_name_218|西吉拉姆
str_germanic_name_219|西吉兰德
str_germanic_name_220|西吉劳克
str_germanic_name_221|西吉斯蒙德
str_germanic_name_222|西吉孙
str_germanic_name_223|西格莱克
str_germanic_name_224|西戈
str_germanic_name_225|西格里克
str_germanic_name_226|西格瓦尔德
str_germanic_name_227|孙巴尔德
str_germanic_name_228|孙甘
str_germanic_name_229|松格尔
str_germanic_name_230|孙莱克
str_germanic_name_231|孙纳克特
str_germanic_name_232|孙奈德
str_germanic_name_233|孙内拉姆
str_germanic_name_234|孙诺
str_germanic_name_235|孙诺加斯特
str_germanic_name_236|孙诺蒙德
str_germanic_name_237|孙诺劳克
str_germanic_name_238|孙诺里克
str_germanic_name_239|孙兰德
str_germanic_name_240|孙瓦尔德
str_germanic_name_241|坦希尔德
str_germanic_name_242|坦科赫特
str_germanic_name_243|坦克拉姆
str_germanic_name_244|坦克兰德
str_germanic_name_245|坦克里克
str_germanic_name_246|坦克瓦尔德
str_germanic_name_247|条托梅尔
str_germanic_name_248|忒奥德艾德
str_germanic_name_249|忒奥德莱克
str_germanic_name_250|忒奥多
str_germanic_name_251|忒奥多巴尔德
str_germanic_name_252|忒奥多盖斯
str_germanic_name_253|忒奥多甘
str_germanic_name_254|忒奥多加斯特
str_germanic_name_255|忒奥多贡德
str_germanic_name_256|忒奥多赫特
str_germanic_name_257|忒奥多梅尔
str_germanic_name_258|忒奥多蒙德
str_germanic_name_259|忒奥多拉姆
str_germanic_name_260|忒奥多兰德
str_germanic_name_261|狄奥多里克
str_germanic_name_262|忒奥德劳克
str_germanic_name_263|忒奥德瓦尔德
str_germanic_name_264|图梅利库斯
str_germanic_name_265|图里巴尔德
str_germanic_name_266|图里盖斯
str_germanic_name_267|图里加斯特
str_germanic_name_268|图里塞甘
str_germanic_name_269|图里塞德
str_germanic_name_270|图里塞兰德
str_germanic_name_271|图里塞里克
str_germanic_name_272|图里斯蒙德
str_germanic_name_273|图里索赫特
str_germanic_name_274|图里斯瓦尔德
str_germanic_name_275|图奥姆巴尔德
str_germanic_name_276|图奥莫
str_germanic_name_277|图奥莫贡德
str_germanic_name_278|图奥莫莱克
str_germanic_name_279|图奥莫蒙德
str_germanic_name_280|图奥姆瓦尔德
str_germanic_name_281|乌克罗梅尔
str_germanic_name_282|瓦克罗马尔
str_germanic_name_283|瓦劳
str_germanic_name_284|万吉奥
str_germanic_name_285|瓦劳
str_germanic_name_286|瓦尔巴尔德
str_germanic_name_287|瓦尔德蒙德
str_germanic_name_288|瓦尔多
str_germanic_name_289|瓦尔多加斯特
str_germanic_name_290|瓦尔德兰德
str_germanic_name_291|瓦尔加尔
str_germanic_name_292|瓦尔加斯特
str_germanic_name_293|瓦尔哈
str_germanic_name_294|瓦尔蒙德
str_germanic_name_295|瓦洛甘
str_germanic_name_296|瓦洛莱克
str_germanic_name_297|瓦洛兰德
str_germanic_name_298|瓦尔拉姆
str_germanic_name_299|瓦尔劳克
str_germanic_female_name_01|阿克蒂希尔德
str_germanic_female_name_02|阿斯希尔德
str_germanic_female_name_03|巴尔德希尔德
str_germanic_female_name_04|卡斯特希尔德
str_germanic_female_name_05|卡斯提布尔格
str_germanic_female_name_06|杜奥姆布尔格
str_germanic_female_name_07|杜奥姆希尔德
str_germanic_female_name_08|埃德堡
str_germanic_female_name_09|埃德希尔德
str_germanic_female_name_10|艾德孙娜
str_germanic_female_name_11|埃德瓦尔达
str_germanic_female_name_12|盖里布尔格
str_germanic_female_name_13|格尔希尔德
str_germanic_female_name_14|贡博尔格
str_germanic_female_name_15|贡德希尔德
str_germanic_female_name_16|希尔德堡
str_germanic_female_name_17|希尔德瓦尔德
str_germanic_female_name_18|赫拉姆布尔格
str_germanic_female_name_19|赫拉姆希尔德
str_germanic_female_name_20|赫拉米斯
str_germanic_female_name_21|赫劳希尔德
str_germanic_female_name_22|赫劳吉布尔格
str_germanic_female_name_23|英吉堡
str_germanic_female_name_24|英吉希尔德
str_germanic_female_name_25|莱格希尔德
str_germanic_female_name_26|莱吉布尔格
str_germanic_female_name_27|马尔布尔格
str_germanic_female_name_28|马尔希尔德
str_germanic_female_name_29|马尔希尔德
str_germanic_female_name_30|蒙德希尔德
str_germanic_female_name_31|兰迪尔德
str_germanic_female_name_32|拉米斯
str_germanic_female_name_33|里希尔德
str_germanic_female_name_34|里吉布尔格
str_germanic_female_name_35|西吉布尔格
str_germanic_female_name_36|西吉希尔德
str_germanic_female_name_37|孙布尔格
str_germanic_female_name_38|松希尔德
str_germanic_female_name_39|忒奥德布尔格
str_germanic_female_name_40|忒奥希尔德
str_germanic_female_name_41|图里希尔达
str_germanic_female_name_42|图里辛布尔格
str_germanic_female_name_43|图里辛希尔达
str_germanic_female_name_44|图斯内尔达
str_germanic_female_name_45|瓦尔布尔格
str_germanic_female_name_46|瓦尔德布尔格
str_germanic_female_name_47|瓦尔希尔德
str_germanic_female_name_48|瓦洛布尔格
str_germanic_female_name_49|瓦卢布尔格
str_north_african_name_01|阿米尔泰奥斯
str_north_african_name_02|安赫马基斯
str_north_african_name_03|阿内姆霍尔
str_north_african_name_04|阿拉托斯
str_north_african_name_05|阿尔加诺斯
str_north_african_name_06|卡里亚斯
str_north_african_name_07|杰德霍尔
str_north_african_name_08|埃泽纳
str_north_african_name_09|霍雷马赫特
str_north_african_name_11|伊索克拉底
str_north_african_name_12|哈巴巴什
str_north_african_name_13|列奥尼普斯
str_north_african_name_14|吕迪亚达斯
str_north_african_name_15|曼涅托
str_north_african_name_16|马西瓦
str_north_african_name_17|纳赫托雷布
str_north_african_name_18|纳拉瓦斯
str_north_african_name_19|内法阿鲁德
str_north_african_name_21|涅斐里布雷
str_north_african_name_22|内西斯提
str_north_african_name_23|尼基阿斯
str_north_african_name_24|尼科德穆斯
str_north_african_name_25|奥埃扎尔刻斯
str_north_african_name_26|奥克辛塔斯
str_north_african_name_27|佩杜巴斯特
str_north_african_name_28|佩涅乌斯
str_north_african_name_29|佩尔狄卡斯
str_north_african_name_31|斐洛克拉底
str_household_mod_engineering_eff_descr|工程人员的工作效率。效率越高，产业的建造和维护越出色。
str_cook_quality_10_tooltip|- 厨艺之神，盛宴堪称传奇，足以款待诸神。
str_cook_quality_10_host|你的厨师宛如厨艺之神，盛宴堪称传奇，配得上凯撒。
str_cook_quality_10_guest_m|朱庇特在上！我从未尝过如此仙馔！你的厨师一定是巴克科斯乔装的！
str_cook_quality_10_guest_f|这……盘中滋味已超凡入圣，我完全说不出话。你拥有帝国最好的餐桌。
str_cook_quality_10_spouse|亲爱的，全罗马都羡慕我们！连诸神也会乞求一张赴宴请帖！
str_cook_quality_9_tooltip|- 真正的烹饪大师，每餐都是杰作。
str_cook_quality_9_host|你的厨师是真正的烹饪大师，每餐都是杰作。
str_cook_quality_9_guest_m|精妙，实在精妙！我一定要这酱汁的配方，虽然自家厨师恐怕做不出来。
str_cook_quality_9_guest_f|滋味交织，宛如美妙乐章！你真把我们宠坏了，这已是饮食的极致。
str_cook_quality_9_spouse|亲爱的，我们的宴会快成传奇了，人人争着要请帖。
str_cook_quality_8_tooltip|- 厨艺精湛，能打动最挑剔的美食家。
str_cook_quality_8_host|你的厨师技艺精湛，能打动最挑剔的美食家。
str_cook_quality_8_guest_m|盛宴绝妙！你的厨房人员显然都属上乘。
str_cook_quality_8_guest_f|太美味了！摆盘、滋味……一切都完美。
str_cook_quality_8_spouse|亲爱的，我真为家中上下自豪，这顿晚宴大获成功。
str_cook_quality_7_tooltip|- 手艺高超，菜肴始终美味且摆盘精美。
str_cook_quality_7_host|你的厨师手艺高超，菜肴始终美味且摆盘精美。
str_cook_quality_7_guest_m|确实很好！丰盛又有滋味，容我赞美一句。
str_cook_quality_7_guest_f|晚餐很棒，你的厨师确实懂得发挥食材的长处。
str_cook_quality_7_spouse|亲爱的，又是个美好的夜晚，客人们似乎很满意。
str_cook_quality_6_tooltip|- 称职的厨师，菜肴不错，虽无惊人创意。
str_cook_quality_6_host|你的厨师称职，菜肴稳定可口，虽无惊人创意。
str_cook_quality_6_guest_m|一顿扎实的好饭，实实在在，我很满足。
str_cook_quality_6_guest_f|相当不错，为我们准备的席面十分体面。
str_cook_quality_6_spouse|我想晚餐很成功，食物可口又充足。
str_cook_quality_5_tooltip|- 普通厨师，能做出日常饭菜，不会出大岔子。
str_cook_quality_5_host|你的厨师水平普通，能做出日常饭菜，不会出大岔子。
str_cook_quality_5_guest_m|不坏，填饱肚子够好了。
str_cook_quality_5_guest_f|还……不错，一顿完全合格的晚餐。
str_cook_quality_5_spouse|亲爱的，饭菜尚可，没什么可抱怨，也没什么值得称道。
str_cook_quality_4_tooltip|- 手艺平平，能吃，却乏善可陈。
str_cook_quality_4_host|你的厨师手艺平平，饭菜能吃，却乏善可陈。
str_cook_quality_4_guest_m|好吧，至少是食物，总能让我们撑下去。
str_cook_quality_4_guest_f|简单的一餐，可以说很乡土。
str_cook_quality_4_spouse|至少没人吃坏肚子，亲爱的。可也许该找个更有……灵气的厨师？
str_cook_quality_3_tooltip|- 手艺差劲，经常外焦里烂。
str_cook_quality_3_host|你的厨师手艺差劲，饭菜外焦里烂是常事。
str_cook_quality_3_guest_m|嗯，有点……过火吧？中间又没熟……
str_cook_quality_3_guest_f|天哪，这种……口感确实特别。
str_cook_quality_3_spouse|亲爱的，下次还是吃面包和奶酪吧？这炖菜真有点……难以应付。
str_cook_quality_2_tooltip|- 糟糕的厨师，几乎看不出做的是食物。
str_cook_quality_2_host|你的厨师糟糕透顶，几乎看不出做的是食物。
str_cook_quality_2_guest_m|这是什么，泔水？我连狗都不会拿它喂。
str_cook_quality_2_guest_f|我……其实不太饿，还是算了。
str_cook_quality_2_spouse|太丢人了，亲爱的，不能拿这种泔水招待客人！
str_cook_quality_1_tooltip|- 厨房灾星，适合毒害敌人，可别靠近自家餐桌。
str_cook_quality_1_host|你那些所谓“厨师”简直是厨房灾星，适合毒害敌人，可别让他们靠近自家餐桌。
str_cook_quality_1_guest_m|诸神在上！这是要暗杀我吗？
str_cook_quality_1_guest_f|我有些头晕……这肉一定坏了吧？
str_cook_quality_1_spouse|我们要成为全罗马的笑柄了！解雇他们，立刻全解雇！
str_merchant_greeting_very_dishonorable|我知道你的名声，坦白说不想做这生意。但钱就是钱，快说来意。
str_merchant_greeting_dishonorable|你好……算是吧。注意，我会紧盯着你。想要什么？
str_merchant_greeting_neutral|你好，公民，对我的货有兴趣吗？
str_merchant_greeting_honorable|您好，很高兴见到声誉良好的顾客，有何吩咐？
str_merchant_greeting_very_honorable|能接待您深感荣幸！您这样有地位的人，永远受欢迎。请随意欣赏最好的货物。
str_christian_priest_greet_first_meeting_vhonorable|愿平安与你同在。我感到你是同道，一颗寻求真理的灵魂。我侍奉唯一真神与祂的圣子。朋友，你寻求什么指引？
str_christian_priest_greet_first_meeting_honorable|愿你平安，旅人。我是奉行圣道者的长老，若怀着敞开的心前来，也许能找到答案。
str_christian_priest_greet_first_meeting_neutral|你好，我传授福音，人们来此寻求慰藉与指引。你为何而来？
str_christian_priest_greet_first_meeting_dishonorable|这里是和平之地，而从你的名声看来，你似乎不懂和平。直说来意。
str_christian_priest_greet_first_meeting_vdisponorable|你的行径让我知道你是谁。无论侍奉何种黑暗，都别带来这里。你要什么？
str_christian_priest_greet_later_positive|弟兄，很高兴再见，愿上帝的平安与你同在。今日有什么能为教众做的？
str_christian_priest_greet_later_neutral|欢迎回来，{playername}。今天有什么能帮你？
str_christian_priest_greet_later_negative|你回来了。但愿这次怀着更好的意图。又有什么事？
str_flirt_messalina_failure|——你与她交谈，发现她并不自在。你说什么都惹她不快，谈话难以继续。——^^抱歉，你刚才说了什么？失礼了，我在想别的事。再见。
str_flirt_messalina_neutral|——你与她交谈，发现她颇为自在。她会笑你的某些笑话，却也不时打哈欠。——^^很高兴认识你，人总得表现得善于交际。
str_flirt_messalina_success|——你与她交谈，发现她很自在。她因你的笑话发笑，并认真倾听。——^^你说话时带着志在必得的自信，我觉得……值得赞赏。我会饶有兴趣地关注你的前程。
str_flirt_messalina_crit_success|——你与她交谈，发现她非常自在。只有你知道做了什么，让她开始轻轻触碰你，接着吻了你。——^^——她微笑着，眼中闪过算计的光。——^^像你这样有野心的人，若有合适盟友，定能成就大事。我们该谈谈，未来对彼此意味着什么。
str_flirt_conventional_failure|——你与她交谈，发现她并不自在。你说什么都惹她不快，谈话难以继续。——^^哦！先生，你这样冒进……实在有失体面。请保持适当距离。
str_flirt_conventional_neutral|——你与她交谈，发现她颇为自在。她会笑你的某些笑话，却也不时打哈欠。——^^你真是有礼的谈伴，谢谢这段愉快消遣。
str_flirt_conventional_success|——你与她交谈，发现她很自在。她因你的笑话发笑，并认真倾听。——^^能与真正的绅士交谈，令人宽慰。你的谈吐十分迷人。
str_flirt_conventional_crit_success|——你与她交谈，发现她非常自在。只有你知道做了什么，让她开始轻轻触碰你，接着吻了你。——^^——她红着脸，轻轻碰了碰你的手臂。——^^天哪，你快让我忘记宫廷礼仪了！与你交谈真是愉快。
str_flirt_hedonistic_failure|——你与她攀谈，试图展现魅力，却只换来深深的厌倦。她毫不掩饰地环视四周，寻找更有趣的消遣。——^^诸神啊，你有认真尝试吗？与镜中的自己交谈都更有意思。一句话，你很无聊。
str_flirt_hedonistic_neutral|——谈话成为一场机智的嬉戏交锋。你有些话逗乐了她，但看得出，她仍在掂量你是否值得花时间。——^^有趣，我承认你有点火花。可火花不是烈焰，想真正抓住我的注意，还得更努力。
str_flirt_hedonistic_success|——她发出低沉而真诚的笑声，又靠近一步，目光锁住你的眼睛，带着新生的、猎食般的兴味。——^^好啊，你比外表有趣得多，带着某种……坏坏的机智。我倒想继续听了。
str_flirt_hedonistic_crit_success|——轻佻的打趣停下了。她靠近，声音压成低沉沙哑的耳语，手轻搭在你臂上。——^^说够了。我决定了，你这么有趣，只用来聊天太浪费。我的房间很安静，这宴会却无聊透顶。别让我等。
str_flirt_adventurous_failure|——你与她交谈，发现她并不自在。你说什么都惹她不快，谈话难以继续。——^^就这些？恕我直言，宫廷闲聊无聊透顶。我得去做……随便别的什么。
str_flirt_adventurous_neutral|——你与她交谈，发现她颇为自在。她会笑你的某些笑话，却也不时打哈欠。——^^你的战争故事很有意思，至少比讨论丝绸价钱强得多。
str_flirt_adventurous_success|——你与她交谈，发现她很自在。她因你的笑话发笑，并认真倾听。——^^终于遇到见过窒息高墙之外世界的人了！再说说你的旅途！
str_flirt_adventurous_crit_success|——你与她交谈，发现她非常自在。只有你知道做了什么，让她开始轻轻触碰你，接着吻了你。——^^骑马驰骋草原……哦，为了那份自由，我什么都愿意付出！你真正活过。或许某天能带我看看地平线之外？
str_flirt_otherworldly_failure|——你与她交谈，发现她并不自在。你说什么都惹她不快，谈话难以继续。——^^……抱歉，我刚才在听风，今日它带来许多悲伤故事。你说什么？
str_flirt_otherworldly_neutral|——你与她交谈，发现她颇为自在。她会笑你的某些笑话，却也不时打哈欠。——^^你的话像河里的石子，激起涟漪，流水却依旧向前。有趣的消遣。
str_flirt_otherworldly_success|——你与她交谈，发现她很自在。她因你的笑话发笑，并认真倾听。——^^你谈的事情触动我的灵魂，仿佛我们早已交谈过，也许是在梦里。
str_flirt_otherworldly_crit_success|——你与她交谈，发现她非常自在。只有你知道做了什么，让她开始轻轻触碰你，接着吻了你。——^^——她凝视着你，目光强烈得令人不安。——^^我如今看见了，我们的命运之线相互交缠。相遇并非偶然，月圆时必须再谈。
str_flirt_ambitious_failure|——你与她交谈，发现她并不自在。你说什么都惹她不快，谈话难以继续。——^^是，是，真迷人。现在失陪，我看见一位要人，必须去交谈。
str_flirt_ambitious_neutral|——你与她交谈，发现她颇为自在。她会笑你的某些笑话，却也不时打哈欠。——^^你有某种……潜力，能否实现，值得一看。
str_flirt_ambitious_success|——你与她交谈，发现她很自在。她因你的笑话发笑，并认真倾听。——^^你显然有权有势，这些特质……很有吸引力。我相信我们有许多可谈。
str_flirt_ambitious_crit_success|——你与她交谈，发现她非常自在。只有你知道做了什么，让她开始轻轻触碰你，接着吻了你。——^^别浪费时间客套，我们都知道自己想要什么。若结为同盟，彼此都能……获利极丰。
str_flirt_moralist_failure|——你与她交谈，发现她并不自在。你说什么都惹她不快，谈话难以继续。——^^大人！如此轻浮的闲话不合身份。我们对人民负有责任，没有时间听无谓恭维。
str_flirt_moralist_neutral|——你与她交谈，发现她颇为自在。她会笑你的某些笑话，却也不时打哈欠。——^^能与理解我们责任之重的人交谈，真好。
str_flirt_moralist_success|——你与她交谈，发现她很自在。她因你的笑话发笑，并认真倾听。——^^你对公正与荣誉的执着值得赞许。在这艰难时世遇到同道，令人振奋。
str_flirt_moralist_crit_success|——你与她交谈，发现她非常自在。只有你知道做了什么，让她开始轻轻触碰你，接着吻了你。——^^终于有人真心谈论美德！你的话让我对国家未来燃起希望，能认识你是我的荣幸。
str_tetraites_intro|我是忒特赖忒斯，从不列颠尼亚到埃及，每座竞技场都回荡着我的名字。他们说，我的短剑技艺由玛尔斯亲赐。也许你听过我的胜绩？
str_tetraites_greeting|你好，{playername}，很高兴再见。浴场是缓解竞技场伤痛的好地方。
str_spiculus_intro|斯皮库卢斯，记住这个名字。对手恐惧地低语，观众崇敬地高呼。凯撒尼禄本人也十分宠爱我。我是颇有名望的鱼盔角斗士，胜利带来的不只有自由。
str_spiculus_greeting|幸会，{playername}，看来你在领略罗马的辉煌。
str_hermes_intro|他们叫我赫尔墨斯，脚步迅捷，刀锋致命。诗人马尔提亚曾写诗赞颂，证明我的本领。一个世纪以来，我都是竞技场的宠儿。你来找一个卑微角斗士有何贵干？
str_hermes_greeting|你好，{playername}，蒸汽对肌肉有奇效。
str_flamma_intro|我是弗拉马，生于叙利亚，却在竞技场的血腥仪式中成为罗马人。象征角斗士自由的木剑，我被授予过四次，也拒绝了四次。我只懂斗士的生活。
str_flamma_greeting|{playername}，看来你还活着。
str_marcus_attilius_intro|我是马尔库斯·阿提利乌斯，自愿选择角斗士生活的罗马公民。初登竞技场时，我只是新手，却对上尼禄角斗学校的老手希拉鲁斯，他已有十三场胜绩。我击败了他。如今庞贝的涂鸦刻着我的名字，见证这场意外胜利。
str_marcus_attilius_greeting|你好，{playername}，又在永恒之城度过一天。
str_diocles_intro|你面前的是阿普莱乌斯·狄奥克勒斯，卢西塔尼亚人，却以大竞技场之主闻名帝国。他们叫我“拉梅库斯”，我代表红队赢得的胜利堪称传奇。我赢过一千多场，挣得的塞斯特尔提乌斯比多数元老一生所见都多。找我何事？
str_diocles_greeting|幸会，{playername}，观众的欢呼仍在耳边回荡，浴场的宁静倒是令人欣慰的变化。
str_scorpus_intro|我是斯科尔普斯，绿队的骄傲！观众爱戴我，凯撒亲赐自由与巨额财富。人们说我善于最后弯道反超，转败为胜。两千多场胜利，会让名字流传永世。
str_scorpus_greeting|你好，{playername}！见到友善的面孔总是愉快。
str_desc_ludi_romani_emperor|罗马竞技节！^^身为元首与最高祭司，你肩负主持开幕的神圣职责。全城期待你率领盛大游行，向至善至大的朱庇特献上必要祭品，祈求诸神再赐一年庇佑。职责完成后，你资助的战车赛、角斗和戏剧将供民众观赏。庆典持续七天，务必让它配得上献给诸神之父的敬意。
str_desc_ludi_romani|罗马竞技节！^^最古老、最盛大的竞技节即将到来，罗马全城满怀期待，准备向至善至大的朱庇特致敬。战车将在大竞技场轰鸣，角斗士将在场内争锋，演员将登台献艺。节庆持续七天，你可趁此观看盛会、敬奉诸神。
str_desc_saturnalia_emperor|农神节！^^农神节已至，连身为元首的你，也须拥抱这段备受欢迎的混乱时光。作为最高祭司，你应代表国家向萨图尔努斯献祭，开启节庆，迎回哪怕短暂的黄金时代。随后须摘下冠冕，参与宴饮与赠礼。七天里，你不仅是统治者，也是社会秩序欢快倒置的参与者。
str_desc_saturnalia|农神节！^^欢宴与快乐的混乱席卷帝国，宣告农神节到来！为了纪念萨图尔努斯，旧秩序将颠倒七天。奴隶畅所欲言，主人服侍仆从，街头掷骰也不必害怕处罚。宴饮、饮酒、赠礼成为日常。你有七天参与这项珍贵传统，庆祝黄金时代的记忆。
str_quest_desc_ludi_romani_emperor|身为元首与最高祭司，你肩负为罗马竞技节揭幕的神圣职责。尽快前往{s44}。
str_quest_obj_ludi_romani_emperor|主持一次国家祭祀，最好亲自出席。
str_quest_desc_ludi_romani|罗马竞技节即将到来，全城满怀期待！前往{s44}参与。
str_quest_obj_ludi_romani|至少在朱庇特神庙举行一次小型祭祀。
str_quest_desc_saturnalia_emperor|农神节！^^农神节已至，身为最高祭司，你应代表国家向萨图尔努斯献祭，开启节庆，迎回黄金时代。尽快前往{s44}。
str_quest_obj_saturnalia_emperor|主持一次国家祭祀，最好亲自出席。
str_quest_desc_saturnalia|农神节！^^欢宴与快乐的混乱席卷帝国，宣告农神节到来！前往{s44}参与。
str_quest_obj_saturnalia|至少在萨图尔努斯神庙举行一次小型祭祀。
str_ludi_romani_dialogue_1|你好，{s0}。去大竞技场吗？今天我押绿队！
str_ludi_romani_dialogue_2|你好，{s0}。诸神在上，广场里几乎挤不动！全世界都来罗马看竞技了。
str_ludi_romani_dialogue_3|你好，{s0}。今早游行壮观极了，真是献给至善至大朱庇特的盛大敬礼。
str_ludi_romani_dialogue_4|你好，{s0}。战车赛是给乌合之众看的，我想在竞技场看一场技艺精湛的角斗。
str_ludi_romani_dialogue_5|你好，{s0}。希望诸神喜欢祭品，全城的福运都系于此。
str_ludi_romani_dialogue_6|你好，{s0}。别管竞技场了，庞培剧场的悲剧才是真正的盛宴。
str_ludi_romani_dialogue_7|你好，{s0}。我看见一个元老押红队，输掉大笔钱，真是美好的一天！
str_saturnalia_dialogue_1|农神节快乐，{s0}！别站着，来喝酒！
str_saturnalia_dialogue_2|你好，{s0}。昨晚主人给我端晚饭，难吃极了，可重要的是这份意义！
str_saturnalia_dialogue_3|你好，{s0}。刚才我骂一位官员是木头脑袋，他却只管笑！一年里最美好的时节！
str_saturnalia_dialogue_4|你好，{s0}。掷骰把钱输光了，可谁在乎？农神节到了，今天就是要赌！
str_saturnalia_dialogue_5|你好，{s0}。别忘了给孩子买蜡烛和小泥人，市场简直疯了。
str_saturnalia_dialogue_6|你好，{s0}。怎么没戴象征自由的毡帽？你到底有没有过节？
str_saturnalia_dialogue_7|你好，{s0}。全城都醉了，仿佛黄金时代重临！农神节快乐！
str_default_town_walker_dialogue|你好，{s0}。城里又是寻常一天。
str_saturnalia|农神节
str_ludi_romani|罗马竞技节
str_sacrifice_success_small_desc|你怀着应有的敬畏举行祭祀。献祭羔羊的内脏毫无瑕疵，占卜师也未见天上凶兆。祭司宣布诸神接受供奉，国家义务已履行，民众满意地低声议论。
str_sacrifice_success_medium_desc|你庄严举行仪式。征兆吉利，祭牛内脏完美，人群中涌起赞许之声。祭司宣布诸神悦纳你的虔诚。
str_sacrifice_success_large_desc|你主持盛大祭祀，献上意大利各地最好的白牛。祭火之烟直升天际，资深占卜师指着头顶盘旋的雄鹰高声呼喊。祭牲内脏不仅完美，还预示未来的极大繁荣。祭司宣布，诸神明确眷顾你与整个罗马，人群爆发狂喜的欢呼。
str_sacrifice_delegated_desc|你将职责交给祭司团，他们以你的名义妥善举行仪式。祭祀在程序上有效，却有人私语凯撒不及先帝虔诚。诸神得以安抚，民众却未受鼓舞。
str_sacrifice_refused_desc|你以国事更为紧要为由拒绝献祭。祭司与民众震惊地陷入沉默。如此公然忽视诸神，被视为可怕的凶兆。节庆在不确定与神明不悦的阴影下开始。
str_feast_preparation_intro|阿克提亚竞技节结束，尼禄戴着比凯旋将军更多的桂冠，宣布该举行他的凯旋庆典了。你搜集的珍贵食材已可施展变化，总督的厨房、人员与资源都听你调遣。这场传奇盛宴成败，全在准备方式。
str_feast_prep_player_cooks_desc|{s8}^^随从中没有能干的厨师，准备盛宴的重任落到你肩上。你在总督厨房忙了数小时，煎锅滋响、藏红花飘香，偶尔冒起烟柱，混乱如交响。你以百夫长的威严指挥厨房奴隶，用临场发挥弥补厨艺不足。结果出乎意料地不错：虽非精致杰作，却是一顿丰盛乡土饭菜，看得出费尽心力。
str_feast_prep_good_cook_desc|{s8}^^你将准备工作交给能干的厨师，他以大师般沉着的威仪掌控总督厨房，宛如奏出厨艺乐章。法勒努姆酒冷却得恰到好处，酱汁泛着藏红花的金色，孔雀烤得完美，仿佛随时能飞离餐盘。一场真正的杰作正在酝酿。
str_feast_prep_bad_cook_desc|{s8}^^你将任务交给厨师，可惜他的热情胜过本领。总督厨房迅速陷入混乱，一只珍贵孔雀略有烤焦，藏红花放得太多，酱汁几近发苦，大量法勒努姆酒似乎在试味时“蒸发”了。这是一场英勇却笨拙的尝试，硬要将黄金变成铅块。
str_feast_begins|{s9}^^准备完毕，宾客陆续抵达。总督别墅充满音乐与交谈声，尼禄准备隆重登场。宴会该开始了。
str_eystachus_seeks_audience_menu_text|奥林匹亚又过数日，独特的“帝国竞技会”筹备如火如荼。你巡视尼禄别墅的安保时，一个满面忧虑的人走来，自称埃斯塔库斯，竞技会的主办官，也是主要组织者和赞助人。^^“能否借一步说话？”他压低声音急切地问，紧张地瞥向禁卫军。“有件……共同关心的事，为了奥林匹亚。请随我去个不会被偷听的地方。”
str_wrestler_refusal|从学会走路起，我就被教导，赢得这些比赛是最高荣誉。你要我抛弃整个人生的追求，我拒绝。
str_runner_refusal|赢下赛跑，便是一生的英雄。人们立像、作诗，富人出重金。你要我放弃这些？我的价码不会低。
str_charioteer_refusal|我的马、我的战车……这是专业营生。凭声誉，从科林斯到亚历山大里亚，我都能赢奖金。败北即使输给凯撒，也有损生意。
str_boxer_refusal|我战斗，我取胜，我只懂这些。说话是元老的事，我懂的是拳头。
str_pankratiast_refusal|我在这里赢过三次，有责任向诸神和奥林匹亚精神尽忠，全力参赛。你要我做的是渎神。
str_eystachus_progress_none|一个都没有？诸神在上，你谁都没说服？开幕式快到了！必须尽快让他们明白道理！
str_eystachus_progress_some|说服了{reg1}人？是个开始，但仅此而已。最顽固的冠军还在，请别松懈，这片圣地的命运取决于你。
str_eystachus_progress_many|说服了{reg1}人……真的？太让人宽慰了！就快成功，再说服几位，我们就能松口气。诸神眷顾你的努力！
str_olympic_games_progress_menu_text|帝国竞技会以难以想象的壮丽场面开幕。三天里，奥林匹亚陷入操纵比赛与狂欢的旋涡。果不其然，尼禄胜绩如雨：对手的战车神秘损坏，让他赢下车赛；摔跤对手不战而降，让他获宣布为胜者；朗诵和里拉琴演奏则赢得预先安排的雷鸣掌声。^^凯撒沉醉于人为制造的荣耀，你却被枯燥的职责吞没。每日安排禁卫巡逻，检查酒食是否有毒，观察紧张沉默的人群，寻找不满迹象。气氛不像庆典，倒像一点就炸的火药桶。^^最后一晚，你守在尼禄别墅偏僻的柱廊，看见波佩娅·萨比娜走来。她遣散侍女，神情平静而凝重，显然想单独与你交谈。
str_drinking_game_intro_sober|——酒杯斟满，气氛高涨。——
str_drinking_game_intro_tipsy|——房间愉快地旋转起来，维特里乌斯开始列举吃过的每种酱汁。——
str_drinking_game_intro_drunk|——一切都……亮晶晶的。尼禄还没讲笑话，克里斯皮尼拉就笑了。——
str_vitellius_banter_sober|——维特里乌斯晃动杯中酒。——^^佳酿，带着……胜利的气息，还有一丝希迈托斯蜂蜜香。配烤睡鼠一定不错。
str_vitellius_banter_drunk|——维特里乌斯紧盯一盘水果。——^^葡萄……在看我。我想……该吃掉它们……证明谁说了算。
str_crispinilla_banter_sober|——克里斯皮尼拉向你靠近，眼睛闪闪发光。——^^神圣的尼禄今晚状态真好，不是吗？如此热情，真是……鼓舞人心。
str_crispinilla_banter_drunk|——克里斯皮尼拉指着雕像咯咯笑。——^^他像我第三任丈夫！——嗝——……还是第四任？实在记不清……
str_feast_end_drinking_text|你与维斯帕先坐在角落。夜色渐深，盛宴模糊成酒气与谄媚笑声，你和老兵却进入安静的节奏。他话不多，一开口便是见过十几个凯撒、还打算再见十几个的人才有的冷幽默。^^“看看他们，”他某时举杯指着试图跳舞的元老低语，“以为这就是权力。蛮族冲锋时守住阵线，才叫权力。这些……不过噪声。”^^你们分享旧战事，以同样超然的兴味观看闹剧。终于，晨光穿窗，给疲惫狂欢者熟睡的身影投下长影。盛宴和大巡游，终于结束。^^{s13}
str_feast_end_watching_text|你在柱廊旁找到安静壁龛，正适合旁观而不卷入混乱。从阴影中看去，尼禄宫廷的大戏正上演。他是众多小行星环绕的太阳，向无法离场的听众朗诵，眼中满是自我陶醉。克里斯皮尼拉在一位元老耳旁低语，洛库斯塔则以令人不安的审视目光观察另一位。奥古斯塔波佩娅如女神穿行人群，一句和言、一道冷眼，用无形丝线操纵一切。^^你如清醒无声的幽灵置身狂欢，仅凭在场便履行职责。终于天色渐亮，最后的醉酒廷臣踉跄离去，寂静而满地狼藉的大厅只剩你一人。盛宴和大巡游终于落幕。^^{s13}
str_locusta_romance_outcome|阳台夜风清凉，与宴席的燥热截然不同。洛库斯塔一言不发，双手出奇有力，冷静如医者，扣住你的喉咙。力道混合激情与冷静、精确的压迫。她不是在吻你，而是在观察实验。^世界缩成颈间跳动的脉搏，肺里的空气愈来愈稀薄。你在骇人的狂喜与失去意识之间摇摆。视线模糊时，她脸上闪过一丝快意，也可能只是探究的好奇。^黑暗即将吞没你，她松开双手。你大口喘气，世界随着眩晕重新涌来。她以同样超然的兴趣看你恢复……^^终于，晨光穿窗，给疲惫狂欢者熟睡的身影投下长影。盛宴和大巡游，终于结束。^^{s13}
str_crispinilla_romance_outcome|储藏室昏暗，空气里充满洒落的酒和旧陶器气味。没有伪装，没有浪漫，只有两个沉溺享乐的人笨拙而急切地摸索。克里斯皮尼拉一言不发地跪下，高窗泄入的一线月光映亮双眼，她急切地将你私密的短剑含入口中。^她的举动凌乱、热烈，尽是醉意中的欲望。过程很快，以黑暗中两人气喘吁吁的笑声结束。^你们各自踉跄返回喧闹的宴席，除了短袍上淡淡不散的橄榄油气味，未留下任何痕迹……^^终于，晨光穿窗，给疲惫狂欢者熟睡的身影投下长影。盛宴和大巡游，终于结束。^^{s13}
str_messalina_romance_outcome|私人餐室寂静，只点一盏油灯。斯塔提利娅倚在榻上，半闭双眼等待。你从盘中拿起一颗浸满蜂蜜的饱满椰枣。^你把果子送到她唇边，她不伸手接，只微微张唇，目不转睛地等着。你轻轻送入口中，手指擦过柔软湿润的嘴唇，她喉间溢出轻吟，幸福地闭眼品味。^一颗又一颗，缓慢、亲昵而充满感官诱惑。这不是饥饿，而是放下控制、享受服侍和满足。她引导你的手，指尖在你臂上轻划，你喂她无花果、葡萄和甜糕，轻柔的欢愉声充满小室……^^终于，晨光穿窗，给疲惫狂欢者熟睡的身影投下长影。盛宴和大巡游，终于结束。^^{s13}
str_sulpicia_romance_outcome|仆役浴室狭小、蒸汽氤氲，远离宴席喧哗。苏尔皮基娅坐在大理石长凳上，将疲惫双脚浸入温暖香水，轻舒一口气，带着期待与脆弱望向你。^你默默跪下，从水中抬起一只脚，双手托住柔软优美的足弓。当你吻上脚背，舌尖描摹湿润皮肤下细巧的骨骼，她只猛吸一口气。你转向另一只脚，亲吻脚底、脚跟和纤细脚踝，她蜷起脚趾。^这是缓慢而虔敬的膜拜，室内只有她轻柔颤抖的叹息。水渐凉，空气却愈发浓热。她双手探入你的头发，不拉扯，只轻轻引导，让你的关注从双足缓缓而有意地向上移去……^^终于，晨光穿窗，给疲惫狂欢者熟睡的身影投下长影。盛宴和大巡游，终于结束。^^{s13}
str_plautilla_romance_outcome|房间昏暗。门一关，普劳提拉就将你推向描绘特洛伊战争的厚重画面，背对着你。“别温柔，”她低语，声音混着酒意与迫切渴望，“我受够了温柔。”^你咬住她肩上柔软的皮肤，力道足以留下淤痕。她没有痛呼，却发出尖锐颤抖、纯粹愉悦的喘息，双手抓紧粗糙墙面。^她转身面对你，眼中在黑暗里燃着挑战。你重重扇过她脸颊，头猛地偏向一旁，却立刻转回来。红掌印浮现，她唇边露出狂野喜悦的笑。“再来。”这句喘息是命令。^余下的一切化作粗重的双手、尖锐指甲，以及咬破嘴唇后甜腥的金属味。你们狂乱急切地探索痛苦与狂喜的边界，在共同的醉意中放纵。离开时，她带着淤伤微笑着靠墙，先前的倦怠已消失殆尽……^^终于，晨光穿窗，给疲惫狂欢者熟睡的身影投下长影。盛宴和大巡游，终于结束。^^{s13}
str_fabia_romance_outcome|你踉跄穿过走廊，找到门半掩的书房。法比娅已在里面等候，锁上你身后的门，俯身倚着巨大的红木书桌，短袍早已撩至腰间。酒与昂贵香水混合的气味充满小室。她回头看你，神情兼有命令与饥渴的期待。^^“我等烦了。”她声音低沉而稳定。^^你醉醺醺地笨拙解腰带，与她从容的准备形成反差。她有力地引导你站到身后，没有亲吻拥抱，只有锐利的命令低语：“现在。”^你进入她体内。没有痛叫，只有低沉的、深深满足的呻吟。你在她体内动作，她紧抓桌沿，指节发白。这场激烈近乎粗暴的交合，结束得和开始一样迅速……^^终于，晨光穿窗，给疲惫狂欢者熟睡的身影投下长影。盛宴和大巡游，终于结束。^^{s13}
str_verania_romance_outcome|书房灯光昏暗，巨桌与椅上披着的完整狮皮格外醒目。维拉尼娅关门转身，双眼闪亮。“穿上。”她低声命令。^^沉重皮毛落在肩头，麝香般的气味占满感官。重量、气味、脑中的醉雾，共同剥去最后一点文明外衣。胸中低吼涌起，竟如此自然。^^她注视变化，呼吸加快。不是害怕，而是兴奋。她缓缓伏上柔软地毯，姿态顺从，眼中却燃着饥渴而挑战的火。她是将猎手引入陷阱的猎物。^^你四肢着地，狮鬃与头发交缠。没有语言，只有狩猎的原始声响。双手仿佛利爪扣住她臀胯，这是一场粗暴无言的支配，释放纯粹的兽性。你不再是士兵或尼禄的同伴，而是野兽，她是你的猎获。^结束后，你只是在地板上喘息、裹着死兽皮毛的醉汉……^^终于，晨光穿窗，给疲惫狂欢者熟睡的身影投下长影。盛宴和大巡游，终于结束。^^{s13}
str_spouse_minister_addition|当然，作为你的首席大臣，我还花了大量时间，代你处理繁琐国事。
str_spouse_ambitious_1|我每天都确保家族地位稳固。管理家务不是杂役，而是政治舞台：宴请合适客人，搜集闲谈……亲爱的，经营得当的别墅就是武器。{s41}
str_spouse_ambitious_2|我花时间培育人脉，写信给盟友，接收密探报告，确保我们的姓氏在关键圈子里受到尊敬。真正的权力斗争，靠笔墨和影响力取胜，不只刀剑。{s41}
str_spouse_ambitious_3|这座宅邸是关系网的中心。我监督一切，确保财富展示得当，仆从忠诚而敏锐。奴隶偶然听见的一句失言，可能比一袋金子更值钱。{s41}
str_spouse_moralist_1|我履行端正罗马主妇的职责，严管家务，杜绝浪费，监督纺织，教导奴隶勤劳节俭。体面的家庭建立在勤勉而非奢侈之上。{s41}
str_spouse_moralist_2|我致力于维护祖先之道，照料家神龛，核清每一第纳尔账目，让家园体现家族的虔诚与荣誉。我不像别的妻子，把丈夫的财富挥霍在轻浮玩意上。{s41}
str_spouse_moralist_3|作为妻子，我每天为这个家服务，管理厨房、缝制衣物，确保一切谦逊节省。妻子的职责，是成为丈夫功业建立的基石。{s41}
str_spouse_adventurous_1|真想听我无聊的生活？比起困在高墙里，我更愿与你赶路，让风吹过头发。既然问了……我管理家务，有空就读奥德修斯、亚历山大等伟大冒险家的故事。我羡慕你，亲爱的，你能亲身活出这些故事。{s41}
str_spouse_adventurous_2|我努力不被无聊逼疯。当然，也监督家务。空闲时在花园练弓，仆人觉得我疯了，也许是吧。我宁愿去喀里多尼亚猎野猪，也不愿在广场与商人讨价还价。{s41}
str_spouse_adventurous_3|是，我管理家务，却用军需官的效率：整理谷物、管理物资、监督奴隶“驻军”。我告诉自己，这是训练，等有一天你终于让我管理真正军团的辎重队。{s41}
str_spouse_otherworldly_1|谢谢关心，亲爱的。当然我会监督家务，但职责一完，就沉入诗的世界。最近读着奥维德最美的诗句，让我想起使人生值得度过的热情。{s41}
str_spouse_otherworldly_2|我的一天很简单，上午处理家务，下午有空就待在花园，照料花朵、聆听鸟鸣。那朴素的美，比罗马所有政治都诚实。{s41}
str_spouse_otherworldly_3|我做该做的，管理奴隶和饭菜。但拿起里拉琴时，真正的生活才开始。我正试着谱一首新曲，捕捉你上次出征归来时我的心情。{s41}
str_spouse_default_1|谢谢关心。与其他罗马妻子一样，我监督饭菜、管理家奴，确保家里舒适整齐，等你归来。生活简单，却很满足。{s41}
str_spouse_default_2|没什么特别的，亲爱的。普通家务：厨房储备充足，亚麻布干净，仆从不偷懒。有空就读家人来信。{s41}
str_spouse_default_3|我花时间确保家中运转顺畅，比你想的更难！从管理预算到调解奴隶纠纷，总有事要操心。{s41}
str_spouse_hedonistic_1|亲爱的，白天不过是夜晚无聊的序曲。我休息、沐浴、挑选完美衣裙，听城里的闲话。与健谈的元老夫人品酒时，能听到多少消息，你会吃惊。一切都是为了准备晚间娱乐。{s41}
str_spouse_hedonistic_2|若以为我在管理家务，你就错了，有奴隶干。我只确保他们不偷好酒。大部分时间都在对抗家庭生活沉重的无聊：去浴场，与英俊的诗歌教师调调情……当然，没什么认真。这能让头脑敏锐。{s41}
str_spouse_hedonistic_3|我的职责是美丽，亲爱的，而美需要保养。我拜访丝绸商人，试东方新香水，用牛奶沐浴，确保宅邸是享乐神殿，而非辛劳纪念碑。客人来时，应该眼花缭乱，不是吗？都是为了家族声誉。{s41}
str_lady_gift_reaction_adventurous_1|礼物？希望是故事里才听过的异国珍奇，让我看看！
str_lady_gift_reaction_adventurous_2|给我的？大马士革的利刃？斯基泰草原的强弓？快给我看！
str_lady_gift_reaction_adventurous_3|真兴奋！旅人的每份礼物都有故事，我迫不及待想听这个。
str_lady_gift_reaction_ambitious_1|礼物？明智之举，这些心意是城中权力运转的润滑油。看看带了什么。
str_lady_gift_reaction_ambitious_2|礼物衡量一个人的尊重……以及用处。让我看看，你有多看重这段关系。
str_lady_gift_reaction_ambitious_3|有趣的进展。礼物是对未来同盟的投资，来评估你的提议吧。
str_lady_gift_reaction_moralist_1|礼物？不该如此奢侈，会让人有所期待。不过，拒绝好意也失礼，我看看。
str_lady_gift_reaction_moralist_2|有德之妇不该为物质所动，可慷慨也是美德。好吧，是什么？
str_lady_gift_reaction_moralist_3|希望这只是友谊的心意，而非收买好感，让我看看。
str_lady_gift_reaction_conventional_1|给我的礼物？太好了！希望能在下次宴会上展示。
str_lady_gift_reaction_conventional_2|给我？你太好了，我最爱礼物。带了什么？
str_lady_gift_reaction_conventional_3|哦，礼物！贵不贵？快让我看看！
str_lady_gift_reaction_otherworldly_1|真体贴！礼物像发自内心的小诗，我想看看你为我写了怎样的诗句。
str_lady_gift_reaction_otherworldly_2|礼物？重要的不是价值，而是心意。你想到了我，才是真正的礼物。请给我看。
str_lady_gift_reaction_otherworldly_3|太好了，礼物像凝住的记忆，不知道这份藏着什么感情。
str_lady_gift_reaction_hedonistic_1|礼物？酒、丝绸，还是别的感官享受？别吊胃口！
str_lady_gift_reaction_hedonistic_2|给我的？真让人兴奋！希望有趣，不是又一件无聊实用品，那些我已经够多了。
str_lady_gift_reaction_hedonistic_3|礼物？想收买我的爱意？^^——她微笑。——^^开头不错，看看你挑礼物的品味，是否也像挑伴侣一样好。
str_lady_gift_reaction_default_1|礼物？你真好，看看是什么。
str_lady_gift_reaction_default_2|给我的？谢谢，很好奇你带了什么。
str_lady_gift_reaction_default_3|我确实喜欢礼物，来看看。
str_lady_react_adventurous_love|{s21}！如此鲜活，蕴藏故事。这才是真正的礼物，不是城里市场的小玩意。谢谢！
str_lady_react_adventurous_like|啊，{s21}，远方的珍宝，诉说长途跋涉与被遗忘之地。我会珍惜。
str_lady_react_adventurous_dislike|哦，{s21}，倒是……漂亮。不过原谅我，这类精巧东西没什么用处。还是收下吧。
str_lady_react_ambitious_love|{s21}。这不只是礼物，而是宣言，代表权势与影响，能向对手传达明确信息。谢谢。
str_lady_react_ambitious_like|这件{s21}精美贵重，适合彰显家族地位，是明智投资。
str_lady_react_ambitious_dislike|{s21}？真……乡土。缺少更……文明的礼物所具备的政治分量。不过心意记下了。
str_lady_react_moralist_love|{s21}！太奢侈了！礼物应象征友谊，不该炫富。我不能心安理得地享受这份奢华，但为免冒犯，还是收下。你真……慷慨。
str_lady_react_moralist_like|琥珀，朴素传统的礼物，简洁而美。我可以问心无愧地收下，谢谢。
str_lady_react_moralist_dislike|这件{s21}……很奢华。这种享受正会削弱罗马精神。我收下，但劝你今后送些更朴素的心意。
str_lady_react_hedonistic_love|{s21}太美妙了！仅这香气，就预示一个难忘的欢愉之夜。你的品味非凡，我得好好报答。今晚你让我开心极了。
str_lady_react_hedonistic_like|{s21}？选得好，代表美丽与放纵。我保证会好好利用，谢谢，亲爱的。
str_lady_react_hedonistic_dislike|{s21}？还……不错，但缺少某种……激情和水准。不过我会给它找个位置。
str_lady_react_otherworldly_love|{s21}……有遗忘花园与月光的气息。不是礼物，是瓶中的诗。你怎么知道？完美，由衷感谢。
str_lady_react_otherworldly_like|哦，{s21}，真美，似乎蕴含某种……灵魂，让我想起读过的一句诗。谢谢这份美好心意。
str_lady_react_otherworldly_dislike|{s21}？我知道贵重，却感觉太……世俗。诉说财富与征服，而非内心。不过我感激这份心意。
str_lady_react_conventional_love|{s21}！太华美了！下次宴会我就戴上，让城里每个女人都羡慕！谢谢，谢谢！
str_lady_react_conventional_like|哦，{s21}，真可爱！美丽又体贴的礼物，我会找到最合适的位置。万分感谢。
str_lady_react_conventional_dislike|{s21}？我想……很实用。谢谢心意，礼物我收下了。
str_lady_scheme_response_otherworldly|太好了，亲爱的！若这计谋能让我们多相处，我已经全心投入。
str_lady_scheme_response_ambitious|好，为提升地位作打算，就该让我参与。亲爱的，我们值得拥有更多权力。
str_lady_scheme_response_adventurous|计谋？听起来像冒险！算我一份，亲爱的，我会尽力帮助。
str_lady_scheme_response_moralist|坦白说，我觉得这种阴谋……有失荣誉。不过你是丈夫，若坚持如此，我会尽力协助。
str_lady_scheme_response_hedonistic|计谋？哦，多么诱人的邪恶！烦人的宫廷废话早让我厌倦。算我一份，亲爱的，听起来有趣得多。
str_lady_scheme_response_default|能帮助你是我的快乐，亲爱的。
str_lady_refuse_info_low_rel_moralist|我们几乎不熟，与泛泛之交谈家族隐私很不妥，我不爱嚼舌根。
str_lady_refuse_info_low_rel_ambitious|情报是资产，我不与忠诚未经证明的人分享资产。我们还没熟到能交心。
str_lady_refuse_info_low_rel_adventurous|空话不值钱，我只向久经考验的朋友进言，不向陌生人。我们共同走过的路、冒过的险，还不够谈这些。
str_lady_refuse_info_low_rel_otherworldly|抱歉，我的心告诉我，我们还不到分享秘密的时候。这是心灵之事，不是闲谈。
str_lady_refuse_info_low_rel_hedonistic|谈我那些沉闷亲戚？无聊透顶。这种话题需要更多酒，也需要比你给出的更好理由。
str_lady_refuse_info_low_rel_default|抱歉，我们还不够熟，不能谈家族私事，那不合适。
str_daughter_activity_adventurous|父亲，我在花园练弓！教师说该专心织布，可我更想学狩猎。我还读遍能找到的、关于您战役的卷轴。真希望能与您一同骑马出征。
str_daughter_activity_ambitious|我观察其他贵族家族，听广场里的议论，确保与合适的人一同露面。家族力量不仅在财富和军队，也在人脉。我正在了解谁是朋友，谁可能是对手。
str_daughter_activity_moralist|父亲，我履行职责，学习哲学，练习书写，监督家奴杜绝浪费，不参与许多同龄女孩喜欢的轻浮闲谈和堕落宴会。
str_daughter_activity_hedonistic|哦，您知道……努力别无聊！我去浴场，与朋友买新丝绸，寻找最有趣的宴会参加。姑娘总得有点娱乐，对吧？
str_daughter_activity_otherworldly|父亲，我在写诗，还想用里拉琴为丘比特与普绪刻的神话谱曲。不跟教师学习时，就喜欢坐在花园……思考。只要停下来看看，世界满是美。
str_daughter_activity_default|父亲，我和其他年轻姑娘一样，跟教师学习，空闲时与朋友外出。有时去剧场，遇到精彩比赛也去竞技场。
str_daughter_has_lover_adventurous|父亲！这是……私事。不过……是，有个人。他眼中有火，胸怀冒险，不谈庄园，只谈地平线外的世界。
str_daughter_has_lover_ambitious|——她露出一丝有盘算的微笑。——^^有位求婚者家世显赫，联姻对我们可能……十分有利。不过还早。
str_daughter_has_lover_moralist|——她满脸通红。——^^父亲，这种问题不合适！我……我是有德的少女，没什么可说。
str_daughter_has_lover_hedonistic|——她发出调皮而心照不宣的笑声。——^^也许有。有人比其他人……稍微不那么无聊，暂时而已。别担心，父亲，我只是在消遣。
str_daughter_has_lover_otherworldly|——她眼神迷离，神情如梦。——^^有个人的灵魂似乎与我共鸣。我们交谈时，像一首早已熟知的歌。
str_daughter_has_lover_default|——她脸红了。——^^哦，父亲……没有，没什么特别的人。
str_daughter_no_lover_adventurous|求婚者？诸神啊，没有。他们都那么无聊，只谈嫁妆与橄榄园。比起丈夫，我宁愿要匹好马。
str_daughter_no_lover_ambitious|当然有人求婚，但政治上都不合适。婚姻是一个家族最重要的同盟，我不会浪费在无足轻重的婚配上。
str_daughter_no_lover_moralist|没有，父亲。我专心学习，履行家中职责。那些事等时机成熟再说，绝不提前。
str_daughter_no_lover_hedonistic|我恋爱了？天哪，没有。城里还没遇见不无聊的男人。反正追逐比猎物本身有趣得多。
str_daughter_no_lover_otherworldly|没有，父亲，还没人打动我的心。我会等诗中的爱情，哪怕永远等下去。
str_daughter_no_lover_default|没有，父亲，谁都没有。
str_mayor_refuse_info_low_rel_dishonorable|旅人，你的名声早已传来。听说你品行低劣，不重誓言，我不会向不可信的人透露秘密。
str_mayor_refuse_info_low_rel_outlaw|你浑身匪徒臭味，我不会与普通强盗议论本城领主。没叫卫兵，已算你幸运。
str_mayor_refuse_info_low_rel_at_war|你是本城的敌人！把我当傻子还是叛徒？我宁愿割舌，也不会透露领主的消息。
str_mayor_refuse_info_low_rel_generic|为什么向陌生人说这些？我们不是朋友，没别的话可说。
str_censor_needed_to_show_personality|未知（监察官）
str_lady_gossip_lucia_sabina_adventurous|真是悲惨，先是丈夫死在日耳曼荒野，如今儿子又死在不列颠尼亚。这样孑然一身……我宁愿战死，也不想在孤寂别墅里凋零，周围秃鹫争夺遗产。但愿她找到安宁。
str_lady_gossip_lucia_sabina_ambitious|这是罗马眼下最重要的政治变化。儿子一死，卢基娅·萨比娜的财产便成了全城最大的奖赏。她选择丈夫，将改变几个大家族的权力平衡。阿莫鲁斯·瓦伦提努斯占得先机，他父亲这局下得不错。
str_lady_gossip_lucia_sabina_moralist|可耻的场面！可怜女人正为独子服丧，城中青年却如乌鸦盘旋，只看见财富，不看她的悲痛。这就是时代道德败坏的标志。若非得找丈夫，希望她能找到品行端正的人。
str_lady_gossip_lucia_sabina_hedonistic|哦，真是精彩的戏！全城最富有的寡妇日渐憔悴，罗马每个英俊的年轻逐财者，都想赶在她死前爬上她的床。比剧院还精彩！我押阿莫鲁斯·瓦伦提努斯，他冷酷彻底，又颇迷人，想要的一定会到手。
str_lady_gossip_lucia_sabina_otherworldly|真令人心碎，丈夫和儿子都死在蛮族边疆，她一定伤心欲绝。人们只谈财富和求婚者，却忘了她是个深陷痛苦的女人。无法想象那份悲伤。
str_lady_gossip_lucia_sabina_default|没听说卢基娅·萨比娜的事？丈夫数年前死于日耳曼尼亚，独子如今又死于不列颠尼亚。她是罗马最富有的女人，却没有继承人！每个年轻贵族都想在疾病夺走她之前娶她，人人都在谈。
str_lady_react_pursue_widow_adventurous|你也要加入争夺？小心，困兽最危险。她的别墅在阿文提努斯山。
str_lady_react_pursue_widow_ambitious|——她露出锐利而审视的微笑。——^^有野心，极有野心。若成功，一夜之间便跻身罗马权势顶峰。她住阿文提努斯山的大别墅。祝好运，你要与阿莫鲁斯·瓦伦提努斯竞争。
str_lady_react_pursue_widow_moralist|你也这样？我还以为你品格更好。掠夺悲伤中的女人，真可耻。非去不可的话，她的别墅在阿文提努斯山。
str_lady_react_pursue_widow_hedonistic|果然如此！凭什么让阿莫鲁斯独享乐趣？^^——她大笑。——^^你的胆量让我不知该惊骇还是佩服。去吧，她在阿文提努斯山的别墅里。尽量把故事弄得有趣些。
str_lady_react_pursue_widow_otherworldly|请温柔待她，她已经心碎。别为了钱再添痛苦。别墅在阿文提努斯山。
str_lady_react_pursue_widow_default|所以你也想试试运气？倒也怪不得你。她的大别墅在阿文提努斯山。
str_lady_intro_adventurous|你看起来像旅人，很好，同样的无聊面孔我早看腻了。你是谁？
str_lady_intro_ambitious|我不认识你。在宫廷，陌生面孔不是机会就是威胁，你属于哪种？
str_lady_intro_moralist|恕我冒昧，我们似乎未正式介绍。不知姓名便继续交谈，不太妥当。
str_lady_intro_hedonistic|哟，新面孔，而且并不难看。别傻站着，介绍自己，让我开心点。
str_lady_intro_otherworldly|抱歉，我刚才出神了。你的气场颇为……强烈。仿佛应该认识，却又不认识。你是谁？
str_lady_intro_default|你看起来很陌生，我们见过吗？
str_lady_flirt_continue_adventurous|一直盼着再见你，稍后或许能多讲些旅途故事……
str_lady_flirt_continue_ambitious|很高兴见你，继续交往也许对彼此……有利。稍后再谈。
str_lady_flirt_continue_moralist|——她微微点头，赞许几乎难以察觉。——^^我正要暂时告退，不过不反对在更合适的时候继续交谈。
str_lady_flirt_continue_hedonistic|啊，有趣的人回来了。我现在有事，稍后来找。我决定了，还没对你厌倦。
str_lady_flirt_continue_otherworldly|真高兴你在这里，我刚还想着我们谈过的诗。等不忙时，一定再聊。
str_lady_flirt_continue_default|我正要暂时告退，或许稍后有机会再谈……
str_lady_dislike_adventurous|我很忙，找别人烦去。
str_lady_dislike_ambitious|你对我没用，别浪费时间。
str_lady_dislike_moralist|{大人/夫人}，您快越过礼仪界限了。我没别的话可说。
str_lady_dislike_hedonistic|又是你？还以为你懂暗示了。你很无聊，走开。
str_lady_dislike_otherworldly|请原谅，我……感觉不到彼此有什么联系，最好另寻陪伴。
str_lady_dislike_default|那么，请容我失陪……
str_lady_continue_adventurous|下一个大冒险是什么？还是找我有事？
str_lady_continue_ambitious|好，我能为你做什么？或者，你能为我做什么？
str_lady_continue_moralist|既然已正式认识，有什么能帮忙？
str_lady_continue_hedonistic|好，我暂时注意到你了，想要什么？
str_lady_continue_otherworldly|很高兴认识你，有什么心事？
str_lady_continue_default|有什么能帮你？
str_lady_meet_famous_adventurous|当然，听过你的事迹。终于见到懂得人生该亲历而非旁观的同道，真是荣幸。
str_lady_meet_famous_ambitious|你的名字广为人知，已成为国内举足轻重的人物。很高兴结识有影响力的人。
str_lady_meet_famous_moralist|是，我听过你的名字，希望行为也像声望一样光荣。很高兴见你。
str_lady_meet_famous_hedonistic|啊，大名鼎鼎的{playername}！你的故事……颇有趣。我很好奇，本人是否也一样好玩。
str_lady_meet_famous_otherworldly|当然，你的名字已织入诗人的宏大歌谣，仿佛早已相识。
str_lady_meet_famous_default|当然，终于认识你，真好。
str_lady_meet_unknown_adventurous|{playername}？新面孔。每个旅人都有故事，你的呢？
str_lady_meet_unknown_ambitious|{playername}？没听过，我应该知道吗？
str_lady_meet_unknown_moralist|幸会，{playername}。美名来自善行，而非已有的声望。
str_lady_meet_unknown_hedonistic|{playername}？在值得记住的宴会上，似乎没听过这名字。你……值得认识吗？
str_lady_meet_unknown_otherworldly|名字陌生，眼中却有故事。很高兴认识你，{playername}。
str_lady_meet_unknown_default|{playername}？似乎从未听说过。
str_rumor_curfew|领主颁布夜间宵禁，害惨了我的生意，为了什么？犯罪一点没少。希望他早日清醒，撤销这无用法令。
str_rumor_dacian_begin|知道我们达契亚人自称“狼”吗？古老而骄傲的名字。
str_rumor_dacian_1|罗马商人越来越多，笑着送钱，我却不信。他们真正想要什么？山又不是黄金造的……难道是？
str_rumor_dacian_2|今年收成好，诸神眷顾。粮价应该快降了，对谁都有益。
str_rumor_dacian_3|扎尔莫克西斯的祭司说诸神发怒，若不适当献祭，下次收成就会惨败。但愿只是在吓人。
str_rumor_dacian_4|各部落本该团结在一王之下，可旧怨难消。听说上周两个氏族还为牧场打了一仗。
str_rumor_dacian_5|草原游牧民真是永远的祸害！东来的旅人总带来新消息，骑兵抢村庄、偷牛。什么时候才能摆脱？
str_rumor_dacian_6|森林越来越危险，猎人说狼群更大、更大胆。夜行要小心。
str_rumor_dacian_7|大道上匪徒成患，能结大队就结队走。
str_rumor_dacian_8|听说大祭司对国王的影响，比他的军事议会还大。有人低语，真正统治达契亚的是祭司，不是国王。
str_rumor_dacian_9|我们的金匠天下第一，听说本地刚做出一条项链，美得能让女神流泪。
str_rumor_dacian_10|林边农民又在说，发誓月光下见到狼人。多半是迷信蠢人，可还是小心为好。
str_rumor_dacian_end|最近没听说有趣的事。
str_rumor_celtic_begin|我们凯尔特人总是内斗，不过罗马人来了，至少有共同的敌人可恨。
str_rumor_celtic_1|罗马人来干什么？岛上只有雾与苦难。有人说他们是古神派来的恶魔，惩罚被遗忘的罪。
str_rumor_celtic_2|今年雨水好，收成足，至少冬天不会饿死，赞美诸神。
str_rumor_celtic_3|女德鲁伊警告，今年收成会差，雨太多，庄稼烂在地里。苦日子来了。
str_rumor_celtic_4|听说要结大同盟，让所有部落联合，把罗马人赶下海。可……我们是凯尔特人，开战前大概就先内斗了。
str_rumor_celtic_5|前几天有朝圣者经过，去南方的大石环。古怪沉默的一群人。
str_rumor_celtic_6|进林子小心，狼群饿着呢。
str_rumor_celtic_7|听说深林住着仙灵，会用美妙音乐引你迷路，骗你跳一百年的舞。还是沿路走吧。
str_rumor_celtic_8|我的酒馆外竟发生谋杀！年轻女孩死在路上，生意遭殃，凶手还不知道是谁。
str_rumor_celtic_9|我们是热爱自由的骄傲民族。罗马人何时才能明白，永远离开这座岛？
str_rumor_celtic_10|昨天一个农民脸色惨白地进来，发誓田里有恶魔，人身羊眼。大概喝多了啤酒。
str_rumor_celtic_end|最近没听说有趣的事。
str_rumor_sarmatian_begin|部落又闹起来了。利波克赛斯因马被偷，袭击了阿尔波克赛斯。总有事端，只有共同敌人可劫时，才停止内斗。
str_rumor_sarmatian_1|我们是世上最自由的人民，哪里草绿水甜就去哪。没有墙，没有主人，只有头顶天空、脚下大地。
str_rumor_sarmatian_2|牲畜肥壮，牧草青绿，诸神满意，好日子就在前头。
str_rumor_sarmatian_3|东边牛群闹瘟疫，可怕的凶兆，许多家庭今冬会挨饿。
str_rumor_sarmatian_4|每到春天，年轻战士就聚集劫掠。上周一支队伍从达契亚满载战利品和奴隶回来，收获不错。
str_rumor_sarmatian_5|身为游牧民，总与边境的定居者冲突。他们在地上划线，我们赶牲畜，两者相处不好。
str_rumor_sarmatian_6|昨天射箭比赛，胜者是阿马宗部落女子。据说她能全速驰马，射中人头顶的苹果。
str_rumor_sarmatian_7|我的兄弟上个月赢了骑射赛，全速驰骋时，三百步外射中盾脐。世上最好的骑手在我们这里。
str_rumor_sarmatian_8|丘陵发现白鹿！先知说，猎获者将统一各部落、征服世界！
str_rumor_sarmatian_9|女智者在烟里看见凶兆，大战将至，却不知来自何方。
str_rumor_sarmatian_10|女智者仪式后总来这里喝一杯，对小店是莫大荣幸。
str_rumor_sarmatian_end|最近没听说有趣的事。
str_rumor_germanic_begin|上周他们把一个杀人犯吊在圣橡树上，献给诸神。这是习俗。
str_rumor_germanic_1|我们日耳曼人热爱自由，宁愿站着死在黑林里，也不愿跪着活在罗马城。
str_rumor_germanic_2|诸神满意，今年丰收，面包和啤酒都会有充足谷物。
str_rumor_germanic_3|女智者说收成会差，要更多祭品安抚诸神。我怕冬天得挨饿。
str_rumor_germanic_4|部落总有仇争，我们好战，这是血里的天性。
str_rumor_germanic_5|我的姐妹的丈夫是真勇士，听说曾独自击退十五名罗马斥候！
str_rumor_germanic_6|上周罗马商人来过，他妻子娇小苍白，像个孩子。我们的女人高大强壮，才适合生育战士！
str_rumor_germanic_7|我们的战士天下第一，在这里，不杀个罗马人就不算男人。
str_rumor_germanic_8|猎人说周围森林狼袭增多，独行要当心。
str_rumor_germanic_9|女智者说诸神满意近期胜利，许诺一个适合劫掠的季节。
str_rumor_germanic_10|照例满路匪徒，手别离剑。
str_rumor_germanic_end|最近没听说有趣的事。
str_rumor_parthian_begin|听说万王之王的妻子从不剪发，想必长得能当绳子。
str_rumor_parthian_1|旅人讲过帕提亚女王罗多古涅的故事。叛乱发生时，她正洗澡，发誓平乱前不编发，当天便披着湿发驰赴战场。真正的战士女王！
str_rumor_parthian_2|今年丰收，赞美阿胡拉·马兹达，粮价会低。
str_rumor_parthian_3|蝗群吞光东边田地。祭司说是阿里曼不悦的征兆，要求更多祭祀。
str_rumor_parthian_4|亚美尼亚国王铸了新币，一面是妻子，一面是谷穗，据说象征生育。
str_rumor_parthian_5|昨夜丝绸铺失窃，希望贼别打我酒窖的主意。
str_rumor_parthian_6|昨天一个奇怪商人经过，译员说他来自遥远东方的赛里斯，卖最好的丝绸。
str_rumor_parthian_7|唯一的消息是我侄子从骆驼上摔断腿，笨手笨脚的家伙。
str_rumor_parthian_8|听说附近山中有狮子袭击牧人，赶路当心，野兽饿着呢。
str_rumor_parthian_9|昨夜阿拉伯商人住宿，骆驼满载香料和熏香。我总爱见他们，付的是好银钱。
str_rumor_parthian_10|旅人吹嘘遭二十名阿拉伯劫掠者袭击，却赤手空拳全打败。我想他酒喝多了。
str_rumor_parthian_end|最近没听说有趣的事。
str_rumor_roman_begin|听说本地豪强被杀了吗？传言是妻子雇凶，因为他与年轻女人偷情。
str_rumor_roman_1|昨天一场火险些吞掉酒馆，多亏暴雨扑灭，赞美朱庇特。邻居的作坊已成灰堆。
str_rumor_roman_2|据说今年阿非利加和埃及丰收，粮食配给有保障，平民会高兴。
str_rumor_roman_3|征兆不妙，祭司说今年粮船会迟到。真如此，面包暴涨，必生暴乱。
str_rumor_roman_4|听说老普林尼五十多岁还未婚！如此地位的人，真奇怪。
str_rumor_roman_5|安静的一周，全城没一场大火。消防卫兵这回总算干对了点事。
str_rumor_roman_6|年轻诗人马尔库斯·特尔提乌斯迷恋卢基娅·特里娅，满城墙上写“马尔库斯爱卢基娅”。听说她只好雇人全擦掉，花费一定不小。
str_rumor_roman_7|小心城里医生，有三个客人抱怨他的“疗法”比疾病还难受，骗子一个。
str_rumor_roman_8|上流贵妇流行新风尚，觉得瘦才时髦，个个饿自己。要我说，早该如此，少吃几场宴会对她们有好处。
str_rumor_roman_9|上周几个奴隶逃出元老庄园，干得好。听说主人残忍，希望他们逃到日耳曼尼亚。
str_rumor_roman_10|客人抱怨元老院提出新“厕所税”，每次一第纳尔！想得到吗？荒唐透顶。
str_rumor_roman_end|最近没听说有趣的事。
str_rumor_caucasian_begin|国王聪明，拿罗马的金子、帕提亚的礼物，对双方都许诺忠诚。危险的游戏，像在两条巨龙间走细绳。
str_rumor_caucasian_1|听说又一个罗马军团向亚美尼亚边境进军，万王之王不会高兴。祈求我们的土地别再成战场。
str_rumor_caucasian_2|高山来的旅人讲了怪事，发誓看见巨鹰，正永恒啄食被古神锁在山上的泰坦普罗米修斯之肝。
str_rumor_caucasian_3|这季节山口凶险，上周整支商队葬身雪崩。
str_rumor_caucasian_4|小心军阀阿尔塔克西亚斯，听说他聚集山地部落战士，野心超过现有地位。
str_rumor_caucasian_end|最近没听说有趣的事。
str_rumor_egyptian_begin|今年尼罗河泛滥适度，赞美塞拉皮斯。田地肥沃，向罗马交粮税也不会太痛苦。
str_rumor_egyptian_1|亚历山大里亚三角洲街区，希腊人与犹太人又斗殴。长官只好调军团兵恢复秩序，这城像口沸锅。
str_rumor_egyptian_2|一个蠢货想盗帝王谷附近的古墓，昨天发现尸体，全身脓疮，皮肤黑如夜。告诉你，古老诅咒是真的。
str_rumor_egyptian_3|罗马粮务长官是水蛭，拿走最好的收成养罗马平民，只给我们糠秕。总有一天诸神会惩罚贪婪。
str_rumor_egyptian_4|缪斯学馆的学者又声称证明了世界是圆的，好像我们早不知道。该去发明让啤酒保冷的办法。
str_rumor_egyptian_end|最近没听说有趣的事。
str_rumor_judean_begin|昨天橄榄山又冒出先知，自称弥赛亚，中午就被罗马人抓了。本月第三个。
str_rumor_judean_1|总督向圣殿库房征新税，修引水渠。祭司愤怒，民众私议造反，危险的时代。
str_rumor_judean_2|短刀党昨天在下市场动手，一名亲罗马的富有地主背插匕首被发现。他们混入人群消失，没人看见什么。
str_rumor_judean_3|法利赛人与撒都该人又在圣殿庭院公开争吵，这回争天使有无自由意志。仿佛能帮我们交税似的。
str_rumor_judean_4|圣人从沙漠走来，瘦如芦苇，双眼如火，讲审判日将至，上帝会分开麦粒和糠秕。听着很不安。
str_rumor_judean_end|最近没听说有趣的事。
str_rumor_berber_begin|上周盖图利战团越过边境，袭击三座罗马别墅，辅助兵还没备马就走了。据说像幽灵般消失在沙漠。
str_rumor_berber_1|罗马军团长又计划沙漠“惩罚远征”。烈日酷热会夺走半数兵力，杀几只山羊后便宣布大捷，向来如此。
str_rumor_berber_2|穆苏拉米部落有了新酋长，听说是伟大战士，正试图将沙漠氏族统一在一面旗帜下。罗马可能有麻烦。
str_rumor_berber_3|加拉曼特来的盐队迟了两周。怕是迷失沙暴，更糟也许遭了沙漠恶魔。
str_rumor_berber_4|一个罗马商人途经南下，给迦太基竞技场采购活狮豹。奇怪的生意。
str_rumor_berber_end|最近没听说有趣的事。
str_rumor_arabian_begin|南方香料商队刚到，全城肉桂与没药香。朋友，那是钱的味道。
str_rumor_arabian_1|听说幸福阿拉伯来的乳香货量极大，国王挣的银子都能铺街。
str_rumor_arabian_2|沙漠道路当心，上月一支商队遭加珊劫掠者袭击，无影无踪，只剩秃鹫盘旋。
str_rumor_arabian_3|罗马总督为犹太战争，向国王“要求”新“捐助”。谁都懂意思，做罗马“朋友”的代价越来越高。
str_rumor_arabian_4|上周帕提亚使节途经南下，听说万王之王在拉拢沙漠部落。帝国间的大博弈永不结束。
str_rumor_arabian_5|昨天市场见到匹内志纯种马，黑如夜，快如沙漠风。一个酋长不还价，就花王者赎金般的巨款买下。
str_rumor_arabian_end|最近没听说有趣的事。
str_rumor_syrian_begin|昨天东方丝绸商队又到了，商人付好帕提亚银钱，今晚酒会畅流。做生意的好日子。
str_rumor_syrian_1|听说军团长把第III高卢军团调近幼发拉底河，帕提亚人又越境劫掠了。东方总有麻烦。
str_rumor_syrian_2|驻扎在这里的一些军团士兵加入了一个奇怪的新秘教。我想，是密特拉教吧？他们在地下神庙聚会，谈论一位屠牛的神。十分神秘。
str_rumor_syrian_3|安条克的赛马场里，蓝党和绿党又斗起来了。一场战车比赛的结果引起争议，随后爆发骚乱，数十人受伤。那些派系比任何宗教都狂热。
str_rumor_syrian_4|街尾的一位玻璃匠刚改进了一种新技法。据说他能制出水晶般澄澈的玻璃。他会发大财的，直到罗马总督为此设立一种新税。
str_rumor_syrian_5|走通往帕尔米拉的沙漠道路时当心些。那条商路油水丰厚，贝都因劫匪总在暗中窥伺，等着行动迟缓或护卫薄弱的商队。
str_rumor_syrian_end|我最近没听到什么有趣的消息。
str_rumor_greek_begin|罗马行省总督对橄榄油出口加征了新税。又是罗马派来的一条水蛭，要吸干我们土地的血。我们也曾是世界的中心。
str_rumor_greek_1|昨天，两位哲学家在广场上争论。一位信奉斯多葛学派，另一位信奉伊壁鸠鲁学派。他们为了快乐的本质差点打起来。也就希腊会有这种事，是吧？
str_rumor_greek_2|今早，一艘来自亚历山大里亚的船靠了岸，载着香料和纸草。看到贸易仍有生气，真叫人欣慰，尽管钱财最终全流回罗马。
str_rumor_greek_3|据说在无月之夜，列奥尼达的鬼魂仍徘徊在温泉关，等待一支配得上他牺牲的军队。如今我们正需要他那样的人。
str_rumor_greek_4|今年橄榄丰收，赞美雅典娜。这是罗马人还没毁掉的一样东西。
str_rumor_greek_5|又有一个“先知”在阿波罗旧神庙附近开张了。给她几个德拉克马，她就为你占卜命运。再多给几个，她就说你想听的命运。
str_rumor_greek_end|我最近没听到什么有趣的消息。
str_holy_side_desc_german_temple_1|巴杜亨娜圣所。一片幽暗多雾的树林，奉祀日耳曼的战争与森林女神。据说这里的树木以罗马入侵者的鲜血为养料。
str_holy_side_desc_german_temple_2|敦拉兹圣所。这里充满雷霆与力量，战士在战前来到此地，祈求雷神眷顾。
str_holy_side_desc_german_temple_3|弗里约圣所。一片隐秘而宁静的树林，奉祀生育与爱情女神。据说任何人都不得在这片圣地拔出武器。
str_holy_side_desc_slavic_holy_side_1|什伦扎山。这座圣山从平原拔地而起，受到卢吉亚纳各部族崇敬。他们说，这里是尘世与天界交汇之地。
str_holy_side_desc_stone_henge|安德拉斯忒圣所。巨大的立石构成圆环，其历史古老得无人记得。凯尔特各部族在大战前聚集于此，向他们的胜利女神献祭。
str_holy_side_desc_stone_henge_2|马波诺斯圣所。奉祀凯尔特青春与音乐之神的石环。吟游诗人与年轻战士来到这里，寻求灵感与神的眷顾。
str_holy_side_desc_dacian_holy_side_1|格贝莱齐斯神庙。一座高山圣所，达契亚祭司在此观察风暴，相信那是他们的天空之神传来的讯息。
str_holy_side_desc_dacian_holy_side_2|扎尔莫克西斯神庙。这座设防的圣所是达契亚王国的精神中心。据说他们最伟大的大祭司会隐居于此，与扎尔莫克西斯神沟通。
str_holy_side_desc_sarmatian_holy_side_1|戈伊托叙罗斯祭坛。开阔草原上一座饱受风吹的简朴祭坛，奉祀萨尔马提亚太阳神。他们相信，这位神就是希腊的阿波罗。
str_holy_side_desc_sarmatian_holy_side_2|阿尔廷帕萨祭坛。奉祀萨尔马提亚生育与战争女神的神圣祭坛，这位神祇对游牧各部族有着强大的影响。
str_holy_side_desc_caucasian_holy_side_1|米赫尔神庙。这座亚美尼亚神庙奉祀天光与正义之神，建筑采用希腊罗马风格，供奉的却是一位东方神祇。
str_holy_side_desc_caucasian_holy_side_2|阿尔马齐祭坛。位于伊比利亚腹地的圣地，奉祀该王国的首要神像，其形象是一名身披黄金的战士。
str_holy_side_desc_persian_holy_side_1|阿扎尔巴尔津圣火。帕提亚帝国最神圣的三大火庙之一，据说其中的圣火已连续燃烧了数百年。
str_holy_side_desc_persian_holy_side_2|巴尔德内尚德火庙。这座凿入岩石的古老火庙，见证着琐罗亚斯德教在帕提亚腹地历久不衰的信仰。
str_holy_side_desc_arabian_holy_side_1|拉特神庙。这座位于沙漠深处的圣所奉祀阿拉伯人的伟大母神，纳巴泰人与帕尔米拉人都崇拜她。
str_holy_side_desc_african_holy_side_1|伊夫里圣洞。柏柏尔人土地上的一处圣洞，被视为诸神的居所，也是举行古老仪式之地。
str_holy_side_desc_african_holy_side_2|锡瓦的阿蒙神庙。这处深居沙漠的古老神谕所声名远扬，亚历山大大帝曾来此拜访，并在这里被宣告为神之子。
str_holy_side_desc_african_holy_side_3|阿佩德马克狮神庙。这座位于库施王国麦罗埃的宏伟神庙，奉祀他们威猛的狮首战神。
str_note_olympia_active|奥林匹亚圣林。奥林匹克运动会正在举行！来自整个希腊世界的运动员齐聚于此，争夺荣耀与梦寐以求的橄榄花冠。人群的欢呼与竞技的热情使这里充满生机。
str_note_olympia_inactive|奥林匹亚圣林。运动会间歇期间，这里极为宁静。竞技场与神庙空空荡荡，等待下一轮盛会。下一届奥林匹克运动会将在{reg24}天后举行。
str_note_pyramids|吉萨大金字塔。它们见证着古代法老的权势，也是古代世界仅存的奇迹之一。它们是神与君王时代的丰碑，以沉默的威严抵御时光流逝。
str_note_delphi|德尔斐的阿波罗圣所，世界的中心。数百年来，君王与平民都前来朝圣，聆听皮提亚隐晦的预言。虽然在罗马统治下其权威已衰落，这些神圣石块间仍萦绕着浓厚的神灵气息。
str_note_hanging_gardens|传说中的巴比伦空中花园。或者说，它们的残迹。亚历山大里亚的学者争论着它们是否真正存在过，但此处确有一座昔日宏伟塔庙的遗址。坍塌的层台上，仍生长着古老虬曲的树木与顽强的沙漠花卉。它是一座奇迹的幽影，是巴比伦诸王雄心壮志的丰碑，也见证了时光足以令最伟大的帝国低头。
str_note_tarquinii|塔尔奎尼亚墓地。这座寂静而广阔的城市并非为生者，而是为死者建造。在罗马成为帝国之前，伊特鲁里亚人统治着这些土地。遍布此地的数百座墓丘低声诉说着他们的遗产。每座墓丘下都藏着一座地下墓室，墙上色彩鲜明、欢乐生动的画面，描绘着一个民族的生活，而他们如今已消逝于历史之中。
str_note_aigai_tombs|埃盖王陵，马其顿王国古老的心脏。这里绝非普通墓地，而是阿吉德王朝——亚历山大大帝先祖们——的最终安息之所。宁静的土地下埋葬着诸王的遗骨，包括伟大的腓力二世本人。站在这里，就仿佛站在那个重塑整个世界的征服时代的源头。
str_book_desc_tactics|修昔底德的《伯罗奔尼撒战争史》。^这部杰作记述雅典与斯巴达之间的战争，^着重展现权力、战略与政治关系^背后残酷的现实。
str_book_desc_persuasion|《致赫伦尼乌斯修辞学》，^一部全面论述修辞艺术的罗马著作。^它就公开演说、论证与记忆术^提供了实用的指导。
str_book_desc_leadership|“亚历山大大帝”的传记。^书中记述这位传奇君王的生平与征服，^教人如何激发忠诚，^并带领部属踏入未知之地。
str_book_desc_intelligence|色诺芬的《居鲁士的教育》。^这部居鲁士大帝的半虚构传记^探讨统治者的理想教育，^以及贤明统治与德行的原则。
str_book_desc_trade|《经济学》，据称出自亚里士多德或其门生。^本书讨论家庭与国家的管理，^着重阐述如何经营^财富与资源。
str_book_desc_weapon_mastery|色诺芬的《拉栖代梦政制》。^本书考察斯巴达的法律与社会制度，^详述造就其令人生畏的战士的^严格训练。
str_book_desc_engineering|维特鲁威的《建筑十书》。^这部罗马建筑与工程学的权威指南^内容包罗万象，从神庙和引水渠^到攻城器械，无所不及。
str_book_desc_economy|瓦罗的《论农业三卷》。^这部农业与庄园经营实用指南^提供诸多建议，帮助罗马农庄^提高产量与收益。
str_book_desc_gallic_wars|尤利乌斯·凯撒的《高卢战记》。^这部征服高卢的亲历记述^详述了各次战役、遭遇的部族，^以及凯撒卓越的战略才华。
str_book_desc_love|奥维德的《爱经》。^这部机智而备受争议的爱情教诲诗^讲解在罗马如何寻找、赢得^并留住爱人。
str_book_desc_sorrows|奥维德的《哀怨集》。^这部哀歌集写于诗人流放期间，^表达深切的悲伤与孤独，^以及对宽恕的恳求。
str_book_desc_odysseus|利维乌斯·安德罗尼库斯的《奥德赛》。^这是荷马《奥德赛》的早期拉丁文译本，^讲述奥德修斯历尽艰辛归乡的^十年史诗之旅。
str_book_desc_wound_treatment_reference|狄奥斯科里德斯的《药物志》。^这部内容广博的草药百科全书^详述各种植物的性质，^以及治疗创伤与疾病的用途。^^放在物品栏中时，疗伤+1
str_book_desc_training_reference|韦格蒂乌斯的《军事论》。^这部罗马战争的权威手册^涵盖军团的征募、组织^与严格训练。^^放在物品栏中时，教练技能+1
str_book_desc_surgery_reference|《埃利乌斯·盖伦医学概要》。^这部汇集著名医师医学知识的著作^着重讲述解剖学、^外科技术与四体液学说。^^放在物品栏中时，手术+1
str_book_desc_pathfinding|庞波尼乌斯·梅拉的《世界图》。^这部地理著作描绘已知世界，^提供关于远方土地、商路^与旅行的宝贵知识。^^放在物品栏中时，向导+1
str_book_desc_first_aid|《希波克拉底文集》。^这部古希腊医学文献汇编^奠定了医学与治疗的^伦理及实践基础。^^放在物品栏中时，急救+1
str_slave_skill_header|--- 属性 ---
str_slave_skill_fallback|此人似乎只适合最基础、无需技艺的工作。
str_slave_skill_athletics_10|- 耐力堪称传奇；独自耕完一片田也不会流汗。
str_slave_skill_athletics_9|- 精力惊人，最适合极其繁重的劳作。
str_slave_skill_athletics_8|- 体魄出众，干活能抵两个普通人。
str_slave_skill_athletics_7|- 不知疲倦，动作敏捷，是田间领工的上佳人选。
str_slave_skill_athletics_6|- 耐力令人赞叹，非常适合繁重的耕作。
str_slave_skill_athletics_5|- 体力相当好，适合吃力的农活。
str_slave_skill_athletics_4|- 腿脚有力、精力充沛，适合一般体力劳动。
str_slave_skill_athletics_3|- 体力足以在田间劳作一整天。
str_slave_skill_athletics_2|- 腿脚还算结实，能应付基本农活。
str_slave_skill_athletics_1|- 略有耐力，适合轻省的田间工作。
str_slave_skill_power_strike_10|- 力量超凡，或许徒手就能挖出一条矿道。
str_slave_skill_power_strike_9|- 力大如山，是任何建筑工程的宝贵助力。
str_slave_skill_power_strike_8|- 力大无穷，能够搬动巨石。
str_slave_skill_power_strike_7|- 干活有一身蛮力，非常适合深层采矿。
str_slave_skill_power_strike_6|- 力气惊人，能挥着镐头干上一整天。
str_slave_skill_power_strike_5|- 双臂有力，适合繁重的采矿工作。
str_slave_skill_power_strike_4|- 体格健壮、力气十足，适合碎石。
str_slave_skill_power_strike_3|- 身板结实，很有在采石场干活的潜力。
str_slave_skill_power_strike_2|- 力气高于常人，适合搬运石料。
str_slave_skill_power_strike_1|- 有几分力气，能搬运中等重量的货物。
str_slave_skill_trade_10|- 点石成金，连沙漠里的沙子都能卖出高价。
str_slave_skill_trade_9|- 理财奇才，足以经营一个商业帝国。
str_slave_skill_trade_8|- 精于钱财，能够统筹复杂的后勤事务。
str_slave_skill_trade_7|- 精明的谈判者，非常适合管理账目。
str_slave_skill_trade_6|- 经商经验丰富，是可靠的管事。
str_slave_skill_trade_5|- 贸易头脑灵活，能够经营小店。
str_slave_skill_trade_4|- 做买卖有一手，适合市场事务。
str_slave_skill_trade_3|- 擅长算数，适合文书工作。
str_slave_skill_trade_2|- 懂得基本的以物易物，能够看管摊位。
str_slave_skill_trade_1|- 会数钱，适合简单的跑腿差事。
str_slave_skill_engineer_10|- 无与伦比的天才，仅凭草图便能造出城堡。
str_slave_skill_engineer_9|- 富有远见的建筑师，能够创造建筑奇迹。
str_slave_skill_engineer_8|- 才华横溢的工程师，能够设计复杂机械。
str_slave_skill_engineer_7|- 建筑大师，能够规划防御工事。
str_slave_skill_engineer_6|- 精通木工与石工，对建筑工程大有用处。
str_slave_skill_engineer_5|- 技艺娴熟的工匠，看得懂图纸。
str_slave_skill_engineer_4|- 懂得建筑，能够带领施工队。
str_slave_skill_engineer_3|- 善用工具，适合搭建构架。
str_slave_skill_engineer_2|- 懂得基本结构，适合修补围栏。
str_slave_skill_engineer_1|- 会钉钉子，可以做些修缮工作。
str_slave_skill_looting_10|- 贪婪的化身，连地基都要偷走。
str_slave_skill_looting_9|- 盗贼之王，什么东西都保不住。
str_slave_skill_looting_8|- 大盗，连你身上的衣服都能偷走。
str_slave_skill_looting_7|- 腐败高手，会从内部蛀空整个组织。
str_slave_skill_looting_6|- 侵吞钱财的能手，委以重任十分危险。
str_slave_skill_looting_5|- 职业骗子，懂得如何做假账。
str_slave_skill_looting_4|- 偷盗老手，会从中揩油。
str_slave_skill_looting_3|- 惯偷，务必远离钱柜。
str_slave_skill_looting_2|- 鬼鬼祟祟，很可能私吞零钱。
str_slave_skill_looting_1|- 手脚不干净，看好小件物品。
str_married|已婚
str_single|未婚
str_faction_relation_increased_details_s13|你与{s1}的关系从{reg1}上升至{reg2}，因为其与{s2}的关系{s13}。
str_faction_relation_detoriated_details_s13|你与{s1}的关系从{reg1}下降至{reg2}，因为其与{s2}的关系{s13}。
str_good|良好
str_bad|恶劣
str_skl_shield|盾防
str_farming_name_eastern|乌兹巴里王家庄园
str_farming_description_eastern|修建灌溉完善的王家庄园，可以增加谷物等货物的产量，从而提高租金。
str_farming_name_germanic|农庄
str_farming_description_germanic|增建农庄可以增加谷物等货物的产量，从而提高租金。
str_farming_name_british|誓从者村落
str_farming_description_british|将土地授予小贵族，用于种植谷物等作物，可以提高租金。
str_farming_name_dacian|贵族村落
str_farming_description_dacian|将土地授予当地贵族，用于种植谷物等作物，可以提高租金。
str_farming_name_nomadic|纳贡农场
str_farming_description_nomadic|缴纳贡赋的农民越多，租金收入就越高。
str_pasture_name_rome|行省牧场
str_pasture_description_rome|扩大牧场可以饲养更多牛、羊和马匹，逐渐提高租金收入。
str_pasture_name_eastern|帕特巴兹牧场
str_pasture_description_eastern|扩大牧场可以饲养更多牛、羊和马匹，逐渐提高租金收入。
str_pasture_name_germanic|牧场
str_pasture_description_germanic|扩大牧场可以饲养更多牛、羊和马匹，逐渐提高租金收入。
str_pasture_name_british|誓从者牧场
str_pasture_description_british|将土地授予小贵族，供其放牧牛、羊和马匹，可以逐渐提高租金收入。
str_pasture_name_dacian|贵族牧场
str_pasture_description_dacian|将牧场授予当地贵族，能让他们饲养更多牛、羊和马匹，逐渐提高租金收入。
str_pasture_name_nomadic|部族畜群
str_pasture_description_nomadic|为部族畜群增添牛、羊和马匹，可以逐渐提高租金收入。
str_trader_name_rome|行省商贸
str_trader_description_rome|投资本地贸易，可以增加村民进入集镇时缴纳的关税，并提高繁荣度。此外，每月额外获得1000第纳尔通行税，计入租金。
str_trader_name_eastern|巴扎
str_trader_description_eastern|投资本地贸易，可以增加村民进入集镇时缴纳的关税，并提高繁荣度。此外，每月额外获得1000第纳尔通行税，计入租金。
str_trader_name_germanic|集市
str_trader_description_germanic|开辟集会与市场场地，可以促进本地贸易，增加村民进入集镇时缴纳的关税，并提高繁荣度。此外，每月额外获得1000第纳尔通行税，计入租金。
str_trader_name_british|酒馆
str_trader_description_british|修建酒馆会吸引附近村民前来，从而促进贸易、增加财富。此外，每月额外获得1000第纳尔收入，计入租金。
str_trader_name_dacian|公共市场
str_trader_description_dacian|投资区域贸易，可以增加村民进入集镇时缴纳的关税，并提高繁荣度。此外，每月额外获得1000第纳尔通行税，计入租金。
str_trader_name_nomadic|贸易站
str_trader_description_nomadic|贸易站可以增加村民进入集镇时缴纳的关税，并提高繁荣度。此外，每月额外获得1000第纳尔通行税，计入租金。
str_ironmine_name_rome|铁矿
str_ironmine_description_rome|投资当地铁矿，每月都会提高村庄繁荣度，也会增加村中奴隶劳动带来的收入。
str_quarry_name_rome|采石场
str_quarry_description_rome|采石场能提高石料产量，并增加村中奴隶劳动带来的收入。
str_slave_market_name_rome|奴隶市场
str_slave_market_description_rome|奴隶市场能提高聚落繁荣度与关税，使城镇增加1500收入（手续费）。
str_silvermine_name_rome|金银矿
str_silvermine_description_rome|投资当地金银开采，每月都会提高村庄繁荣度，产生直接进入你钱袋的额外收入，也会增加村中奴隶劳动带来的收益。
str_training_name_rome|训练场
str_training_description_rome|训练场可让部队驻扎聚落时接受训练。每月维护费为1000第纳尔，从租金中支付。
str_mill_simple_name_rome|磨坊
str_mill_simple_description_rome|磨坊每月都会提高村庄繁荣度，还会为聚落租金增加600第纳尔额外收入（手续费）。
str_firefighters_name_rome|消防队
str_firefighters_description_rome|组织专业消防队可以降低毁灭性火灾的发生概率。每月维护费为500第纳尔，从租金中支付。
str_firefighters_name_eastern|风塔
str_firefighters_description_eastern|风塔是一种用于降低城市温度的特殊建筑，因此能够降低毁灭性火灾的发生概率。每月维护费为500第纳尔，从租金中支付。
str_firefighters_name_germanic|沃达纳兹圣所
str_firefighters_description_germanic|为沃达纳兹开辟圣林，向他致敬，可以降低火灾等灾难的发生概率。每月维护费为500第纳尔，从租金中支付。
str_firefighters_name_british|埃波娜圣所
str_firefighters_description_british|为埃波娜修建大型圣所，可以取悦她，降低火灾等灾难的发生概率。每月维护费为500第纳尔，从租金中支付。
str_firefighters_name_dacian|基本卫生设施
str_firefighters_description_dacian|提高废物处理效率，可以降低火灾等灾难的发生概率。每月维护费为500第纳尔，从租金中支付。
str_firefighters_name_nomadic|祭坛
str_firefighters_description_nomadic|修建祭坛敬奉诸神，可以降低火灾等灾难的发生概率。每月维护费为500第纳尔，从租金中支付。
str_watchtower_name_rome|瞭望塔
str_watchtower_description_rome|瞭望塔让村民更早发出警报，敌人劫掠村庄所需时间增加50%。
str_school_name_rome|学校
str_school_description_rome|学校每月使村民对你的忠诚度增加1点，也会增加财富。每月维护费为500第纳尔，从租金中支付。
str_school_name_eastern|射箭比赛
str_school_description_eastern|比赛能娱乐民众，因此每月提高1点关系，并增加财富。每月维护费为500第纳尔，从租金中支付。
str_school_name_germanic|说书人
str_school_description_germanic|为说书人修建屋舍，能娱乐民众，因此每月使村民对你的忠诚度增加1点，并增加财富。每月维护费为500第纳尔，从租金中支付。
str_school_name_british|长老大厅
str_school_description_british|修建供长老聚会的大厅，每月可提高1点关系，并增加财富。每月维护费为500第纳尔，从租金中支付。
str_school_name_dacian|贵族学校
str_school_description_dacian|教育当地贵族的学校，每月可提高1点忠诚度，并增加财富。每月维护费为500第纳尔，从租金中支付。
str_school_name_nomadic|讲学林地
str_school_description_nomadic|讲学林地每月使村民对你的忠诚度增加1点，也会增加财富。每月维护费为500第纳尔，从租金中支付。
str_messenger_post_name_rome|驿站
str_messenger_post_description_rome|驿站让居民在敌人靠近时向你送信，即使你远在他乡。每月维护费为250第纳尔，从租金中支付。
str_prison_tower_name_rome|监狱
str_prison_tower_description_rome|监狱可降低囚禁于此的俘虏成功逃脱的概率。监狱塔还允许你拷问俘虏。
str_rome_rebuild|大圆形竞技场
str_rome_rebuild_description|大火摧毁了罗马的大部分地区，重建至今仍未完成。不过，空地充足，正可用来修建宏伟建筑。人民喜爱竞技！何不建一座配得上罗马这般大都会的圆形竞技场？
str_forum_name_rome|广场
str_forum_description_rome|属于你的{playername}广场，是权力的象征。它会提高声望、你与聚落的关系及关税收入，也会提升你的名誉并给予经验。
str_forum_name_eastern|大巴扎
str_forum_description_eastern|修建大巴扎是威望的象征。它会提高声望、你与聚落的关系及关税收入，也会提升你的名誉并给予经验。
str_forum_name_germanic|大议事场
str_forum_description_germanic|为议事集会修建数座大厅，是权力的象征。它会提高声望与聚落关系，提升你的名誉并给予经验。此外，贸易增长也会提高关税收入。
str_forum_name_british|铸币坊
str_forum_description_british|修建铸币作坊，铸造自己的钱币，是权力的象征。它会提高声望与聚落关系，提升你的名誉并给予经验。此外，贸易增长也会提高关税收入。
str_forum_name_dacian|扎尔莫克西斯神庙
str_forum_description_dacian|为扎尔莫克西斯修建大神庙，是权力的象征。它会提高声望与聚落关系，提升你的名誉并给予经验。此外，朝圣者进城也会提高关税收入。
str_forum_name_nomadic|阿皮圣所
str_forum_description_nomadic|尊崇伟大的女神阿皮，会提高声望与聚落关系，提升你的名誉并给予经验。此外，朝圣者进城也会提高关税收入。
str_temple_name_rome|{s38}神庙
str_temple_description_rome|修建敬奉{s38}的神庙，让你能够在城镇献祭。这一定会取悦{s38}。
str_theatre_name_rome|剧院
str_theatre_description_rome|{playername}剧院为民众提供另一种娱乐，也象征你的权力。它会提高声望与聚落关系，提升你的名誉并给予经验。
str_theatre_name_eastern|竞技场地
str_theatre_description_eastern|举办盛大的骑射与赛马比赛，为民众提供另一种娱乐，也象征你的权力。它会提高声望与聚落关系，提升你的名誉并给予经验。
str_theatre_name_germanic|传说学者大厅
str_theatre_description_germanic|修建大厅，让传说学者讲述本族故事，为民众提供另一种娱乐，也象征你的权力。它会提高声望与聚落关系，提升你的名誉并给予经验。
str_theatre_name_british|吟游诗人大厅
str_theatre_description_british|吟游诗人聚集在大厅中，以故事和戏剧娱乐民众。这也是权力的象征，会提高声望与聚落关系，提升你的名誉并给予经验。
str_theatre_name_dacian|盛大竞技会
str_theatre_description_dacian|定期举办各种竞技活动，为民众提供另一种娱乐，也象征你的权力。它会提高声望与聚落关系，提升你的名誉并给予经验。
str_theatre_name_nomadic|盛大赛马会
str_theatre_description_nomadic|赛马为民众提供另一种娱乐。定期举办这样的比赛，是权力的象征，会提高声望与聚落关系，提升你的名誉并给予经验。
str_public_baths_name_rome|公共浴场
str_public_baths_description_rome|浴场是民众休闲之处，也是权力的象征，会提高声望与聚落关系，提升你的名誉并给予经验。
str_public_baths_name_eastern|王朝圣火祭坛
str_public_baths_description_eastern|为王朝修建大型圣火祭坛，也是权力的象征。它会提高声望与聚落关系，提升你的名誉并给予经验。
str_public_baths_name_germanic|浴室
str_public_baths_description_germanic|浴室是民众休闲之处，会提高声望与聚落关系，提升你的名誉并给予经验。
str_public_baths_name_british|德鲁伊圣地
str_public_baths_description_british|开辟德鲁伊聚集之处，可以提高居民忠诚度，也是权力的象征。它会提高声望与聚落关系，提升你的名誉并给予经验。
str_public_baths_name_dacian|科堤斯圣所
str_public_baths_description_dacian|敬奉科堤斯的大型圣所，也是权力的象征。它会提高声望与聚落关系，提升你的名誉并给予经验。
str_public_baths_name_nomadic|祖先之屋
str_public_baths_description_nomadic|纪念亡者、举杯缅怀的神圣场所，也是权力的象征。它会提高声望与聚落关系，提升你的名誉并给予经验。
str_triumphal_arch_name_rome|凯旋门
str_triumphal_arch_description_rome|凯旋门展示你击败敌人的著名胜利，提高你的声望。即使你去世之后，人们仍会谈论你。它也会提升名誉并给予经验。
str_triumphal_arch_name_eastern|巴列维文书馆
str_triumphal_arch_description_eastern|修建文书馆，可以传播你击败敌人的著名胜利，提高你的声望。即使你去世之后，人们仍会谈论你。它也会提升名誉并给予经验。
str_triumphal_arch_name_germanic|吟游诗人会堂
str_triumphal_arch_description_germanic|修建大厅，让吟游诗人歌颂你的著名胜利，可以提高声望。即使你去世之后，人们仍会谈论你。它也会提升名誉并给予经验。
str_triumphal_arch_name_british|涅墨同圣林
str_triumphal_arch_description_british|敬奉诸神的特殊圣林，可以提高声望。即使你去世之后，人们仍会谈论你。它也会提升名誉并给予经验。
str_triumphal_arch_name_dacian|王家文书馆
str_triumphal_arch_description_dacian|修建文书馆，传播你的名声，可以提高声望。即使你去世之后，人们仍会谈论你。它也会提升名誉并给予经验。
str_triumphal_arch_name_nomadic|库尔干墓群
str_triumphal_arch_description_nomadic|开辟安葬显贵之地，可以提高声望。即使你去世之后，人们仍会谈论你。它也会提升名誉并给予经验。
str_barracks_name_rome|兵营
str_barracks_description_rome|此建筑允许你招募普通辅助部队与特殊本地辅助兵。如果你拥有军团长军衔，或已是神圣的凯撒，还能组建自己的军团并招募其士兵。
str_barracks_name_eastern|王家兵营
str_barracks_description_eastern|此建筑允许你有组织地招募本国部队。
str_barracks_name_germanic|战士大厅
str_barracks_description_germanic|修建战士大厅，鼓励本族战士在此定居。你将能够招募本国部队。
str_barracks_name_british|誓从者大厅
str_barracks_description_british|修建大厅，鼓励本族战士在此定居。你将能够招募本国部队。
str_barracks_name_dacian|勇士大厅
str_barracks_description_dacian|修建大厅，鼓励本族战士在此定居。你将能够招募本国部队。
str_barracks_name_nomadic|战士营地
str_barracks_description_nomadic|修建营地，为本族战士提供住处。你将能够招募本国部队。
str_culture_name_rome|使居民罗马化
str_culture_description_rome|向当地居民引入你的传统、法律和仪式，可以和平改变聚落的文化。
str_culture_name_eastern|同化居民
str_culture_description_eastern|向当地居民引入你的传统、法律和仪式，可以和平改变聚落的文化。
str_culture_name_germanic|迁入本文化居民
str_culture_description_germanic|迁入与你文化相同的战士与居民，可以和平改变聚落的文化。
str_culture_name_british|迁入本文化居民
str_culture_description_british|迁入与你文化相同的战士与居民，可以和平改变聚落的文化。
str_culture_name_dacian|迁入本文化居民
str_culture_description_dacian|迁入与你文化相同的战士与居民，可以和平改变聚落的文化。
str_culture_name_nomadic|迁入本文化居民
str_culture_description_nomadic|迁入与你文化相同的战士与居民，可以和平改变聚落的文化。
str_event_mild_winter_name|暖冬
str_event_mild_winter_description|这个冬天很温和。
str_event_harsh_winter_name|严冬
str_event_harsh_winter_description|这个冬天严寒难耐，艰辛重重。
str_event_fire_rome_name|大火
str_event_fire_rome_description|大火
str_event_conquered_name|新近被征服
str_event_conquered_description|聚落新近被征服，行政管理仍处于混乱之中。
str_event_earthquake_name|地震
str_event_earthquake_description|大地在脚下猛烈震动，连最坚固的建筑也受损，民众惊恐万分。他们冲出屋舍，四散逃命。掩埋死者、重建房屋将需要数月。
str_event_fire_name|火灾
str_event_fire_description|起初只是市场附近的一场小火，无人以为会烧很久。但诸神毫不留情，火势不断蔓延，直到摧毁近四分之一的聚落。修复损失需要一两个月。
str_event_drought_name|干旱
str_event_drought_description|久旱无雨，供水已极度紧张。许多水井干涸，河流水位低落。若诸神不施怜悯，干旱还会持续数月。
str_event_insects_name|甲虫灾害
str_event_insects_description|天空突然变黑，却不是乌云，而是巨大的虫群。数百万昆虫侵入田野，毁坏庄稼并不断繁殖。希望灾害很快过去。
str_event_good_harvest_name|丰收
str_event_good_harvest_description|今年将迎来丰收，为聚落带来繁荣与财富。
str_event_poor_harvest_name|歉收
str_event_poor_harvest_description|今年将遭遇歉收，农民们担忧自己的未来。
str_disease_consumption_name|痨病
str_disease_consumption_description|最早记录的病例是一位显贵的儿子，肺中寒性体液使他咳血不止。随后疾病感染了大部分居民，夺走许多人命。希望疫情早日结束。
str_disease_slow_fever_name|慢热病
str_disease_slow_fever_description|最初的病人很可能是一位富有的贵妇。她从附近庄园回来后，出现发热、腹痛、头痛和呕吐。很快，仆人也遭感染，疾病继而蔓延至全体居民，带来死亡与痛苦。愿诸神垂怜！
str_disease_camp_fever_name|军营热病
str_disease_camp_fever_description|疫情从贫民区开始，数千人受到皮疹、发热和咳嗽折磨。如今疾病在居民中蔓延，带来死亡与苦难。人们祈求早日结束，却看不到尽头。
str_disease_plague_name|疟疾
str_disease_plague_description|疫情源于一户富商家庭。外出经商归来后，他与妻子出现发热、疲倦、呕吐和头痛。可怕的疾病在居民中蔓延，杀死数千人，留下数百名孤儿。愿诸神垂怜！
str_disease_measles_name|麻疹
str_disease_measles_description|疫情源头不明，很可能起于聚落的商人区。随后在居民中蔓延，平坦的红疹与发热令人惶恐。诸神啊，请怜悯此地！
str_disease_smallpox_name|天花
str_disease_smallpox_description|起初，一位富商的女儿满身疤痕、皮疹和疙瘩。如今近半居民都长出了皮疹。希望诸神垂怜！
str_disease_greatpoxpox_name|大疮
str_disease_greatpoxpox_description|疫情源头不明。有人说最先得病的是一个邪恶的商人之子，也有人说是一位以放纵生活闻名的贵族之女。无论如何，疾病在居民中蔓延，人们受到溃疡和炎症折磨，在这场性病瘟疫中受苦。
str_slot_center_head_horses|匹马
str_slot_center_acres_pasture|英亩牧场
str_slot_center_acres_grain|英亩粮田
str_slot_center_acres_olives|英亩橄榄园
str_slot_center_acres_vineyard|英亩葡萄园
str_slot_center_acres_flax|英亩亚麻田
str_slot_center_acres_dates|英亩椰枣园
str_slot_center_fishing_fleet|艘渔船
str_slot_center_salt_pans|处盐田
str_slot_center_apiaries|处养蜂场
str_slot_center_silk_farms|名丝绸商人
str_slot_center_kirmiz_farms|名染料商人
str_slot_center_iron_deposits|处铁矿藏
str_slot_center_fur_traps|座猎舍
str_slot_center_soapstone_depositis|处皂石矿藏
str_slot_center_frankincense|名乳香商人
str_slot_center_amber_deposits|处琥珀矿藏
str_slot_center_walrus_fleet|座猎象营地（象牙）
str_slot_center_silver_deposits|间银匠铺
str_slot_center_forest|座锯木厂
str_slot_center_mills|座磨坊
str_slot_center_breweries|间酿酒坊
str_slot_center_wine_presses|间葡萄酒坊
str_slot_center_olive_presses|间橄榄榨油坊
str_slot_center_linen_looms|间亚麻织坊
str_slot_center_silk_looms|名天鹅绒商人
str_slot_center_wool_looms|间毛纺织坊
str_slot_center_pottery_kilns|座陶窑
str_slot_center_smithies|间铁匠铺
str_slot_center_tanneries|间制革坊
str_slot_center_shipyards|座造船厂
str_slot_center_household_gardens|处家庭菜园
str_region_spain|西班牙
str_region_north_africa|北非
str_region_southitaly|意大利南部
str_region_nile|尼罗河
str_region_syria_palestine|叙利亚与犹太
str_region_anatolia_central|安纳托利亚中部
str_region_anatolia_coastal|安纳托利亚沿海
str_region_mesopotamia|美索不达米亚
str_region_persianhill_green|波斯丘陵（绿地）
str_region_persianhill_desert|波斯丘陵（沙漠）
str_region_caucasus|高加索
str_region_greece|希腊
str_region_nile_delta|尼罗河三角洲
str_region_mountain_europe|阿尔卑斯山
str_region_mountain_europe_spain_france|伊斯帕尼亚山地
str_region_mountain_europe_romania|达契亚山地
str_region_mountain_europe_bohemia|日耳曼尼亚山地
str_region_africa_green|非洲草原
str_other|其他地区
str_rt_water|海洋
str_rt_mountain|不可通行的山地
str_rt_steppe|干草原
str_rt_plain|平原
str_rt_snow|地中海地区
str_rt_desert|沙漠
str_rt_deep_water|深海
str_rt_bridge|水路
str_rt_river|水域
str_rt_mountain_forest|不可通行的沙漠
str_rt_steppe_forest|草原林地
str_rt_forest|森林
str_rt_snow_forest|地中海林地
str_rt_desert_forest|沙漠林地
str_legio_xxii_primigenia_staff|第XXII初生军团第一大队
str_legio_iii_augusta_staff|第III奥古斯塔军团第一大队
str_legio_v_alaudae_staff|第V云雀军团第一大队
str_legio_xxi_rapax__staff|第XXI猛禽军团第一大队
str_legio_xx_valeria_victrix_staff|第XX英勇胜利军团第一大队
str_legio_vi_victrix_staff|第VI胜利军团第一大队
str_legio_xi_claudia_staff|第XI克劳狄军团第一大队
str_legio_xiii_gemina_staff|第XIII合组军团第一大队
str_legio_v_macedonia_staff|第V马其顿军团第一大队
str_legio_vi_ferrata_staff|第VI铁甲军团第一大队
str_legio_x_fretensis_staff|第X海峡军团第一大队
str_praetoriani_staff|禁卫军第一大队
str_player_legion_staff|{s1}第一大队
str_legio_xxii_primigenia_cohors|第XXII初生军团大队
str_legio_iii_augusta_cohors|第III奥古斯塔军团大队
str_legio_v_alaudae_cohors|第V云雀军团大队
str_legio_xxi_rapax__cohors|第XXI猛禽军团大队
str_legio_xx_valeria_victrix_cohors|第XX英勇胜利军团大队
str_legio_vi_victrix_cohors|第VI胜利军团大队
str_legio_xi_claudia_cohors|第XI克劳狄军团大队
str_legio_xiii_gemina_cohors|第XIII合组军团大队
str_legio_v_macedonia_cohors|第V马其顿军团大队
str_legio_vi_ferrata_cohors|第VI铁甲军团大队
str_legio_x_fretensis_cohors|第X海峡军团大队
str_praetoriani_cohors|禁卫军大队
str_player_cohort|{s1}大队
str_cohors_aux|辅助步兵大队
str_cohors_alp|阿尔卑斯辅助步兵大队
str_cohors_afr|毛里辅助步兵大队
str_cohors_hisp|伊斯帕尼亚辅助步兵大队
str_cohors_tung|通格里辅助步兵大队
str_cohors_gal|高卢辅助步兵大队
str_cohors_bata|巴塔维辅助步兵大队
str_cohors_brit|不列颠辅助步兵大队
str_cohors_thrac|色雷斯辅助步兵大队
str_cohors_jud|佩特拉辅助步兵大队
str_ala_batavorum|巴塔维辅助骑兵队
str_ala_asia|科马基尼辅助骑兵队
str_ala_gal|高卢辅助骑兵队
str_ala_syr|伊图里亚辅助骑兵队
str_ala_aux|辅助骑兵队
str_ala_preat|禁卫骑兵队
str_ala_preat_2|日耳曼贴身卫队骑兵队
str_praetoriani_archer_cohors|禁卫弓箭手大队
str_engineer_cohort|弩炮中队
str_engineer_cohort_custom|弩炮中队（自定义）
str_cohors_aux_archer|辅助弓箭手大队
str_cohors_alp_archer|阿尔卑斯辅助弓箭手大队
str_cohors_afr_archer|毛里投石兵大队
str_cohors_hisp_archer|巴利阿里投石兵大队
str_cohors_tung_archer|通格里辅助弓箭手大队
str_cohors_gal_archer|高卢辅助弓箭手大队
str_cohors_bata_archer|巴塔维辅助弓箭手大队
str_cohors_brit_archer|不列颠投石兵大队
str_cohors_thrac_archer|色雷斯辅助弓箭手大队
str_cohors_jud_archer|叙利亚辅助弓箭手大队
str_player_aux_archer|{s1}弓箭手
str_mercenary_guard|佣兵卫队
str_mercenary_warband|佣兵战团
str_mercenary_cav|佣兵骑兵队
str_mercenary_illyrian|伊利里亚佣兵
str_mercenary_gladiatores|角斗士
str_mercenary_rhodos|罗德岛佣兵
str_mercenary_kreta|克里特佣兵
str_mercenary_hispanic|伊斯帕尼亚佣兵
str_mercenary_scythian|斯基泰佣兵
str_mercenary_alan|阿兰佣兵
str_mercenary_celtic|凯尔特佣兵
str_mercenary_irish|爱尔兰佣兵
str_mercenary_germanic|日耳曼佣兵
str_mercenary_nightwarriors|夜战士
str_mercenary_dani|赫鲁利佣兵
str_mercenary_lombard|温努利佣兵
str_mercenary_slavic|盖洛尼佣兵
str_mercenary_persian|波斯佣兵
str_mercenary_cataphracts|叙利亚佣兵
str_mercenary_indian|印度佣兵
str_mercenary_garamantian|加拉曼特佣兵
str_mercenary_gaetulian|盖图利佣兵
str_mercenary_moreo|努比亚佣兵
str_mercenary_egyptian|埃及佣兵
str_mercenary_arab|阿拉伯佣兵
str_mercenary_arab_cav|贝都因佣兵
str_mercenary_palmyra|帕尔米拉佣兵
str_mercenary_caucasia|北高加索佣兵
str_mercenary_dahae|塞种佣兵
str_mercenary_saka_amazon|塞种亚马逊女战士
str_custom_infantry_retinue|步兵扈从（自定义）
str_custom_cavalry_retinue|骑兵扈从（自定义）
str_custom_skirmisher_retinue|散兵扈从（自定义）
str_culture_1_town_watch|本地城镇巡卫（达契亚）
str_culture_2_town_watch|本地城镇巡卫（凯尔特）
str_culture_2_1_town_watch|本地城镇巡卫（喀里多尼亚）
str_culture_3_town_watch|本地城镇巡卫（萨尔马提亚）
str_culture_4_town_watch|本地城镇巡卫（日耳曼）
str_culture_5_town_watch|本地城镇巡卫（亚美尼亚）
str_culture_6_town_watch|本地城镇巡卫（波斯）
str_culture_7_town_watch|本地城镇巡卫（罗马）
str_culture_8_town_watch|本地城镇巡卫（犹太）
str_culture_9_town_watch|本地城镇巡卫（博斯普鲁斯）
str_culture_10_town_watch|本地城镇巡卫（阿拉伯）
str_culture_11_town_watch|本地城镇巡卫（柏柏尔）
str_culture_12_town_watch|本地城镇巡卫（加拉曼特）
str_culture_13_town_watch|本地城镇巡卫（努比亚）
str_culture_14_town_watch|本地城镇巡卫（塞种）
str_culture_15_town_watch|本地城镇巡卫（叙利亚）
str_culture_4_1_town_watch|本地城镇巡卫（巴塔维）
str_culture_16_town_watch|本地城镇巡卫（埃及）
str_culture_17_town_watch|本地城镇巡卫（希腊）
str_kingdom_1_reinforcements_a|达契亚征召兵
str_kingdom_1_reinforcements_b|达契亚领主扈从
str_kingdom_1_reinforcements_c|达契亚王家扈从
str_kingdom_2_reinforcements_a|凯尔特征召兵
str_kingdom_2_reinforcements_b|凯尔特领主扈从
str_kingdom_2_reinforcements_c|凯尔特王家扈从
str_kingdom_2_1_reinforcements_a|喀里多尼亚征召兵
str_kingdom_2_1_reinforcements_b|喀里多尼亚领主扈从
str_kingdom_2_1_reinforcements_c|喀里多尼亚王家扈从
str_kingdom_3_reinforcements_a|萨尔马提亚征召兵
str_kingdom_3_reinforcements_b|萨尔马提亚领主扈从
str_kingdom_3_reinforcements_c|萨尔马提亚王家扈从
str_kingdom_4_reinforcements_a|日耳曼征召兵
str_kingdom_4_reinforcements_b|日耳曼领主扈从
str_kingdom_4_1_reinforcements_b|东日耳曼领主扈从
str_kingdom_4_reinforcements_c|日耳曼王家扈从
str_kingdom_5_reinforcements_a|高加索征召兵
str_kingdom_5_reinforcements_b|亚美尼亚领主扈从
str_kingdom_5_reinforcements_c|亚美尼亚王家扈从
str_kingdom_5_1_reinforcements_b|高加索领主扈从
str_kingdom_5_1_reinforcements_c|高加索王家扈从
str_kingdom_6_reinforcements_a|波斯征召兵
str_kingdom_6_reinforcements_b|帕提亚领主扈从
str_kingdom_6_reinforcements_c|帕提亚王家扈从
str_kingdom_7_reinforcements_a|辅助骑兵分队
str_kingdom_7_reinforcements_b|巡夜大队
str_kingdom_7_reinforcements_c|辅助步兵中队
str_kingdom_8_reinforcements_a|犹太征召兵
str_kingdom_8_reinforcements_b|犹太扈从
str_kingdom_8_reinforcements_c|犹太卫队
str_kingdom_9_reinforcements_a|博斯普鲁斯征召兵
str_kingdom_9_reinforcements_b|博斯普鲁斯领主扈从
str_kingdom_9_reinforcements_c|博斯普鲁斯王家扈从
str_kingdom_19_reinforcements_a|巴塔维征召兵
str_kingdom_19_reinforcements_b|巴塔维大队
str_kingdom_19_reinforcements_c|巴塔维扈从
str_kingdom_23_reinforcements_a|叙利亚征召兵
str_kingdom_23_reinforcements_b|叙利亚领主扈从
str_kingdom_23_reinforcements_c|叙利亚王家扈从
str_location_tavern|酒馆
str_location_hall|大厅
str_location_center|街道
str_location_center_backstreets|后街
str_location_barracks|兵营
str_diplo_war|战争
str_diplo_peace|和平
str_diplo_defensive|防御协定
str_diplo_alliance|同盟
str_diplo_tributary|朝贡关系
str_diplo_provocations|挑衅
str_diplo_casus_expired_reparations_accepted|为避免战争，他们决定接受要求，已支付{reg40}第纳尔贡金。
str_diplo_casus_expired_reparations_refused_war|他们拒绝要求，并宣布开战！
str_minor_faction_description_garamantes|加拉曼特人是以利比亚南部地区为中心的古代文明，源自柏柏尔部族与撒哈拉牧民。他们的文明约兴起于公元前1000年，延续至公元7世纪末。加拉曼特人以创新农业技术著称，尤其是庞大的坎儿井灌溉系统。其王国覆盖利比亚南部费赞地区的广阔土地，建立了首个不以河流系统为中心的大沙漠城市社会。^^关于加拉曼特人的历史记载可追溯至公元前5世纪，希罗多德将其描述为从事牧牛与椰枣种植的重要民族。罗马作者对他们看法不一，有些称其具有多样的族群外貌。加拉曼特人以仪式性疤痕与刺青闻名，曾与罗马军队交战。其文化衰落可能与气候恶化、水资源过度利用有关。^^加拉曼特人修建了名为福加拉的庞大隧道与竖井网络，抽取古地下水，使沙漠农业繁荣，并用奴隶劳动维护这些系统。蒂希特文化可能在住宅建筑、陶器等方面影响了加拉曼特文化。^^关于加拉曼特人参与掳奴活动，仍有推测：希罗多德提到他们乘战车猎逐穴居埃塞俄比亚人，在古代可能意在奴役或交易。
str_minor_faction_description_gaetuli|盖图利人是北非古代柏柏尔部族，最初居住在阿特拉斯山以南及撒哈拉沙漠一带，但也有证据表明，他们生活在今阿尔及利亚与突尼斯的地中海沿岸。罗马时代，奥托洛勒斯盖图利人在今摩洛哥定居，以养马和从贝类提取紫色染料的技艺闻名。^^罗马人对盖图利人的看法各不相同。早期记述有些将其描绘为未开化之民，后期记述则承认柏柏尔部族间的族群多样性。罗马记录显示，盖图利人参与了朱古达战争与屋大维战争，后来又卷入盖图利战争。他们也通过贸易，向罗马帝国供应异兽与紫色染料。^^由于当地气候多样，盖图利人的生活方式也各异。有些在山区住小屋，有些在沙漠游牧。他们以好战和频繁入侵著称，攻击对象既有罗马领土，也有其他努米底亚部族。他们常与别的部族通婚。^^游牧生活使盖图利人在经济上能够自给，靠狩猎与农业维生。他们与罗马殖民地贸易，交易用于制作紫色染料的骨螺，以及狮子、瞪羚、老虎等异兽。^^在宗教传说中，罗马神话人物伊阿尔巴斯被说成盖图利人的第一位国王。
str_minor_faction_description_nabataea|纳巴泰人是居住在阿拉伯北部与黎凡特南部的古代阿拉伯民族。在公元前4至2世纪之间，他们形成独特文明，王国以贸易网络为核心，因而获得财富与影响力。尽管公元106年被罗马帝国吞并，其以精致彩绘陶器著称的独特文化，仍在希腊罗马世界留下持久印记。^^纳巴泰人最初与哈斯蒙尼王朝结盟，共抗塞琉古诸王，后来转为这个犹太王朝的对手。他们的王国扩展至约旦河以东的肥沃地区。罗马军队对其作战曾遇到困难，但最终皇帝图拉真征服佩特拉，将纳巴泰附庸国改为佩特拉阿拉伯行省。^^铭文与涂写反映出纳巴泰文化中识字相当普遍，但保存下来的文学作品很少。他们以贸易路线及对货源的保密著称，从事乳香、没药、香料与死海沥青等有利可图的贸易。^^在农业方面，纳巴泰人在干旱沙漠中采用创新技术，利用黄土的特点，在单株果树周围建造漏斗状结构，收集并保留雨水。管理地表径流是其农业系统的重要部分，使他们能从更大范围汇集雨水。
str_minor_faction_description_kush|库施王国位于努比亚，即今苏丹北部与埃及南部，在公元前2450年至前1450年间崛起为主导力量，控制尼罗河谷的广阔地区。虽然在文化上与埃及接近，包括敬奉阿蒙神，但库施拥有独特的文化、语言与族群。^^公元前8世纪，库施国王卡什塔和平成为上埃及国王，继任者皮耶随后征服下埃及，建立由库施人统治的第二十五王朝。库施君主统治埃及一百多年，直到公元前7世纪中期被亚述人驱逐。与埃及断绝联系后，库施首都迁至麦罗埃。^^历史上，努比亚北部曾遭埃及入侵吞并，但库施人重新掌握了控制权。库施王国一直是地区强国，直到公元4世纪衰弱瓦解，最终败于诺巴人的入侵，分裂成诺巴提亚、马库里亚与阿洛迪亚等政权。^^尽管常被埃及的光芒遮蔽，库施仍是先进文明，拥有自己的语言文字、以贸易和工业为基础的复杂经济、先进弓术，以及女性参与程度很高的社会。^^库施是王国的本土名称，也被联系到《圣经》人物古实。希腊文献中称其为Kous。^^库施王国曾与罗马治下的埃及发生冲突，包括一次起事及随后的和平谈判，最终促成贸易扩大。但随着时间推移，王国开始衰弱瓦解，部分原因是战争与内部叛乱。^^库施军事使用攻城塔、弓箭手与投石兵，偏好强弓，既有单体弓，也有复合弓，箭头常涂毒，有时还使用战象。库施建筑包括墓葬纪念碑、金字塔、神庙与拱顶，其金字塔比埃及北方的更小、更陡。他们还推动领土内道路及基础设施建设。
str_minor_faction_description_irish|埃布拉尼人，又称埃布拉尼伊人，是托勒密《地理学》中提到的古代爱尔兰民族，居住在爱尔兰东岸、都柏林郡以北一带。托勒密还记载了一座名为埃布拉纳的城镇，位于布温达河与奥博卡河河口之间。有人推测，其部族名称可能保留在劳斯郡的埃德曼地名中，但依据并不充分。
str_minor_faction_description_danish|赫鲁利人是早期日耳曼民族，一般认为起源于欧洲中北部，可能来自斯堪的纳维亚，古典时代晚期迁往黑海地区。最初的记录将其列为罗马晚期从陆海两面劫掠巴尔干和爱琴海行省的“斯基泰”群体之一。^^至公元4世纪末，赫鲁利人成为阿提拉麾下匈人联盟的一部分。阿提拉于454年去世后，他们在多瑙河中游建立自己的王国。赫鲁利人也参与了奥多亚塞、狄奥多里克大帝、纳尔塞斯，以及可能包括伦巴第人的意大利征服活动。但独立王国最终在6世纪初被伦巴第人摧毁。一部分赫鲁利人在贝尔格莱德附近定居，继续向东罗马帝国提供兵员。^^关于赫鲁利人的起源仍有争论，有人认为与斯堪的纳维亚有关。他们信奉多神教，可能以奥丁为中心，并有实行人祭的证据。到查士丁尼时代，一些人已皈依阿里乌派基督教。其社会存在一些特殊习俗，例如杀死老人，以及寡妇自缢。^^赫鲁利人以优质步兵著称，经常受雇为佣兵，行动迅速，战斗方式被比作维京时代的狂战士。想成为战士的奴隶也有相应入门仪式。他们的物质文化和所建墓丘，与同时期瑞典南部相似，显示出与波罗的海诸民族的密切贸易联系。^^外貌方面，赫鲁利人自称是斯坎扎（斯堪的纳维亚）最高大的民族，并以蓝灰色眼睛著称。
str_minor_faction_description_slavic|盖洛尼人，又称Geloni，是古代斯基泰民族，与布迪尼人共同生活在沃尔斯克拉河谷。他们很可能是斯基泰人的后裔，与阿伽图尔西人一样，在斯基泰王国之外独立生活。^^公元前6世纪，盖洛尼人建立盖洛努斯城，成为重要的工业、商业与政治中心。公元前513年，波斯王大流士一世进攻斯基泰人时，盖洛尼人与布迪尼人、萨尔马提亚人一同支持斯基泰人抵御入侵。^^盖洛尼人定居务农，住在一座全由木材建成的城市中，城外有土垒与城墙防御。^^希罗多德提到，盖洛尼人每三年举行类似酒神祭的庆典，他认为是献给希腊神狄俄尼索斯。他们还为诸神建造圣所，希罗多德同样将其解释为希腊诸神，这与不为神建庙的斯基泰人不同。盖洛尼人在盖洛努斯城冶炼铁和铜，矿石由外地运入。
str_minor_faction_description_saka|大益人是生活在中亚草原的部族联盟，其名称源自塞种语言，意为“人”。大益战士曾在高加米拉之战中站在波斯一方参战。
str_faction_taxes_govern|土地税
str_faction_taxes_buisness|利润税
str_faction_taxes_war|战利品
str_faction_taxes_edicts|敕令税收
str_faction_taxes_diplomacy|赔款与贡金
str_faction_hire|招募士兵
str_faction_wages|士兵工资
str_faction_garrison|补充驻军
str_faction_garrison_wages|驻军工资
str_faction_spending_edicts|敕令补贴
str_faction_spending_admin|行政开支
str_faction_salary|军官薪俸
str_faction_spending_diplomacy|支付贡金
str_faction_hire_description|汇总军团长与保民官招募新兵、补充伤亡造成的开支。
str_faction_wages_description|支付军团长与保民官所率部队工资的开支。
str_faction_garrison_description|招募新兵补充驻军的开支。
str_faction_garrison_wages_description|支付城镇或要塞驻军的工资。
str_faction_spending_edicts_description|法律与敕令产生的开支。
str_faction_spending_admin_description|城镇或要塞支付官员薪俸、维护公共建筑的行政开支。金额取决于集权程度：集权越高，开支越高，但也会减少逃税。
str_the_s55|{s55}
str_pcamp_unexpected_context|哎呀，真是意外的相遇！（调试上下文{reg0}）。
str_calculating_sortie_for_s4_strength_of_reg3_vs_reg4_enemies|正在计算{s4}的出击：己方兵力{reg3}，敌方兵力{reg4}
str_current_wealth_reg1_taxes_last_collected_from_s4|当前财富：{reg1}。上次征税地点：{s4}
str_s4_has_reg4_chance_of_recruiting_troops|{s4}招募部队的几率为{reg4}
str_s4_has_reg4_chance_of_going_to_s5|{s4}前往{s5}的几率为{reg4}
str_s4_has_reg5_chance_of_patrolling_s6|{s4}巡逻{s6}的几率为{reg5}
str_s4_has_reg5_chance_of_raiding_s6|{s4}劫掠{s6}的几率为{reg5}
str_s4_has_reg5_chance_of_besieging_s6|{s4}围攻{s6}的几率为{reg5}
str_sum_chances_reg6|几率总和：{reg6}
str_deciding_faction_ai_for_s3|正在为{s3}决定阵营AI行为
str_players_kingdom_has_had_reg3_days_of_peace|玩家王国已和平{reg3}天
str_s4_is_present_at_the_center_and_is_attending_the_feast|{s4}身在聚落，正在参加宴会
str_s4_is_present_at_the_center_and_is_awaiting_the_player_in_private|{s4}身在聚落，正在私下等候玩家
str_s4_is_present_at_the_center_and_is_allowed_to_meet_the_player|{s4}身在聚落，获准会见玩家
str_s4_is_present_at_the_center_and_is_not_allowed_to_meet_the_player|{s4}身在聚落，不准会见玩家
str_print_party_members_entered|已进入队伍成员输出流程
str_num_companion_stacks_=_reg10|同伴兵种组数量＝{reg10}
str_totalling_casualties_caused_during_mission|正在统计任务期间造成的伤亡……
str_removing_s4_from_s5|正在从{s5}移除{s4}
str_s4_joins_prison_break|{s4}加入劫狱行动
str_helper_is_spawned|协助者已生成。
str_leaving_area_during_prison_break|劫狱期间离开区域
str_belligerent_drunk_in_s4|{s4}中有寻衅醉汉
str_belligerent_drunk_not_found|未找到寻衅醉汉
str_roughlooking_character_in_s4|{s4}中有凶恶人物
str_roughlooking_character_not_found|未找到凶恶人物
str_party_with_commander_mismatch__check_log_for_details_|队伍与指挥官不匹配——详情请查看日志
str_doing_political_calculations_for_s9|正在为{s9}进行政治计算
str_wanted_bandits_spotted_by_s4|{s4}发现了被通缉的强盗
str_s4_ready_to_voice_objection_to_s3s_mission_if_in_party|若身在队伍中，{s4}已准备反对{s3}的任务
