itm_horse_meat|马肉
itm_horse_meat_pl|马肉
itm_tutorial_spear|矛
itm_tutorial_spear_pl|矛
itm_tutorial_club|木棒
itm_tutorial_club_pl|木棒
itm_tutorial_battle_axe|战斧
itm_tutorial_battle_axe_pl|战斧
itm_tutorial_arrows|箭
itm_tutorial_arrows_pl|箭
itm_tutorial_short_bow|短弓
itm_tutorial_short_bow_pl|短弓
itm_tutorial_crossbow|弩炮
itm_tutorial_crossbow_pl|弩炮
itm_tutorial_throwing_daggers|投掷匕首
itm_tutorial_throwing_daggers_pl|投掷匕首
itm_tutorial_saddle_horse|教程骑乘马
itm_tutorial_saddle_horse_pl|教程骑乘马
itm_tutorial_shield|盾
itm_tutorial_shield_pl|盾
itm_tutorial_staff_no_attack|棍杖
itm_tutorial_staff_no_attack_pl|棍杖
itm_tutorial_staff|棍杖
itm_tutorial_staff_pl|棍杖
itm_tutorial_sword|木制罗马短剑
itm_tutorial_sword_pl|木制罗马短剑
itm_tutorial_sword_2|木制罗马短剑
itm_tutorial_sword_2_pl|木制罗马短剑
itm_tutorial_dagger|匕首
itm_tutorial_dagger_pl|匕首
itm_practice_sword|练习剑
itm_practice_sword_pl|练习剑
itm_heavy_practice_sword|练习镰刀剑
itm_heavy_practice_sword_pl|练习镰刀剑
itm_practice_dagger|匕首
itm_practice_dagger_pl|匕首
itm_practice_axe|短剑
itm_practice_axe_pl|短剑
itm_arena_axe|斧
itm_arena_axe_pl|斧
itm_arena_sword|单手镰刀剑
itm_arena_sword_pl|单手镰刀剑
itm_arena_sword_two_handed|镰刀剑
itm_arena_sword_two_handed_pl|镰刀剑
itm_arena_lance|矛
itm_arena_lance_pl|矛
itm_practice_staff|练习棍杖
itm_practice_staff_pl|练习棍杖
itm_practice_lance|三叉戟
itm_practice_lance_pl|三叉戟
itm_practice_shield|练习盾
itm_practice_shield_pl|练习盾
itm_practice_bow|练习弓
itm_practice_bow_pl|练习弓
itm_practice_javelin|练习标枪
itm_practice_javelin_pl|练习标枪
itm_practice_throwing_daggers|投掷匕首
itm_practice_throwing_daggers_pl|投掷匕首
itm_practice_throwing_daggers_100_amount|投掷匕首
itm_practice_throwing_daggers_100_amount_pl|投掷匕首
itm_practice_horse|练习马
itm_practice_horse_pl|练习马
itm_practice_arrows|练习箭
itm_practice_arrows_pl|练习箭
itm_practice_arrows_10_amount|练习箭
itm_practice_arrows_10_amount_pl|练习箭
itm_practice_arrows_100_amount|练习箭
itm_practice_arrows_100_amount_pl|练习箭
itm_practice_javelin_amo4|练习罗马重标枪
itm_practice_javelin_amo4_pl|练习罗马重标枪
itm_practice_boots|练习靴
itm_practice_boots_pl|练习靴
itm_arena_shield_red|红色罗马大盾
itm_arena_shield_red_pl|红色罗马大盾
itm_arena_shield_blue|棕色罗马大盾
itm_arena_shield_blue_pl|棕色罗马大盾
itm_arena_shield_green|绿色罗马大盾
itm_arena_shield_green_pl|绿色罗马大盾
itm_arena_shield_yellow|白色罗马大盾
itm_arena_shield_yellow_pl|白色罗马大盾
itm_arena_armor_red|缠腰布与护臂
itm_arena_armor_red_pl|缠腰布与护臂
itm_arena_armor_blue|缠腰布与护臂
itm_arena_armor_blue_pl|缠腰布与护臂
itm_arena_armor_green|缠腰布与护臂
itm_arena_armor_green_pl|缠腰布与护臂
itm_arena_armor_yellow|缠腰布与护臂
itm_arena_armor_yellow_pl|缠腰布与护臂
itm_tourney_helm_red|角斗士头盔
itm_tourney_helm_red_pl|角斗士头盔
itm_tourney_helm_blue|角斗士头盔
itm_tourney_helm_blue_pl|角斗士头盔
itm_tourney_helm_green|角斗士头盔
itm_tourney_helm_green_pl|角斗士头盔
itm_tourney_helm_yellow|角斗士头盔
itm_tourney_helm_yellow_pl|角斗士头盔
itm_temple_gold|黄金
itm_temple_gold_pl|黄金
itm_spice|香料
itm_spice_pl|香料
itm_amber|琥珀
itm_amber_pl|琥珀
itm_perfume|香水
itm_perfume_pl|香水
itm_incense|熏香
itm_incense_pl|熏香
itm_ivory|象牙
itm_ivory_pl|象牙
itm_silver|白银
itm_silver_pl|白银
itm_stone|石料
itm_stone_pl|石料
itm_timber|木材
itm_timber_pl|木材
itm_soapstone|皂石
itm_soapstone_pl|皂石
itm_jewelry|珠宝首饰
itm_jewelry_pl|珠宝首饰
itm_salt|盐
itm_salt_pl|盐
itm_oil|油
itm_oil_pl|油
itm_pottery|陶器
itm_pottery_pl|陶器
itm_laquerware|漆器
itm_laquerware_pl|漆器
itm_raw_flax|亚麻捆
itm_raw_flax_pl|亚麻捆
itm_linen|亚麻布
itm_linen_pl|亚麻布
itm_wool|羊毛
itm_wool_pl|羊毛
itm_wool_cloth|毛呢
itm_wool_cloth_pl|毛呢
itm_raw_silk|生丝
itm_raw_silk_pl|生丝
itm_raw_dyes|染料
itm_raw_dyes_pl|染料
itm_velvet|天鹅绒
itm_velvet_pl|天鹅绒
itm_iron|铁
itm_iron_pl|铁
itm_tools|工具
itm_tools_pl|工具
itm_raw_leather|生皮
itm_raw_leather_pl|生皮
itm_leatherwork|皮革制品
itm_leatherwork_pl|皮革制品
itm_raw_date_fruit|椰枣
itm_raw_date_fruit_pl|椰枣
itm_furs|毛皮
itm_furs_pl|毛皮
itm_wine|葡萄酒
itm_wine_pl|葡萄酒
itm_ale|麦芽酒
itm_ale_pl|麦芽酒
itm_tea|茶叶
itm_tea_pl|茶叶
itm_smoked_fish|熏鱼
itm_smoked_fish_pl|熏鱼
itm_cheese|奶酪
itm_cheese_pl|奶酪
itm_honey|蜂蜜
itm_honey_pl|蜂蜜
itm_sausages|香肠
itm_sausages_pl|香肠
itm_cabbages|卷心菜
itm_cabbages_pl|卷心菜
itm_dried_meat|肉干
itm_dried_meat_pl|肉干
itm_apples|水果
itm_apples_pl|水果
itm_raw_grapes|葡萄
itm_raw_grapes_pl|葡萄
itm_raw_olives|橄榄
itm_raw_olives_pl|橄榄
itm_grain|谷物
itm_grain_pl|谷物
itm_rice|非洲稻米
itm_rice_pl|非洲稻米
itm_cattle_meat|牛肉
itm_cattle_meat_pl|牛肉
itm_horse_meat2|马肉
itm_horse_meat2_pl|马肉
itm_venison|野味
itm_venison_pl|野味
itm_bread|面包
itm_bread_pl|面包
itm_chicken|鸡肉
itm_chicken_pl|鸡肉
itm_pork|猪肉
itm_pork_pl|猪肉
itm_butter|黄油
itm_butter_pl|黄油
itm_siege_supply|补给品
itm_siege_supply_pl|补给品
itm_the_lost_eagle|第十七军团鹰旗
itm_the_lost_eagle_pl|第十七军团鹰旗
itm_quest_wine|葡萄酒
itm_quest_wine_pl|葡萄酒
itm_quest_ale|麦芽酒
itm_quest_ale_pl|麦芽酒
itm_basic_chariot_horse|红色双马战车（Biga Russata）
itm_basic_chariot_horse_pl|红色双马战车（Biga Russata）
itm_basic_chariot_b_horse|蓝色双马战车（Biga Veneta）
itm_basic_chariot_b_horse_pl|蓝色双马战车（Biga Veneta）
itm_quadriga_chariot_horse|豪华四马凯旋战车（Currus Triumphalis）
itm_quadriga_chariot_horse_pl|豪华四马凯旋战车（Currus Triumphalis）
itm_sumpter_horse|驮马
itm_sumpter_horse_pl|驮马
itm_horse_light_a|驮马
itm_horse_light_a_pl|驮马
itm_horse_light_b|驮马
itm_horse_light_b_pl|驮马
itm_horse_light_c|驮马
itm_horse_light_c_pl|驮马
itm_normal_horse_1|马
itm_normal_horse_1_pl|马
itm_normal_horse_2|马
itm_normal_horse_2_pl|马
itm_normal_horse_3|马
itm_normal_horse_3_pl|马
itm_horse_1|马
itm_horse_1_pl|马
itm_horse_2|马
itm_horse_2_pl|马
itm_horse_3|马
itm_horse_3_pl|马
itm_horse_4|马
itm_horse_4_pl|马
itm_horse_5|马
itm_horse_5_pl|马
itm_horse_6|马
itm_horse_6_pl|马
itm_horse_7|马
itm_horse_7_pl|马
itm_horse_8|马
itm_horse_8_pl|马
itm_horse_9|马
itm_horse_9_pl|马
itm_numidian_horse_1|努米底亚马
itm_numidian_horse_1_pl|努米底亚马
itm_numidian_horse_2|努米底亚马
itm_numidian_horse_2_pl|努米底亚马
itm_numidian_horse_3|努米底亚马
itm_numidian_horse_3_pl|努米底亚马
itm_steppe_horse_1|草原马
itm_steppe_horse_1_pl|草原马
itm_steppe_horse_2|草原马
itm_steppe_horse_2_pl|草原马
itm_steppe_horse_3|草原马
itm_steppe_horse_3_pl|草原马
itm_cataphract_horse_steppe_1|披甲马
itm_cataphract_horse_steppe_1_pl|披甲马
itm_cataphract_horse_steppe_2|披甲马
itm_cataphract_horse_steppe_2_pl|披甲马
itm_cataphract_horse_steppe_3|披甲马
itm_cataphract_horse_steppe_3_pl|披甲马
itm_arabian_horse_a|沙漠马
itm_arabian_horse_a_pl|沙漠马
itm_arabian_horse_b|沙漠马
itm_arabian_horse_b_pl|沙漠马
itm_arabian_horse_c|沙漠马
itm_arabian_horse_c_pl|沙漠马
itm_parthian_horse_a|帕提亚马
itm_parthian_horse_a_pl|帕提亚马
itm_parthian_horse_b|帕提亚马
itm_parthian_horse_b_pl|帕提亚马
itm_parthian_horse_c|帕提亚马
itm_parthian_horse_c_pl|帕提亚马
itm_cataphract_horse_parthian_1|披甲马
itm_cataphract_horse_parthian_1_pl|披甲马
itm_cataphract_horse_parthian_2|披甲马
itm_cataphract_horse_parthian_2_pl|披甲马
itm_cataphract_horse_parthian_3|披甲马
itm_cataphract_horse_parthian_3_pl|披甲马
itm_half_cataphract_horse_parthian_1|半披甲马
itm_half_cataphract_horse_parthian_1_pl|半披甲马
itm_half_cataphract_horse_parthian_2|半披甲马
itm_half_cataphract_horse_parthian_2_pl|半披甲马
itm_half_cataphract_horse_parthian_3|半披甲马
itm_half_cataphract_horse_parthian_3_pl|半披甲马
itm_leopard_horse_1|马
itm_leopard_horse_1_pl|马
itm_leopard_horse_2|马
itm_leopard_horse_2_pl|马
itm_leopard_horse_3|马
itm_leopard_horse_3_pl|马
itm_camel|骆驼
itm_camel_pl|骆驼
itm_donkey_mount|驴
itm_donkey_mount_pl|驴
itm_donkey_mount2|驴
itm_donkey_mount2_pl|驴
itm_mule|骡
itm_mule_pl|骡
itm_mule_package|驮骡
itm_mule_package_pl|驮骡
itm_arrows|箭
itm_arrows_pl|箭
itm_khergit_arrows|精锐箭
itm_khergit_arrows_pl|精锐箭
itm_barbed_arrows|倒钩箭
itm_barbed_arrows_pl|倒钩箭
itm_bodkin_arrows|锥头箭
itm_bodkin_arrows_pl|锥头箭
itm_poisoned_arrows|毒箭
itm_poisoned_arrows_pl|毒箭
itm_syrian_barbed_arrows|叙利亚倒钩箭
itm_syrian_barbed_arrows_pl|叙利亚倒钩箭
itm_sarmatian_arrows_1|萨尔马提亚倒钩箭
itm_sarmatian_arrows_1_pl|萨尔马提亚倒钩箭
itm_sarmatian_arrows_2|萨尔马提亚倒钩箭
itm_sarmatian_arrows_2_pl|萨尔马提亚倒钩箭
itm_sling_rock1|投石索石弹
itm_sling_rock1_pl|投石索石弹
itm_sling_lead|投石索铅弹
itm_sling_lead_pl|投石索铅弹
itm_ballista_bolts|弩炮弹药
itm_ballista_bolts_pl|弩炮弹药
itm_leather_gloves|皮手套
itm_leather_gloves_pl|皮手套
itm_mail_mittens|锁甲手套
itm_mail_mittens_pl|锁甲手套
itm_gauntles_1|护手
itm_gauntles_1_pl|护手
itm_gauntles_2|护手
itm_gauntles_2_pl|护手
itm_ring_1|金戒指
itm_ring_1_pl|金戒指
itm_ring_2|银戒指
itm_ring_2_pl|银戒指
itm_ring_3|青铜戒指
itm_ring_3_pl|青铜戒指
itm_aquilifer_legion_squamata_1|鹰旗手鳞甲
itm_aquilifer_legion_squamata_1_pl|鹰旗手鳞甲
itm_aquilifer_legion_squamata_2|鹰旗手鳞甲
itm_aquilifer_legion_squamata_2_pl|鹰旗手鳞甲
itm_aquilifer_praetorian_squamata_1|鹰旗手鳞甲
itm_aquilifer_praetorian_squamata_1_pl|鹰旗手鳞甲
itm_cenutrio_legion_squamata_1|百夫长鳞甲
itm_cenutrio_legion_squamata_1_pl|百夫长鳞甲
itm_cenutrio_legion_squamata_2|百夫长鳞甲
itm_cenutrio_legion_squamata_2_pl|百夫长鳞甲
itm_cenutrio_legion_squamata_3|百夫长鳞甲
itm_cenutrio_legion_squamata_3_pl|百夫长鳞甲
itm_cenutrio_legion_squamata_4|百夫长鳞甲
itm_cenutrio_legion_squamata_4_pl|百夫长鳞甲
itm_centurio_legion_hamata_1|百夫长锁子甲
itm_centurio_legion_hamata_1_pl|百夫长锁子甲
itm_centurio_legion_hamata_2|百夫长锁子甲
itm_centurio_legion_hamata_2_pl|百夫长锁子甲
itm_cenutrio_legion_hamata_3|百夫长锁子甲
itm_cenutrio_legion_hamata_3_pl|百夫长锁子甲
itm_cenutrio_legion_hamata_4|百夫长锁子甲
itm_cenutrio_legion_hamata_4_pl|百夫长锁子甲
itm_centurio_praetorian_squamata_1|禁卫军百夫长鳞甲
itm_centurio_praetorian_squamata_1_pl|禁卫军百夫长鳞甲
itm_centurio_praetorian_squamata_2|禁卫军百夫长鳞甲
itm_centurio_praetorian_squamata_2_pl|禁卫军百夫长鳞甲
itm_cenutrio_aux_squamata_1|辅助军百夫长鳞甲
itm_cenutrio_aux_squamata_1_pl|辅助军百夫长鳞甲
itm_cenutrio_aux_hamata_1|辅助军百夫长锁子甲
itm_cenutrio_aux_hamata_1_pl|辅助军百夫长锁子甲
itm_legion_hamata_1|锁子甲与衬甲衣
itm_legion_hamata_1_pl|锁子甲与衬甲衣
itm_legion_hamata_10|锁子甲与衬甲衣
itm_legion_hamata_10_pl|锁子甲与衬甲衣
itm_legion_hamata_11|锁子甲与衬甲衣
itm_legion_hamata_11_pl|锁子甲与衬甲衣
itm_legion_hamata_13|锁子甲与衬甲衣
itm_legion_hamata_13_pl|锁子甲与衬甲衣
itm_legion_hamata_14|锁子甲与衬甲衣
itm_legion_hamata_14_pl|锁子甲与衬甲衣
itm_legion_hamata_15|锁子甲与衬甲衣
itm_legion_hamata_15_pl|锁子甲与衬甲衣
itm_legion_hamata_16|锁子甲与衬甲衣
itm_legion_hamata_16_pl|锁子甲与衬甲衣
itm_legion_hamata_2|锁子甲与衬甲衣
itm_legion_hamata_2_pl|锁子甲与衬甲衣
itm_legion_hamata_3|锁子甲与衬甲衣
itm_legion_hamata_3_pl|锁子甲与衬甲衣
itm_legion_hamata_4|锁子甲
itm_legion_hamata_4_pl|锁子甲
itm_legion_hamata_5|锁子甲
itm_legion_hamata_5_pl|锁子甲
itm_legion_hamata_6|锁子甲
itm_legion_hamata_6_pl|锁子甲
itm_legion_hamata_7|锁子甲
itm_legion_hamata_7_pl|锁子甲
itm_legion_hamata_8|锁子甲
itm_legion_hamata_8_pl|锁子甲
itm_legion_hamata_9|锁子甲
itm_legion_hamata_9_pl|锁子甲
itm_auxilia_cavalry_hamata_1|锁子甲
itm_auxilia_cavalry_hamata_1_pl|锁子甲
itm_auxilia_cavalry_hamata_2|锁子甲
itm_auxilia_cavalry_hamata_2_pl|锁子甲
itm_auxilia_hamata_east_1|锁子甲与披风
itm_auxilia_hamata_east_1_pl|锁子甲与披风
itm_auxilia_hamata_east_2|锁子甲
itm_auxilia_hamata_east_2_pl|锁子甲
itm_legion_hamata_cape_pants_long_3|锁子甲与披风
itm_legion_hamata_cape_pants_long_3_pl|锁子甲与披风
itm_legion_hamata_cape_pants_long_4|锁子甲与披风
itm_legion_hamata_cape_pants_long_4_pl|锁子甲与披风
itm_legion_hamata_cape_1|锁子甲、披风与衬甲衣
itm_legion_hamata_cape_1_pl|锁子甲、披风与衬甲衣
itm_legion_hamata_cape_2|锁子甲、披风与衬甲衣
itm_legion_hamata_cape_2_pl|锁子甲、披风与衬甲衣
itm_legion_hamata_cape_3|锁子甲、披风与衬甲衣
itm_legion_hamata_cape_3_pl|锁子甲、披风与衬甲衣
itm_legion_hamata_cape_4|锁子甲与披风
itm_legion_hamata_cape_4_pl|锁子甲与披风
itm_legion_hamata_cape_5|锁子甲与披风
itm_legion_hamata_cape_5_pl|锁子甲与披风
itm_legion_hamata_cape_6|锁子甲、披风与衬甲衣
itm_legion_hamata_cape_6_pl|锁子甲、披风与衬甲衣
itm_legion_hamata_cape_7|锁子甲、披风与衬甲衣
itm_legion_hamata_cape_7_pl|锁子甲、披风与衬甲衣
itm_legion_hamata_cape_8|锁子甲、披风与衬甲衣
itm_legion_hamata_cape_8_pl|锁子甲、披风与衬甲衣
itm_praetorian_hamata_1|禁卫军锁子甲与披风
itm_praetorian_hamata_1_pl|禁卫军锁子甲与披风
itm_praetorian_hamata_2|禁卫军锁子甲
itm_praetorian_hamata_2_pl|禁卫军锁子甲
itm_praetorian_hamata_3|禁卫军锁子甲与披风
itm_praetorian_hamata_3_pl|禁卫军锁子甲与披风
itm_praetorian_hamata_4|禁卫军锁子甲
itm_praetorian_hamata_4_pl|禁卫军锁子甲
itm_legion_segmentata_1|罗马分节板甲
itm_legion_segmentata_1_pl|罗马分节板甲
itm_legion_segmentata_2|罗马分节板甲
itm_legion_segmentata_2_pl|罗马分节板甲
itm_legion_segmentata_3|罗马分节板甲
itm_legion_segmentata_3_pl|罗马分节板甲
itm_legion_segmentata_4|罗马分节板甲
itm_legion_segmentata_4_pl|罗马分节板甲
itm_legion_segmentata_5|罗马分节板甲
itm_legion_segmentata_5_pl|罗马分节板甲
itm_legion_segmentata_6|罗马分节板甲与衬甲衣
itm_legion_segmentata_6_pl|罗马分节板甲与衬甲衣
itm_legion_segmentata_7|罗马分节板甲与衬甲衣
itm_legion_segmentata_7_pl|罗马分节板甲与衬甲衣
itm_legion_segmentata_8|罗马分节板甲与衬甲衣
itm_legion_segmentata_8_pl|罗马分节板甲与衬甲衣
itm_legion_segmentata_manica_1|罗马分节板甲、衬甲衣与护臂
itm_legion_segmentata_manica_1_pl|罗马分节板甲、衬甲衣与护臂
itm_legion_segmentata_manica_2|罗马分节板甲、衬甲衣与护臂
itm_legion_segmentata_manica_2_pl|罗马分节板甲、衬甲衣与护臂
itm_legion_segmentata_manica_3|罗马分节板甲、衬甲衣与护臂
itm_legion_segmentata_manica_3_pl|罗马分节板甲、衬甲衣与护臂
itm_legion_segmentata_manica_4|罗马分节板甲、衬甲衣与护臂
itm_legion_segmentata_manica_4_pl|罗马分节板甲、衬甲衣与护臂
itm_legion_segmentata_manica_5|罗马分节板甲、衬甲衣、披风与护臂
itm_legion_segmentata_manica_5_pl|罗马分节板甲、衬甲衣、披风与护臂
itm_legion_segmentata_manica_6|罗马分节板甲、衬甲衣、披风与护臂
itm_legion_segmentata_manica_6_pl|罗马分节板甲、衬甲衣、披风与护臂
itm_legion_segmentata_manica_7|罗马分节板甲、衬甲衣、披风与护臂
itm_legion_segmentata_manica_7_pl|罗马分节板甲、衬甲衣、披风与护臂
itm_legion_segmentata_manica_8|罗马分节板甲、衬甲衣、披风与护臂
itm_legion_segmentata_manica_8_pl|罗马分节板甲、衬甲衣、披风与护臂
itm_legion_segmentata_cape_1|罗马分节板甲与披风
itm_legion_segmentata_cape_1_pl|罗马分节板甲与披风
itm_legion_segmentata_cape_2|罗马分节板甲与披风
itm_legion_segmentata_cape_2_pl|罗马分节板甲与披风
itm_legion_segmentata_cape_3|罗马分节板甲与披风
itm_legion_segmentata_cape_3_pl|罗马分节板甲与披风
itm_legion_segmentata_cape_4|罗马分节板甲、披风与衬甲衣
itm_legion_segmentata_cape_4_pl|罗马分节板甲、披风与衬甲衣
itm_legion_segmentata_cape_5|罗马分节板甲、披风与衬甲衣
itm_legion_segmentata_cape_5_pl|罗马分节板甲、披风与衬甲衣
itm_legion_segmentata_cape_6|罗马分节板甲、披风与衬甲衣
itm_legion_segmentata_cape_6_pl|罗马分节板甲、披风与衬甲衣
itm_auxilia_cavalry_squamata_1|鳞甲
itm_auxilia_cavalry_squamata_1_pl|鳞甲
itm_auxilia_cavalry_squamata_2|鳞甲
itm_auxilia_cavalry_squamata_2_pl|鳞甲
itm_legion_squamata_1|鳞甲
itm_legion_squamata_1_pl|鳞甲
itm_legion_squamata_2|鳞甲
itm_legion_squamata_2_pl|鳞甲
itm_legion_squamata_3|鳞甲
itm_legion_squamata_3_pl|鳞甲
itm_legion_squamata_4|鳞甲
itm_legion_squamata_4_pl|鳞甲
itm_legion_squamata_5|鳞甲
itm_legion_squamata_5_pl|鳞甲
itm_legion_squamata_6|鳞甲
itm_legion_squamata_6_pl|鳞甲
itm_legion_squamata_7|鳞甲
itm_legion_squamata_7_pl|鳞甲
itm_legion_squamata_8|鳞甲
itm_legion_squamata_8_pl|鳞甲
itm_legion_squamata_9|鳞甲
itm_legion_squamata_9_pl|鳞甲
itm_auxilia_squamata_east_1|东方鳞甲
itm_auxilia_squamata_east_1_pl|东方鳞甲
itm_auxilia_squamata_east_2|东方鳞甲
itm_auxilia_squamata_east_2_pl|东方鳞甲
itm_auxilia_squamata_east_3|东方鳞甲
itm_auxilia_squamata_east_3_pl|东方鳞甲
itm_auxilia_squamata_east_4|东方鳞甲
itm_auxilia_squamata_east_4_pl|东方鳞甲
itm_auxilia_squamata_east_5|东方鳞甲与豹皮
itm_auxilia_squamata_east_5_pl|东方鳞甲与豹皮
itm_auxilia_squamata_east_6|东方鳞甲与豹皮
itm_auxilia_squamata_east_6_pl|东方鳞甲与豹皮
itm_oriental_squamata_1|东方鳞甲
itm_oriental_squamata_1_pl|东方鳞甲
itm_oriental_squamata_2|东方鳞甲
itm_oriental_squamata_2_pl|东方鳞甲
itm_oriental_squamata_3|东方鳞甲
itm_oriental_squamata_3_pl|东方鳞甲
itm_oriental_squamata_4|东方鳞甲
itm_oriental_squamata_4_pl|东方鳞甲
itm_legion_squamata_10|鳞甲与衬甲衣
itm_legion_squamata_10_pl|鳞甲与衬甲衣
itm_legion_squamata_11|鳞甲与衬甲衣
itm_legion_squamata_11_pl|鳞甲与衬甲衣
itm_legion_squamata_12|鳞甲与衬甲衣
itm_legion_squamata_12_pl|鳞甲与衬甲衣
itm_legion_squamata_13|鳞甲与衬甲衣
itm_legion_squamata_13_pl|鳞甲与衬甲衣
itm_legion_squamata_14|鳞甲与衬甲衣
itm_legion_squamata_14_pl|鳞甲与衬甲衣
itm_legion_squamata_cape_1|鳞甲与披风
itm_legion_squamata_cape_1_pl|鳞甲与披风
itm_legion_squamata_cape_2|鳞甲与披风
itm_legion_squamata_cape_2_pl|鳞甲与披风
itm_legion_squamata_cape_3|鳞甲与披风
itm_legion_squamata_cape_3_pl|鳞甲与披风
itm_legion_squamata_cape_4|鳞甲、披风与衬甲衣
itm_legion_squamata_cape_4_pl|鳞甲、披风与衬甲衣
itm_legion_squamata_cape_5|鳞甲、披风与衬甲衣
itm_legion_squamata_cape_5_pl|鳞甲、披风与衬甲衣
itm_musculata_1|肌肉胸甲与披风
itm_musculata_1_pl|肌肉胸甲与披风
itm_musculata_2|肌肉胸甲与披风
itm_musculata_2_pl|肌肉胸甲与披风
itm_musculata_3|肌肉胸甲与披风
itm_musculata_3_pl|肌肉胸甲与披风
itm_musculata_legatus_1|肌肉胸甲与披风
itm_musculata_legatus_1_pl|肌肉胸甲与披风
itm_musculata_legatus_2|肌肉胸甲与披风
itm_musculata_legatus_2_pl|肌肉胸甲与披风
itm_musculata_legatus_3|肌肉胸甲与披风
itm_musculata_legatus_3_pl|肌肉胸甲与披风
itm_musculata_legatus_4|肌肉胸甲与披风
itm_musculata_legatus_4_pl|肌肉胸甲与披风
itm_musculata_legatus_5|肌肉胸甲与披风
itm_musculata_legatus_5_pl|肌肉胸甲与披风
itm_musculata_legatus_6|肌肉胸甲
itm_musculata_legatus_6_pl|肌肉胸甲
itm_musculata_legatus_7|肌肉胸甲
itm_musculata_legatus_7_pl|肌肉胸甲
itm_musculata_legatus_8|肌肉胸甲与披风
itm_musculata_legatus_8_pl|肌肉胸甲与披风
itm_musculata_legatus_9|肌肉胸甲与披风
itm_musculata_legatus_9_pl|肌肉胸甲与披风
itm_musculata_legatus_10|肌肉胸甲与披风
itm_musculata_legatus_10_pl|肌肉胸甲与披风
itm_signifer_auxilia_hamata_1|军旗手锁子甲
itm_signifer_auxilia_hamata_1_pl|军旗手锁子甲
itm_signifer_legion_squamata|军旗手鳞甲
itm_signifer_legion_squamata_pl|军旗手鳞甲
itm_signifer_legion_hamata|军旗手锁子甲
itm_signifer_legion_hamata_pl|军旗手锁子甲
itm_vexilarius_legion_hamata_1|旗手锁子甲
itm_vexilarius_legion_hamata_1_pl|旗手锁子甲
itm_vexilarius_praetorian_squamata_1|旗手锁子甲
itm_vexilarius_praetorian_squamata_1_pl|旗手锁子甲
itm_praetorian_segmentata_1|禁卫军分节板甲
itm_praetorian_segmentata_1_pl|禁卫军分节板甲
itm_praetorian_segmentata_2|禁卫军分节板甲
itm_praetorian_segmentata_2_pl|禁卫军分节板甲
itm_praetorian_segmentata_3|禁卫军分节板甲
itm_praetorian_segmentata_3_pl|禁卫军分节板甲
itm_subarmalis_1|衬甲衣
itm_subarmalis_1_pl|衬甲衣
itm_subarmalis_2|衬甲衣
itm_subarmalis_2_pl|衬甲衣
itm_subarmalis_3|衬甲衣
itm_subarmalis_3_pl|衬甲衣
itm_military_tunic_1|军用短袍
itm_military_tunic_1_pl|军用短袍
itm_military_tunic_2|军用短袍
itm_military_tunic_2_pl|军用短袍
itm_military_tunic_3|军用短袍
itm_military_tunic_3_pl|军用短袍
itm_military_tunic_4|军用短袍
itm_military_tunic_4_pl|军用短袍
itm_aux_slinger|投石兵短袍
itm_aux_slinger_pl|投石兵短袍
itm_aux_slinger_2|投石兵短袍
itm_aux_slinger_2_pl|投石兵短袍
itm_aux_slinger_3|投石兵短袍
itm_aux_slinger_3_pl|投石兵短袍
itm_legion_squamata_cape_pants_long_1|鳞甲与披风
itm_legion_squamata_cape_pants_long_1_pl|鳞甲与披风
itm_legion_squamata_cape_pants_long_2|鳞甲与披风
itm_legion_squamata_cape_pants_long_2_pl|鳞甲与披风
itm_legion_squamata_pants_long_1|鳞甲
itm_legion_squamata_pants_long_1_pl|鳞甲
itm_legion_squamata_pants_long_2|鳞甲
itm_legion_squamata_pants_long_2_pl|鳞甲
itm_legion_squamata_syria_1|叙利亚鳞甲
itm_legion_squamata_syria_1_pl|叙利亚鳞甲
itm_legion_squamata_syria_2|叙利亚鳞甲
itm_legion_squamata_syria_2_pl|叙利亚鳞甲
itm_legion_hamata_cape_pants_long_1|锁子甲与披风
itm_legion_hamata_cape_pants_long_1_pl|锁子甲与披风
itm_legion_hamata_cape_pants_long_2|锁子甲与披风
itm_legion_hamata_cape_pants_long_2_pl|锁子甲与披风
itm_legion_hamata_pants_long_1|锁子甲
itm_legion_hamata_pants_long_1_pl|锁子甲
itm_legion_hamata_pants_long_2|锁子甲
itm_legion_hamata_pants_long_2_pl|锁子甲
itm_female_caligea_gold|金色罗马凉靴
itm_female_caligea_gold_pl|金色罗马凉靴
itm_caligea|民用罗马凉靴
itm_caligea_pl|民用罗马凉靴
itm_legio_armored_caligea_2|装饰罗马凉靴与胫甲
itm_legio_armored_caligea_2_pl|装饰罗马凉靴与胫甲
itm_legio_armored_caligea_2_winter|装饰罗马凉靴与胫甲（冬装）
itm_legio_armored_caligea_2_winter_pl|装饰罗马凉靴与胫甲（冬装）
itm_legio_armored_caligea|罗马凉靴与胫甲
itm_legio_armored_caligea_pl|罗马凉靴与胫甲
itm_legio_armored_caligea_winter|罗马凉靴与胫甲（冬装）
itm_legio_armored_caligea_winter_pl|罗马凉靴与胫甲（冬装）
itm_centurio_west_graves|罗马凉靴与胫甲
itm_centurio_west_graves_pl|罗马凉靴与胫甲
itm_centurio_west_graves_winter|罗马凉靴与胫甲（冬装）
itm_centurio_west_graves_winter_pl|罗马凉靴与胫甲（冬装）
itm_centurio_east_graves|罗马凉靴与胫甲
itm_centurio_east_graves_pl|罗马凉靴与胫甲
itm_centurio_east_graves_winter|罗马凉靴与胫甲（冬装）
itm_centurio_east_graves_winter_pl|罗马凉靴与胫甲（冬装）
itm_centurio_praetorian_graves|装饰罗马凉靴与胫甲
itm_centurio_praetorian_graves_pl|装饰罗马凉靴与胫甲
itm_centurio_praetorian_graves_winter|装饰罗马凉靴与胫甲（冬装）
itm_centurio_praetorian_graves_winter_pl|装饰罗马凉靴与胫甲（冬装）
itm_aux_centurio_graves|罗马凉靴与胫甲
itm_aux_centurio_graves_pl|罗马凉靴与胫甲
itm_aux_centurio_graves_winter|罗马凉靴与胫甲（冬装）
itm_aux_centurio_graves_winter_pl|罗马凉靴与胫甲（冬装）
itm_graves_simple|军用罗马凉靴
itm_graves_simple_pl|军用罗马凉靴
itm_graves_simple_winter|军用罗马凉靴（冬装）
itm_graves_simple_winter_pl|军用罗马凉靴（冬装）
itm_knife|小刀
itm_knife_pl|小刀
itm_knife_2|小刀
itm_knife_2_pl|小刀
itm_butchering_knife|屠刀
itm_butchering_knife_pl|屠刀
itm_butchering_knife_2|屠刀
itm_butchering_knife_2_pl|屠刀
itm_club|木棒
itm_club_pl|木棒
itm_club_2|木棒
itm_club_2_pl|木棒
itm_club_3|木棒
itm_club_3_pl|木棒
itm_pickaxe|镐
itm_pickaxe_pl|镐
itm_flax1|镰刀剑
itm_flax1_pl|镰刀剑
itm_flax2|镰刀剑
itm_flax2_pl|镰刀剑
itm_flax3|镰刀剑
itm_flax3_pl|镰刀剑
itm_flax4|镰刀剑
itm_flax4_pl|镰刀剑
itm_flax5|镰刀剑
itm_flax5_pl|镰刀剑
itm_flax6|镰刀剑
itm_flax6_pl|镰刀剑
itm_battle_axe|战斧
itm_battle_axe_pl|战斧
itm_dagger|罗马匕首
itm_dagger_pl|罗马匕首
itm_roman_spatha|斯帕塔长剑
itm_roman_spatha_pl|斯帕塔长剑
itm_roman_spatha_2|斯帕塔长剑
itm_roman_spatha_2_pl|斯帕塔长剑
itm_roman_spatha_3|斯帕塔长剑
itm_roman_spatha_3_pl|斯帕塔长剑
itm_roman_spatha_rich|斯帕塔长剑
itm_roman_spatha_rich_pl|斯帕塔长剑
itm_roman_spatha_rich_2|斯帕塔长剑
itm_roman_spatha_rich_2_pl|斯帕塔长剑
itm_roman_spatha_rich_3|斯帕塔长剑
itm_roman_spatha_rich_3_pl|斯帕塔长剑
itm_roman_gladius|罗马短剑
itm_roman_gladius_pl|罗马短剑
itm_roman_gladius_melee|罗马短剑
itm_roman_gladius_melee_pl|罗马短剑
itm_old_gladius_2|旧罗马短剑
itm_old_gladius_2_pl|旧罗马短剑
itm_old_gladius_2_melee|旧罗马短剑
itm_old_gladius_2_melee_pl|旧罗马短剑
itm_old_gladius_1|旧罗马短剑
itm_old_gladius_1_pl|旧罗马短剑
itm_roman_gladius_2|罗马短剑
itm_roman_gladius_2_pl|罗马短剑
itm_roman_gladius_2_melee|罗马短剑
itm_roman_gladius_2_melee_pl|罗马短剑
itm_roman_gladius_rich_2|罗马短剑
itm_roman_gladius_rich_2_pl|罗马短剑
itm_roman_gladius_rich_2_melee|罗马短剑
itm_roman_gladius_rich_2_melee_pl|罗马短剑
itm_roman_gladius_3|罗马短剑
itm_roman_gladius_3_pl|罗马短剑
itm_roman_gladius_3_melee|罗马短剑
itm_roman_gladius_3_melee_pl|罗马短剑
itm_roman_gladius_rich_3|罗马短剑
itm_roman_gladius_rich_3_pl|罗马短剑
itm_roman_gladius_rich_3_melee|罗马短剑
itm_roman_gladius_rich_3_melee_pl|罗马短剑
itm_hasta1|长罗马矛
itm_hasta1_pl|长罗马矛
itm_hasta2|罗马矛
itm_hasta2_pl|罗马矛
itm_hasta3|短罗马矛
itm_hasta3_pl|短罗马矛
itm_sarmatian_sword_1|短剑
itm_sarmatian_sword_1_pl|短剑
itm_scythe|长柄镰刀
itm_scythe_pl|长柄镰刀
itm_pitch_fork|草叉
itm_pitch_fork_pl|草叉
itm_shepherds_crook|牧羊杖
itm_shepherds_crook_pl|牧羊杖
itm_staff|棍杖
itm_staff_pl|棍杖
itm_quarter_staff|长棍
itm_quarter_staff_pl|长棍
itm_iron_staff|铁棍
itm_iron_staff_pl|铁棍
itm_boar_spear|猎猪矛
itm_boar_spear_pl|猎猪矛
itm_old_spear_1|罗马矛
itm_old_spear_1_pl|罗马矛
itm_old_spear_2|罗马矛
itm_old_spear_2_pl|罗马矛
itm_shortened_spear|截短矛
itm_shortened_spear_pl|截短矛
itm_spear|矛
itm_spear_pl|矛
itm_war_spear|战矛
itm_war_spear_pl|战矛
itm_cavalry_spear|长矛
itm_cavalry_spear_pl|长矛
itm_greek_spear_1|矛
itm_greek_spear_1_pl|矛
itm_greek_spear_2|矛
itm_greek_spear_2_pl|矛
itm_battle_standard|战旗
itm_battle_standard_pl|战旗
itm_scutum_praetorian|禁卫军大盾
itm_scutum_praetorian_pl|禁卫军大盾
itm_scutum_praetorian_2|禁卫军大盾
itm_scutum_praetorian_2_pl|禁卫军大盾
itm_praetorian_cav_scutum|禁卫骑兵大盾
itm_praetorian_cav_scutum_pl|禁卫骑兵大盾
itm_praetorian_cav_scutum_2|禁卫骑兵大盾
itm_praetorian_cav_scutum_2_pl|禁卫骑兵大盾
itm_scutum_1|罗马大盾
itm_scutum_1_pl|罗马大盾
itm_scutum_2|罗马大盾
itm_scutum_2_pl|罗马大盾
itm_scutum_3|罗马大盾
itm_scutum_3_pl|罗马大盾
itm_scutum_4|罗马大盾
itm_scutum_4_pl|罗马大盾
itm_scutum_5|罗马大盾
itm_scutum_5_pl|罗马大盾
itm_scutum_6|罗马大盾
itm_scutum_6_pl|罗马大盾
itm_scutum_7|罗马大盾
itm_scutum_7_pl|罗马大盾
itm_scutum_8|罗马大盾
itm_scutum_8_pl|罗马大盾
itm_scutum_11|罗马大盾
itm_scutum_11_pl|罗马大盾
itm_scutum_17|罗马大盾
itm_scutum_17_pl|罗马大盾
itm_scutum_18|罗马大盾
itm_scutum_18_pl|罗马大盾
itm_scutum_19|罗马大盾
itm_scutum_19_pl|罗马大盾
itm_scutum_20|罗马大盾
itm_scutum_20_pl|罗马大盾
itm_scutum_21|罗马大盾
itm_scutum_21_pl|罗马大盾
itm_scutum_22|罗马大盾
itm_scutum_22_pl|罗马大盾
itm_javelin|标枪
itm_javelin_pl|标枪
itm_jarid|投矛
itm_jarid_pl|投矛
itm_throwing_spears|投矛
itm_throwing_spears_pl|投矛
itm_throwing_spears_east|投矛
itm_throwing_spears_east_pl|投矛
itm_jarid_celt|投矛
itm_jarid_celt_pl|投矛
itm_throwing_spears_roman|投矛
itm_throwing_spears_roman_pl|投矛
itm_pilum|罗马重标枪
itm_pilum_pl|罗马重标枪
itm_pilum_2|罗马重标枪
itm_pilum_2_pl|罗马重标枪
itm_pilum_3|罗马重标枪
itm_pilum_3_pl|罗马重标枪
itm_stones|石块
itm_stones_pl|石块
itm_throwing_knives|飞刀
itm_throwing_knives_pl|飞刀
itm_throwing_daggers|投掷匕首
itm_throwing_daggers_pl|投掷匕首
itm_hunting_bow|猎弓
itm_hunting_bow_pl|猎弓
itm_short_bow|短弓
itm_short_bow_pl|短弓
itm_german_shortbow|短弓
itm_german_shortbow_pl|短弓
itm_long_bow|长弓
itm_long_bow_pl|长弓
itm_war_bow|战弓
itm_war_bow_pl|战弓
itm_nomad_bow|复合弓
itm_nomad_bow_pl|复合弓
itm_khergit_bow|复合弓
itm_khergit_bow_pl|复合弓
itm_persian_bow|复合弓
itm_persian_bow_pl|复合弓
itm_khergit_bow_2|复合弓
itm_khergit_bow_2_pl|复合弓
itm_sarmatian_bow|复合弓
itm_sarmatian_bow_pl|复合弓
itm_sling|投石索
itm_sling_pl|投石索
itm_ballista_mounted|架设弩炮
itm_ballista_mounted_pl|架设弩炮
itm_ballista|弩炮
itm_ballista_pl|弩炮
itm_torch|火把
itm_torch_pl|火把
itm_torch2|火把
itm_torch2_pl|火把
itm_horn|号角
itm_horn_pl|号角
itm_trumpet_eastern|喇叭
itm_trumpet_eastern_pl|喇叭
itm_lyre|里拉琴
itm_lyre_pl|里拉琴
itm_lute|鲁特琴
itm_lute_pl|鲁特琴
itm_flute|笛子
itm_flute_pl|笛子
itm_keys|一串钥匙
itm_keys_pl|一串钥匙
itm_stones_siege|巨石
itm_stones_siege_pl|巨石
itm_arminius_spatha|华贵斯帕塔长剑
itm_arminius_spatha_pl|华贵斯帕塔长剑
itm_ancient_spatha|装饰斯帕塔长剑
itm_ancient_spatha_pl|装饰斯帕塔长剑
itm_ancient_spatha_melee|装饰斯帕塔长剑
itm_ancient_spatha_melee_pl|装饰斯帕塔长剑
itm_pickaxe_work|镐
itm_pickaxe_work_pl|镐
itm_guard_hasta|罗马矛与大盾
itm_guard_hasta_pl|罗马矛与大盾
itm_guard_scutum|罗马大盾
itm_guard_scutum_pl|罗马大盾
itm_throwing_spears_olymp|投矛
itm_throwing_spears_olymp_pl|投矛
itm_noswing_knife|小刀
itm_noswing_knife_pl|小刀
itm_noswing_knife_2|小刀
itm_noswing_knife_2_pl|小刀
itm_noswing_butchering_knife|屠刀
itm_noswing_butchering_knife_pl|屠刀
itm_noswing_flax1|镰刀剑
itm_noswing_flax1_pl|镰刀剑
itm_noswing_flax2|镰刀剑
itm_noswing_flax2_pl|镰刀剑
itm_noswing_flax3|镰刀剑
itm_noswing_flax3_pl|镰刀剑
itm_noswing_flax4|镰刀剑
itm_noswing_flax4_pl|镰刀剑
itm_noswing_flax5|镰刀剑
itm_noswing_flax5_pl|镰刀剑
itm_noswing_flax6|镰刀剑
itm_noswing_flax6_pl|镰刀剑
itm_noswing_dagger|罗马匕首
itm_noswing_dagger_pl|罗马匕首
itm_noswing_roman_spatha|斯帕塔长剑
itm_noswing_roman_spatha_pl|斯帕塔长剑
itm_noswing_roman_spatha_2|斯帕塔长剑
itm_noswing_roman_spatha_2_pl|斯帕塔长剑
itm_noswing_roman_spatha_3|斯帕塔长剑
itm_noswing_roman_spatha_3_pl|斯帕塔长剑
itm_noswing_roman_spatha_rich|斯帕塔长剑
itm_noswing_roman_spatha_rich_pl|斯帕塔长剑
itm_noswing_roman_spatha_rich_2|斯帕塔长剑
itm_noswing_roman_spatha_rich_2_pl|斯帕塔长剑
itm_noswing_roman_spatha_rich_3|斯帕塔长剑
itm_noswing_roman_spatha_rich_3_pl|斯帕塔长剑
itm_noswing_roman_gladius|罗马短剑
itm_noswing_roman_gladius_pl|罗马短剑
itm_noswing_roman_gladius_melee|罗马短剑
itm_noswing_roman_gladius_melee_pl|罗马短剑
itm_noswing_old_gladius_2|旧罗马短剑
itm_noswing_old_gladius_2_pl|旧罗马短剑
itm_noswing_old_gladius_2_melee|旧罗马短剑
itm_noswing_old_gladius_2_melee_pl|旧罗马短剑
itm_noswing_old_gladius_1|旧罗马短剑
itm_noswing_old_gladius_1_pl|旧罗马短剑
itm_noswing_roman_gladius_2|罗马短剑
itm_noswing_roman_gladius_2_pl|罗马短剑
itm_noswing_roman_gladius_2_melee|罗马短剑
itm_noswing_roman_gladius_2_melee_pl|罗马短剑
itm_noswing_roman_gladius_rich_2|罗马短剑
itm_noswing_roman_gladius_rich_2_pl|罗马短剑
itm_noswing_roman_gladius_rich_2_melee|罗马短剑
itm_noswing_roman_gladius_rich_2_melee_pl|罗马短剑
itm_noswing_roman_gladius_3|罗马短剑
itm_noswing_roman_gladius_3_pl|罗马短剑
itm_noswing_roman_gladius_3_melee|罗马短剑
itm_noswing_roman_gladius_3_melee_pl|罗马短剑
itm_noswing_roman_gladius_rich_3|罗马短剑
itm_noswing_roman_gladius_rich_3_pl|罗马短剑
itm_noswing_roman_gladius_rich_3_melee|罗马短剑
itm_noswing_roman_gladius_rich_3_melee_pl|罗马短剑
itm_noswing_hasta1|长罗马矛
itm_noswing_hasta1_pl|长罗马矛
itm_noswing_hasta2|罗马矛
itm_noswing_hasta2_pl|罗马矛
itm_noswing_hasta3|短罗马矛
itm_noswing_hasta3_pl|短罗马矛
itm_noswing_sarmatian_sword_1|短剑
itm_noswing_sarmatian_sword_1_pl|短剑
itm_noswing_scythe|长柄镰刀
itm_noswing_scythe_pl|长柄镰刀
itm_noswing_pitch_fork|草叉
itm_noswing_pitch_fork_pl|草叉
itm_noswing_shepherds_crook|牧羊杖
itm_noswing_shepherds_crook_pl|牧羊杖
itm_noswing_staff|棍杖
itm_noswing_staff_pl|棍杖
itm_noswing_quarter_staff|长棍
itm_noswing_quarter_staff_pl|长棍
itm_noswing_iron_staff|铁棍
itm_noswing_iron_staff_pl|铁棍
itm_noswing_boar_spear|猎猪矛
itm_noswing_boar_spear_pl|猎猪矛
itm_noswing_old_spear_1|罗马矛
itm_noswing_old_spear_1_pl|罗马矛
itm_noswing_old_spear_2|罗马矛
itm_noswing_old_spear_2_pl|罗马矛
itm_noswing_shortened_spear|截短矛
itm_noswing_shortened_spear_pl|截短矛
itm_noswing_spear|矛
itm_noswing_spear_pl|矛
itm_noswing_war_spear|战矛
itm_noswing_war_spear_pl|战矛
itm_noswing_cavalry_spear|长矛
itm_noswing_cavalry_spear_pl|长矛
itm_noswing_greek_spear_1|矛
itm_noswing_greek_spear_1_pl|矛
itm_noswing_greek_spear_2|矛
itm_noswing_greek_spear_2_pl|矛
itm_noswing_battle_standard|战旗
itm_noswing_battle_standard_pl|战旗
itm_noswing_arminius_spatha|华贵斯帕塔长剑
itm_noswing_arminius_spatha_pl|华贵斯帕塔长剑
itm_noswing_ancient_spatha|装饰斯帕塔长剑
itm_noswing_ancient_spatha_pl|装饰斯帕塔长剑
itm_noswing_ancient_spatha_melee|装饰斯帕塔长剑
itm_noswing_ancient_spatha_melee_pl|装饰斯帕塔长剑
itm_practice_javelin_melee|练习标枪（近战）
itm_practice_javelin_melee_pl|练习标枪（近战）
itm_book_tactics|《伯罗奔尼撒战争史》
itm_book_tactics_pl|《伯罗奔尼撒战争史》
itm_book_persuasion|《致赫伦尼乌斯修辞学》
itm_book_persuasion_pl|《致赫伦尼乌斯修辞学》
itm_book_leadership|《亚历山大大帝传》
itm_book_leadership_pl|《亚历山大大帝传》
itm_book_trade|《经济学》
itm_book_trade_pl|《经济学》
itm_book_weapon_mastery|《拉栖代梦政制》
itm_book_weapon_mastery_pl|《拉栖代梦政制》
itm_book_engineering|《建筑十书》
itm_book_engineering_pl|《建筑十书》
itm_book_economy|《农业三卷》
itm_book_economy_pl|《农业三卷》
itm_book_gallic_wars|《高卢战记》
itm_book_gallic_wars_pl|《高卢战记》
itm_book_love|《爱的艺术》
itm_book_love_pl|《爱的艺术》
itm_book_sorrows|《哀歌》
itm_book_sorrows_pl|《哀歌》
itm_book_odysseus|《奥德修斯纪》
itm_book_odysseus_pl|《奥德修斯纪》
itm_book_wound_treatment_reference|《药物论》
itm_book_wound_treatment_reference_pl|《药物论》
itm_book_training_reference|《军事概要》
itm_book_training_reference_pl|《军事概要》
itm_book_surgery_reference|《埃利乌斯·盖伦纲要》
itm_book_surgery_reference_pl|《埃利乌斯·盖伦纲要》
itm_book_pathfinding|《庞波尼乌斯·梅拉世界地图》
itm_book_pathfinding_pl|《庞波尼乌斯·梅拉世界地图》
itm_book_first_aid|《希波克拉底文集》
itm_book_first_aid_pl|《希波克拉底文集》
itm_garmantian_armor_1|加拉曼特缠腰布与豹皮
itm_garmantian_armor_1_pl|加拉曼特缠腰布与豹皮
itm_garmantian_armor_2|加拉曼特缠腰布与豹皮
itm_garmantian_armor_2_pl|加拉曼特缠腰布与豹皮
itm_garmantian_armor_3|加拉曼特缠腰布与皮外套
itm_garmantian_armor_3_pl|加拉曼特缠腰布与皮外套
itm_garmantian_armor_4|加拉曼特缠腰布与皮外套
itm_garmantian_armor_4_pl|加拉曼特缠腰布与皮外套
itm_garmantian_armor_5|加拉曼特缠腰布
itm_garmantian_armor_5_pl|加拉曼特缠腰布
itm_numidian_armor_1|柏柏尔短袍
itm_numidian_armor_1_pl|柏柏尔短袍
itm_numidian_armor_2|柏柏尔短袍
itm_numidian_armor_2_pl|柏柏尔短袍
itm_numidian_armor_3|柏柏尔短袍
itm_numidian_armor_3_pl|柏柏尔短袍
itm_numidian_armor_4|柏柏尔锁甲衫与豹皮
itm_numidian_armor_4_pl|柏柏尔锁甲衫与豹皮
itm_numidian_armor_5|柏柏尔短袍与豹皮
itm_numidian_armor_5_pl|柏柏尔短袍与豹皮
itm_nubian_tunic|努比亚短袍
itm_nubian_tunic_pl|努比亚短袍
itm_nubian_kilt|努比亚缠腰布
itm_nubian_kilt_pl|努比亚缠腰布
itm_nubian_kilt_2|努比亚缠腰布与豹皮
itm_nubian_kilt_2_pl|努比亚缠腰布与豹皮
itm_nubian_kilt_3|努比亚豹皮缠腰布
itm_nubian_kilt_3_pl|努比亚豹皮缠腰布
itm_nubian_kilt_4|努比亚豹皮缠腰布
itm_nubian_kilt_4_pl|努比亚豹皮缠腰布
itm_kilt_a|缠腰布
itm_kilt_a_pl|缠腰布
itm_kilt_b|缠腰布
itm_kilt_b_pl|缠腰布
itm_kilt_c|缠腰布
itm_kilt_c_pl|缠腰布
itm_kilt_d|缠腰布
itm_kilt_d_pl|缠腰布
itm_numidian_armor_mail_1|努比亚鳞甲
itm_numidian_armor_mail_1_pl|努比亚鳞甲
itm_numidian_armor_mail_2|努比亚鳞甲
itm_numidian_armor_mail_2_pl|努比亚鳞甲
itm_numidian_armor_mail_3|努比亚鳞甲
itm_numidian_armor_mail_3_pl|努比亚鳞甲
itm_numidian_armor_mail_4|努比亚鳞甲
itm_numidian_armor_mail_4_pl|努比亚鳞甲
itm_nubian_padded_armour_1|努比亚衬垫甲
itm_nubian_padded_armour_1_pl|努比亚衬垫甲
itm_nubian_padded_armour_2|努比亚衬垫甲
itm_nubian_padded_armour_2_pl|努比亚衬垫甲
itm_indian_pants|东方缠腰布
itm_indian_pants_pl|东方缠腰布
itm_indian_pants_1|东方缠腰布
itm_indian_pants_1_pl|东方缠腰布
itm_indian_pants_2|东方缠腰布与胸甲
itm_indian_pants_2_pl|东方缠腰布与胸甲
itm_celtic_naked1|凯尔特长裤
itm_celtic_naked1_pl|凯尔特长裤
itm_celtic_naked2|凯尔特长裤
itm_celtic_naked2_pl|凯尔特长裤
itm_celtic_naked3|凯尔特长裤
itm_celtic_naked3_pl|凯尔特长裤
itm_celtic_naked4|凯尔特长裤
itm_celtic_naked4_pl|凯尔特长裤
itm_celtic_naked5|凯尔特长裤
itm_celtic_naked5_pl|凯尔特长裤
itm_celtic_naked6|凯尔特长裤
itm_celtic_naked6_pl|凯尔特长裤
itm_celtic_naked7|凯尔特长裤
itm_celtic_naked7_pl|凯尔特长裤
itm_celtic_naked8|凯尔特长裤
itm_celtic_naked8_pl|凯尔特长裤
itm_celtic_naked9|凯尔特长裤
itm_celtic_naked9_pl|凯尔特长裤
itm_celtic_naked10|凯尔特长裤
itm_celtic_naked10_pl|凯尔特长裤
itm_celtic_naked11|凯尔特长裤
itm_celtic_naked11_pl|凯尔特长裤
itm_celtic_naked12|凯尔特长裤
itm_celtic_naked12_pl|凯尔特长裤
itm_celtic_naked13|凯尔特长裤
itm_celtic_naked13_pl|凯尔特长裤
itm_celtic_naked14|凯尔特长裤
itm_celtic_naked14_pl|凯尔特长裤
itm_celtic_naked15|凯尔特长裤
itm_celtic_naked15_pl|凯尔特长裤
itm_celtic_light1|凯尔特衬衣与披风
itm_celtic_light1_pl|凯尔特衬衣与披风
itm_celtic_light2|凯尔特衬衣与披风
itm_celtic_light2_pl|凯尔特衬衣与披风
itm_celtic_light3|凯尔特衬衣
itm_celtic_light3_pl|凯尔特衬衣
itm_celtic_light4|凯尔特衬衣与披风
itm_celtic_light4_pl|凯尔特衬衣与披风
itm_celtic_light5|凯尔特衬衣与披风
itm_celtic_light5_pl|凯尔特衬衣与披风
itm_celtic_light6|凯尔特衬衣
itm_celtic_light6_pl|凯尔特衬衣
itm_celtic_light7|凯尔特衬衣
itm_celtic_light7_pl|凯尔特衬衣
itm_celtic_light8|凯尔特衬衣
itm_celtic_light8_pl|凯尔特衬衣
itm_celtic_light9|凯尔特衬衣
itm_celtic_light9_pl|凯尔特衬衣
itm_celtic_light10|凯尔特衬衣
itm_celtic_light10_pl|凯尔特衬衣
itm_celtic_light11|凯尔特衬衣
itm_celtic_light11_pl|凯尔特衬衣
itm_celtic_light12|凯尔特衬衣
itm_celtic_light12_pl|凯尔特衬衣
itm_celtic_light_noble_1|凯尔特贵族衬衣与披风
itm_celtic_light_noble_1_pl|凯尔特贵族衬衣与披风
itm_celtic_light_noble_2|凯尔特贵族衬衣与披风
itm_celtic_light_noble_2_pl|凯尔特贵族衬衣与披风
itm_celtic_light_noble_3|凯尔特贵族衬衣与披风
itm_celtic_light_noble_3_pl|凯尔特贵族衬衣与披风
itm_celtic_light_noble_4|凯尔特贵族衬衣与披风
itm_celtic_light_noble_4_pl|凯尔特贵族衬衣与披风
itm_celtic_heavy1|凯尔特锁子甲
itm_celtic_heavy1_pl|凯尔特锁子甲
itm_celtic_heavy2|凯尔特锁子甲
itm_celtic_heavy2_pl|凯尔特锁子甲
itm_celtic_heavy3|凯尔特锁子甲
itm_celtic_heavy3_pl|凯尔特锁子甲
itm_celtic_heavy4|凯尔特锁子甲
itm_celtic_heavy4_pl|凯尔特锁子甲
itm_celtic_noble_1|凯尔特贵族锁子甲
itm_celtic_noble_1_pl|凯尔特贵族锁子甲
itm_celtic_noble_2|凯尔特贵族锁子甲
itm_celtic_noble_2_pl|凯尔特贵族锁子甲
itm_celtic_noble_3|凯尔特贵族锁子甲
itm_celtic_noble_3_pl|凯尔特贵族锁子甲
itm_celtic_noble_4|凯尔特贵族锁子甲
itm_celtic_noble_4_pl|凯尔特贵族锁子甲
itm_celts_painted1|彩绘身体
itm_celts_painted1_pl|彩绘身体
itm_celts_painted2|彩绘身体
itm_celts_painted2_pl|彩绘身体
itm_celts_painted3|彩绘身体
itm_celts_painted3_pl|彩绘身体
itm_celts_painted4|彩绘身体
itm_celts_painted4_pl|彩绘身体
itm_celts_painted5|彩绘身体
itm_celts_painted5_pl|彩绘身体
itm_celts_painted6|彩绘身体
itm_celts_painted6_pl|彩绘身体
itm_celts_painted7|彩绘身体
itm_celts_painted7_pl|彩绘身体
itm_celts_painted8|彩绘身体
itm_celts_painted8_pl|彩绘身体
itm_celts_painted9|彩绘身体
itm_celts_painted9_pl|彩绘身体
itm_celts_painted10|彩绘身体
itm_celts_painted10_pl|彩绘身体
itm_celts_painted11|彩绘身体
itm_celts_painted11_pl|彩绘身体
itm_celts_painted12|彩绘身体
itm_celts_painted12_pl|彩绘身体
itm_dacian_naked1|达契亚长裤
itm_dacian_naked1_pl|达契亚长裤
itm_dacian_naked2|达契亚长裤
itm_dacian_naked2_pl|达契亚长裤
itm_dacian_naked3|达契亚长裤
itm_dacian_naked3_pl|达契亚长裤
itm_dacian_naked4|达契亚长裤
itm_dacian_naked4_pl|达契亚长裤
itm_dacian_naked5|达契亚长裤
itm_dacian_naked5_pl|达契亚长裤
itm_dacian_naked6|达契亚长裤
itm_dacian_naked6_pl|达契亚长裤
itm_dacian_naked7|达契亚长裤
itm_dacian_naked7_pl|达契亚长裤
itm_dacian_naked8|达契亚长裤
itm_dacian_naked8_pl|达契亚长裤
itm_dacian_light1|达契亚短袍
itm_dacian_light1_pl|达契亚短袍
itm_dacian_light2|达契亚短袍
itm_dacian_light2_pl|达契亚短袍
itm_dacian_light3|达契亚短袍
itm_dacian_light3_pl|达契亚短袍
itm_dacian_light4|达契亚短袍
itm_dacian_light4_pl|达契亚短袍
itm_dacian_light5|达契亚短袍
itm_dacian_light5_pl|达契亚短袍
itm_dacian_light6|达契亚短袍
itm_dacian_light6_pl|达契亚短袍
itm_dacian_light7|达契亚短袍
itm_dacian_light7_pl|达契亚短袍
itm_dacian_light8|达契亚短袍
itm_dacian_light8_pl|达契亚短袍
itm_dacian_light9|达契亚短袍与披风
itm_dacian_light9_pl|达契亚短袍与披风
itm_dacian_light10|达契亚短袍与披风
itm_dacian_light10_pl|达契亚短袍与披风
itm_dacian_light11|达契亚短袍
itm_dacian_light11_pl|达契亚短袍
itm_dacian_light12|达契亚短袍
itm_dacian_light12_pl|达契亚短袍
itm_dacian_noble1|达契亚短袍与披风
itm_dacian_noble1_pl|达契亚短袍与披风
itm_dacian_noble2|达契亚短袍与披风
itm_dacian_noble2_pl|达契亚短袍与披风
itm_dacian_noble3|达契亚短袍与披风
itm_dacian_noble3_pl|达契亚短袍与披风
itm_dacian_noble4|达契亚短袍
itm_dacian_noble4_pl|达契亚短袍
itm_dacian_noble5|达契亚短袍
itm_dacian_noble5_pl|达契亚短袍
itm_dacian_noble6|达契亚短袍
itm_dacian_noble6_pl|达契亚短袍
itm_dacian_medium1|达契亚鳞甲
itm_dacian_medium1_pl|达契亚鳞甲
itm_dacian_medium2|达契亚鳞甲
itm_dacian_medium2_pl|达契亚鳞甲
itm_dacian_medium3|达契亚鳞甲
itm_dacian_medium3_pl|达契亚鳞甲
itm_dacian_medium4|达契亚锁子甲
itm_dacian_medium4_pl|达契亚锁子甲
itm_dacian_medium5|达契亚锁子甲
itm_dacian_medium5_pl|达契亚锁子甲
itm_dacian_medium6|达契亚锁子甲
itm_dacian_medium6_pl|达契亚锁子甲
itm_dacian_heavy1|达契亚贵族鳞甲
itm_dacian_heavy1_pl|达契亚贵族鳞甲
itm_dacian_heavy2|达契亚贵族鳞甲
itm_dacian_heavy2_pl|达契亚贵族鳞甲
itm_dacian_heavy3|达契亚贵族锁子甲
itm_dacian_heavy3_pl|达契亚贵族锁子甲
itm_dacian_heavy4|达契亚贵族锁子甲
itm_dacian_heavy4_pl|达契亚贵族锁子甲
itm_dacian_heavy5|达契亚贵族鳞甲
itm_dacian_heavy5_pl|达契亚贵族鳞甲
itm_dacian_heavy6|达契亚贵族鳞甲
itm_dacian_heavy6_pl|达契亚贵族鳞甲
itm_germanic_completenaked1|日耳曼长裤与熊皮
itm_germanic_completenaked1_pl|日耳曼长裤与熊皮
itm_germanic_completenaked2|日耳曼长裤与熊皮
itm_germanic_completenaked2_pl|日耳曼长裤与熊皮
itm_germanic_completenaked3|日耳曼长裤与熊皮
itm_germanic_completenaked3_pl|日耳曼长裤与熊皮
itm_germanic_completenaked4|日耳曼长裤与熊皮
itm_germanic_completenaked4_pl|日耳曼长裤与熊皮
itm_germanic_completenaked5|日耳曼长裤与狼皮
itm_germanic_completenaked5_pl|日耳曼长裤与狼皮
itm_germanic_completenaked6|日耳曼长裤与狼皮
itm_germanic_completenaked6_pl|日耳曼长裤与狼皮
itm_germanic_naked1|日耳曼长裤
itm_germanic_naked1_pl|日耳曼长裤
itm_germanic_naked2|日耳曼长裤
itm_germanic_naked2_pl|日耳曼长裤
itm_germanic_naked4|日耳曼长裤
itm_germanic_naked4_pl|日耳曼长裤
itm_germanic_naked5|日耳曼长裤
itm_germanic_naked5_pl|日耳曼长裤
itm_germanic_naked6|日耳曼长裤
itm_germanic_naked6_pl|日耳曼长裤
itm_germanic_naked7|日耳曼长裤
itm_germanic_naked7_pl|日耳曼长裤
itm_german_body_paint_1_black|日耳曼彩绘身体
itm_german_body_paint_1_black_pl|日耳曼彩绘身体
itm_german_body_paint_2_black|日耳曼彩绘身体
itm_german_body_paint_2_black_pl|日耳曼彩绘身体
itm_german_body_paint_3_black|日耳曼彩绘身体
itm_german_body_paint_3_black_pl|日耳曼彩绘身体
itm_german_body_paint_4_black|日耳曼彩绘身体
itm_german_body_paint_4_black_pl|日耳曼彩绘身体
itm_german_body_paint_5_black|日耳曼彩绘身体
itm_german_body_paint_5_black_pl|日耳曼彩绘身体
itm_germanic_noble_tunic_1|日耳曼贵族短袍与披风
itm_germanic_noble_tunic_1_pl|日耳曼贵族短袍与披风
itm_germanic_noble_tunic_2|日耳曼贵族短袍与披风
itm_germanic_noble_tunic_2_pl|日耳曼贵族短袍与披风
itm_germanic_noble_tunic_3|日耳曼贵族短袍与披风
itm_germanic_noble_tunic_3_pl|日耳曼贵族短袍与披风
itm_germanic_noble_tunic_4|日耳曼贵族短袍与披风
itm_germanic_noble_tunic_4_pl|日耳曼贵族短袍与披风
itm_germanic_light1|日耳曼短袍
itm_germanic_light1_pl|日耳曼短袍
itm_germanic_light2|日耳曼短袍
itm_germanic_light2_pl|日耳曼短袍
itm_germanic_light3|日耳曼短袍
itm_germanic_light3_pl|日耳曼短袍
itm_germanic_light4|日耳曼短袍
itm_germanic_light4_pl|日耳曼短袍
itm_germanic_light5|日耳曼短袍
itm_germanic_light5_pl|日耳曼短袍
itm_germanic_light6|日耳曼短袍
itm_germanic_light6_pl|日耳曼短袍
itm_germanic_light7|日耳曼短袍
itm_germanic_light7_pl|日耳曼短袍
itm_germanic_light8|日耳曼短袍
itm_germanic_light8_pl|日耳曼短袍
itm_germanic_light9|日耳曼短袍
itm_germanic_light9_pl|日耳曼短袍
itm_germanic_light10|日耳曼短袍
itm_germanic_light10_pl|日耳曼短袍
itm_germanic_light11|日耳曼短袍与披风
itm_germanic_light11_pl|日耳曼短袍与披风
itm_germanic_medium1|日耳曼毛皮甲
itm_germanic_medium1_pl|日耳曼毛皮甲
itm_germanic_medium2|日耳曼毛皮甲
itm_germanic_medium2_pl|日耳曼毛皮甲
itm_germanic_medium3|日耳曼毛皮甲
itm_germanic_medium3_pl|日耳曼毛皮甲
itm_germanic_medium4|日耳曼毛皮甲
itm_germanic_medium4_pl|日耳曼毛皮甲
itm_germanic_medium5|日耳曼毛皮甲
itm_germanic_medium5_pl|日耳曼毛皮甲
itm_germanic_medium6|日耳曼毛皮甲
itm_germanic_medium6_pl|日耳曼毛皮甲
itm_germanic_heavy1|日耳曼锁子甲
itm_germanic_heavy1_pl|日耳曼锁子甲
itm_germanic_heavy2|日耳曼锁子甲
itm_germanic_heavy2_pl|日耳曼锁子甲
itm_germanic_noble_1|日耳曼锁子甲
itm_germanic_noble_1_pl|日耳曼锁子甲
itm_germanic_noble_2|日耳曼锁子甲
itm_germanic_noble_2_pl|日耳曼锁子甲
itm_germanic_noble_3|日耳曼锁子甲
itm_germanic_noble_3_pl|日耳曼锁子甲
itm_germanic_noble_4|日耳曼锁子甲
itm_germanic_noble_4_pl|日耳曼锁子甲
itm_germanic_noble_6|日耳曼锁子甲与狼皮
itm_germanic_noble_6_pl|日耳曼锁子甲与狼皮
itm_germanic_noble_7|日耳曼锁子甲与斗篷
itm_germanic_noble_7_pl|日耳曼锁子甲与斗篷
itm_germanic_noble_8|日耳曼锁子甲与熊皮
itm_germanic_noble_8_pl|日耳曼锁子甲与熊皮
itm_germanic_noble_9|日耳曼锁子甲与斗篷
itm_germanic_noble_9_pl|日耳曼锁子甲与斗篷
itm_alan_light_1|卡夫坦长袍
itm_alan_light_1_pl|卡夫坦长袍
itm_alan_light_2|卡夫坦长袍
itm_alan_light_2_pl|卡夫坦长袍
itm_alan_medium_1|阿兰札甲
itm_alan_medium_1_pl|阿兰札甲
itm_alan_medium_2|阿兰札甲
itm_alan_medium_2_pl|阿兰札甲
itm_alan_medium_3|阿兰札甲
itm_alan_medium_3_pl|阿兰札甲
itm_alan_heavy_1|阿兰重札甲
itm_alan_heavy_1_pl|阿兰重札甲
itm_alan_heavy_2|阿兰重札甲
itm_alan_heavy_2_pl|阿兰重札甲
itm_kaftan_1|卡夫坦长袍
itm_kaftan_1_pl|卡夫坦长袍
itm_kaftan_2|卡夫坦长袍
itm_kaftan_2_pl|卡夫坦长袍
itm_kaftan_3|卡夫坦长袍
itm_kaftan_3_pl|卡夫坦长袍
itm_sarmatian_light1|萨尔马提亚服装
itm_sarmatian_light1_pl|萨尔马提亚服装
itm_sarmatian_light2|萨尔马提亚服装
itm_sarmatian_light2_pl|萨尔马提亚服装
itm_sarmatian_light3|萨尔马提亚衬垫服装
itm_sarmatian_light3_pl|萨尔马提亚衬垫服装
itm_sarmatian_light4|萨尔马提亚衬垫服装
itm_sarmatian_light4_pl|萨尔马提亚衬垫服装
itm_sarmatian_light5|萨尔马提亚服装
itm_sarmatian_light5_pl|萨尔马提亚服装
itm_sarmatian_light6|萨尔马提亚服装
itm_sarmatian_light6_pl|萨尔马提亚服装
itm_sarmatian_light7|萨尔马提亚服装
itm_sarmatian_light7_pl|萨尔马提亚服装
itm_sarmatian_mail_1|萨尔马提亚锁子甲
itm_sarmatian_mail_1_pl|萨尔马提亚锁子甲
itm_sarmatian_mail_2|萨尔马提亚锁子甲
itm_sarmatian_mail_2_pl|萨尔马提亚锁子甲
itm_sarmatian_mail_3|萨尔马提亚锁子甲
itm_sarmatian_mail_3_pl|萨尔马提亚锁子甲
itm_sarmatian_mail_4|萨尔马提亚锁子甲
itm_sarmatian_mail_4_pl|萨尔马提亚锁子甲
itm_sarmatian_scale_1|萨尔马提亚锁甲配鳞甲
itm_sarmatian_scale_1_pl|萨尔马提亚锁甲配鳞甲
itm_sarmatian_scale_2|萨尔马提亚锁甲配鳞甲
itm_sarmatian_scale_2_pl|萨尔马提亚锁甲配鳞甲
itm_sarmatian_scale_3|萨尔马提亚锁甲配鳞甲
itm_sarmatian_scale_3_pl|萨尔马提亚锁甲配鳞甲
itm_sarmatian_scale_4|萨尔马提亚锁甲配鳞甲
itm_sarmatian_scale_4_pl|萨尔马提亚锁甲配鳞甲
itm_sarmatian_scale_9|萨尔马提亚锁甲配鳞甲
itm_sarmatian_scale_9_pl|萨尔马提亚锁甲配鳞甲
itm_sarmatian_scale_10|萨尔马提亚锁甲配鳞甲
itm_sarmatian_scale_10_pl|萨尔马提亚锁甲配鳞甲
itm_sarmatian_scale_5|萨尔马提亚鳞甲
itm_sarmatian_scale_5_pl|萨尔马提亚鳞甲
itm_sarmatian_scale_6|萨尔马提亚鳞甲
itm_sarmatian_scale_6_pl|萨尔马提亚鳞甲
itm_sarmatian_scale_7|萨尔马提亚鳞甲
itm_sarmatian_scale_7_pl|萨尔马提亚鳞甲
itm_sarmatian_scale_8|萨尔马提亚鳞甲
itm_sarmatian_scale_8_pl|萨尔马提亚鳞甲
itm_saka_armour_1|塞种札甲
itm_saka_armour_1_pl|塞种札甲
itm_saka_armour_2|塞种札甲
itm_saka_armour_2_pl|塞种札甲
itm_saka_armour_3|塞种札甲
itm_saka_armour_3_pl|塞种札甲
itm_saka_armour_4|塞种札甲
itm_saka_armour_4_pl|塞种札甲
itm_scythian_light1|斯基泰服装
itm_scythian_light1_pl|斯基泰服装
itm_scythian_light2|斯基泰服装
itm_scythian_light2_pl|斯基泰服装
itm_scythian_light3|斯基泰服装
itm_scythian_light3_pl|斯基泰服装
itm_scythian_light4|斯基泰服装
itm_scythian_light4_pl|斯基泰服装
itm_scythian_light5|斯基泰服装
itm_scythian_light5_pl|斯基泰服装
itm_scythian_heavy1|斯基泰鳞甲
itm_scythian_heavy1_pl|斯基泰鳞甲
itm_scythian_heavy2|斯基泰鳞甲
itm_scythian_heavy2_pl|斯基泰鳞甲
itm_bosporan_light1|博斯普鲁斯服装
itm_bosporan_light1_pl|博斯普鲁斯服装
itm_bosporan_light2|博斯普鲁斯服装
itm_bosporan_light2_pl|博斯普鲁斯服装
itm_bosporan_light3|博斯普鲁斯服装
itm_bosporan_light3_pl|博斯普鲁斯服装
itm_bosporan_light4|博斯普鲁斯服装
itm_bosporan_light4_pl|博斯普鲁斯服装
itm_bosphoran_scale_1|博斯普鲁斯锁甲配鳞甲
itm_bosphoran_scale_1_pl|博斯普鲁斯锁甲配鳞甲
itm_bosphoran_scale_2|博斯普鲁斯锁甲配鳞甲
itm_bosphoran_scale_2_pl|博斯普鲁斯锁甲配鳞甲
itm_bosphoran_scale_3|博斯普鲁斯鳞甲
itm_bosphoran_scale_3_pl|博斯普鲁斯鳞甲
itm_bosphoran_scale_4|博斯普鲁斯鳞甲
itm_bosphoran_scale_4_pl|博斯普鲁斯鳞甲
itm_bosporan_mail_1|博斯普鲁斯锁子甲
itm_bosporan_mail_1_pl|博斯普鲁斯锁子甲
itm_bosporan_mail_2|博斯普鲁斯锁子甲
itm_bosporan_mail_2_pl|博斯普鲁斯锁子甲
itm_bosporan_mail_3|博斯普鲁斯锁子甲
itm_bosporan_mail_3_pl|博斯普鲁斯锁子甲
itm_caucasian_scale_heavy_1|高加索重鳞甲
itm_caucasian_scale_heavy_1_pl|高加索重鳞甲
itm_caucasian_scale_heavy_2|高加索重鳞甲
itm_caucasian_scale_heavy_2_pl|高加索重鳞甲
itm_caucasian_scale_1|高加索鳞甲
itm_caucasian_scale_1_pl|高加索鳞甲
itm_caucasian_scale_2|高加索鳞甲
itm_caucasian_scale_2_pl|高加索鳞甲
itm_armenian_tunic_1|亚美尼亚短袍
itm_armenian_tunic_1_pl|亚美尼亚短袍
itm_armenian_tunic_2|亚美尼亚短袍
itm_armenian_tunic_2_pl|亚美尼亚短袍
itm_armenian_tunic_3|亚美尼亚短袍
itm_armenian_tunic_3_pl|亚美尼亚短袍
itm_armenian_tunic_4|亚美尼亚短袍
itm_armenian_tunic_4_pl|亚美尼亚短袍
itm_armenian_mail_1|亚美尼亚锁子甲
itm_armenian_mail_1_pl|亚美尼亚锁子甲
itm_armenian_mail_2|亚美尼亚锁子甲
itm_armenian_mail_2_pl|亚美尼亚锁子甲
itm_armenian_scale_1|亚美尼亚鳞甲
itm_armenian_scale_1_pl|亚美尼亚鳞甲
itm_armenian_scale_2|亚美尼亚鳞甲
itm_armenian_scale_2_pl|亚美尼亚鳞甲
itm_persian_sheepskin_1|短袍与羊皮
itm_persian_sheepskin_1_pl|短袍与羊皮
itm_persian_sheepskin_2|短袍与羊皮
itm_persian_sheepskin_2_pl|短袍与羊皮
itm_persian_sheepskin_3|短袍与羊皮
itm_persian_sheepskin_3_pl|短袍与羊皮
itm_persian_sheepskin_4|短袍与羊皮
itm_persian_sheepskin_4_pl|短袍与羊皮
itm_persian_tunic_1|波斯短袍
itm_persian_tunic_1_pl|波斯短袍
itm_persian_tunic_2|波斯短袍
itm_persian_tunic_2_pl|波斯短袍
itm_persian_tunic_3|波斯短袍
itm_persian_tunic_3_pl|波斯短袍
itm_persian_tunic_4|波斯短袍
itm_persian_tunic_4_pl|波斯短袍
itm_parthian_tunic_1|帕提亚短袍
itm_parthian_tunic_1_pl|帕提亚短袍
itm_parthian_tunic_2|帕提亚短袍
itm_parthian_tunic_2_pl|帕提亚短袍
itm_parthian_tunic_3|帕提亚短袍
itm_parthian_tunic_3_pl|帕提亚短袍
itm_parthian_tunic_4|帕提亚短袍
itm_parthian_tunic_4_pl|帕提亚短袍
itm_parthian_mail_1|帕提亚锁子甲
itm_parthian_mail_1_pl|帕提亚锁子甲
itm_parthian_mail_2|帕提亚锁子甲
itm_parthian_mail_2_pl|帕提亚锁子甲
itm_parthian_scale_1|帕提亚鳞甲
itm_parthian_scale_1_pl|帕提亚鳞甲
itm_parthian_scale_2|帕提亚鳞甲
itm_parthian_scale_2_pl|帕提亚鳞甲
itm_parthian_scale_heavy_1|帕提亚重鳞甲
itm_parthian_scale_heavy_1_pl|帕提亚重鳞甲
itm_parthian_scale_heavy_2|帕提亚重鳞甲
itm_parthian_scale_heavy_2_pl|帕提亚重鳞甲
itm_cataphract_eastern|具装骑兵鳞甲
itm_cataphract_eastern_pl|具装骑兵鳞甲
itm_sarranid_elite_armor|具装骑兵鳞甲
itm_sarranid_elite_armor_pl|具装骑兵鳞甲
itm_sarranid_elite_armor_2|具装骑兵札甲
itm_sarranid_elite_armor_2_pl|具装骑兵札甲
itm_sarranid_elite_armor_3|具装骑兵札甲
itm_sarranid_elite_armor_3_pl|具装骑兵札甲
itm_mamluke_mail|具装骑兵锁子甲
itm_mamluke_mail_pl|具装骑兵锁子甲
itm_illyrian_medium1|伊利里亚盔甲
itm_illyrian_medium1_pl|伊利里亚盔甲
itm_illyrian_medium2|伊利里亚盔甲
itm_illyrian_medium2_pl|伊利里亚盔甲
itm_illyrian_medium3|伊利里亚盔甲
itm_illyrian_medium3_pl|伊利里亚盔甲
itm_illyrian_medium4|伊利里亚盔甲
itm_illyrian_medium4_pl|伊利里亚盔甲
itm_illyrian_medium5|伊利里亚盔甲
itm_illyrian_medium5_pl|伊利里亚盔甲
itm_illyrian_light1|伊利里亚短袍
itm_illyrian_light1_pl|伊利里亚短袍
itm_illyrian_light2|伊利里亚短袍
itm_illyrian_light2_pl|伊利里亚短袍
itm_iberian_light6|伊比利亚短袍
itm_iberian_light6_pl|伊比利亚短袍
itm_iberian_light5|伊比利亚短袍
itm_iberian_light5_pl|伊比利亚短袍
itm_iberian_light3|伊比利亚短袍
itm_iberian_light3_pl|伊比利亚短袍
itm_iberian_light4|伊比利亚短袍
itm_iberian_light4_pl|伊比利亚短袍
itm_iberian_heavy1|伊比利亚盔甲
itm_iberian_heavy1_pl|伊比利亚盔甲
itm_iberian_heavy2|伊比利亚盔甲
itm_iberian_heavy2_pl|伊比利亚盔甲
itm_iberian_medium1|伊比利亚盔甲
itm_iberian_medium1_pl|伊比利亚盔甲
itm_iberian_medium2|伊比利亚盔甲
itm_iberian_medium2_pl|伊比利亚盔甲
itm_iberian_medium3|伊比利亚盔甲
itm_iberian_medium3_pl|伊比利亚盔甲
itm_arabian_tunic_1|阿拉伯短袍
itm_arabian_tunic_1_pl|阿拉伯短袍
itm_arabian_tunic_2|阿拉伯短袍
itm_arabian_tunic_2_pl|阿拉伯短袍
itm_arabian_tunic_3|阿拉伯短袍
itm_arabian_tunic_3_pl|阿拉伯短袍
itm_arab_noble_tunic_1|贵族长袍
itm_arab_noble_tunic_1_pl|贵族长袍
itm_arab_noble_tunic_2|贵族长袍
itm_arab_noble_tunic_2_pl|贵族长袍
itm_arabian_armor_b|阿拉伯札甲
itm_arabian_armor_b_pl|阿拉伯札甲
itm_sarranid_mail_shirt|阿拉伯札甲
itm_sarranid_mail_shirt_pl|阿拉伯札甲
itm_syrian_scale_1|叙利亚鳞甲
itm_syrian_scale_1_pl|叙利亚鳞甲
itm_syrian_scale_2|叙利亚鳞甲
itm_syrian_scale_2_pl|叙利亚鳞甲
itm_syrian_scale_3|叙利亚鳞甲
itm_syrian_scale_3_pl|叙利亚鳞甲
itm_heavy_syrian_scale_1|叙利亚重鳞甲
itm_heavy_syrian_scale_1_pl|叙利亚重鳞甲
itm_heavy_syrian_scale_2|叙利亚重鳞甲
itm_heavy_syrian_scale_2_pl|叙利亚重鳞甲
itm_heavy_syrian_scale_3|叙利亚重鳞甲
itm_heavy_syrian_scale_3_pl|叙利亚重鳞甲
itm_palmyran_lamellar_armor|帕尔米拉札甲
itm_palmyran_lamellar_armor_pl|帕尔米拉札甲
itm_palmyran_lamellar_armor_2|帕尔米拉札甲
itm_palmyran_lamellar_armor_2_pl|帕尔米拉札甲
itm_palmyran_lamellar_armor_3|帕尔米拉札甲
itm_palmyran_lamellar_armor_3_pl|帕尔米拉札甲
itm_palmyran_lamellar_armor_heavy_1|帕尔米拉重札甲
itm_palmyran_lamellar_armor_heavy_1_pl|帕尔米拉重札甲
itm_palmyran_lamellar_armor_heavy_2|帕尔米拉重札甲
itm_palmyran_lamellar_armor_heavy_2_pl|帕尔米拉重札甲
itm_palmyran_lamellar_armor_heavy_3|帕尔米拉重札甲
itm_palmyran_lamellar_armor_heavy_3_pl|帕尔米拉重札甲
itm_judean_tunic_1|东方短袍
itm_judean_tunic_1_pl|东方短袍
itm_judean_tunic_2|东方短袍
itm_judean_tunic_2_pl|东方短袍
itm_judean_tunic_3|东方短袍
itm_judean_tunic_3_pl|东方短袍
itm_judean_tunic_4|东方短袍
itm_judean_tunic_4_pl|东方短袍
itm_judean_tunic_5|东方短袍
itm_judean_tunic_5_pl|东方短袍
itm_judean_tunic_6|东方短袍
itm_judean_tunic_6_pl|东方短袍
itm_judean_mail_1|犹太锁子甲
itm_judean_mail_1_pl|犹太锁子甲
itm_judean_mail_2|犹太锁子甲
itm_judean_mail_2_pl|犹太锁子甲
itm_judean_mail_3|犹太锁子甲
itm_judean_mail_3_pl|犹太锁子甲
itm_judean_mail_4|犹太锁子甲
itm_judean_mail_4_pl|犹太锁子甲
itm_judean_mail_5|犹太锁子甲
itm_judean_mail_5_pl|犹太锁子甲
itm_judean_mail_6|犹太锁子甲
itm_judean_mail_6_pl|犹太锁子甲
itm_judean_scale_1|犹太鳞甲
itm_judean_scale_1_pl|犹太鳞甲
itm_judean_scale_2|犹太鳞甲
itm_judean_scale_2_pl|犹太鳞甲
itm_linen_tunic|亚麻短袍
itm_linen_tunic_pl|亚麻短袍
itm_robe|祭司长袍
itm_robe_pl|祭司长袍
itm_generic_poor1|脏衣服
itm_generic_poor1_pl|脏衣服
itm_generic_poor2|脏衣服
itm_generic_poor2_pl|脏衣服
itm_roman_tunic_1|短袍与披风
itm_roman_tunic_1_pl|短袍与披风
itm_roman_tunic_2|短袍与披风
itm_roman_tunic_2_pl|短袍与披风
itm_roman_tunic_3|短袍与披风
itm_roman_tunic_3_pl|短袍与披风
itm_roman_poor1|简易短袍
itm_roman_poor1_pl|简易短袍
itm_roman_poor4|简易短袍
itm_roman_poor4_pl|简易短袍
itm_roman_poor5|简易短袍
itm_roman_poor5_pl|简易短袍
itm_roman_poor6|简易短袍
itm_roman_poor6_pl|简易短袍
itm_roman_poor7|简易短袍
itm_roman_poor7_pl|简易短袍
itm_roman_poor2|简易短袍
itm_roman_poor2_pl|简易短袍
itm_roman_poor3|简易短袍
itm_roman_poor3_pl|简易短袍
itm_roman_toga|托加长袍
itm_roman_toga_pl|托加长袍
itm_roman_toga_2|托加长袍
itm_roman_toga_2_pl|托加长袍
itm_roman_toga_3|托加长袍
itm_roman_toga_3_pl|托加长袍
itm_roman_rich1|华丽托加长袍
itm_roman_rich1_pl|华丽托加长袍
itm_roman_rich2|华丽托加长袍
itm_roman_rich2_pl|华丽托加长袍
itm_roman_rich3|华丽托加长袍
itm_roman_rich3_pl|华丽托加长袍
itm_roman_noble_dress_1|罗马贵族礼服
itm_roman_noble_dress_1_pl|罗马贵族礼服
itm_roman_noble_dress_2|罗马贵族礼服
itm_roman_noble_dress_2_pl|罗马贵族礼服
itm_roman_noble_dress_3|罗马贵族礼服
itm_roman_noble_dress_3_pl|罗马贵族礼服
itm_roman_noble_dress_4|罗马贵族礼服
itm_roman_noble_dress_4_pl|罗马贵族礼服
itm_roman_noble_dress_5|罗马贵族礼服
itm_roman_noble_dress_5_pl|罗马贵族礼服
itm_roman_noble_dress_6|罗马贵族礼服
itm_roman_noble_dress_6_pl|罗马贵族礼服
itm_roman_noble_dress_7|罗马贵族礼服
itm_roman_noble_dress_7_pl|罗马贵族礼服
itm_roman_femal_rich1_new|华丽礼服
itm_roman_femal_rich1_new_pl|华丽礼服
itm_roman_femal_rich2_new|华丽礼服
itm_roman_femal_rich2_new_pl|华丽礼服
itm_roman_femal_rich3_new|华丽礼服
itm_roman_femal_rich3_new_pl|华丽礼服
itm_new_dress_1|华丽礼服
itm_new_dress_1_pl|华丽礼服
itm_new_dress_2|华丽礼服
itm_new_dress_2_pl|华丽礼服
itm_new_dress_3|华丽礼服
itm_new_dress_3_pl|华丽礼服
itm_new_dress_4|华丽礼服
itm_new_dress_4_pl|华丽礼服
itm_egyptian_noble_dress_1|埃及贵族礼服
itm_egyptian_noble_dress_1_pl|埃及贵族礼服
itm_egyptian_noble_dress_2|埃及贵族礼服
itm_egyptian_noble_dress_2_pl|埃及贵族礼服
itm_egyptian_noble_dress_3|埃及贵族礼服
itm_egyptian_noble_dress_3_pl|埃及贵族礼服
itm_egyptian_noble_dress_4|埃及贵族礼服
itm_egyptian_noble_dress_4_pl|埃及贵族礼服
itm_nubian_noble_dress_1|努比亚贵族礼服
itm_nubian_noble_dress_1_pl|努比亚贵族礼服
itm_nubian_noble_dress_2|努比亚贵族礼服
itm_nubian_noble_dress_2_pl|努比亚贵族礼服
itm_nubian_noble_dress_3|努比亚贵族礼服
itm_nubian_noble_dress_3_pl|努比亚贵族礼服
itm_nubian_noble_dress_4|努比亚贵族礼服
itm_nubian_noble_dress_4_pl|努比亚贵族礼服
itm_nubian_peasant_dress_4|努比亚连衣裙
itm_nubian_peasant_dress_4_pl|努比亚连衣裙
itm_nubian_peasant_dress_3|努比亚连衣裙
itm_nubian_peasant_dress_3_pl|努比亚连衣裙
itm_nubian_peasant_dress_2|努比亚连衣裙
itm_nubian_peasant_dress_2_pl|努比亚连衣裙
itm_nubian_peasant_dress_1|努比亚连衣裙
itm_nubian_peasant_dress_1_pl|努比亚连衣裙
itm_german_femal_rich_1|日耳曼贵族礼服
itm_german_femal_rich_1_pl|日耳曼贵族礼服
itm_german_femal_rich_2|日耳曼贵族礼服
itm_german_femal_rich_2_pl|日耳曼贵族礼服
itm_german_femal_rich_3|日耳曼贵族礼服
itm_german_femal_rich_3_pl|日耳曼贵族礼服
itm_german_femal_rich_4|日耳曼贵族礼服
itm_german_femal_rich_4_pl|日耳曼贵族礼服
itm_barb_femal_rich1|贵族礼服
itm_barb_femal_rich1_pl|贵族礼服
itm_barb_femal_rich2|贵族礼服
itm_barb_femal_rich2_pl|贵族礼服
itm_barb_femal_rich3|贵族礼服
itm_barb_femal_rich3_pl|贵族礼服
itm_barb_femal_rich5|贵族礼服
itm_barb_femal_rich5_pl|贵族礼服
itm_roman_lupa_dress|绿色连衣裙
itm_roman_lupa_dress_pl|绿色连衣裙
itm_roman_lupa_dress_2|黄色连衣裙
itm_roman_lupa_dress_2_pl|黄色连衣裙
itm_roman_lupa_dress_3|蓝色连衣裙
itm_roman_lupa_dress_3_pl|蓝色连衣裙
itm_roman_lupa_dress_4|白色连衣裙
itm_roman_lupa_dress_4_pl|白色连衣裙
itm_female_1|连衣裙
itm_female_1_pl|连衣裙
itm_female_2|连衣裙
itm_female_2_pl|连衣裙
itm_female_3|连衣裙
itm_female_3_pl|连衣裙
itm_female_1_celt|连衣裙
itm_female_1_celt_pl|连衣裙
itm_female_2_celt|连衣裙
itm_female_2_celt_pl|连衣裙
itm_female_3_celt|连衣裙
itm_female_3_celt_pl|连衣裙
itm_female_4_celt|连衣裙
itm_female_4_celt_pl|连衣裙
itm_peasant_dress|连衣裙
itm_peasant_dress_pl|连衣裙
itm_female_1_barb|连衣裙
itm_female_1_barb_pl|连衣裙
itm_female_2_barb|连衣裙
itm_female_2_barb_pl|连衣裙
itm_female_3_barb|连衣裙
itm_female_3_barb_pl|连衣裙
itm_female_4_barb|连衣裙
itm_female_4_barb_pl|连衣裙
itm_green_dress|东方贵族礼服
itm_green_dress_pl|东方贵族礼服
itm_khergit_lady_dress|东方贵族礼服
itm_khergit_lady_dress_pl|东方贵族礼服
itm_khergit_lady_dress_b|东方贵族礼服
itm_khergit_lady_dress_b_pl|东方贵族礼服
itm_sarranid_lady_dress|东方贵族礼服
itm_sarranid_lady_dress_pl|东方贵族礼服
itm_sarranid_lady_dress_b|东方贵族礼服
itm_sarranid_lady_dress_b_pl|东方贵族礼服
itm_sarranid_common_dress|东方连衣裙
itm_sarranid_common_dress_pl|东方连衣裙
itm_sarranid_common_dress_b|东方连衣裙
itm_sarranid_common_dress_b_pl|东方连衣裙
itm_sarranid_cloth_robe|破旧长袍
itm_sarranid_cloth_robe_pl|破旧长袍
itm_sarranid_cloth_robe_b|破旧长袍
itm_sarranid_cloth_robe_b_pl|破旧长袍
itm_sarranid_cloth_robe_c|破旧长袍
itm_sarranid_cloth_robe_c_pl|破旧长袍
itm_sarranid_cloth_robe_fancy_1|贵族长袍
itm_sarranid_cloth_robe_fancy_1_pl|贵族长袍
itm_sarranid_cloth_robe_fancy_2|贵族长袍
itm_sarranid_cloth_robe_fancy_2_pl|贵族长袍
itm_sarranid_cloth_robe_fancy_3|贵族长袍
itm_sarranid_cloth_robe_fancy_3_pl|贵族长袍
itm_skirmisher_armor|东方皮甲
itm_skirmisher_armor_pl|东方皮甲
itm_archers_vest|东方衬垫背心
itm_archers_vest_pl|东方衬垫背心
itm_archers_vest_2|东方衬垫背心
itm_archers_vest_2_pl|东方衬垫背心
itm_sarranid_leather_armor|东方皮甲
itm_sarranid_leather_armor_pl|东方皮甲
itm_sarranid_cavalry_robe|东方锁子甲
itm_sarranid_cavalry_robe_pl|东方锁子甲
itm_linothorax_greek1|希腊亚麻胸甲
itm_linothorax_greek1_pl|希腊亚麻胸甲
itm_linothorax_greek2|希腊亚麻胸甲
itm_linothorax_greek2_pl|希腊亚麻胸甲
itm_linothorax_greek3|希腊亚麻胸甲
itm_linothorax_greek3_pl|希腊亚麻胸甲
itm_linothorax_greek4|希腊亚麻胸甲
itm_linothorax_greek4_pl|希腊亚麻胸甲
itm_rawhide_coat|毛皮甲
itm_rawhide_coat_pl|毛皮甲
itm_pelt_coat|毛皮甲
itm_pelt_coat_pl|毛皮甲
itm_mail_shirt|重甲
itm_mail_shirt_pl|重甲
itm_mail_hauberk|重甲
itm_mail_hauberk_pl|重甲
itm_haubergeon|重甲
itm_haubergeon_pl|重甲
itm_lamellar_armor|鳞甲
itm_lamellar_armor_pl|鳞甲
itm_khergit_elite_armor|鳞甲
itm_khergit_elite_armor_pl|鳞甲
itm_scale_armor|鳞甲
itm_scale_armor_pl|鳞甲
itm_banded_armor|皮甲
itm_banded_armor_pl|皮甲
itm_banded_armor_2|皮甲
itm_banded_armor_2_pl|皮甲
itm_banded_armor_3|皮甲
itm_banded_armor_3_pl|皮甲
itm_phrygian_cap|弗里吉亚帽
itm_phrygian_cap_pl|弗里吉亚帽
itm_phrygian_cap_yellow|黄色弗里吉亚帽
itm_phrygian_cap_yellow_pl|黄色弗里吉亚帽
itm_phrygian_cap_white|白色弗里吉亚帽
itm_phrygian_cap_white_pl|白色弗里吉亚帽
itm_phrygian_cap_red|红色弗里吉亚帽
itm_phrygian_cap_red_pl|红色弗里吉亚帽
itm_phrygian_cap_black|黑色弗里吉亚帽
itm_phrygian_cap_black_pl|黑色弗里吉亚帽
itm_phrygian_cap_green|绿色弗里吉亚帽
itm_phrygian_cap_green_pl|绿色弗里吉亚帽
itm_phrygian_cap_blue|蓝色弗里吉亚帽
itm_phrygian_cap_blue_pl|蓝色弗里吉亚帽
itm_alan_light_helm|阿兰头盔
itm_alan_light_helm_pl|阿兰头盔
itm_alan_helm_1|阿兰札甲盔
itm_alan_helm_1_pl|阿兰札甲盔
itm_alan_helm_2|阿兰札甲盔
itm_alan_helm_2_pl|阿兰札甲盔
itm_alan_helm_3|阿兰札甲盔
itm_alan_helm_3_pl|阿兰札甲盔
itm_alan_helm_4|阿兰札甲盔
itm_alan_helm_4_pl|阿兰札甲盔
itm_saka_cap_1|白色塞种便帽
itm_saka_cap_1_pl|白色塞种便帽
itm_saka_hat_1|白色塞种帽
itm_saka_hat_1_pl|白色塞种帽
itm_saka_cap_2|蓝色塞种便帽
itm_saka_cap_2_pl|蓝色塞种便帽
itm_saka_hat_2|蓝色塞种帽
itm_saka_hat_2_pl|蓝色塞种帽
itm_saka_cap_3|红色塞种便帽
itm_saka_cap_3_pl|红色塞种便帽
itm_saka_hat_3|红色塞种帽
itm_saka_hat_3_pl|红色塞种帽
itm_saka_helmet_1|红色塞种头盔
itm_saka_helmet_1_pl|红色塞种头盔
itm_saka_helmet_2|黄色塞种头盔
itm_saka_helmet_2_pl|黄色塞种头盔
itm_saka_helmet_3|蓝色塞种头盔
itm_saka_helmet_3_pl|蓝色塞种头盔
itm_sarmatian_cap_1|萨尔马提亚便帽
itm_sarmatian_cap_1_pl|萨尔马提亚便帽
itm_sarmatian_cap_2|萨尔马提亚便帽
itm_sarmatian_cap_2_pl|萨尔马提亚便帽
itm_sarmatian_cap_3|萨尔马提亚便帽
itm_sarmatian_cap_3_pl|萨尔马提亚便帽
itm_sarmatian_cap_4|萨尔马提亚便帽
itm_sarmatian_cap_4_pl|萨尔马提亚便帽
itm_sarmatian_heavy_helm1|萨尔马提亚贵族头盔
itm_sarmatian_heavy_helm1_pl|萨尔马提亚贵族头盔
itm_sarmatian_heavy_helm2|萨尔马提亚贵族头盔
itm_sarmatian_heavy_helm2_pl|萨尔马提亚贵族头盔
itm_sarmatian_heavy_helm3|萨尔马提亚贵族头盔
itm_sarmatian_heavy_helm3_pl|萨尔马提亚贵族头盔
itm_sarmatian_heavy_helm4|萨尔马提亚贵族头盔
itm_sarmatian_heavy_helm4_pl|萨尔马提亚贵族头盔
itm_sarmatian_heavy_helm5|萨尔马提亚贵族头盔
itm_sarmatian_heavy_helm5_pl|萨尔马提亚贵族头盔
itm_sarmatian_heavy_helm6|萨尔马提亚贵族头盔
itm_sarmatian_heavy_helm6_pl|萨尔马提亚贵族头盔
itm_sarmatian_heavy_helm7|萨尔马提亚贵族头盔
itm_sarmatian_heavy_helm7_pl|萨尔马提亚贵族头盔
itm_sarmatian_heavy_helm8|萨尔马提亚贵族头盔
itm_sarmatian_heavy_helm8_pl|萨尔马提亚贵族头盔
itm_bosporan_spangenhelm_1|萨尔马提亚箍片盔
itm_bosporan_spangenhelm_1_pl|萨尔马提亚箍片盔
itm_bosporan_spangenhelm_2|萨尔马提亚箍片盔
itm_bosporan_spangenhelm_2_pl|萨尔马提亚箍片盔
itm_bosporan_spangenhelm_3|萨尔马提亚箍片盔
itm_bosporan_spangenhelm_3_pl|萨尔马提亚箍片盔
itm_bosporan_spangenhelm_4|萨尔马提亚箍片盔
itm_bosporan_spangenhelm_4_pl|萨尔马提亚箍片盔
itm_bosporan_pointed_helm|萨尔马提亚尖顶盔
itm_bosporan_pointed_helm_pl|萨尔马提亚尖顶盔
itm_bosporan_pointed_helm_2|萨尔马提亚尖顶盔
itm_bosporan_pointed_helm_2_pl|萨尔马提亚尖顶盔
itm_bosporan_pointed_helm_3|萨尔马提亚尖顶盔
itm_bosporan_pointed_helm_3_pl|萨尔马提亚尖顶盔
itm_bosporan_pointed_helm_4|萨尔马提亚尖顶盔
itm_bosporan_pointed_helm_4_pl|萨尔马提亚尖顶盔
itm_kopfband|头巾
itm_kopfband_pl|头巾
itm_african_feather_band|羽饰头巾
itm_african_feather_band_pl|羽饰头巾
itm_african_feather_band_2|羽饰头巾
itm_african_feather_band_2_pl|羽饰头巾
itm_numidian_helm|努比亚耳环
itm_numidian_helm_pl|努比亚耳环
itm_numidian_wig|假发
itm_numidian_wig_pl|假发
itm_nubian_helm_1|努比亚头盔
itm_nubian_helm_1_pl|努比亚头盔
itm_nubian_helm_2|努比亚头盔
itm_nubian_helm_2_pl|努比亚头盔
itm_nubian_helm_3|努比亚头盔
itm_nubian_helm_3_pl|努比亚头盔
itm_nubian_helm_croc_1|羽饰努比亚鳄皮帽
itm_nubian_helm_croc_1_pl|羽饰努比亚鳄皮帽
itm_nubian_helm_croc_2|努比亚鳄皮帽
itm_nubian_helm_croc_2_pl|努比亚鳄皮帽
itm_dacian_pileus_a_1|达契亚便帽
itm_dacian_pileus_a_1_pl|达契亚便帽
itm_dacian_pileus_a_2|达契亚便帽
itm_dacian_pileus_a_2_pl|达契亚便帽
itm_dacian_pileus_c_1|达契亚便帽
itm_dacian_pileus_c_1_pl|达契亚便帽
itm_dacian_pileus_c_2|达契亚便帽
itm_dacian_pileus_c_2_pl|达契亚便帽
itm_dacian_pileus_b_1|达契亚便帽
itm_dacian_pileus_b_1_pl|达契亚便帽
itm_dacian_pileus_b_2|达契亚便帽
itm_dacian_pileus_b_2_pl|达契亚便帽
itm_dacian_heavy_helm1|达契亚头盔
itm_dacian_heavy_helm1_pl|达契亚头盔
itm_dacian_heavy_helm2|达契亚头盔
itm_dacian_heavy_helm2_pl|达契亚头盔
itm_dacian_heavy_helm3|达契亚头盔
itm_dacian_heavy_helm3_pl|达契亚头盔
itm_dacian_heavy_helm4|达契亚贵族头盔
itm_dacian_heavy_helm4_pl|达契亚贵族头盔
itm_dacian_heavy_helm5|达契亚头盔
itm_dacian_heavy_helm5_pl|达契亚头盔
itm_dacian_heavy_helm_noble_1|达契亚贵族头盔
itm_dacian_heavy_helm_noble_1_pl|达契亚贵族头盔
itm_dacian_heavy_helm_noble_2|达契亚贵族头盔
itm_dacian_heavy_helm_noble_2_pl|达契亚贵族头盔
itm_dacian_heavy_helm7|达契亚头盔
itm_dacian_heavy_helm7_pl|达契亚头盔
itm_dacian_heavy_helm8|羽缨达契亚头盔
itm_dacian_heavy_helm8_pl|羽缨达契亚头盔
itm_dacian_heavy_helm9|羽缨达契亚头盔
itm_dacian_heavy_helm9_pl|羽缨达契亚头盔
itm_dacian_heavy_helm10|羽缨达契亚头盔
itm_dacian_heavy_helm10_pl|羽缨达契亚头盔
itm_dacian_heavy_helm11|达契亚头盔
itm_dacian_heavy_helm11_pl|达契亚头盔
itm_dacian_heavy_helm12|达契亚头盔
itm_dacian_heavy_helm12_pl|达契亚头盔
itm_dacian_heavy_helm13|达契亚头盔
itm_dacian_heavy_helm13_pl|达契亚头盔
itm_dacian_heavy_helm14|达契亚头盔
itm_dacian_heavy_helm14_pl|达契亚头盔
itm_germanic_cap_1|日耳曼便帽
itm_germanic_cap_1_pl|日耳曼便帽
itm_germanic_cap_2|日耳曼便帽
itm_germanic_cap_2_pl|日耳曼便帽
itm_germanic_cap_3|日耳曼便帽
itm_germanic_cap_3_pl|日耳曼便帽
itm_germanic_cap_4|日耳曼便帽
itm_germanic_cap_4_pl|日耳曼便帽
itm_germanic_helm_noble|日耳曼贵族头盔
itm_germanic_helm_noble_pl|日耳曼贵族头盔
itm_germanic_helm1|日耳曼头盔
itm_germanic_helm1_pl|日耳曼头盔
itm_germanic_helm2|旧罗马头盔
itm_germanic_helm2_pl|旧罗马头盔
itm_germanic_helm3|旧罗马头盔
itm_germanic_helm3_pl|旧罗马头盔
itm_germanic_helm4|旧罗马头盔
itm_germanic_helm4_pl|旧罗马头盔
itm_eastern_band_helmet_leather|皮革箍带盔
itm_eastern_band_helmet_leather_pl|皮革箍带盔
itm_eastern_band_helmet_mail|锁甲箍带盔
itm_eastern_band_helmet_mail_pl|锁甲箍带盔
itm_wolf_skin_1|狼皮
itm_wolf_skin_1_pl|狼皮
itm_wolf_skin_2|狼皮
itm_wolf_skin_2_pl|狼皮
itm_bear_skin_1|熊皮
itm_bear_skin_1_pl|熊皮
itm_bear_skin_2|熊皮
itm_bear_skin_2_pl|熊皮
itm_mak_helm_1|弗里吉亚头盔
itm_mak_helm_1_pl|弗里吉亚头盔
itm_mak_helm_2|弗里吉亚头盔
itm_mak_helm_2_pl|弗里吉亚头盔
itm_mak_helm_3|弗里吉亚头盔
itm_mak_helm_3_pl|弗里吉亚头盔
itm_mak_helm_4|弗里吉亚头盔
itm_mak_helm_4_pl|弗里吉亚头盔
itm_boeotian_cheeks|彼奥提亚头盔
itm_boeotian_cheeks_pl|彼奥提亚头盔
itm_boeotian_1|彼奥提亚头盔
itm_boeotian_1_pl|彼奥提亚头盔
itm_boeotian_2|彼奥提亚头盔
itm_boeotian_2_pl|彼奥提亚头盔
itm_illyrian_hevy_helmet_plume2|古代伊利里亚头盔
itm_illyrian_hevy_helmet_plume2_pl|古代伊利里亚头盔
itm_illyrian_hevy_helmet_plume1|古代伊利里亚头盔
itm_illyrian_hevy_helmet_plume1_pl|古代伊利里亚头盔
itm_illyrian_hevy_helmet|古代伊利里亚头盔
itm_illyrian_hevy_helmet_pl|古代伊利里亚头盔
itm_illyrian_leader_cap|伊利里亚衬垫头套
itm_illyrian_leader_cap_pl|伊利里亚衬垫头套
itm_indian_turban_1|印度缠头巾
itm_indian_turban_1_pl|印度缠头巾
itm_indian_turban_2|印度缠头巾
itm_indian_turban_2_pl|印度缠头巾
itm_indian_turban_3|印度缠头巾
itm_indian_turban_3_pl|印度缠头巾
itm_indian_turban_4|印度缠头巾
itm_indian_turban_4_pl|印度缠头巾
itm_indian_turban_5|印度缠头巾
itm_indian_turban_5_pl|印度缠头巾
itm_britton_helm1|凯尔特头盔
itm_britton_helm1_pl|凯尔特头盔
itm_britton_helm2|凯尔特头盔
itm_britton_helm2_pl|凯尔特头盔
itm_britton_helm3|凯尔特头盔
itm_britton_helm3_pl|凯尔特头盔
itm_britton_helm4|凯尔特头盔
itm_britton_helm4_pl|凯尔特头盔
itm_britton_helm5|凯尔特头盔
itm_britton_helm5_pl|凯尔特头盔
itm_britton_helm1_plume|羽缨凯尔特头盔
itm_britton_helm1_plume_pl|羽缨凯尔特头盔
itm_britton_helm2_plume|羽缨凯尔特头盔
itm_britton_helm2_plume_pl|羽缨凯尔特头盔
itm_britton_helm3_plume|羽缨凯尔特头盔
itm_britton_helm3_plume_pl|羽缨凯尔特头盔
itm_britton_helm4_plume|羽缨凯尔特头盔
itm_britton_helm4_plume_pl|羽缨凯尔特头盔
itm_britton_helm5_plume|羽缨凯尔特头盔
itm_britton_helm5_plume_pl|羽缨凯尔特头盔
itm_britton_helm6|凯尔特头盔
itm_britton_helm6_pl|凯尔特头盔
itm_britton_coolus|旧凯尔特头盔
itm_britton_coolus_pl|旧凯尔特头盔
itm_britton_coolus_2|羽缨旧凯尔特头盔
itm_britton_coolus_2_pl|羽缨旧凯尔特头盔
itm_britton_coolus_new|凯尔特头盔
itm_britton_coolus_new_pl|凯尔特头盔
itm_britton_coolus_new_2|羽缨凯尔特头盔
itm_britton_coolus_new_2_pl|羽缨凯尔特头盔
itm_britton_coolus_plume|凯尔特头盔
itm_britton_coolus_plume_pl|凯尔特头盔
itm_britton_helm_noble|凯尔特贵族头盔
itm_britton_helm_noble_pl|凯尔特贵族头盔
itm_britton_helm_noble_2|凯尔特贵族头盔
itm_britton_helm_noble_2_pl|凯尔特贵族头盔
itm_britton_helm_noble_crest_1|盔冠凯尔特贵族头盔
itm_britton_helm_noble_crest_1_pl|盔冠凯尔特贵族头盔
itm_britton_helm_noble_crest_2|盔冠凯尔特贵族头盔
itm_britton_helm_noble_crest_2_pl|盔冠凯尔特贵族头盔
itm_cataphract_helm1|具装骑兵头盔
itm_cataphract_helm1_pl|具装骑兵头盔
itm_cataphract_helm2|具装骑兵头盔
itm_cataphract_helm2_pl|具装骑兵头盔
itm_cataphract_helm4|具装骑兵头盔
itm_cataphract_helm4_pl|具装骑兵头盔
itm_cataphract_helm6|具装骑兵头盔
itm_cataphract_helm6_pl|具装骑兵头盔
itm_cataphract_helm7|具装骑兵头盔
itm_cataphract_helm7_pl|具装骑兵头盔
itm_sarranid_veiled_helmet|具装骑兵头盔
itm_sarranid_veiled_helmet_pl|具装骑兵头盔
itm_cataphract_sallet_1|帕提亚萨莱特盔
itm_cataphract_sallet_1_pl|帕提亚萨莱特盔
itm_cataphract_sallet_2|帕提亚萨莱特盔
itm_cataphract_sallet_2_pl|帕提亚萨莱特盔
itm_parthian_pointed_helm|帕提亚尖顶盔
itm_parthian_pointed_helm_pl|帕提亚尖顶盔
itm_parthian_helm_inf_heavy_1|东方希腊化头盔
itm_parthian_helm_inf_heavy_1_pl|东方希腊化头盔
itm_parthian_helm_inf_heavy_2|东方希腊化头盔
itm_parthian_helm_inf_heavy_2_pl|东方希腊化头盔
itm_parthian_helm_inf_heavy_3|东方希腊化头盔
itm_parthian_helm_inf_heavy_3_pl|东方希腊化头盔
itm_parthian_helm_inf_heavy_4|东方希腊化头盔
itm_parthian_helm_inf_heavy_4_pl|东方希腊化头盔
itm_parthian_helm_inf_1|东方希腊化头盔
itm_parthian_helm_inf_1_pl|东方希腊化头盔
itm_parthian_helm_inf_2|东方希腊化头盔
itm_parthian_helm_inf_2_pl|东方希腊化头盔
itm_parthian_helm_cavalry_1|东方弗里吉亚头盔
itm_parthian_helm_cavalry_1_pl|东方弗里吉亚头盔
itm_parthian_helm_cavalry_2|东方弗里吉亚头盔
itm_parthian_helm_cavalry_2_pl|东方弗里吉亚头盔
itm_parthian_helm_cavalry_3|东方弗里吉亚头盔
itm_parthian_helm_cavalry_3_pl|东方弗里吉亚头盔
itm_parthian_helm_cavalry_heavy_1|东方弗里吉亚头盔
itm_parthian_helm_cavalry_heavy_1_pl|东方弗里吉亚头盔
itm_parthian_helm_cavalry_heavy_2|东方弗里吉亚头盔
itm_parthian_helm_cavalry_heavy_2_pl|东方弗里吉亚头盔
itm_armenian_helm_legion_1|亚美尼亚—罗马式头盔
itm_armenian_helm_legion_1_pl|亚美尼亚—罗马式头盔
itm_armenian_helm_legion_2|亚美尼亚—罗马式头盔
itm_armenian_helm_legion_2_pl|亚美尼亚—罗马式头盔
itm_armenian_helm_legion_3|羽缨亚美尼亚—罗马式头盔
itm_armenian_helm_legion_3_pl|羽缨亚美尼亚—罗马式头盔
itm_armenian_helm_legion_4|羽缨亚美尼亚—罗马式头盔
itm_armenian_helm_legion_4_pl|羽缨亚美尼亚—罗马式头盔
itm_armenian_helm_heavy_1|尖顶盔
itm_armenian_helm_heavy_1_pl|尖顶盔
itm_armenian_helm_heavy_2|尖顶盔
itm_armenian_helm_heavy_2_pl|尖顶盔
itm_armenian_helm_heavy_3|尖顶盔
itm_armenian_helm_heavy_3_pl|尖顶盔
itm_pilos_chad|叙利亚头盔
itm_pilos_chad_pl|叙利亚头盔
itm_pilos_chad_2|叙利亚头盔
itm_pilos_chad_2_pl|叙利亚头盔
itm_pilos_simple|叙利亚头盔
itm_pilos_simple_pl|叙利亚头盔
itm_pilos_simple_2|叙利亚头盔
itm_pilos_simple_2_pl|叙利亚头盔
itm_sarranid_felt_hat|东方毡帽
itm_sarranid_felt_hat_pl|东方毡帽
itm_eastern_helm1|东方毡帽
itm_eastern_helm1_pl|东方毡帽
itm_eastern_helm2|东方毡帽
itm_eastern_helm2_pl|东方毡帽
itm_eastern_helm3|东方毡帽
itm_eastern_helm3_pl|东方毡帽
itm_eastern_helm4|东方毡帽
itm_eastern_helm4_pl|东方毡帽
itm_eastern_helm5|东方头盔
itm_eastern_helm5_pl|东方头盔
itm_eastern_helm6|东方头盔
itm_eastern_helm6_pl|东方头盔
itm_tallit_red|红色祈祷披巾
itm_tallit_red_pl|红色祈祷披巾
itm_tallit_grey|灰色祈祷披巾
itm_tallit_grey_pl|灰色祈祷披巾
itm_tallit_blue|蓝色祈祷披巾
itm_tallit_blue_pl|蓝色祈祷披巾
itm_roman_townguard_helm|罗马头盔
itm_roman_townguard_helm_pl|罗马头盔
itm_roman_aux_helm_1|羽缨高卢式罗马头盔
itm_roman_aux_helm_1_pl|羽缨高卢式罗马头盔
itm_roman_aux_helm_2|高卢式罗马头盔
itm_roman_aux_helm_2_pl|高卢式罗马头盔
itm_roman_aux_helm_centurio|百夫长高卢式罗马头盔
itm_roman_aux_helm_centurio_pl|百夫长高卢式罗马头盔
itm_roman_aux_helm_3|高卢式罗马头盔
itm_roman_aux_helm_3_pl|高卢式罗马头盔
itm_roman_aux_helm_4|羽缨高卢式罗马头盔
itm_roman_aux_helm_4_pl|羽缨高卢式罗马头盔
itm_roman_aux_helm_5|罗马头盔
itm_roman_aux_helm_5_pl|罗马头盔
itm_roman_aux_helm_6|罗马头盔
itm_roman_aux_helm_6_pl|罗马头盔
itm_roman_aux_helm_7|罗马头盔
itm_roman_aux_helm_7_pl|罗马头盔
itm_roman_aux_helm_8|罗马头盔
itm_roman_aux_helm_8_pl|罗马头盔
itm_roman_aux_helm_9|罗马头盔
itm_roman_aux_helm_9_pl|罗马头盔
itm_roman_aux_helm_10|罗马头盔
itm_roman_aux_helm_10_pl|罗马头盔
itm_roman_aux_helm_11|罗马头盔
itm_roman_aux_helm_11_pl|罗马头盔
itm_aux_archer_syorum_helm|叙利亚式罗马头盔
itm_aux_archer_syorum_helm_pl|叙利亚式罗马头盔
itm_aux_archer_syorum_helm1|叙利亚式罗马头盔
itm_aux_archer_syorum_helm1_pl|叙利亚式罗马头盔
itm_imp_aux_cav_weiler_brass_c|罗马头盔
itm_imp_aux_cav_weiler_brass_c_pl|罗马头盔
itm_imp_aux_cav_weiler_brass_b|罗马头盔
itm_imp_aux_cav_weiler_brass_b_pl|罗马头盔
itm_imp_aux_cav_weiler_brass_a|罗马头盔
itm_imp_aux_cav_weiler_brass_a_pl|罗马头盔
itm_imp_aux_cav_weiler_brass_mask_c|面具罗马头盔
itm_imp_aux_cav_weiler_brass_mask_c_pl|面具罗马头盔
itm_imp_aux_cav_weiler_brass_mask_b|面具罗马头盔
itm_imp_aux_cav_weiler_brass_mask_b_pl|面具罗马头盔
itm_imp_aux_cav_weiler_brass_mask_a|面具罗马头盔
itm_imp_aux_cav_weiler_brass_mask_a_pl|面具罗马头盔
itm_1_imp_gallic_b|罗马头盔
itm_1_imp_gallic_b_pl|罗马头盔
itm_1_imp_gallic_a|罗马头盔
itm_1_imp_gallic_a_pl|罗马头盔
itm_roman_aux_helm_old_1|旧罗马头盔
itm_roman_aux_helm_old_1_pl|旧罗马头盔
itm_roman_aux_helm_old_2|旧罗马头盔
itm_roman_aux_helm_old_2_pl|旧罗马头盔
itm_roman_legatus_helm|羽缨卡西斯盔
itm_roman_legatus_helm_pl|羽缨卡西斯盔
itm_roman_legatus_helm_2|羽缨卡西斯盔
itm_roman_legatus_helm_2_pl|羽缨卡西斯盔
itm_roman_legatus_helm_3|羽缨卡西斯盔
itm_roman_legatus_helm_3_pl|羽缨卡西斯盔
itm_roman_legatus_helm_4|羽缨卡西斯盔
itm_roman_legatus_helm_4_pl|羽缨卡西斯盔
itm_roman_legatus_helm_5|羽缨卡西斯盔
itm_roman_legatus_helm_5_pl|羽缨卡西斯盔
itm_roman_legatus_helm_6|羽缨卡西斯盔
itm_roman_legatus_helm_6_pl|羽缨卡西斯盔
itm_roman_legatus_helm_7|羽缨卡西斯盔
itm_roman_legatus_helm_7_pl|羽缨卡西斯盔
itm_roman_legatus_helm_8|羽缨卡西斯盔
itm_roman_legatus_helm_8_pl|羽缨卡西斯盔
itm_roman_legatus_helm_9|羽缨卡西斯盔
itm_roman_legatus_helm_9_pl|羽缨卡西斯盔
itm_legatus_legionis_helm|羽缨卡西斯盔
itm_legatus_legionis_helm_pl|羽缨卡西斯盔
itm_legatus_legionis_helm_2|羽缨卡西斯盔
itm_legatus_legionis_helm_2_pl|羽缨卡西斯盔
itm_legatus_legionis_helm_3|羽缨卡西斯盔
itm_legatus_legionis_helm_3_pl|羽缨卡西斯盔
itm_legatus_legionis_helm_4|羽缨卡西斯盔
itm_legatus_legionis_helm_4_pl|羽缨卡西斯盔
itm_cav_decurio_helm|羽缨卡西斯盔
itm_cav_decurio_helm_pl|羽缨卡西斯盔
itm_cav_decurio_helm_2|羽缨卡西斯盔
itm_cav_decurio_helm_2_pl|羽缨卡西斯盔
itm_cav_decurio_helm_3|羽缨卡西斯盔
itm_cav_decurio_helm_3_pl|羽缨卡西斯盔
itm_1_imp_gallic_c|罗马头盔
itm_1_imp_gallic_c_pl|罗马头盔
itm_1_imp_gallic_f_b|罗马头盔
itm_1_imp_gallic_f_b_pl|罗马头盔
itm_1_imp_gallic_f_n|罗马头盔
itm_1_imp_gallic_f_n_pl|罗马头盔
itm_1_imp_gallic_f_s|罗马头盔
itm_1_imp_gallic_f_s_pl|罗马头盔
itm_1_imp_gallic_h|罗马头盔
itm_1_imp_gallic_h_pl|罗马头盔
itm_1_imp_gallic_g|罗马头盔
itm_1_imp_gallic_g_pl|罗马头盔
itm_1_imp_gallic_i_plume|羽缨罗马头盔
itm_1_imp_gallic_i_plume_pl|羽缨罗马头盔
itm_1_imp_gallic_i_ac_plume|羽缨罗马头盔
itm_1_imp_gallic_i_ac_plume_pl|羽缨罗马头盔
itm_1_imp_gallic_f_b_feather|羽饰罗马头盔
itm_1_imp_gallic_f_b_feather_pl|羽饰罗马头盔
itm_1_imp_gallic_i|罗马头盔
itm_1_imp_gallic_i_pl|罗马头盔
itm_1_imp_gallic_i_feather|羽饰罗马头盔
itm_1_imp_gallic_i_feather_pl|羽饰罗马头盔
itm_1_imp_gallic_i_ac_feather|羽饰罗马头盔
itm_1_imp_gallic_i_ac_feather_pl|羽饰罗马头盔
itm_1_imp_gallic_i_ac|罗马头盔
itm_1_imp_gallic_i_ac_pl|罗马头盔
itm_1_imp_itallic_c|罗马头盔
itm_1_imp_itallic_c_pl|罗马头盔
itm_1_imp_itallic_d|罗马头盔
itm_1_imp_itallic_d_pl|罗马头盔
itm_1_imp_itallic_g|罗马头盔
itm_1_imp_itallic_g_pl|罗马头盔
itm_1_imp_gallic_h_plume|羽缨罗马头盔
itm_1_imp_gallic_h_plume_pl|羽缨罗马头盔
itm_1_imp_gallic_c_plume|羽缨罗马头盔
itm_1_imp_gallic_c_plume_pl|羽缨罗马头盔
itm_1_imp_gallic_f_plume|羽缨罗马头盔
itm_1_imp_gallic_f_plume_pl|羽缨罗马头盔
itm_1_imp_gallic_f_b_feather_plume|羽缨罗马头盔
itm_1_imp_gallic_f_b_feather_plume_pl|羽缨罗马头盔
itm_1_imp_gallic_f_b_feather_plume_2|羽缨罗马头盔
itm_1_imp_gallic_f_b_feather_plume_2_pl|羽缨罗马头盔
itm_1_imp_gallic_f_b_feather_plume_3|羽缨罗马头盔
itm_1_imp_gallic_f_b_feather_plume_3_pl|羽缨罗马头盔
itm_1_imp_gallic_i_ac_feather_plume|羽缨罗马头盔
itm_1_imp_gallic_i_ac_feather_plume_pl|羽缨罗马头盔
itm_1_imp_itallic_d_mask|面具罗马头盔
itm_1_imp_itallic_d_mask_pl|面具罗马头盔
itm_1_imp_itallic_g_mask|面具罗马头盔
itm_1_imp_itallic_g_mask_pl|面具罗马头盔
itm_praetorian_helm_2|羽缨罗马头盔
itm_praetorian_helm_2_pl|羽缨罗马头盔
itm_praetorian_helm_1|羽缨罗马头盔
itm_praetorian_helm_1_pl|羽缨罗马头盔
itm_praetorian_helm_mask_1|羽缨罗马头盔
itm_praetorian_helm_mask_1_pl|羽缨罗马头盔
itm_auxilia_cent_helmet_3|羽缨罗马头盔
itm_auxilia_cent_helmet_3_pl|羽缨罗马头盔
itm_auxilia_cent_helmet_2|羽缨罗马头盔
itm_auxilia_cent_helmet_2_pl|羽缨罗马头盔
itm_auxilia_cent_helmet_1|羽缨罗马头盔
itm_auxilia_cent_helmet_1_pl|羽缨罗马头盔
itm_centurio_helm_3|羽缨罗马头盔
itm_centurio_helm_3_pl|羽缨罗马头盔
itm_centurio_helm_2|羽缨罗马头盔
itm_centurio_helm_2_pl|羽缨罗马头盔
itm_centurio_helm_1|羽缨罗马头盔
itm_centurio_helm_1_pl|羽缨罗马头盔
itm_praetorian_cent_helmet4|羽缨罗马头盔
itm_praetorian_cent_helmet4_pl|羽缨罗马头盔
itm_praetorian_cent_helmet3|羽缨罗马头盔
itm_praetorian_cent_helmet3_pl|羽缨罗马头盔
itm_praetorian_cent_helmet2|羽缨罗马头盔
itm_praetorian_cent_helmet2_pl|羽缨罗马头盔
itm_praetorian_cent_helmet|羽缨罗马头盔
itm_praetorian_cent_helmet_pl|羽缨罗马头盔
itm_pretorian_archer_helm|罗马头盔
itm_pretorian_archer_helm_pl|罗马头盔
itm_pretorian_cavalry_helm_1|罗马头盔
itm_pretorian_cavalry_helm_1_pl|罗马头盔
itm_pretorian_cavalry_helm_2|面具罗马头盔
itm_pretorian_cavalry_helm_2_pl|面具罗马头盔
itm_pretorian_cavalry_helm_3|面具罗马头盔
itm_pretorian_cavalry_helm_3_pl|面具罗马头盔
itm_auxiliary_cavalry_vecsilary_pretorian_helm|豹皮罗马头盔
itm_auxiliary_cavalry_vecsilary_pretorian_helm_pl|豹皮罗马头盔
itm_signifer_helm_2|狼皮罗马头盔
itm_signifer_helm_2_pl|狼皮罗马头盔
itm_signifer_helm_1|狼皮罗马头盔
itm_signifer_helm_1_pl|狼皮罗马头盔
itm_aquilifer_helmet|狮皮罗马头盔
itm_aquilifer_helmet_pl|狮皮罗马头盔
itm_aquilifer_helmet_mask|狮皮罗马头盔
itm_aquilifer_helmet_mask_pl|狮皮罗马头盔
itm_vexilarius_helmet|熊皮罗马头盔
itm_vexilarius_helmet_pl|熊皮罗马头盔
itm_vexilarius_helmet_mask|熊皮罗马头盔
itm_vexilarius_helmet_mask_pl|熊皮罗马头盔
itm_romano_attic_helm_1|罗马头盔
itm_romano_attic_helm_1_pl|罗马头盔
itm_romano_attic_helm_2|羽缨罗马头盔
itm_romano_attic_helm_2_pl|羽缨罗马头盔
itm_romano_attic_helm_3|面具罗马头盔
itm_romano_attic_helm_3_pl|面具罗马头盔
itm_romano_attic_helm_4|面具羽缨罗马头盔
itm_romano_attic_helm_4_pl|面具羽缨罗马头盔
itm_straw_hat|草帽
itm_straw_hat_pl|草帽
itm_mediterranean_straw_hat|草帽
itm_mediterranean_straw_hat_pl|草帽
itm_mediterranean_straw_hat_1|草帽
itm_mediterranean_straw_hat_1_pl|草帽
itm_mediterranean_straw_hat_2|草帽
itm_mediterranean_straw_hat_2_pl|草帽
itm_headcloth|头巾
itm_headcloth_pl|头巾
itm_head_wrappings|缠头布
itm_head_wrappings_pl|缠头布
itm_perisan_headcloth_1|波斯缠头布
itm_perisan_headcloth_1_pl|波斯缠头布
itm_perisan_headcloth_2|波斯缠头布
itm_perisan_headcloth_2_pl|波斯缠头布
itm_perisan_headcloth_3|波斯缠头布
itm_perisan_headcloth_3_pl|波斯缠头布
itm_perisan_headcloth_4|波斯缠头布
itm_perisan_headcloth_4_pl|波斯缠头布
itm_common_hood|兜帽
itm_common_hood_pl|兜帽
itm_simple_hood_1|兜帽
itm_simple_hood_1_pl|兜帽
itm_simple_hood_2|兜帽
itm_simple_hood_2_pl|兜帽
itm_simple_hood_3|兜帽
itm_simple_hood_3_pl|兜帽
itm_simple_hood_4|兜帽
itm_simple_hood_4_pl|兜帽
itm_black_hood|黑色兜帽
itm_black_hood_pl|黑色兜帽
itm_cloak|斗篷
itm_cloak_pl|斗篷
itm_cloak_2|斗篷
itm_cloak_2_pl|斗篷
itm_cloak_3|斗篷
itm_cloak_3_pl|斗篷
itm_cloak_4|斗篷
itm_cloak_4_pl|斗篷
itm_cloak_5|斗篷
itm_cloak_5_pl|斗篷
itm_fur_hat|毛皮帽
itm_fur_hat_pl|毛皮帽
itm_nomad_cap|毛皮便帽
itm_nomad_cap_pl|毛皮便帽
itm_woolen_cap|羊毛便帽
itm_woolen_cap_pl|羊毛便帽
itm_footman_helmet|战士皮帽
itm_footman_helmet_pl|战士皮帽
itm_turban|沙漠缠头巾
itm_turban_pl|沙漠缠头巾
itm_turban_2|沙漠缠头巾
itm_turban_2_pl|沙漠缠头巾
itm_desert_turban|沙漠缠头巾
itm_desert_turban_pl|沙漠缠头巾
itm_desert_turban_2|沙漠缠头巾
itm_desert_turban_2_pl|沙漠缠头巾
itm_tuareg_new_1_green|沙漠缠头巾
itm_tuareg_new_1_green_pl|沙漠缠头巾
itm_tuareg_new_1_blue|沙漠缠头巾
itm_tuareg_new_1_blue_pl|沙漠缠头巾
itm_tuareg_new_1_red|沙漠缠头巾
itm_tuareg_new_1_red_pl|沙漠缠头巾
itm_tuareg_new_1_white|沙漠缠头巾
itm_tuareg_new_1_white_pl|沙漠缠头巾
itm_tuareg_new_2_green|沙漠缠头巾
itm_tuareg_new_2_green_pl|沙漠缠头巾
itm_tuareg_new_2_blue|沙漠缠头巾
itm_tuareg_new_2_blue_pl|沙漠缠头巾
itm_tuareg_new_2_red|沙漠缠头巾
itm_tuareg_new_2_red_pl|沙漠缠头巾
itm_tuareg_new_2_white|沙漠缠头巾
itm_tuareg_new_2_white_pl|沙漠缠头巾
itm_desert_padded_hat_a|衬垫帽
itm_desert_padded_hat_a_pl|衬垫帽
itm_sarranid_warrior_cap|战士便帽
itm_sarranid_warrior_cap_pl|战士便帽
itm_garamantian_horseman_helmet|骑兵头盔
itm_garamantian_horseman_helmet_pl|骑兵头盔
itm_sarranid_helmet1|库菲耶头巾盔
itm_sarranid_helmet1_pl|库菲耶头巾盔
itm_sarranid_mail_coif|锁甲头套
itm_sarranid_mail_coif_pl|锁甲头套
itm_flower_crown|花冠
itm_flower_crown_pl|花冠
itm_khergit_lady_hat|萨尔马提亚女士帽
itm_khergit_lady_hat_pl|萨尔马提亚女士帽
itm_khergit_lady_hat_b|萨尔马提亚女士皮帽
itm_khergit_lady_hat_b_pl|萨尔马提亚女士皮帽
itm_new_sarranid_head_cloth|面纱
itm_new_sarranid_head_cloth_pl|面纱
itm_new_sarranid_head_cloth_2|面纱
itm_new_sarranid_head_cloth_2_pl|面纱
itm_new_sarranid_head_cloth_3|面纱
itm_new_sarranid_head_cloth_3_pl|面纱
itm_sarranid_head_cloth|女士头巾
itm_sarranid_head_cloth_pl|女士头巾
itm_sarranid_head_cloth_b|女士头巾
itm_sarranid_head_cloth_b_pl|女士头巾
itm_sarranid_head_cloth_c|女士头巾
itm_sarranid_head_cloth_c_pl|女士头巾
itm_sarranid_head_cloth_d|女士头巾
itm_sarranid_head_cloth_d_pl|女士头巾
itm_roman_noble_shawl_1|罗马披巾
itm_roman_noble_shawl_1_pl|罗马披巾
itm_roman_noble_shawl_2|罗马披巾
itm_roman_noble_shawl_2_pl|罗马披巾
itm_roman_noble_shawl_3|罗马披巾
itm_roman_noble_shawl_3_pl|罗马披巾
itm_roman_noble_shawl_4|罗马披巾
itm_roman_noble_shawl_4_pl|罗马披巾
itm_roman_noble_shawl_5|罗马披巾
itm_roman_noble_shawl_5_pl|罗马披巾
itm_sarranid_felt_head_cloth|头巾
itm_sarranid_felt_head_cloth_pl|头巾
itm_sarranid_felt_head_cloth_b|头巾
itm_sarranid_felt_head_cloth_b_pl|头巾
itm_celtic_boots|简易靴
itm_celtic_boots_pl|简易靴
itm_leather_boots|皮靴
itm_leather_boots_pl|皮靴
itm_sarmatian_shoes|萨尔马提亚靴
itm_sarmatian_shoes_pl|萨尔马提亚靴
itm_calceus|罗马皮鞋
itm_calceus_pl|罗马皮鞋
itm_calceus_2|华丽罗马皮鞋
itm_calceus_2_pl|华丽罗马皮鞋
itm_calceus_3|华丽罗马皮鞋
itm_calceus_3_pl|华丽罗马皮鞋
itm_calceus_4|华丽罗马皮鞋
itm_calceus_4_pl|华丽罗马皮鞋
itm_graves_simple_2|军用罗马皮鞋
itm_graves_simple_2_pl|军用罗马皮鞋
itm_graves_simple_2_winter|军用罗马皮鞋（冬装）
itm_graves_simple_2_winter_pl|军用罗马皮鞋（冬装）
itm_eastern_shoe|东方鞋
itm_eastern_shoe_pl|东方鞋
itm_eastern_shoe_b|东方鞋
itm_eastern_shoe_b_pl|东方鞋
itm_eastern_shoe_r|东方鞋
itm_eastern_shoe_r_pl|东方鞋
itm_eastern_shoe_y|东方鞋
itm_eastern_shoe_y_pl|东方鞋
itm_cataphract_boots|东方具装骑兵靴
itm_cataphract_boots_pl|东方具装骑兵靴
itm_wooden_stick|木棍
itm_wooden_stick_pl|木棍
itm_hammer|锤
itm_hammer_pl|锤
itm_roman_hammer|锤
itm_roman_hammer_pl|锤
itm_roman_work_axe|短柄斧
itm_roman_work_axe_pl|短柄斧
itm_hand_axe|手斧
itm_hand_axe_pl|手斧
itm_sickle|镰刀
itm_sickle_pl|镰刀
itm_maul|大锤
itm_maul_pl|大锤
itm_sledgehammer|大锤
itm_sledgehammer_pl|大锤
itm_warhammer|大锤
itm_warhammer_pl|大锤
itm_fighting_axe|格斗斧
itm_fighting_axe_pl|格斗斧
itm_war_axe|战斧
itm_war_axe_pl|战斧
itm_one_handed_war_axe_a|单手斧
itm_one_handed_war_axe_a_pl|单手斧
itm_one_handed_battle_axe_a|单手战斧
itm_one_handed_battle_axe_a_pl|单手战斧
itm_spiked_club|钉头棒
itm_spiked_club_pl|钉头棒
itm_mace_1|钉头棒
itm_mace_1_pl|钉头棒
itm_spiked_mace|钉头锤
itm_spiked_mace_pl|钉头锤
itm_mace_2|钉头锤
itm_mace_2_pl|钉头锤
itm_mace_3|钉头锤
itm_mace_3_pl|钉头锤
itm_sarranid_mace_1|铁钉头锤
itm_sarranid_mace_1_pl|铁钉头锤
itm_military_hammer|军用镐
itm_military_hammer_pl|军用镐
itm_celtic_sword1|凯尔特短剑
itm_celtic_sword1_pl|凯尔特短剑
itm_celtic_sword2|凯尔特剑
itm_celtic_sword2_pl|凯尔特剑
itm_celtic_sword3|凯尔特战剑
itm_celtic_sword3_pl|凯尔特战剑
itm_celtic_spatha|凯尔特斯帕塔长剑
itm_celtic_spatha_pl|凯尔特斯帕塔长剑
itm_irish_sword|爱尔兰贵族剑
itm_irish_sword_pl|爱尔兰贵族剑
itm_caledonian_axe1|喀里多尼亚单手斧
itm_caledonian_axe1_pl|喀里多尼亚单手斧
itm_caledonian_axe2|喀里多尼亚单手斧
itm_caledonian_axe2_pl|喀里多尼亚单手斧
itm_celtic_axe1|凯尔特单手斧
itm_celtic_axe1_pl|凯尔特单手斧
itm_celtic_axe2|凯尔特单手斧
itm_celtic_axe2_pl|凯尔特单手斧
itm_celtic_axe3|凯尔特单手斧
itm_celtic_axe3_pl|凯尔特单手斧
itm_celtic_axe4|凯尔特单手斧
itm_celtic_axe4_pl|凯尔特单手斧
itm_gallic_spear_2|凯尔特短矛
itm_gallic_spear_2_pl|凯尔特短矛
itm_gallic_spear_3|凯尔特矛
itm_gallic_spear_3_pl|凯尔特矛
itm_sword_akinakes|阿基纳克短剑
itm_sword_akinakes_pl|阿基纳克短剑
itm_sword_kopis|科庇斯弯刀
itm_sword_kopis_pl|科庇斯弯刀
itm_sword_laconian_dagger|马凯拉刀
itm_sword_laconian_dagger_pl|马凯拉刀
itm_sword_xiphos_greek|克西福斯短剑
itm_sword_xiphos_greek_pl|克西福斯短剑
itm_sarissa|萨里沙长矛
itm_sarissa_pl|萨里沙长矛
itm_kopis|科庇斯弯刀
itm_kopis_pl|科庇斯弯刀
itm_dreizack1|叉
itm_dreizack1_pl|叉
itm_dreizack2|叉
itm_dreizack2_pl|叉
itm_dagger_parthian_1|帕提亚匕首
itm_dagger_parthian_1_pl|帕提亚匕首
itm_dagger_parthian_2|帕提亚匕首
itm_dagger_parthian_2_pl|帕提亚匕首
itm_parthian_cataphract_axe|帕提亚斧
itm_parthian_cataphract_axe_pl|帕提亚斧
itm_eastern_sword1|东方短剑
itm_eastern_sword1_pl|东方短剑
itm_eastern_sword2|东方剑
itm_eastern_sword2_pl|东方剑
itm_eastern_sword3|东方剑
itm_eastern_sword3_pl|东方剑
itm_eastern_sword4|东方战剑
itm_eastern_sword4_pl|东方战剑
itm_eastern_sword5|东方战剑
itm_eastern_sword5_pl|东方战剑
itm_bamboo_spear|竹矛
itm_bamboo_spear_pl|竹矛
itm_eastern_spear_149|东方矛
itm_eastern_spear_149_pl|东方矛
itm_eastern_spear_168|东方矛
itm_eastern_spear_168_pl|东方矛
itm_syrian_spear_1_145|东方矛
itm_syrian_spear_1_145_pl|东方矛
itm_eastern_sica|西卡弯刀
itm_eastern_sica_pl|西卡弯刀
itm_eastern_sica_rusty|旧西卡弯刀
itm_eastern_sica_rusty_pl|旧西卡弯刀
itm_dacian_noble_sword|达契亚贵族斯帕塔长剑
itm_dacian_noble_sword_pl|达契亚贵族斯帕塔长剑
itm_dacian_ring_sword|达契亚环首剑
itm_dacian_ring_sword_pl|达契亚环首剑
itm_flax_onehanded1|达契亚西卡弯刀
itm_flax_onehanded1_pl|达契亚西卡弯刀
itm_flax_onehanded2|达契亚西卡弯刀
itm_flax_onehanded2_pl|达契亚西卡弯刀
itm_dacian_sword|科庇斯弯刀
itm_dacian_sword_pl|科庇斯弯刀
itm_dacian_short_spear|达契亚矛
itm_dacian_short_spear_pl|达契亚矛
itm_dacian_medium_spear|达契亚矛
itm_dacian_medium_spear_pl|达契亚矛
itm_cheruski_sword|日耳曼短剑
itm_cheruski_sword_pl|日耳曼短剑
itm_cheruski_ax|日耳曼斧
itm_cheruski_ax_pl|日耳曼斧
itm_germanic_axe1|日耳曼斧
itm_germanic_axe1_pl|日耳曼斧
itm_germanic_axe2|日耳曼斧
itm_germanic_axe2_pl|日耳曼斧
itm_germanic_axe3|日耳曼斧
itm_germanic_axe3_pl|日耳曼斧
itm_one_handed_war_axe_b|单手战斧
itm_one_handed_war_axe_b_pl|单手战斧
itm_one_handed_battle_axe_b|单手战斧
itm_one_handed_battle_axe_b_pl|单手战斧
itm_one_handed_battle_axe_c|单手战斧
itm_one_handed_battle_axe_c_pl|单手战斧
itm_danish_longsword|华贵日耳曼长剑
itm_danish_longsword_pl|华贵日耳曼长剑
itm_germanic_spatha_1|日耳曼斯帕塔长剑
itm_germanic_spatha_1_pl|日耳曼斯帕塔长剑
itm_germanic_spatha_2|日耳曼斯帕塔长剑
itm_germanic_spatha_2_pl|日耳曼斯帕塔长剑
itm_sword_viking_3|日耳曼斯帕塔长剑
itm_sword_viking_3_pl|日耳曼斯帕塔长剑
itm_sword_viking_4|日耳曼斯帕塔长剑
itm_sword_viking_4_pl|日耳曼斯帕塔长剑
itm_sax1|日耳曼短剑
itm_sax1_pl|日耳曼短剑
itm_germanic_war_spear|日耳曼矛
itm_germanic_war_spear_pl|日耳曼矛
itm_germanic_war_spear_2|日耳曼矛
itm_germanic_war_spear_2_pl|日耳曼矛
itm_germanic_war_spear_3|日耳曼矛
itm_germanic_war_spear_3_pl|日耳曼矛
itm_germanic_shortened_spear|日耳曼截短矛
itm_germanic_shortened_spear_pl|日耳曼截短矛
itm_nubian_short_sword|努比亚短剑
itm_nubian_short_sword_pl|努比亚短剑
itm_nubian_short_sword_noble|努比亚贵族短剑
itm_nubian_short_sword_noble_pl|努比亚贵族短剑
itm_nubian_axe|努比亚斧
itm_nubian_axe_pl|努比亚斧
itm_nubian_axe_2|努比亚斧
itm_nubian_axe_2_pl|努比亚斧
itm_nubian_spear_1|努比亚战矛
itm_nubian_spear_1_pl|努比亚战矛
itm_nubian_spear_2|努比亚战矛
itm_nubian_spear_2_pl|努比亚战矛
itm_nubian_spear_3|努比亚战矛
itm_nubian_spear_3_pl|努比亚战矛
itm_nubian_spear_4|努比亚长战矛
itm_nubian_spear_4_pl|努比亚长战矛
itm_nubian_spear_5|努比亚截短矛
itm_nubian_spear_5_pl|努比亚截短矛
itm_nubian_spear_6|努比亚截短矛
itm_nubian_spear_6_pl|努比亚截短矛
itm_numidian_spear_2|努米底亚战矛
itm_numidian_spear_2_pl|努米底亚战矛
itm_numidian_spear_1|努米底亚矛
itm_numidian_spear_1_pl|努米底亚矛
itm_caucasian_axe_1|高加索斧
itm_caucasian_axe_1_pl|高加索斧
itm_armenian_axe_1|亚美尼亚斧
itm_armenian_axe_1_pl|亚美尼亚斧
itm_armenian_sword_1|亚美尼亚环首剑
itm_armenian_sword_1_pl|亚美尼亚环首剑
itm_caucasian_short_sword|高加索环首剑
itm_caucasian_short_sword_pl|高加索环首剑
itm_caucasian_longsword|高加索长剑
itm_caucasian_longsword_pl|高加索长剑
itm_armenian_war_spear|亚美尼亚战矛
itm_armenian_war_spear_pl|亚美尼亚战矛
itm_caucasian_spear_174|高加索矛
itm_caucasian_spear_174_pl|高加索矛
itm_caucasian_spear_145|高加索矛
itm_caucasian_spear_145_pl|高加索矛
itm_palmyran_gladius|帕尔米拉罗马短剑
itm_palmyran_gladius_pl|帕尔米拉罗马短剑
itm_palmyran_gladius_rich|帕尔米拉贵族罗马短剑
itm_palmyran_gladius_rich_pl|帕尔米拉贵族罗马短剑
itm_arabian_sword_a|东方剑
itm_arabian_sword_a_pl|东方剑
itm_arabian_sword_b|东方剑
itm_arabian_sword_b_pl|东方剑
itm_sarranid_cavalry_sword|东方剑
itm_sarranid_cavalry_sword_pl|东方剑
itm_arabian_sword_d|东方剑
itm_arabian_sword_d_pl|东方剑
itm_alan_long_sword|阿兰长剑
itm_alan_long_sword_pl|阿兰长剑
itm_alan_long_sword_ring|阿兰长剑
itm_alan_long_sword_ring_pl|阿兰长剑
itm_sarmatian_sword_2|萨尔马提亚短环首剑
itm_sarmatian_sword_2_pl|萨尔马提亚短环首剑
itm_sarmatian_ringsword_1|萨尔马提亚短环首剑
itm_sarmatian_ringsword_1_pl|萨尔马提亚短环首剑
itm_sarmatian_ringsword_2|萨尔马提亚长环首剑
itm_sarmatian_ringsword_2_pl|萨尔马提亚长环首剑
itm_sarmatian_ringsword_3|萨尔马提亚长环首剑
itm_sarmatian_ringsword_3_pl|萨尔马提亚长环首剑
itm_sarmatian_ringsword_4|萨尔马提亚长环首剑
itm_sarmatian_ringsword_4_pl|萨尔马提亚长环首剑
itm_sarmatian_ringsword_rich_1|萨尔马提亚华贵环首剑
itm_sarmatian_ringsword_rich_1_pl|萨尔马提亚华贵环首剑
itm_sarmatian_spear_169|萨尔马提亚矛
itm_sarmatian_spear_169_pl|萨尔马提亚矛
itm_light_lance|孔托斯骑矛
itm_light_lance_pl|孔托斯骑矛
itm_heavy_lance|长孔托斯骑矛
itm_heavy_lance_pl|长孔托斯骑矛
itm_lance|孔托斯骑矛
itm_lance_pl|孔托斯骑矛
itm_wooden_shield|木盾
itm_wooden_shield_pl|木盾
itm_ad_mixed_round_shields_01|圆盾
itm_ad_mixed_round_shields_01_pl|圆盾
itm_ad_mixed_round_shields_02|圆盾
itm_ad_mixed_round_shields_02_pl|圆盾
itm_ad_mixed_round_shields_03|圆盾
itm_ad_mixed_round_shields_03_pl|圆盾
itm_ad_mixed_round_shields_04|圆盾
itm_ad_mixed_round_shields_04_pl|圆盾
itm_ad_mixed_round_shields_05|圆盾
itm_ad_mixed_round_shields_05_pl|圆盾
itm_ad_mixed_round_shields_06|圆盾
itm_ad_mixed_round_shields_06_pl|圆盾
itm_ad_mixed_round_shields_07|圆盾
itm_ad_mixed_round_shields_07_pl|圆盾
itm_ad_mixed_round_shields_08|圆盾
itm_ad_mixed_round_shields_08_pl|圆盾
itm_ad_mixed_round_shields_13|圆盾
itm_ad_mixed_round_shields_13_pl|圆盾
itm_ad_mixed_round_shields_14|圆盾
itm_ad_mixed_round_shields_14_pl|圆盾
itm_ad_mixed_round_shields_15|圆盾
itm_ad_mixed_round_shields_15_pl|圆盾
itm_ad_mixed_round_shields_16|圆盾
itm_ad_mixed_round_shields_16_pl|圆盾
itm_bosphoran_shield_new_1|博斯普鲁斯图罗斯盾（Thuros）
itm_bosphoran_shield_new_1_pl|博斯普鲁斯图罗斯盾（Thuros）
itm_bosphoran_shield_new_2|博斯普鲁斯图罗斯盾（Thuros）
itm_bosphoran_shield_new_2_pl|博斯普鲁斯图罗斯盾（Thuros）
itm_bosphoran_shield_new_3|博斯普鲁斯图罗斯盾（Thuros）
itm_bosphoran_shield_new_3_pl|博斯普鲁斯图罗斯盾（Thuros）
itm_bosphoran_shield_new_4|博斯普鲁斯图罗斯盾（Thuros）
itm_bosphoran_shield_new_4_pl|博斯普鲁斯图罗斯盾（Thuros）
itm_bosporan_oval_color_1|博斯普鲁斯图罗斯盾（Thuros）
itm_bosporan_oval_color_1_pl|博斯普鲁斯图罗斯盾（Thuros）
itm_bosporan_oval_color_2|博斯普鲁斯图罗斯盾（Thuros）
itm_bosporan_oval_color_2_pl|博斯普鲁斯图罗斯盾（Thuros）
itm_bosporan_oval_color_3|博斯普鲁斯图罗斯盾（Thuros）
itm_bosporan_oval_color_3_pl|博斯普鲁斯图罗斯盾（Thuros）
itm_bosporan_oval_color_4|博斯普鲁斯图罗斯盾（Thuros）
itm_bosporan_oval_color_4_pl|博斯普鲁斯图罗斯盾（Thuros）
itm_bosporan_oval_color_5|博斯普鲁斯图罗斯盾（Thuros）
itm_bosporan_oval_color_5_pl|博斯普鲁斯图罗斯盾（Thuros）
itm_caucasian_shield_1|北高加索柳条盾
itm_caucasian_shield_1_pl|北高加索柳条盾
itm_caucasian_shield_2|北高加索柳条盾
itm_caucasian_shield_2_pl|北高加索柳条盾
itm_hoplon_1|旧霍普隆盾
itm_hoplon_1_pl|旧霍普隆盾
itm_hoplon_2|旧霍普隆盾
itm_hoplon_2_pl|旧霍普隆盾
itm_hoplon_4|旧霍普隆盾
itm_hoplon_4_pl|旧霍普隆盾
itm_hoplon_5|旧霍普隆盾
itm_hoplon_5_pl|旧霍普隆盾
itm_hoplon_6|旧霍普隆盾
itm_hoplon_6_pl|旧霍普隆盾
itm_s_parma_mak_plain_16|旧帕尔玛圆盾
itm_s_parma_mak_plain_16_pl|旧帕尔玛圆盾
itm_s_parma_mak_plain_15|旧帕尔玛圆盾
itm_s_parma_mak_plain_15_pl|旧帕尔玛圆盾
itm_s_parma_mak_plain_14|旧帕尔玛圆盾
itm_s_parma_mak_plain_14_pl|旧帕尔玛圆盾
itm_s_parma_mak_plain_13|旧帕尔玛圆盾
itm_s_parma_mak_plain_13_pl|旧帕尔玛圆盾
itm_african_shield_1|非洲盾
itm_african_shield_1_pl|非洲盾
itm_african_shield_2|非洲盾
itm_african_shield_2_pl|非洲盾
itm_african_shield_3|非洲盾
itm_african_shield_3_pl|非洲盾
itm_african_round_shield|非洲圆盾
itm_african_round_shield_pl|非洲圆盾
itm_nubian_kite_shield_1|努比亚熨斗形盾
itm_nubian_kite_shield_1_pl|努比亚熨斗形盾
itm_nubian_kite_shield_2|努比亚熨斗形盾
itm_nubian_kite_shield_2_pl|努比亚熨斗形盾
itm_nubian_kite_shield_3|努比亚熨斗形盾
itm_nubian_kite_shield_3_pl|努比亚熨斗形盾
itm_nubian_kite_shield_4|努比亚熨斗形盾
itm_nubian_kite_shield_4_pl|努比亚熨斗形盾
itm_nubian_kite_shield_5|努比亚熨斗形盾
itm_nubian_kite_shield_5_pl|努比亚熨斗形盾
itm_eastern_shield_inf_light1|东方轻盾
itm_eastern_shield_inf_light1_pl|东方轻盾
itm_eastern_shield_inf_light2|东方轻盾
itm_eastern_shield_inf_light2_pl|东方轻盾
itm_eastern_shield_inf_light3|东方轻盾
itm_eastern_shield_inf_light3_pl|东方轻盾
itm_eastern_shield_inf_light4|东方轻盾
itm_eastern_shield_inf_light4_pl|东方轻盾
itm_heavy_wicker_1|东方盾
itm_heavy_wicker_1_pl|东方盾
itm_heavy_wicker_2|东方盾
itm_heavy_wicker_2_pl|东方盾
itm_eastern_shield_inf_light5|东方盾
itm_eastern_shield_inf_light5_pl|东方盾
itm_eastern_shield_inf_light6|东方盾
itm_eastern_shield_inf_light6_pl|东方盾
itm_eastern_shield_inf_light7|东方盾
itm_eastern_shield_inf_light7_pl|东方盾
itm_eastern_shield_inf_light8|东方盾
itm_eastern_shield_inf_light8_pl|东方盾
itm_eastern_shield_inf_light9|东方盾
itm_eastern_shield_inf_light9_pl|东方盾
itm_eastern_shield_inf_light10|东方盾
itm_eastern_shield_inf_light10_pl|东方盾
itm_eastern_shield_inf_heavy1|东方盾
itm_eastern_shield_inf_heavy1_pl|东方盾
itm_eastern_shield_inf_heavy2|东方盾
itm_eastern_shield_inf_heavy2_pl|东方盾
itm_eastern_shield_inf_heavy3|东方盾
itm_eastern_shield_inf_heavy3_pl|东方盾
itm_eastern_shield_inf_heavy4|东方盾
itm_eastern_shield_inf_heavy4_pl|东方盾
itm_eastern_shield_inf_heavy5|东方盾
itm_eastern_shield_inf_heavy5_pl|东方盾
itm_eastern_shield_inf_heavy6|东方盾
itm_eastern_shield_inf_heavy6_pl|东方盾
itm_eastern_shield_inf_heavy7|东方盾
itm_eastern_shield_inf_heavy7_pl|东方盾
itm_eastern_shield_inf_heavy8|东方盾
itm_eastern_shield_inf_heavy8_pl|东方盾
itm_eastern_shield_inf_heavy9|东方盾
itm_eastern_shield_inf_heavy9_pl|东方盾
itm_eastern_shield_inf_heavy10|东方盾
itm_eastern_shield_inf_heavy10_pl|东方盾
itm_eastern_shield_inf_heavy11|东方盾
itm_eastern_shield_inf_heavy11_pl|东方盾
itm_eastern_shield_inf_heavy12|东方盾
itm_eastern_shield_inf_heavy12_pl|东方盾
itm_scythian_shield_cav1|轻盾
itm_scythian_shield_cav1_pl|轻盾
itm_scythian_shield_cav2|轻盾
itm_scythian_shield_cav2_pl|轻盾
itm_scythian_shield_cav3|轻盾
itm_scythian_shield_cav3_pl|轻盾
itm_scythian_shield_cav4|轻盾
itm_scythian_shield_cav4_pl|轻盾
itm_scythian_shield_cav5|轻盾
itm_scythian_shield_cav5_pl|轻盾
itm_scythian_shield_cav6|轻盾
itm_scythian_shield_cav6_pl|轻盾
itm_indian_shield_1|东方盾
itm_indian_shield_1_pl|东方盾
itm_indian_shield_2|东方盾
itm_indian_shield_2_pl|东方盾
itm_indian_shield_3|东方盾
itm_indian_shield_3_pl|东方盾
itm_indian_shield_4|东方盾
itm_indian_shield_4_pl|东方盾
itm_indian_shield_5|东方盾
itm_indian_shield_5_pl|东方盾
itm_pict_square_shield_1|凯尔特盾
itm_pict_square_shield_1_pl|凯尔特盾
itm_pict_square_shield_2|凯尔特盾
itm_pict_square_shield_2_pl|凯尔特盾
itm_pict_square_shield_3|凯尔特盾
itm_pict_square_shield_3_pl|凯尔特盾
itm_pict_square_shield_4|凯尔特盾
itm_pict_square_shield_4_pl|凯尔特盾
itm_pict_square_shield_5|凯尔特盾
itm_pict_square_shield_5_pl|凯尔特盾
itm_caledonian_h_shield1|喀里多尼亚H形盾
itm_caledonian_h_shield1_pl|喀里多尼亚H形盾
itm_caledonian_h_shield2|喀里多尼亚H形盾
itm_caledonian_h_shield2_pl|喀里多尼亚H形盾
itm_caledonian_h_shield3|喀里多尼亚H形盾
itm_caledonian_h_shield3_pl|喀里多尼亚H形盾
itm_caledonian_h_shield4|喀里多尼亚H形盾
itm_caledonian_h_shield4_pl|喀里多尼亚H形盾
itm_caledonian_h_shield5|喀里多尼亚H形盾
itm_caledonian_h_shield5_pl|喀里多尼亚H形盾
itm_celtic_long_shild1|凯尔特长盾
itm_celtic_long_shild1_pl|凯尔特长盾
itm_celtic_long_shild2|凯尔特长盾
itm_celtic_long_shild2_pl|凯尔特长盾
itm_celtic_long_shild3|凯尔特长盾
itm_celtic_long_shild3_pl|凯尔特长盾
itm_celtic_round_shild1|凯尔特圆盾
itm_celtic_round_shild1_pl|凯尔特圆盾
itm_celtic_round_shild2|凯尔特圆盾
itm_celtic_round_shild2_pl|凯尔特圆盾
itm_celtic_round_shild3|凯尔特圆盾
itm_celtic_round_shild3_pl|凯尔特圆盾
itm_celtic_round_shild4|凯尔特圆盾
itm_celtic_round_shild4_pl|凯尔特圆盾
itm_celtic_weird_shield_1|凯尔特盾
itm_celtic_weird_shield_1_pl|凯尔特盾
itm_celtic_weird_shield_2|凯尔特盾
itm_celtic_weird_shield_2_pl|凯尔特盾
itm_celtic_weird_shield_3|凯尔特盾
itm_celtic_weird_shield_3_pl|凯尔特盾
itm_celtic_weird_shield_4|凯尔特盾
itm_celtic_weird_shield_4_pl|凯尔特盾
itm_celtic_weird_shield_5|凯尔特盾
itm_celtic_weird_shield_5_pl|凯尔特盾
itm_celtic_weird_shield_6|凯尔特盾
itm_celtic_weird_shield_6_pl|凯尔特盾
itm_celtic_weird_shield_7|凯尔特盾
itm_celtic_weird_shield_7_pl|凯尔特盾
itm_celtic_weird_shield_8|凯尔特盾
itm_celtic_weird_shield_8_pl|凯尔特盾
itm_celtic_weird_shield_9|凯尔特盾
itm_celtic_weird_shield_9_pl|凯尔特盾
itm_celtic_weird_shield_10|凯尔特盾
itm_celtic_weird_shield_10_pl|凯尔特盾
itm_celtic_shield_large1|凯尔特盾
itm_celtic_shield_large1_pl|凯尔特盾
itm_celtic_shield_large2|凯尔特盾
itm_celtic_shield_large2_pl|凯尔特盾
itm_celtic_shield_large3|凯尔特盾
itm_celtic_shield_large3_pl|凯尔特盾
itm_celtic_shield_large4|凯尔特盾
itm_celtic_shield_large4_pl|凯尔特盾
itm_celtic_shield_large5|凯尔特盾
itm_celtic_shield_large5_pl|凯尔特盾
itm_celtic_shield_large6|凯尔特盾
itm_celtic_shield_large6_pl|凯尔特盾
itm_celtic_shield_large7|凯尔特盾
itm_celtic_shield_large7_pl|凯尔特盾
itm_celtic_shield_large8|凯尔特盾
itm_celtic_shield_large8_pl|凯尔特盾
itm_celtic_shield_large9|凯尔特盾
itm_celtic_shield_large9_pl|凯尔特盾
itm_celtic_shield_large10|凯尔特盾
itm_celtic_shield_large10_pl|凯尔特盾
itm_celtic_shield_large11|凯尔特盾
itm_celtic_shield_large11_pl|凯尔特盾
itm_celtic_shield_large12|凯尔特盾
itm_celtic_shield_large12_pl|凯尔特盾
itm_irish_shield_1|爱尔兰盾
itm_irish_shield_1_pl|爱尔兰盾
itm_irish_shield_2|爱尔兰盾
itm_irish_shield_2_pl|爱尔兰盾
itm_irish_shield_3|爱尔兰盾
itm_irish_shield_3_pl|爱尔兰盾
itm_irish_shield_4|爱尔兰盾
itm_irish_shield_4_pl|爱尔兰盾
itm_dacian_oval_shield_1|达契亚盾
itm_dacian_oval_shield_1_pl|达契亚盾
itm_dacian_oval_shield_2|达契亚盾
itm_dacian_oval_shield_2_pl|达契亚盾
itm_dacian_oval_shield_3|达契亚盾
itm_dacian_oval_shield_3_pl|达契亚盾
itm_dacian_oval_shield_4|达契亚盾
itm_dacian_oval_shield_4_pl|达契亚盾
itm_dacian_oval_shield_5|达契亚盾
itm_dacian_oval_shield_5_pl|达契亚盾
itm_dacian_oval_shield_6|达契亚盾
itm_dacian_oval_shield_6_pl|达契亚盾
itm_dacian_oval_shield_7|达契亚盾
itm_dacian_oval_shield_7_pl|达契亚盾
itm_dacian_oval_shield_8|达契亚盾
itm_dacian_oval_shield_8_pl|达契亚盾
itm_dacian_oval_shield_9|达契亚盾
itm_dacian_oval_shield_9_pl|达契亚盾
itm_dacian_oval_shield_10|达契亚盾
itm_dacian_oval_shield_10_pl|达契亚盾
itm_dacian_medium_shield_1|达契亚盾
itm_dacian_medium_shield_1_pl|达契亚盾
itm_dacian_medium_shield_2|达契亚盾
itm_dacian_medium_shield_2_pl|达契亚盾
itm_dacian_medium_shield_3|达契亚盾
itm_dacian_medium_shield_3_pl|达契亚盾
itm_dacian_medium_shield_4|达契亚盾
itm_dacian_medium_shield_4_pl|达契亚盾
itm_dacian_medium_shield_5|达契亚盾
itm_dacian_medium_shield_5_pl|达契亚盾
itm_dacian_shield_large1|达契亚盾
itm_dacian_shield_large1_pl|达契亚盾
itm_dacian_shield_large2|达契亚盾
itm_dacian_shield_large2_pl|达契亚盾
itm_dacian_shield_large3|达契亚盾
itm_dacian_shield_large3_pl|达契亚盾
itm_dacian_shield_large4|达契亚盾
itm_dacian_shield_large4_pl|达契亚盾
itm_dacian_shield_large5|达契亚盾
itm_dacian_shield_large5_pl|达契亚盾
itm_dacian_shield_large6|达契亚盾
itm_dacian_shield_large6_pl|达契亚盾
itm_dacian_shield_small1|达契亚圆盾
itm_dacian_shield_small1_pl|达契亚圆盾
itm_dacian_shield_small2|达契亚圆盾
itm_dacian_shield_small2_pl|达契亚圆盾
itm_dacian_shield_small3|达契亚圆盾
itm_dacian_shield_small3_pl|达契亚圆盾
itm_dacian_shield_small4|达契亚圆盾
itm_dacian_shield_small4_pl|达契亚圆盾
itm_dacian_shield_small5|达契亚圆盾
itm_dacian_shield_small5_pl|达契亚圆盾
itm_dacian_shield_small6|达契亚圆盾
itm_dacian_shield_small6_pl|达契亚圆盾
itm_scythisn_shield_inf5|斯基泰盾
itm_scythisn_shield_inf5_pl|斯基泰盾
itm_scythisn_shield_inf6|斯基泰盾
itm_scythisn_shield_inf6_pl|斯基泰盾
itm_scythisn_shield_inf1|亚美尼亚盾
itm_scythisn_shield_inf1_pl|亚美尼亚盾
itm_scythisn_shield_inf2|亚美尼亚盾
itm_scythisn_shield_inf2_pl|亚美尼亚盾
itm_scythisn_shield_inf3|亚美尼亚盾
itm_scythisn_shield_inf3_pl|亚美尼亚盾
itm_scythisn_shield_inf4|亚美尼亚盾
itm_scythisn_shield_inf4_pl|亚美尼亚盾
itm_eastern_germanic_shield_1|东日耳曼盾
itm_eastern_germanic_shield_1_pl|东日耳曼盾
itm_eastern_germanic_shield_2|东日耳曼盾
itm_eastern_germanic_shield_2_pl|东日耳曼盾
itm_eastern_germanic_shield_3|东日耳曼盾
itm_eastern_germanic_shield_3_pl|东日耳曼盾
itm_germanic_shield_large1|日耳曼盾
itm_germanic_shield_large1_pl|日耳曼盾
itm_germanic_shield_large2|日耳曼盾
itm_germanic_shield_large2_pl|日耳曼盾
itm_germanic_shield_large3|日耳曼盾
itm_germanic_shield_large3_pl|日耳曼盾
itm_germanic_shield_large4|日耳曼盾
itm_germanic_shield_large4_pl|日耳曼盾
itm_germanic_shield_large5|日耳曼盾
itm_germanic_shield_large5_pl|日耳曼盾
itm_germanic_shield_large6|日耳曼盾
itm_germanic_shield_large6_pl|日耳曼盾
itm_germanic_shield_1|日耳曼盾
itm_germanic_shield_1_pl|日耳曼盾
itm_germanic_shield_2|日耳曼盾
itm_germanic_shield_2_pl|日耳曼盾
itm_germanic_shield_3|日耳曼盾
itm_germanic_shield_3_pl|日耳曼盾
itm_germanic_shield_4|日耳曼盾
itm_germanic_shield_4_pl|日耳曼盾
itm_german_night_shield_1|日耳曼长盾
itm_german_night_shield_1_pl|日耳曼长盾
itm_german_night_shield_2|日耳曼长盾
itm_german_night_shield_2_pl|日耳曼长盾
itm_german_night_shield_3|日耳曼长盾
itm_german_night_shield_3_pl|日耳曼长盾
itm_german_night_shield_4|日耳曼长盾
itm_german_night_shield_4_pl|日耳曼长盾
itm_german_night_shield_5|日耳曼长盾
itm_german_night_shield_5_pl|日耳曼长盾
itm_germanic_shield_large7|日耳曼盾
itm_germanic_shield_large7_pl|日耳曼盾
itm_germanic_shield_large8|日耳曼盾
itm_germanic_shield_large8_pl|日耳曼盾
itm_germanic_shield_large9|日耳曼盾
itm_germanic_shield_large9_pl|日耳曼盾
itm_germanic_shield_large10|日耳曼盾
itm_germanic_shield_large10_pl|日耳曼盾
itm_germanic_shield_large11|日耳曼盾
itm_germanic_shield_large11_pl|日耳曼盾
itm_germanic_shield_large12|日耳曼盾
itm_germanic_shield_large12_pl|日耳曼盾
itm_germanic_shield_hex_large1|日耳曼盾
itm_germanic_shield_hex_large1_pl|日耳曼盾
itm_germanic_shield_hex_large2|日耳曼盾
itm_germanic_shield_hex_large2_pl|日耳曼盾
itm_germanic_shield_hex_large3|日耳曼盾
itm_germanic_shield_hex_large3_pl|日耳曼盾
itm_germanic_shield_hex_large4|日耳曼盾
itm_germanic_shield_hex_large4_pl|日耳曼盾
itm_germanic_shield_hex_large5|日耳曼盾
itm_germanic_shield_hex_large5_pl|日耳曼盾
itm_germanic_shield_hex_large6|日耳曼盾
itm_germanic_shield_hex_large6_pl|日耳曼盾
itm_simple_germanic_shield|日耳曼简易盾
itm_simple_germanic_shield_pl|日耳曼简易盾
itm_arabian_oval_shield_1|阿拉伯盾
itm_arabian_oval_shield_1_pl|阿拉伯盾
itm_arabian_oval_shield_2|阿拉伯盾
itm_arabian_oval_shield_2_pl|阿拉伯盾
itm_arabian_oval_shield_3|阿拉伯盾
itm_arabian_oval_shield_3_pl|阿拉伯盾
itm_arabian_oval_shield_4|阿拉伯盾
itm_arabian_oval_shield_4_pl|阿拉伯盾
itm_illyrian_shield_large1|伊利里亚盾
itm_illyrian_shield_large1_pl|伊利里亚盾
itm_illyrian_shield_large2|伊利里亚盾
itm_illyrian_shield_large2_pl|伊利里亚盾
itm_illyrian_shield_heavy1|伊利里亚盾
itm_illyrian_shield_heavy1_pl|伊利里亚盾
itm_illyrian_shield_heavy2|伊利里亚盾
itm_illyrian_shield_heavy2_pl|伊利里亚盾
itm_illyrian_shield_heavy3|伊利里亚盾
itm_illyrian_shield_heavy3_pl|伊利里亚盾
itm_draco_blue|龙旗（蓝色）
itm_draco_blue_pl|龙旗（蓝色）
itm_draco_red|龙旗（红色）
itm_draco_red_pl|龙旗（红色）
itm_draco_green|龙旗（绿色）
itm_draco_green_pl|龙旗（绿色）
itm_draco_yellow|龙旗（黄色）
itm_draco_yellow_pl|龙旗（黄色）
itm_old_scutum|旧罗马大盾
itm_old_scutum_pl|旧罗马大盾
itm_old_scutum_2|旧罗马大盾
itm_old_scutum_2_pl|旧罗马大盾
itm_old_scutum_3|旧罗马大盾
itm_old_scutum_3_pl|旧罗马大盾
itm_old_scutum_4|旧罗马大盾
itm_old_scutum_4_pl|旧罗马大盾
itm_old_round_shield_5|旧罗马圆盾
itm_old_round_shield_5_pl|旧罗马圆盾
itm_old_round_shield_4|旧罗马圆盾
itm_old_round_shield_4_pl|旧罗马圆盾
itm_old_round_shield_3|旧罗马圆盾
itm_old_round_shield_3_pl|旧罗马圆盾
itm_old_round_shield_2|旧罗马圆盾
itm_old_round_shield_2_pl|旧罗马圆盾
itm_old_round_shield_1|旧罗马圆盾
itm_old_round_shield_1_pl|旧罗马圆盾
itm_roman_shield_1|圆盾
itm_roman_shield_1_pl|圆盾
itm_roman_shield_2|圆盾
itm_roman_shield_2_pl|圆盾
itm_roman_shield_3|圆盾
itm_roman_shield_3_pl|圆盾
itm_roman_shield_4|圆盾
itm_roman_shield_4_pl|圆盾
itm_roman_shield_5|圆盾
itm_roman_shield_5_pl|圆盾
itm_roman_shield_6|圆盾
itm_roman_shield_6_pl|圆盾
itm_signum_bireme|双列桨船军标
itm_signum_bireme_pl|双列桨船军标
itm_signum_capricorn|摩羯军标
itm_signum_capricorn_pl|摩羯军标
itm_signum_capwolf|狼军标
itm_signum_capwolf_pl|狼军标
itm_signum_elephant|象军标
itm_signum_elephant_pl|象军标
itm_signum_lion|狮军标
itm_signum_lion_pl|狮军标
itm_signum_ox|牛军标
itm_signum_ox_pl|牛军标
itm_signum_pegasus|飞马军标
itm_signum_pegasus_pl|飞马军标
itm_signum_scorpion|蝎军标
itm_signum_scorpion_pl|蝎军标
itm_signum_praetoriani|禁卫军军标
itm_signum_praetoriani_pl|禁卫军军标
itm_signum_trident|三叉戟军标
itm_signum_trident_pl|三叉戟军标
itm_aquila|鹰旗
itm_aquila_pl|鹰旗
itm_aquila3|鹰旗
itm_aquila3_pl|鹰旗
itm_aquila4|鹰旗
itm_aquila4_pl|鹰旗
itm_aquila5|鹰旗
itm_aquila5_pl|鹰旗
itm_aquila6|鹰旗
itm_aquila6_pl|鹰旗
itm_signum_signifer|军标
itm_signum_signifer_pl|军标
itm_signum_signifer_2|军标
itm_signum_signifer_2_pl|军标
itm_vexilum_legio_xiii|第XIII军团旗
itm_vexilum_legio_xiii_pl|第XIII军团旗
itm_vexilum_legio_vi|第VI军团旗
itm_vexilum_legio_vi_pl|第VI军团旗
itm_vexilum_legio_x|第X军团旗
itm_vexilum_legio_x_pl|第X军团旗
itm_vexilum_legio_xi|第XI军团旗
itm_vexilum_legio_xi_pl|第XI军团旗
itm_vexilum_legio_vii|第VII军团旗
itm_vexilum_legio_vii_pl|第VII军团旗
itm_vexilum_legio_xxi|第XXI军团旗
itm_vexilum_legio_xxi_pl|第XXI军团旗
itm_vexilum_legio_i|第I军团旗
itm_vexilum_legio_i_pl|第I军团旗
itm_vexilum_legio_iii|第III军团旗
itm_vexilum_legio_iii_pl|第III军团旗
itm_vexilum_legio_vi_vict|第VI胜利军团旗
itm_vexilum_legio_vi_vict_pl|第VI胜利军团旗
itm_vexilum_legio_v|第V马其顿军团旗
itm_vexilum_legio_v_pl|第V马其顿军团旗
itm_vexilum_praetoriani|禁卫军旗
itm_vexilum_praetoriani_pl|禁卫军旗
itm_vexilum_legio_v_alaudae|第V云雀军团旗
itm_vexilum_legio_v_alaudae_pl|第V云雀军团旗
itm_vexilum_praetoriani_2|禁卫军旗
itm_vexilum_praetoriani_2_pl|禁卫军旗
itm_vexilum_praetoriani_3|禁卫军旗
itm_vexilum_praetoriani_3_pl|禁卫军旗
itm_vexilum_legio_viiii_hisp|第IX伊斯帕尼亚军团旗
itm_vexilum_legio_viiii_hisp_pl|第IX伊斯帕尼亚军团旗
itm_vexilum_legio_xx_val|第XX英勇胜利军团旗
itm_vexilum_legio_xx_val_pl|第XX英勇胜利军团旗
itm_vexilum_legio_xx_dei|第XXII德约塔鲁斯军团旗
itm_vexilum_legio_xx_dei_pl|第XXII德约塔鲁斯军团旗
itm_vexilum_legio_xx_prim|第XXII初生军团旗
itm_vexilum_legio_xx_prim_pl|第XXII初生军团旗
itm_vexilum_legio_xiv|第I帕提亚军团旗
itm_vexilum_legio_xiv_pl|第I帕提亚军团旗
itm_vexilum_legio_xv|第XV阿波罗军团旗
itm_vexilum_legio_xv_pl|第XV阿波罗军团旗
itm_vexilum_legio_i_germ|第I日耳曼军团旗
itm_vexilum_legio_i_germ_pl|第I日耳曼军团旗
itm_vexilum_legio_xvigal|第XVI高卢军团旗
itm_vexilum_legio_xvigal_pl|第XVI高卢军团旗
itm_vexilum_legio_ful|第XII雷霆军团旗
itm_vexilum_legio_ful_pl|第XII雷霆军团旗
itm_vexilum_legio_scy|第IV斯基泰军团旗
itm_vexilum_legio_scy_pl|第IV斯基泰军团旗
itm_vexilum_legio_italica|第II意大利军团旗
itm_vexilum_legio_italica_pl|第II意大利军团旗
itm_vexilum_legio_xxx_ulp|第XXX乌尔皮乌斯胜利军团旗
itm_vexilum_legio_xxx_ulp_pl|第XXX乌尔皮乌斯胜利军团旗
itm_vexilum_legio_minerva|第I密涅瓦军团旗
itm_vexilum_legio_minerva_pl|第I密涅瓦军团旗
itm_vexilum_legio_amogus|第LXIX阿摩古斯军团旗（Amogus）
itm_vexilum_legio_amogus_pl|第LXIX阿摩古斯军团旗（Amogus）
itm_vexilum_legio_biggus|第CDXX比古斯·迪库斯军团旗
itm_vexilum_legio_biggus_pl|第CDXX比古斯·迪库斯军团旗
itm_vexilum_legio_testiculus|第XXX泰斯提库卢斯军团旗（Testiculus）
itm_vexilum_legio_testiculus_pl|第XXX泰斯提库卢斯军团旗（Testiculus）
itm_scutum_legio_i|第I军团罗马大盾
itm_scutum_legio_i_pl|第I军团罗马大盾
itm_scutum_legio_iii|第III军团罗马大盾
itm_scutum_legio_iii_pl|第III军团罗马大盾
itm_scutum_legio_xxi|第XXI军团罗马大盾
itm_scutum_legio_xxi_pl|第XXI军团罗马大盾
itm_scutum_legio_v|第V军团罗马大盾
itm_scutum_legio_v_pl|第V军团罗马大盾
itm_scutum_legio_v_mac|第V马其顿军团罗马大盾
itm_scutum_legio_v_mac_pl|第V马其顿军团罗马大盾
itm_scutum_legio_vi_ferr|第VI铁甲军团罗马大盾
itm_scutum_legio_vi_ferr_pl|第VI铁甲军团罗马大盾
itm_scutum_legio_vii_galb|第VII军团罗马大盾
itm_scutum_legio_vii_galb_pl|第VII军团罗马大盾
itm_scutum_legio_vi_vict|第VI胜利军团罗马大盾
itm_scutum_legio_vi_vict_pl|第VI胜利军团罗马大盾
itm_scutum_legio_x|第X军团罗马大盾
itm_scutum_legio_x_pl|第X军团罗马大盾
itm_scutum_legio_xi|第XI军团罗马大盾
itm_scutum_legio_xi_pl|第XI军团罗马大盾
itm_scutum_legio_xiii|第XIII军团罗马大盾
itm_scutum_legio_xiii_pl|第XIII军团罗马大盾
itm_cetratus_aux_batavorum_cav|凯特拉图斯盾（Cetratus）
itm_cetratus_aux_batavorum_cav_pl|凯特拉图斯盾（Cetratus）
itm_cetratus_aux_1|凯特拉图斯盾（Cetratus）
itm_cetratus_aux_1_pl|凯特拉图斯盾（Cetratus）
itm_cetratus_aux_2|凯特拉图斯盾（Cetratus）
itm_cetratus_aux_2_pl|凯特拉图斯盾（Cetratus）
itm_cetratus_aux_3|凯特拉图斯盾（Cetratus）
itm_cetratus_aux_3_pl|凯特拉图斯盾（Cetratus）
itm_cetratus_aux_4|凯特拉图斯盾（Cetratus）
itm_cetratus_aux_4_pl|凯特拉图斯盾（Cetratus）
itm_cetratus_aux_5|凯特拉图斯盾（Cetratus）
itm_cetratus_aux_5_pl|凯特拉图斯盾（Cetratus）
itm_cetratus_aux_6|凯特拉图斯盾（Cetratus）
itm_cetratus_aux_6_pl|凯特拉图斯盾（Cetratus）
itm_cetratus_aux_7|凯特拉图斯盾（Cetratus）
itm_cetratus_aux_7_pl|凯特拉图斯盾（Cetratus）
itm_cetratus_aux_8|凯特拉图斯盾（Cetratus）
itm_cetratus_aux_8_pl|凯特拉图斯盾（Cetratus）
itm_cetratus_aux_9|凯特拉图斯盾（Cetratus）
itm_cetratus_aux_9_pl|凯特拉图斯盾（Cetratus）
itm_cetratus_aux_10|凯特拉图斯盾（Cetratus）
itm_cetratus_aux_10_pl|凯特拉图斯盾（Cetratus）
itm_cetratus_aux_11|凯特拉图斯盾（Cetratus）
itm_cetratus_aux_11_pl|凯特拉图斯盾（Cetratus）
itm_cetratus_aux_12|凯特拉图斯盾（Cetratus）
itm_cetratus_aux_12_pl|凯特拉图斯盾（Cetratus）
itm_cetratus_aux_13|凯特拉图斯盾（Cetratus）
itm_cetratus_aux_13_pl|凯特拉图斯盾（Cetratus）
itm_cetratus_aux_14|凯特拉图斯盾（Cetratus）
itm_cetratus_aux_14_pl|凯特拉图斯盾（Cetratus）
itm_cetratus_aux_15|凯特拉图斯盾（Cetratus）
itm_cetratus_aux_15_pl|凯特拉图斯盾（Cetratus）
itm_cetratus_aux_16|凯特拉图斯盾（Cetratus）
itm_cetratus_aux_16_pl|凯特拉图斯盾（Cetratus）
itm_cetratus_aux_17|凯特拉图斯盾（Cetratus）
itm_cetratus_aux_17_pl|凯特拉图斯盾（Cetratus）
itm_cetratus_aux_18|凯特拉图斯盾（Cetratus）
itm_cetratus_aux_18_pl|凯特拉图斯盾（Cetratus）
itm_cetratus_aux_19|凯特拉图斯盾（Cetratus）
itm_cetratus_aux_19_pl|凯特拉图斯盾（Cetratus）
itm_cetratus_aux_20|凯特拉图斯盾（Cetratus）
itm_cetratus_aux_20_pl|凯特拉图斯盾（Cetratus）
itm_cetratus_aux_21|凯特拉图斯盾（Cetratus）
itm_cetratus_aux_21_pl|凯特拉图斯盾（Cetratus）
itm_cetratus_aux_22|凯特拉图斯盾（Cetratus）
itm_cetratus_aux_22_pl|凯特拉图斯盾（Cetratus）
itm_cetratus_aux_23|凯特拉图斯盾（Cetratus）
itm_cetratus_aux_23_pl|凯特拉图斯盾（Cetratus）
itm_cetratus_aux_24|凯特拉图斯盾（Cetratus）
itm_cetratus_aux_24_pl|凯特拉图斯盾（Cetratus）
itm_cetratus_aux_25|凯特拉图斯盾（Cetratus）
itm_cetratus_aux_25_pl|凯特拉图斯盾（Cetratus）
itm_cetratus_aux_26|凯特拉图斯盾（Cetratus）
itm_cetratus_aux_26_pl|凯特拉图斯盾（Cetratus）
itm_cetratus_aux_27|凯特拉图斯盾（Cetratus）
itm_cetratus_aux_27_pl|凯特拉图斯盾（Cetratus）
itm_cetratus_aux_28|凯特拉图斯盾（Cetratus）
itm_cetratus_aux_28_pl|凯特拉图斯盾（Cetratus）
itm_cetratus_aux_29|凯特拉图斯盾（Cetratus）
itm_cetratus_aux_29_pl|凯特拉图斯盾（Cetratus）
itm_cetratus_aux_30|凯特拉图斯盾（Cetratus）
itm_cetratus_aux_30_pl|凯特拉图斯盾（Cetratus）
itm_cetratus_aux_batavorum_inf|凯特拉图斯盾（Cetratus）
itm_cetratus_aux_batavorum_inf_pl|凯特拉图斯盾（Cetratus）
itm_officer_shield|帕尔玛圆盾
itm_officer_shield_pl|帕尔玛圆盾
itm_officer_shield_2|帕尔玛圆盾
itm_officer_shield_2_pl|帕尔玛圆盾
itm_officer_shield_3|帕尔玛圆盾
itm_officer_shield_3_pl|帕尔玛圆盾
itm_scutum_9|第VI胜利军团罗马大盾
itm_scutum_9_pl|第VI胜利军团罗马大盾
itm_scutum_10|第XXII初生军团罗马大盾
itm_scutum_10_pl|第XXII初生军团罗马大盾
itm_scutum_12|第IX伊斯帕尼亚军团罗马大盾
itm_scutum_12_pl|第IX伊斯帕尼亚军团罗马大盾
itm_scutum_13|第XX军团罗马大盾
itm_scutum_13_pl|第XX军团罗马大盾
itm_scutum_14|第XIIII合组军团罗马大盾
itm_scutum_14_pl|第XIIII合组军团罗马大盾
itm_scutum_15|第XXII德约塔鲁斯军团罗马大盾
itm_scutum_15_pl|第XXII德约塔鲁斯军团罗马大盾
itm_scutum_deitoriana|第XXII军团罗马大盾
itm_scutum_deitoriana_pl|第XXII军团罗马大盾
itm_scutum_16|第XIIII合组军团罗马大盾
itm_scutum_16_pl|第XIIII合组军团罗马大盾
itm_judean_shield_large_1|犹太罗马大盾
itm_judean_shield_large_1_pl|犹太罗马大盾
itm_judean_shield_large_2|犹太罗马大盾
itm_judean_shield_large_2_pl|犹太罗马大盾
itm_judean_shield_large_3|犹太罗马大盾
itm_judean_shield_large_3_pl|犹太罗马大盾
itm_judean_shield_large_4|犹太罗马大盾
itm_judean_shield_large_4_pl|犹太罗马大盾
itm_egyptian_shield_large_1|埃及罗马大盾
itm_egyptian_shield_large_1_pl|埃及罗马大盾
itm_egyptian_shield_large_2|埃及罗马大盾
itm_egyptian_shield_large_2_pl|埃及罗马大盾
itm_egyptian_shield_large_3|埃及罗马大盾
itm_egyptian_shield_large_3_pl|埃及罗马大盾
itm_egyptian_shield_large_4|埃及罗马大盾
itm_egyptian_shield_large_4_pl|埃及罗马大盾
itm_cetratus_christian|基督教凯特拉图斯盾
itm_cetratus_christian_pl|基督教凯特拉图斯盾
itm_cetratus_mithras|密特拉凯特拉图斯盾
itm_cetratus_mithras_pl|密特拉凯特拉图斯盾
itm_scutum_christian_1|基督教罗马大盾
itm_scutum_christian_1_pl|基督教罗马大盾
itm_scutum_mithras_1|密特拉罗马大盾
itm_scutum_mithras_1_pl|密特拉罗马大盾
itm_scutum_christian_2|基督教罗马大盾
itm_scutum_christian_2_pl|基督教罗马大盾
itm_scutum_mithras_2|密特拉罗马大盾
itm_scutum_mithras_2_pl|密特拉罗马大盾
itm_simple_thraex_shield|简易盾
itm_simple_thraex_shield_pl|简易盾
itm_fur_covered_shield|简易盾
itm_fur_covered_shield_pl|简易盾
itm_leather_covered_round_shield|蒙皮圆盾
itm_leather_covered_round_shield_pl|蒙皮圆盾
itm_hide_covered_round_shield|简易圆盾
itm_hide_covered_round_shield_pl|简易圆盾
itm_hide_covered_round_shield_2|圆盾
itm_hide_covered_round_shield_2_pl|圆盾
itm_hide_covered_round_shield_3|圆盾
itm_hide_covered_round_shield_3_pl|圆盾
itm_javelin_berber|柏柏尔标枪
itm_javelin_berber_pl|柏柏尔标枪
itm_throwing_spears_dacian|达契亚投矛
itm_throwing_spears_dacian_pl|达契亚投矛
itm_throwing_spears_germanic|日耳曼投矛
itm_throwing_spears_germanic_pl|日耳曼投矛
itm_arabian_bow_1|阿拉伯弓
itm_arabian_bow_1_pl|阿拉伯弓
itm_arabian_bow_2|阿拉伯弓
itm_arabian_bow_2_pl|阿拉伯弓
itm_strong_bow|高加索弓
itm_strong_bow_pl|高加索弓
itm_nubian_war_bow|努比亚长弓
itm_nubian_war_bow_pl|努比亚长弓
itm_trumpet_celtic|卡尔尼克斯战号
itm_trumpet_celtic_pl|卡尔尼克斯战号
itm_f_cornu|罗马弯号
itm_f_cornu_pl|罗马弯号
itm_bride_dress|新娘礼服
itm_bride_dress_pl|新娘礼服
itm_bride_crown|鲜花冠
itm_bride_crown_pl|鲜花冠
itm_greek_fire|伏尔甘之火
itm_greek_fire_pl|伏尔甘之火
itm_hercules_club|多纳尔之棒
itm_hercules_club_pl|多纳尔之棒
itm_celtic_carnyx|金制卡尔尼克斯战号
itm_celtic_carnyx_pl|金制卡尔尼克斯战号
itm_dacian_treasure|盖塔人的宝藏
itm_dacian_treasure_pl|盖塔人的宝藏
itm_menorah|金制七枝灯台
itm_menorah_pl|金制七枝灯台
itm_scythian_bong|金制水烟壶
itm_scythian_bong_pl|金制水烟壶
itm_perfume_special|埃及玫瑰
itm_perfume_special_pl|埃及玫瑰
itm_lyre_rich|金制里拉琴
itm_lyre_rich_pl|金制里拉琴
itm_kush_crown|库施王冠
itm_kush_crown_pl|库施王冠
itm_parthian_female_hat|巴比伦王冠
itm_parthian_female_hat_pl|巴比伦王冠
itm_crown_shah|波斯王冠
itm_crown_shah_pl|波斯王冠
itm_laurel_gold|金桂冠
itm_laurel_gold_pl|金桂冠
itm_female_crown|金王冠
itm_female_crown_pl|金王冠
itm_laurel_silver|银桂冠
itm_laurel_silver_pl|银桂冠
itm_pharaoh_crown|上下埃及双冠
itm_pharaoh_crown_pl|上下埃及双冠
itm_pilos_ultimate|皮洛斯盔
itm_pilos_ultimate_pl|皮洛斯盔
itm_felt_steppe_cap|奇怪的帽子
itm_felt_steppe_cap_pl|奇怪的帽子
itm_laurel_wreath|月桂冠
itm_laurel_wreath_pl|月桂冠
itm_minotaur_armor|臭毛皮
itm_minotaur_armor_pl|臭毛皮
itm_cupid_arrow|丘比特之箭
itm_cupid_arrow_pl|丘比特之箭
itm_mithras|密特拉神像
itm_mithras_pl|密特拉神像
itm_mirror_poppaea|镜子
itm_mirror_poppaea_pl|镜子
itm_allat|拉特神像
itm_allat_pl|拉特神像
itm_holy_grail|克瑞斯托斯之杯
itm_holy_grail_pl|克瑞斯托斯之杯
itm_danish_longsword_2|古代日耳曼长剑
itm_danish_longsword_2_pl|古代日耳曼长剑
itm_arminius_mask|装饰罗马头盔
itm_arminius_mask_pl|装饰罗马头盔
itm_thunder|雷霆
itm_thunder_pl|雷霆
itm_dragon|巨龙
itm_dragon_pl|巨龙
itm_african_longbow|尼亚梅之怒
itm_african_longbow_pl|尼亚梅之怒
itm_dragon_arrows|巨龙箭
itm_dragon_arrows_pl|巨龙箭
itm_thunder_arrows|雷霆箭
itm_thunder_arrows_pl|雷霆箭
itm_sling_david|大卫的投石索
itm_sling_david_pl|大卫的投石索
itm_jupiters_throwing_spear|朱庇特的雷霆
itm_jupiters_throwing_spear_pl|朱庇特的雷霆
itm_linothorax_alexander|亚历山大的亚麻胸甲
itm_linothorax_alexander_pl|亚历山大的亚麻胸甲
itm_alexanders_helm|亚历山大的头盔
itm_alexanders_helm_pl|亚历山大的头盔
itm_armor_of_african_gods|坚固锁子甲与狮皮
itm_armor_of_african_gods_pl|坚固锁子甲与狮皮
itm_khopesh1|科佩什镰形剑
itm_khopesh1_pl|科佩什镰形剑
itm_holy_lance|朗基努斯之矛
itm_holy_lance_pl|朗基努斯之矛
itm_gallic_spear_4|奥林迪库斯之矛
itm_gallic_spear_4_pl|奥林迪库斯之矛
itm_augustus_armor|奥古斯都的肌肉胸甲
itm_augustus_armor_pl|奥古斯都的肌肉胸甲
itm_hannibals_armor|汉尼拔的肌肉胸甲
itm_hannibals_armor_pl|汉尼拔的肌肉胸甲
itm_hannibals_helm|汉尼拔的头盔
itm_hannibals_helm_pl|汉尼拔的头盔
itm_aslans_fur|阿斯兰的毛皮
itm_aslans_fur_pl|阿斯兰的毛皮
itm_ancient_helm_light|古代头盔
itm_ancient_helm_light_pl|古代头盔
itm_ancient_helm_heavy|古代头盔
itm_ancient_helm_heavy_pl|古代头盔
itm_ancient_boots_heavy|古代装甲罗马凉靴
itm_ancient_boots_heavy_pl|古代装甲罗马凉靴
itm_ancient_plate_armor|古代板甲
itm_ancient_plate_armor_pl|古代板甲
itm_ancient_plate_armor2|古代板甲
itm_ancient_plate_armor2_pl|古代板甲
itm_ancient_leather_armor|古代皮甲
itm_ancient_leather_armor_pl|古代皮甲
itm_ancient_spear|古代矛
itm_ancient_spear_pl|古代矛
itm_ancient_axe|古代斧
itm_ancient_axe_pl|古代斧
itm_ancient_sword|古代短剑
itm_ancient_sword_pl|古代短剑
itm_ancient_shield|古代盾
itm_ancient_shield_pl|古代盾
itm_anti_fooling_paint|法尔比乌斯防污涂料
itm_anti_fooling_paint_pl|法尔比乌斯防污涂料
itm_didos_underwear|狄多女王的丝绸内衣
itm_didos_underwear_pl|狄多女王的丝绸内衣
itm_aegis|埃癸斯神盾
itm_aegis_pl|埃癸斯神盾
itm_caesars_sword|克罗刻亚·莫尔斯（Crocea Mors）
itm_caesars_sword_pl|克罗刻亚·莫尔斯（Crocea Mors）
itm_caesars_sword_melee|克罗刻亚·莫尔斯（Crocea Mors）
itm_caesars_sword_melee_pl|克罗刻亚·莫尔斯（Crocea Mors）
itm_maske|面具与斗篷
itm_maske_pl|面具与斗篷
itm_roman_rich_vitellius|加肥版托加长袍
itm_roman_rich_vitellius_pl|加肥版托加长袍
itm_roman_noble_dress_7_fat|加肥版罗马贵族礼服
itm_roman_noble_dress_7_fat_pl|加肥版罗马贵族礼服
itm_animal_boar|野猪
itm_animal_boar_pl|野猪
itm_animal_dear|鹿
itm_animal_dear_pl|鹿
itm_animal_wolf|狼
itm_animal_wolf_pl|狼
itm_wild_elephant|野生大象
itm_wild_elephant_pl|野生大象
itm_wild_lion|狮子
itm_wild_lion_pl|狮子
itm_wild_lion_2|豹子
itm_wild_lion_2_pl|豹子
itm_xylospongium|厕用海绵棒
itm_xylospongium_pl|厕用海绵棒
itm_female_slave1|舞者服装
itm_female_slave1_pl|舞者服装
itm_female_slave2|舞者服装
itm_female_slave2_pl|舞者服装
itm_female_slave3|舞者服装
itm_female_slave3_pl|舞者服装
itm_female_slave4|舞者服装
itm_female_slave4_pl|舞者服装
itm_roman_female_augusta|华丽礼服
itm_roman_female_augusta_pl|华丽礼服
itm_roman_female_augusta_2|连衣裙
itm_roman_female_augusta_2_pl|连衣裙
itm_saka_dress|塞种王室礼服
itm_saka_dress_pl|塞种王室礼服
itm_saka_crown|塞种王冠
itm_saka_crown_pl|塞种王冠
itm_seiden_dress|丝绸连衣裙
itm_seiden_dress_pl|丝绸连衣裙
itm_roman_rich_emperor|绣花托加长袍
itm_roman_rich_emperor_pl|绣花托加长袍
itm_roman_rich_emperor_2|绣花托加长袍
itm_roman_rich_emperor_2_pl|绣花托加长袍
itm_chinese_helm_heavy|奇异重型头盔
itm_chinese_helm_heavy_pl|奇异重型头盔
itm_chinese_cap_1|奇异军帽
itm_chinese_cap_1_pl|奇异军帽
itm_chinese_cap_2|奇异军帽
itm_chinese_cap_2_pl|奇异军帽
itm_chinese_sword|剑
itm_chinese_sword_pl|剑
itm_chinese_sword_rich|鎏金剑
itm_chinese_sword_rich_pl|鎏金剑
itm_chinese_hallbard|奇异长柄兵器
itm_chinese_hallbard_pl|奇异长柄兵器
itm_chinese_shield_1|奇异盾
itm_chinese_shield_1_pl|奇异盾
itm_chinese_shield_2|奇异盾
itm_chinese_shield_2_pl|奇异盾
itm_chinese_light_1|奇异轻札甲
itm_chinese_light_1_pl|奇异轻札甲
itm_chinese_light_2|奇异轻札甲
itm_chinese_light_2_pl|奇异轻札甲
itm_chinese_heavy_1|奇异重札甲
itm_chinese_heavy_1_pl|奇异重札甲
itm_book_poop|《拉屎的艺术》，普皮亚努斯著
itm_book_poop_pl|《拉屎的艺术》，普皮亚努斯著
itm_dedal_kufel|杯子
itm_dedal_kufel_pl|杯子
itm_banner_background1|旗帜
itm_banner_background1_pl|旗帜
itm_banner_background2|旗帜
itm_banner_background2_pl|旗帜
itm_discus|铁饼
itm_discus_pl|铁饼
itm_noswing_celtic_sword1|凯尔特短剑
itm_noswing_celtic_sword1_pl|凯尔特短剑
itm_noswing_celtic_sword2|凯尔特剑
itm_noswing_celtic_sword2_pl|凯尔特剑
itm_noswing_celtic_sword3|凯尔特战剑
itm_noswing_celtic_sword3_pl|凯尔特战剑
itm_noswing_celtic_spatha|凯尔特斯帕塔长剑
itm_noswing_celtic_spatha_pl|凯尔特斯帕塔长剑
itm_noswing_irish_sword|爱尔兰贵族剑
itm_noswing_irish_sword_pl|爱尔兰贵族剑
itm_noswing_gallic_spear_2|凯尔特短矛
itm_noswing_gallic_spear_2_pl|凯尔特短矛
itm_noswing_gallic_spear_3|凯尔特矛
itm_noswing_gallic_spear_3_pl|凯尔特矛
itm_noswing_sword_akinakes|阿基纳克短剑
itm_noswing_sword_akinakes_pl|阿基纳克短剑
itm_noswing_sword_kopis|科庇斯弯刀
itm_noswing_sword_kopis_pl|科庇斯弯刀
itm_noswing_sword_laconian_dagger|马凯拉刀
itm_noswing_sword_laconian_dagger_pl|马凯拉刀
itm_noswing_sword_xiphos_greek|克西福斯短剑
itm_noswing_sword_xiphos_greek_pl|克西福斯短剑
itm_noswing_sarissa|萨里沙长矛
itm_noswing_sarissa_pl|萨里沙长矛
itm_noswing_kopis|科庇斯弯刀
itm_noswing_kopis_pl|科庇斯弯刀
itm_noswing_dreizack1|叉
itm_noswing_dreizack1_pl|叉
itm_noswing_dreizack2|叉
itm_noswing_dreizack2_pl|叉
itm_noswing_dagger_parthian_1|帕提亚匕首
itm_noswing_dagger_parthian_1_pl|帕提亚匕首
itm_noswing_dagger_parthian_2|帕提亚匕首
itm_noswing_dagger_parthian_2_pl|帕提亚匕首
itm_noswing_eastern_sword1|东方短剑
itm_noswing_eastern_sword1_pl|东方短剑
itm_noswing_eastern_sword2|东方剑
itm_noswing_eastern_sword2_pl|东方剑
itm_noswing_eastern_sword3|东方剑
itm_noswing_eastern_sword3_pl|东方剑
itm_noswing_eastern_sword4|东方战剑
itm_noswing_eastern_sword4_pl|东方战剑
itm_noswing_eastern_sword5|东方战剑
itm_noswing_eastern_sword5_pl|东方战剑
itm_noswing_bamboo_spear|竹矛
itm_noswing_bamboo_spear_pl|竹矛
itm_noswing_eastern_spear_149|东方矛
itm_noswing_eastern_spear_149_pl|东方矛
itm_noswing_eastern_spear_168|东方矛
itm_noswing_eastern_spear_168_pl|东方矛
itm_noswing_syrian_spear_1_145|东方矛
itm_noswing_syrian_spear_1_145_pl|东方矛
itm_noswing_eastern_sica|西卡弯刀
itm_noswing_eastern_sica_pl|西卡弯刀
itm_noswing_eastern_sica_rusty|旧西卡弯刀
itm_noswing_eastern_sica_rusty_pl|旧西卡弯刀
itm_noswing_dacian_noble_sword|达契亚贵族斯帕塔长剑
itm_noswing_dacian_noble_sword_pl|达契亚贵族斯帕塔长剑
itm_noswing_dacian_ring_sword|达契亚环首剑
itm_noswing_dacian_ring_sword_pl|达契亚环首剑
itm_noswing_flax_onehanded1|达契亚西卡弯刀
itm_noswing_flax_onehanded1_pl|达契亚西卡弯刀
itm_noswing_flax_onehanded2|达契亚西卡弯刀
itm_noswing_flax_onehanded2_pl|达契亚西卡弯刀
itm_noswing_dacian_sword|科庇斯弯刀
itm_noswing_dacian_sword_pl|科庇斯弯刀
itm_noswing_dacian_short_spear|达契亚矛
itm_noswing_dacian_short_spear_pl|达契亚矛
itm_noswing_dacian_medium_spear|达契亚矛
itm_noswing_dacian_medium_spear_pl|达契亚矛
itm_noswing_germanic_spatha_1|日耳曼斯帕塔长剑
itm_noswing_germanic_spatha_1_pl|日耳曼斯帕塔长剑
itm_noswing_germanic_spatha_2|日耳曼斯帕塔长剑
itm_noswing_germanic_spatha_2_pl|日耳曼斯帕塔长剑
itm_noswing_sword_viking_3|日耳曼斯帕塔长剑
itm_noswing_sword_viking_3_pl|日耳曼斯帕塔长剑
itm_noswing_sword_viking_4|日耳曼斯帕塔长剑
itm_noswing_sword_viking_4_pl|日耳曼斯帕塔长剑
itm_noswing_sax1|日耳曼短剑
itm_noswing_sax1_pl|日耳曼短剑
itm_noswing_germanic_war_spear|日耳曼矛
itm_noswing_germanic_war_spear_pl|日耳曼矛
itm_noswing_germanic_war_spear_2|日耳曼矛
itm_noswing_germanic_war_spear_2_pl|日耳曼矛
itm_noswing_germanic_war_spear_3|日耳曼矛
itm_noswing_germanic_war_spear_3_pl|日耳曼矛
itm_noswing_germanic_shortened_spear|日耳曼截短矛
itm_noswing_germanic_shortened_spear_pl|日耳曼截短矛
itm_noswing_nubian_short_sword|努比亚短剑
itm_noswing_nubian_short_sword_pl|努比亚短剑
itm_noswing_nubian_short_sword_noble|努比亚贵族短剑
itm_noswing_nubian_short_sword_noble_pl|努比亚贵族短剑
itm_noswing_nubian_spear_1|努比亚战矛
itm_noswing_nubian_spear_1_pl|努比亚战矛
itm_noswing_nubian_spear_2|努比亚战矛
itm_noswing_nubian_spear_2_pl|努比亚战矛
itm_noswing_nubian_spear_3|努比亚战矛
itm_noswing_nubian_spear_3_pl|努比亚战矛
itm_noswing_nubian_spear_4|努比亚长战矛
itm_noswing_nubian_spear_4_pl|努比亚长战矛
itm_noswing_nubian_spear_5|努比亚截短矛
itm_noswing_nubian_spear_5_pl|努比亚截短矛
itm_noswing_nubian_spear_6|努比亚截短矛
itm_noswing_nubian_spear_6_pl|努比亚截短矛
itm_noswing_numidian_spear_2|努米底亚战矛
itm_noswing_numidian_spear_2_pl|努米底亚战矛
itm_noswing_numidian_spear_1|努米底亚矛
itm_noswing_numidian_spear_1_pl|努米底亚矛
itm_noswing_armenian_sword_1|亚美尼亚环首剑
itm_noswing_armenian_sword_1_pl|亚美尼亚环首剑
itm_noswing_caucasian_short_sword|高加索环首剑
itm_noswing_caucasian_short_sword_pl|高加索环首剑
itm_noswing_caucasian_longsword|高加索长剑
itm_noswing_caucasian_longsword_pl|高加索长剑
itm_noswing_armenian_war_spear|亚美尼亚战矛
itm_noswing_armenian_war_spear_pl|亚美尼亚战矛
itm_noswing_caucasian_spear_174|高加索矛
itm_noswing_caucasian_spear_174_pl|高加索矛
itm_noswing_caucasian_spear_145|高加索矛
itm_noswing_caucasian_spear_145_pl|高加索矛
itm_noswing_palmyran_gladius|帕尔米拉罗马短剑
itm_noswing_palmyran_gladius_pl|帕尔米拉罗马短剑
itm_noswing_palmyran_gladius_rich|帕尔米拉贵族罗马短剑
itm_noswing_palmyran_gladius_rich_pl|帕尔米拉贵族罗马短剑
itm_noswing_arabian_sword_a|东方剑
itm_noswing_arabian_sword_a_pl|东方剑
itm_noswing_arabian_sword_b|东方剑
itm_noswing_arabian_sword_b_pl|东方剑
itm_noswing_sarranid_cavalry_sword|东方剑
itm_noswing_sarranid_cavalry_sword_pl|东方剑
itm_noswing_arabian_sword_d|东方剑
itm_noswing_arabian_sword_d_pl|东方剑
itm_noswing_alan_long_sword|阿兰长剑
itm_noswing_alan_long_sword_pl|阿兰长剑
itm_noswing_alan_long_sword_ring|阿兰长剑
itm_noswing_alan_long_sword_ring_pl|阿兰长剑
itm_noswing_sarmatian_sword_2|萨尔马提亚短环首剑
itm_noswing_sarmatian_sword_2_pl|萨尔马提亚短环首剑
itm_noswing_sarmatian_ringsword_1|萨尔马提亚短环首剑
itm_noswing_sarmatian_ringsword_1_pl|萨尔马提亚短环首剑
itm_noswing_sarmatian_ringsword_2|萨尔马提亚长环首剑
itm_noswing_sarmatian_ringsword_2_pl|萨尔马提亚长环首剑
itm_noswing_sarmatian_ringsword_3|萨尔马提亚长环首剑
itm_noswing_sarmatian_ringsword_3_pl|萨尔马提亚长环首剑
itm_noswing_sarmatian_ringsword_4|萨尔马提亚长环首剑
itm_noswing_sarmatian_ringsword_4_pl|萨尔马提亚长环首剑
itm_noswing_sarmatian_ringsword_rich_1|萨尔马提亚华贵环首剑
itm_noswing_sarmatian_ringsword_rich_1_pl|萨尔马提亚华贵环首剑
itm_noswing_sarmatian_spear_169|萨尔马提亚矛
itm_noswing_sarmatian_spear_169_pl|萨尔马提亚矛
itm_noswing_light_lance|孔托斯骑矛
itm_noswing_light_lance_pl|孔托斯骑矛
itm_noswing_heavy_lance|长孔托斯骑矛
itm_noswing_heavy_lance_pl|长孔托斯骑矛
itm_noswing_lance|孔托斯骑矛
itm_noswing_lance_pl|孔托斯骑矛
itm_noswing_khopesh1|科佩什镰形剑
itm_noswing_khopesh1_pl|科佩什镰形剑
itm_noswing_holy_lance|朗基努斯之矛
itm_noswing_holy_lance_pl|朗基努斯之矛
itm_noswing_gallic_spear_4|奥林迪库斯之矛
itm_noswing_gallic_spear_4_pl|奥林迪库斯之矛
itm_noswing_ancient_spear|古代矛
itm_noswing_ancient_spear_pl|古代矛
itm_noswing_ancient_sword|古代短剑
itm_noswing_ancient_sword_pl|古代短剑
itm_noswing_caesars_sword|克罗刻亚·莫尔斯（Crocea Mors）
itm_noswing_caesars_sword_pl|克罗刻亚·莫尔斯（Crocea Mors）
itm_noswing_caesars_sword_melee|克罗刻亚·莫尔斯（Crocea Mors）
itm_noswing_caesars_sword_melee_pl|克罗刻亚·莫尔斯（Crocea Mors）
itm_noswing_chinese_sword|剑
itm_noswing_chinese_sword_pl|剑
itm_noswing_chinese_sword_rich|鎏金剑
itm_noswing_chinese_sword_rich_pl|鎏金剑
