qstr_Year_63_AD__Nero_s_t|公元63年（尼禄的恐怖统治）
qstr_A_Mirror_richly_deco|一面用黄金和宝石华丽装饰的镜子，背面绘有波佩娅·萨比娜的画像。
qstr_Nero_s_golden_Lyre!_|尼禄的黄金里拉琴！装备后按“O”键演奏。
qstr_Spiculus_is_a_famous|斯皮库卢斯是一位著名的罗马角斗士。他不仅深受普通观众喜爱，也备受凯撒尼禄赏识。尼禄甚至赏赐过他许多财宝。
qstr__Find_and_talk_with_|找到波佩娅·萨比娜并与她交谈。^^（按 K 键结束阅读）
qstr__You_returned_to_the|你回到了宴会上。现在与波佩娅·萨比娜交谈，解释情况。^^（按 K 键结束阅读）
qstr_As_a_reaction_to_the|为应对大火，元首尼禄颁布了新的敕令。更多信息请查看报告。
qstr_Prisoner:__I_don_t_f|囚犯：“我不怕死！我从来就不怕！我知道，你们当中也没人怕死，否则就无法在这座城市活下去。只有一个人例外！”^-- 他指向尼禄。--
qstr_You_have_just_killed|你刚杀死了自称尼禄转世的人。翻查他的东西时，你找到了一些财宝。不过，必须先击败其余敌人，才能领取奖赏。
qstr_You_spot_the_false_N|你在远处发现了假尼禄。他正躲在废墟里。
qstr_Follow_the_path_to_f|沿着小路前进，找到假尼禄。
qstr_Speak_with_Wlodowiec|与沃洛多维库斯交谈
qstr_Find_and_talk_with_N|找到尼禄与波佩娅并交谈，完成任务。
qstr_Antonia:^^_With_reve|安东尼娅：^^“我怀着敬意，向您献上祷告，”^“赐予我们力量与勇气。赐予我们胜利！”
qstr_Antonia:^^_Mighty_Ma|安东尼娅：^^“强大的玛尔斯，战争与勇武之神，”^“我谦卑地来到您的神圣面前。”
qstr_You_found_Nero_s_lyr|你找到了尼禄的里拉琴！
qstr_Nero_has_been_execut|尼禄已遵照你的命令被处死！
qstr_You_met_Antonia_agai|你在塔尔奎尼与安东尼娅再次会面，商讨了计划下一步的目标。现在你必须在犹太行省策动叛乱！
qstr_Travel_to_{s22}_to_c|前往{s22}，说服尼禄没收希耶罗索吕马的神庙财库。
qstr_The_girl_is_imprison|你的士兵将姑娘囚禁并加以拷问，但没有损毁她的美貌。你写信给尼禄，详述她所受的拷问。现在她是你的奴隶了。
qstr_The_girl_is_tortured|姑娘遭受拷问，但美貌未被损毁。随后，她被带到奴隶市场，以15,000第纳尔卖给一位以残虐奴隶闻名的贵族。你写信给尼禄，详述她所受的拷问。
qstr_Nero|尼禄
qstr_A_man_claims_to_be_N|一个人自称是尼禄转世，正在基特诺斯岛上集结逃兵与匪徒，组建军队。前往基特诺斯，与他对质。
qstr_Antonia_ordered_you_|安东尼娅命你取得{s22}、{s23}、{s24}或{s25}其中一人的信任。安东尼娅属意{s23}，但你可以自由选择。^（提示：将关系提升至至少50，并拥有750点影响力，影响力对话菜单中就会出现新的选项。）
qstr_You_take_her_cloak_a|你接过她的披风，请她入座。桌上摆着各色菜肴，其中包括最近狩猎所得的鹿肉。酒是一名军官送你的西西里佳酿。你斟满一杯，递给安东尼娅。你们一起将少量酒洒在地上，献给诸神。^^用餐时，你与安东尼娅聊着各种琐事。
qstr_You_take_her_cloak_an|你接过她的披风，示意她坐下。桌上摆着各色菜肴，其中包括最近狩猎所得的鲜嫩鹿肉。酒是一位元老送你的浓郁西西里佳酿。你斟满一杯，递给安东尼娅。你们一起将几滴酒洒在地上，献给诸神。^^用餐时，你与安东尼娅随意聊着各种琐事。
qstr_Your_little_play_sta|你们的小戏开场十分寻常，平淡得甚至有些无聊。可随后，安东尼娅变成了一匹母狼，伴着些许抓挠与轻咬。最后，她以如此狂喜敬奉阿佛洛狄忒，连帐外的士兵也只能惊叹。再后来，福玻斯走完一天的旅程，露娜用黑布笼罩营地，安东尼娅动身离去。值夜的卫兵看见她悄悄离开，心里对这一天的事情有了自己的想法。
qstr_Your_little_play_star|你们的小戏开场十分寻常，平淡得甚至有些无聊。可随后，安东尼娅变成了一匹母狼，伴着些许抓挠与轻咬。最后，她以如此狂喜敬奉阿佛洛狄忒，连帐外的奴隶与同伴也只能惊叹。再后来，福玻斯走完一天的旅程，露娜用黑布笼罩营地，安东尼娅动身离去。值夜的卫兵看见她悄悄离开，心里对这一天的事情有了自己的想法。
qstr_Meet_Antonia_at_Tarq|尽快在塔尔奎尼与安东尼娅会面，商讨下一步计划。
qstr_Finally_you_know_his|你终于知道了他的秘密：凯索·弗拉维乌斯是一名基督徒，似乎正为最近对基督徒的迫害担忧。该和他谈谈了！
qstr_You_tried_your_best_|你已竭尽全力，却还是打了好几个哈欠，一个小时后便睡着了。元首尼禄怒不可遏，下令鞭打所有打哈欠或睡着的人。和许多人一样，你也将受罚……
qstr_you_will_make_no_pro|你不会因此获得任何晋升进展。事实上，高级军官对你的援助行为十分恼火，甚至警告你：若尼禄得知你的所作所为，你可能会被钉上十字架。
qstr_Nero_is_glad_that_Se|塞涅卡的妻子庞培娅·保利娜虽试图自尽，却活了下来，尼禄对此很高兴。
qstr_Nero_was_not_amused_|尼禄得知塞涅卡的妻子庞培娅·保利娜也自尽了，很不高兴。你没能阻止她。
qstr_Nero_is_not_amused_t|尼禄得知塞涅卡提出了临终遗愿，很不高兴。
qstr_Nero_is_glad_that_no|塞涅卡未获准提出任何临终遗愿，尼禄对此很高兴。
qstr_You_have_slain_the_g|你杀死了伟大的雷神，摧毁了亚历山大里亚的一个帕提亚间谍组织。你应该向尼禄汇报。
qstr_The_Princeps_has_cal|元首召你立刻前往罗马。去宫殿与尼禄交谈。
qstr_Gain_the_support_of_|争取禁卫军统领{s32}的支持。完成后，在{s10}附近的亚历山大大帝陵墓与安东尼娅会面。
qstr_You_allied_with_{s22}|你与{s22}结盟了。现在必须查明{s32}的秘密，才能争取禁卫军的支持。可以改善关系，或赢得其姐妹{s12}或母亲{s13}的好感。发现秘密后，用它要挟{s32}。完成后，在{s10}附近的亚历山大大帝陵墓与安东尼娅会面。
qstr_Visit_Nero_at_your_e|尽早拜见尼禄。别让凯撒失望！
qstr_You_arrived_at_Sagal|你抵达了奢羯罗。试着找到沃洛多维库斯。
qstr_Ask_a_guard_for_an_a|向卫兵请求觐见卡里什玛女王。她或许知道更多有关沃洛多维库斯的消息。
qstr_You_found_Wlodowiecu|你找到了沃洛多维库斯，并逃离了奢羯罗。
qstr_You_received_a_lette|你收到奥利瓦里乌斯的信，信中提到有一项交给沃洛多维库斯及其队伍的新任务。看来，一位人称“利比亚人”的富商希望在{s22}的别墅里见我们。你应该尽快赶往{s22}。
qstr_You_have_the_support|你已获得{s22}与{s23}的支持。在{s10}街上、奥古斯都宫前，与安东尼娅及{s22}会面。
qstr_You_gained_the_suppo|你已获得{s22}的支持。在{s10}的亚历山大大帝陵墓，与安东尼娅和盟友们会面。
qstr_Meet_{s22}_and_Anton|在{s21}附近的古马其顿王陵，与{s22}及安东尼娅会面。
qstr_{s22}_accepted_your_pr|{s22}接受了你的提议。他要求你先平定犹太人的叛乱，再推翻尼禄。（提示：击败{s3}。一个阵营必须失去所有城镇和要塞，并且所有领主都被击败，才算灭亡！）
qstr_You_convinced_Nero._|你说服了尼禄。现在前往{s22}，拜访大神庙，向大祭司们索取贡金。
qstr__Hint:_You_need_more|（提示：需要超过450声望、500影响力、角色等级25级，以及与尼禄30的关系。你目前的等级：{reg24}，声望：{reg25}，影响力：{reg23}。）
qstr__Hint:_You_need_more_|（提示：需要超过300声望、250影响力、角色等级15级，以及与尼禄15的关系。你目前的等级：{reg24}，声望：{reg25}，影响力：{reg23}。）
qstr_It_is_likely_that_Ne|尼禄很可能还活着，正躲在某处。
qstr_It_seems_Kaeso_Flavi|凯索·弗拉维乌斯似乎在为罗马大火担忧。可这是为什么？
qstr_Locusta_said_Nero_is|洛库斯塔说，尼禄藏在奥林匹斯山附近某处。
qstr_Travell_to_Olympia_a|前往奥林匹亚，登上奥林匹斯山，在那里寻找尼禄。
qstr_Crispinilla_said_Ner|克里斯皮尼拉说，尼禄逃到了希腊，但她不知道更多细节。
qstr_Convince_the_governo|说服亚历山大里亚总督，允许帕提亚密探进入大图书馆。尼禄也可以给予许可。
qstr_You_have_rejected_a_|你拒绝了一名帕提亚密探就雷神事件提出的合作建议。向尼禄汇报。
qstr_Persuade_Nero_to_out|说服尼禄禁止在街上倾倒粪便，并把修建公共厕所的特许权卖给普皮埃努斯。
qstr_Report_back_to_Caesa|回去向凯撒尼禄汇报。
qstr_Olivarius_asked_you_|奥利瓦里乌斯请你查明沃洛多维库斯的远征队发生了什么事。
qstr_You_have_found_Wlodo|你找到了沃洛多维库斯。他和同伴们都被卡里什玛囚禁了。
qstr_By_chance_you_met_An|你偶然遇见了克劳狄乌斯的女儿安东尼娅。她说服你加入推翻尼禄的阴谋。第一步，你需要在罗马贵族中立足。完成后，你会收到她的消息。^^（目标：以贵族、总督或军团保民官的身份加入罗马帝国。）
qstr_You_disobeyed_Caesar|你违抗了凯撒的命令！尼禄很生气……
qstr_Due_to_your_relation|由于你与凯撒尼禄的关系，你失去了元老院的部分支持。
qstr_It_is_likely_that_Ner|尼禄很可能还活着，正躲在某处。
qstr_Locusta_said_Nero_i|洛库斯塔说，尼禄藏在奥林匹斯山附近某处。
qstr_Travell_to_Olympia_an|前往奥林匹亚，登上奥林匹斯山，在那里寻找尼禄。
qstr_{playername}!_You_co|{playername}！你这怯懦的卑鄙小人！你判我在牢狱中腐烂，拖长我临死前的痛苦。连尼禄都比你有尊严——他处置敌人干脆利落，不加折磨。
qstr_{playername}!_You_cow|{playername}！你这怯懦的卑鄙小人！你判我在牢狱中腐烂，拖长我临死前的痛苦。连尼禄都比你有尊严——他处置敌人干脆利落，不加折磨。
qstr_You_are_to_make_prepa|你必须立刻准备启航前往希腊。与尼禄交谈，开始旅程。
qstr_{s0}^^You_are_to_mak|{s0}^^你必须立刻准备启航前往希腊。与尼禄交谈，开始旅程。
qstr_{s0}^^Nero_joined_yo|{s0}^^尼禄加入了你的队伍。现在前往旅途第一站{s1}。你还有{reg6}天（{reg5}小时）抵达那里。
qstr_{s0}^^You_are_to_make|{s0}^^你必须立刻准备启航前往希腊。与尼禄交谈，开始旅程。你还有{reg6}天（{reg5}小时）启程。
qstr_{s0}^^You_are_to_make_|{s0}^^你必须立刻准备启航前往希腊。与尼禄交谈，开始旅程。你还有{reg5}天（{reg6}小时）启程。
qstr_{s0}^^Nero_joined_you|{s0}^^尼禄加入了你的队伍。现在前往旅途第一站{s1}。你还有{reg5}天（{reg6}小时）抵达那里。
qstr_{s0}^^You_are_to_make_p|{s0}^^你必须立刻准备启航前往希腊。与尼禄交谈，开始旅程。你还有{reg5}{reg5?天:天}（{reg6}{reg6?小时:小时}）启程。
qstr_{s0}^^You_are_to_make_pr|{s0}^^你必须立刻准备启航前往希腊。与尼禄交谈，开始旅程。你还有{reg5}{reg10?天:天}（{reg6}{reg11?小时:小时}）启程。
qstr_{s0}^^You_are_to_make_pre|{s0}^^你必须立刻准备启航前往希腊。与尼禄交谈，开始旅程。你还有{reg5}{reg5?天:天}（{reg7}{reg6?小时:小时}）启程。
qstr_{s0}^^Visit_Nero_as_|{s0}^^尽快拜见尼禄。（提示：前往书房。）你还有{reg5}{reg5?天:天}（{reg7}{reg6?小时:小时}）。
qstr_{s0}^^Visit_Nero_as_f|{s0}^^尽快拜见尼禄。你还有{reg5}{reg5?天:天}（{reg7}{reg6?小时:小时}）。
qstr_{s0}^^Visit_Nero_in_|{s0}^^尽快前往{s1}拜见尼禄。你还有{reg5}{reg5?天:天}（{reg7}{reg6?小时:小时}）。
qstr_You_have_gathered_al|你已备齐宴会所需的全部物资。应返回{s1}，向尼禄报告成功的消息。你还有{reg5}{reg5?天:天}（{reg7}{reg6?小时:小时}）。
qstr_You_have_been_tasked_|你受命为尼禄的庆功宴筹备物资。你还需要找到：
qstr_{s0}^^Now_inspired_|{s0}^^尼禄如今受到胜利的鼓舞，希望游览{s1}。你有{reg5}{reg5?天:天}（{reg7}{reg6?小时:小时}）抵达目标地点。
qstr_{s0}^^Eystachus_the|{s0}^^赛会组织者欧斯塔库斯请求你的帮助。他担心尼禄输掉比赛后大发雷霆，希望你说服冠军选手们让凯撒获胜。你已答应帮忙。应去找那些运动员，然后回来见欧斯塔库斯。
qstr_Talk_with_Titus_Flav|与提图斯·弗拉维乌斯·韦斯帕芗交谈。
qstr_{s0}^^You_are_to_make_prep|{s0}^^你必须立刻准备启航前往希腊。与尼禄交谈，开始旅程。你还有{reg5}{reg5?天:天}（{reg7}{reg6?小时:小时}）启程。建议购买一艘船，并确保它停在{s13}的港口。
qstr_The_girl_is_tortured_|姑娘遭受拷问，但美貌未被损毁。随后，她被带到奴隶市场，以15,000第纳尔卖给一位以残虐奴隶闻名的贵族。你写信给尼禄，详述她所受的拷问。
qstr_Convince_the_governor|说服{s10}总督，允许帕提亚密探进入大图书馆。尼禄也可以给予许可。
qstr_Your_little_play_start|你们的小戏开场十分寻常，平淡得甚至有些无聊。可随后，安东尼娅变成了一匹母狼，伴着些许抓挠与轻咬。最后，她以如此狂喜敬奉阿佛洛狄忒，连帐外的士兵也只能惊叹。再后来，福玻斯走完一天的旅程，露娜用黑布笼罩营地，安东尼娅动身离去。值夜的卫兵看见她悄悄离开，心里对这一天的事情有了自己的想法。
qstr_Your_little_play_starts|你们的小戏开场十分寻常，平淡得甚至有些无聊。可随后，安东尼娅变成了一匹母狼，伴着些许抓挠与轻咬。最后，她以如此狂喜敬奉阿佛洛狄忒，连帐外的奴隶与同伴也只能惊叹。再后来，福玻斯走完一天的旅程，露娜用黑布笼罩营地，安东尼娅动身离去。值夜的卫兵看见她悄悄离开，心里对这一天的事情有了自己的想法。
qstr_You_have_been_tasked_w|你受命为尼禄的庆功宴筹备物资。^[提示：直接与杂货商交谈，所需物品无法在普通市场购买。]^你还需要找到：
qstr_Recieved_damage_from|受到了火焰伤害！
qstr_{s1}_has_thrown_his_|{s1}将长矛投出了{reg19}个单位远。
qstr_You_rescued_Mathildi|你救出了玛蒂尔迪兹！
qstr_With_a_Xylospongium_|装备厕用海绵棒后便可清扫厕所。但要注意，清扫厕所会严重损害你的健康！
qstr_You_begrudgingly_wie|你不情愿地拿起厕用海绵棒，刷洗一座久未打扫的厕所。污垢间的一点亮光吸引了你的目光。你惊讶地发现，秽物中竟藏着50第纳尔，成了这份脏活的意外报酬。在历史的回响中，不起眼的厕所也能成为意想不到的藏宝处，印证着你在古罗马世界旅程中的变幻莫测。^尽管你费了力气，厕所仍然很脏……
qstr_Armed_with_a_Xylospo|你拿着厕用海绵棒，开始清扫厕所。用这根木棒与海绵制成的工具，你认真地刷去消化后留下的污物。柔软湿润的海绵为这份不体面的差事带来些许慰藉，让你触及罗马人的日常生活。^尽管你费了力气，厕所仍然很脏……
qstr_You_are_running_the_|你正在使用原版战团运行本模组。^可以考虑使用 WSE2。
qstr_New_Game|新游戏
qstr_Load_Save|载入存档
qstr_Quick_Battle|快速战斗
qstr_Options|选项
qstr_Credits|制作人员
qstr_Exit|退出
qstr_Next_Page|下一页
qstr_Error:_Wrong_variabl|错误：变量 g presentation state 的值不正确
qstr_Imperium_Romanum_Par|罗马帝国·{s1}派
qstr_Imperium_Romanum|罗马帝国
qstr_Kingdom_of_{s7}|{s7}王国
qstr_Continue...|继续……
qstr_Red:|红：
qstr_Green:|绿：
qstr_Blue:|蓝：
qstr_Choose_a_banner_for_|为{s0}选择旗帜。
qstr_Test|测试
qstr_Number_of_men_knocke|击倒人数：{reg1}
qstr_Number_of_men_left:_|剩余人数：{reg1}
qstr_Opponents_Beaten:_{r|已击败对手：{reg1}
qstr_Opponents_Remaining:|剩余对手：{reg1}
qstr_Push_a_knife_into_yo|将刀刺入自己的胸膛。
qstr_Wait_maybe_this_is_a|等等，也许这不是个好主意。
qstr_With_a_knife_in_your|你手握刀刃，准备结束生命。你现在{reg50}岁，等级{reg4}，已度过{reg5}天。
qstr_Effect_on_Score|对分数的影响
qstr_Settlements_owned_by|你拥有的聚落：{reg0}
qstr_Friendly_Settlements|友好聚落：{reg0}
qstr_Hostile_Settlements:|敌对聚落：{reg0}
qstr_Friendly_Lords:_{reg|友好领主：{reg0}
qstr_Enemy_Lords:_{reg0}|敌对领主：{reg0}
qstr_Victories:_{reg0}|胜利：{reg0}
qstr_Defeats:_{reg0}|失败：{reg0}
qstr_Quests_Completed:_{r|完成任务：{reg0}
qstr_Companions_Found:_{r|找到同伴：{reg0}
qstr_Companions_Lost/Depa|失去或离队的同伴：{reg0}
qstr_Wealth:_{reg0}_denar|财富：{reg0}第纳尔
qstr_Inventory:_{reg0}_de|物品栏：{reg0}第纳尔
qstr_Renown:_{reg0}|声望：{reg0}
qstr_Experience:_{reg0}|经验：{reg0}
qstr_Days_Passed:_{reg0}|经过天数：{reg0}
qstr_Difficulty:_{reg0}%|难度：{reg0}%
qstr_TOTAL_SCORE:_{reg0}|总分：{reg0}
qstr_Recruitment_funds_up|招募资金已更新！
qstr_Settlement_details:|聚落详情：
qstr_Latifundia_details:|大庄园详情：
qstr_Workshop_details:|工坊详情：
qstr_There_is_news_of_you|南方远征传来了消息。前往奥古斯都宫，与普林尼交谈。（{reg4}天）
qstr_There_is_news_of_your|东方远征传来了消息。前往奥古斯都宫，与普林尼交谈。（{reg4}天）
qstr_There_is_news_of_your_|你派往贵霜的陆路商队传来了消息。前往奥古斯都宫，与使者交谈。
qstr_There_is_news_of_your_m|你派往贵霜的商船队传来了消息。前往奥古斯都宫，与使者交谈。
qstr_confiscated|已没收
qstr_Looted|已遭劫掠
qstr_Infested_by_bandits|匪徒盘踞
qstr__taxrate_{reg10}%_|（税率{reg10}%）
qstr_None|无
qstr_Rents_from_gold_mine|{s0}金矿租金：
qstr_Rents/Tariffs_from_a|所有聚落的租金与关税：
qstr_Income_from_all_Lati|所有大庄园的收入：
qstr_Income_from_all_work|所有工坊的收入：
qstr_{s55}__{reg0}%_regai|{s55}（收回{reg0}%）
qstr_{s0}__paid_by_imperi|{s0}（由帝国国库支付）
qstr_Staff:|雇员：
qstr_Imperial_tax_on_busi|经营收入的帝国税（{reg50}%）：
qstr_Imperial_tax_from_ed|敕令征收的帝国税：
qstr_Imperial_tax_on_rent|租金与关税的帝国税：
qstr_Emperor_s_pocket:|皇帝私囊：
qstr_Tributes_from_Tribut|附庸国贡金：
qstr_Tributes_paid_to_{s1|付给{s1}的贡金：
qstr_Household_costs_Domu|海滨宅邸家用开支：
qstr_Rents_Domus_Mare:|海滨宅邸租金：
qstr_Expenditure_of_your_|配偶开销：
qstr_Household_costs_Domus|奥古斯都宫家用开支：
qstr_You_have_no_valid_ra|你没有有效的军阶！
qstr_Tributes_from_vassal|封臣贡金：
qstr_Tributes_paid_to_kin|付给国王的贡金：
qstr_Interests_from_loans|贷款利息：
qstr_Interests_from_inves|投资收益（{s22}）：
qstr_Deal_has_failed._You|交易失败。你无法收回任何钱款。
qstr_Wages:|薪饷：
qstr_You_paid_{reg0}_dena|你支付了{reg0}第纳尔现金偿清债务。
qstr_Earlier_cash:|原有现金：
qstr_New_cash:|现有现金：
qstr_You_gain_{reg0}_xp_f|经营成功，你获得了{reg0}点经验。
qstr_Name:_{s1}^Level:_{r|姓名：{s1}^等级：{reg2}^生命值：{reg1}/{reg0}
qstr_Weapon_upgrade_setti|武器升级设置：
qstr_Damage_preference|伤害类型偏好
qstr_Item_meta_type|物品大类
qstr_cut|砍
qstr_pierce|刺
qstr_blunt|钝
qstr_Apply_to_everyone|应用于所有人
qstr_Upgrade_armor|升级护甲
qstr_Upgrade_horse|升级坐骑
qstr_Select_your_domestic|选择内政方针
qstr_Centralization:|中央集权：
qstr_Aristocracy:|贵族政治：
qstr_Slavery_and_Serfdom:|奴隶制与农奴制：
qstr_Troop_quality:|部队素质：
qstr_Mercantilism:|重商主义：
qstr_Cancel|取消
qstr_Dictate_the_peace_te|提出和约条件
qstr_Select_the_castle_an|选择城堡及金额，并勾选方框来启用要求。两项都勾选时，要求将合并提出。
qstr_1000_denars|1000第纳尔
qstr_They_don_t_want_to_c|他们完全不愿缔结和平。
qstr_They_refuse_to_give_|他们拒绝交出{s46}，因为那里属于其核心领土。你可以继续谈判，改为索要金钱。
qstr_They_refuse_to_give_y|他们拒绝交出{s46}，因为那里具有战略意义。你可以继续谈判，改为索要金钱。
qstr_They_refuse_your_dea|他们认为你的要求过高，拒绝了提议。
qstr_They_refuse_your_deal|他们拒绝了提议。另提条件，或终止谈判。
qstr__Faction_Relations_R|阵营关系报告
qstr_Player^Relation|玩家^关系
qstr_Status|状态
qstr_Relation|关系
qstr_War|战争
qstr_Casus_Belli|开战理由
qstr_Peace|和平
qstr_Truce|停战
qstr_Alliance|联盟
qstr_Defense_Pact|防御条约
qstr_Trade_Agreement|贸易协定
qstr_{reg59?{reg59}_days:|{reg59?{reg59}天:}
qstr_Loyal|忠诚
qstr_Devoted|献身
qstr_Fond|喜爱
qstr_Gracious|亲切
qstr_Friendly|友好
qstr_Supportive|支持
qstr_Favorable|好感
qstr_Cooperative|合作
qstr_Accepting|接纳
qstr_Indifferent|冷淡
qstr_Suspicious|怀疑
qstr_Grumbling|不满
qstr_Hostile|敌对
qstr_Resentful|怨恨
qstr_Angry|愤怒
qstr_Hateful|憎恨
qstr_Revengeful|图谋报复
qstr_Vengeful|誓要复仇
qstr_{reg0}_{reg58?_{reg5|{reg0}{reg58?（{reg58} U）:}处据点
qstr_{reg0}_Caravans|{reg0}支商队
qstr_{reg60}_{reg59?_{reg|{reg60}{reg59?（{reg59} P）:}名领主
qstr__Estate_Report_|领地报告
qstr_Name|名称
qstr_Garrison|驻军
qstr_Prisoners|俘虏，
qstr_Buildings|建筑
qstr_Construction_Project|建设项目
qstr_Physician|医师
qstr_Magister|总管
qstr_{reg1}__needed:_{reg|{reg1}（需要：{reg30}）
qstr_{reg1}_men|{reg1}人
qstr_{s20}__{reg10}_days_|{s20}（{reg10}天），^{s11}
qstr_{s20}__{reg10}_days__|{s20}（{reg10}天），{s11}
qstr_No|否
qstr_Yes|是
qstr_Statistics|统计
qstr__Troop_tree_|兵种树
qstr_World_Map|世界地图
qstr_Faction_Relations|阵营关系
qstr_Prosperity_Report|繁荣度报告
qstr_Relationships|人物关系
qstr_Known_Lords|已知领主
qstr_Love_Affairs|恋情
qstr_Companion_Report|同伴报告
qstr_Affilitated_Family|所属家族
qstr_Management|管理
qstr_Budget_Report|预算报告
qstr_Faction_Notes|阵营记录
qstr_Legion_Report|军团报告
qstr_Estate_Report|领地报告
qstr_Concepts|概念
qstr_ERROR:_You_have_no_v|错误：你没有有效的文化！请在报告菜单的“选择文化”中选定一种文化！
qstr_Character_Informatio|角色信息
qstr_You_are_{reg1}_years|你{reg1}岁，{s1}。
qstr_You_worship_{s44}|你信奉{s44}
qstr_You_worship_no_speci|你没有专门信奉某位男神或女神。
qstr_You_are_currently_re|你目前正在阅读{s8}。
qstr_You_are_not_reading_|你没有在读任何书。
qstr_You_are_sailing_with|你正乘船航行。
qstr_You_don_t_own_a_ship|你没有船。
qstr_Your_ship_is_current|你的船目前不在任何城镇。
qstr_Your_ship_is_currentl|你的船目前在{s23}。
qstr_Scars:|伤疤：
qstr_Wounds:|伤口：
qstr_Enemies_Killed:|击杀敌人：
qstr_Enemies_Wounded:|击伤敌人：
qstr_Right_to_rule:|统治权：
qstr_Character_Renown:|角色声望：
qstr_Piety:|虔诚：
qstr_Reputation:|名誉：
qstr_Senate_support:|元老院支持：
qstr_Influence:|影响力：
qstr_Affiliated_to_{s5}|隶属于{s5}
qstr_Military_rank:_Tribu|军阶：军团保民官（薪饷：{reg1}第纳尔）
qstr_Military_rank:_Praef|军阶：大队长（薪饷：{reg1}第纳尔）
qstr_Military_rank:_Legat|军阶：军团长（薪饷：{reg1}第纳尔）
qstr_You_have_the_honorar|你拥有{s2}的荣誉头衔。
qstr_Title:_Imperator_Cae|头衔：统帅、凯撒、奥古斯都
qstr_Cognomina:_{s1}|荣名：{s1}
qstr_Next_pay_day:_{s1}|下次发饷日：{s1}
qstr_You_are_not_affiliat|你不隶属于任何家族。
qstr_Party_Actions|部队行动
qstr_Detach_parties|分离队伍
qstr_Meet_commander|会见指挥官
qstr_Change_stance|改变行军态势
qstr_Permanent_camp|固定营地
qstr_Reward_troops|犒赏部队
qstr_Start_foraging|开始采集粮草
qstr_Stop_foraging|停止采集粮草
qstr_Follower_party|随军队伍
qstr_Build_fortifications|修筑工事
qstr_Miscellaneous|杂项
qstr_Take_an_Action|采取行动
qstr_Second_Outfit|第二套装备
qstr_Auto_loot_settings|自动拾取设置
qstr_Wait_here|在此等待
qstr_Walk_around|四处走走
qstr_Go_hunting|去狩猎
qstr_Party_Effects|部队效果
qstr_Party_Moral|部队士气
qstr_Party_Size|部队规模
qstr_Party_stance:|行军态势：
qstr_Default|默认
qstr_Forced_march|强行军
qstr_Screening|警戒掩护
qstr_Foraging:|采集粮草：
qstr_You_send_men_to_fora|你派出人手采集粮草。
qstr_None.__At_least_40_m|无。（至少需要40人）
qstr_Follower_Party|随军队伍
qstr_*_Size:|* 人数：
qstr_None.__At_least_60_m|无。（至少需要60人）
qstr_*_Wound_treatment_bo|* 疗伤加成：
qstr_None.|无。
qstr_*_Surgery_boni:|* 手术加成：
qstr_Each_100_troops_need|每100名士兵需要2名军官，才能高效管理。
qstr_Otherwise_you_will_s|否则，你的战术技能将受到减益。
qstr_*_Officers_available|* 现有军官：
qstr_*_Officers_needed:|* 所需军官：
qstr_*_Tactic_skill_penal|* 战术技能惩罚：
qstr_{reg1}__Lack_of_offi|{reg1}（缺少军官）
qstr_None__Sufficient_|无（充足）
qstr_High_rank_officers_p|高级军官提供统御加成。
qstr_This_includes_Vexila|包括旗手、鹰旗手、军团保民官和首席百夫长。
qstr_This_includes_all_ki|包括各类军旗手。
qstr_*Leadership_bonus:|* 统御加成：
qstr_Base_moral:|基础士气：
qstr_Party_size_penality:|部队规模惩罚：
qstr_Follower_party:|随军队伍：
qstr_Lack_of_rest:|缺乏休息：
qstr_No_food:|没有食物：
qstr_Variety_food:|食物多样性：
qstr_Wage_debt:|拖欠薪饷：
qstr_Special_items:|特殊物品：
qstr_Recent_events:|近期事件：
qstr_Total:|合计：
qstr_Cohort_limit:|大队上限：
qstr_Base_limit:|基础上限：
qstr_Leadership_bonus:|统御加成：
qstr_Charisma_bonus:|魅力加成：
qstr_{s22}_has_left_your_|{s22}离开了你的军队。
qstr_Parties_have_been_de|队伍已从主队分离。
qstr_No_parties_are_attac|主队没有附属队伍。
qstr_Too_close_to_a_town.|离城镇太近。
qstr_Not_possible_on_wate|不能在水上进行。
qstr_You_need_at_least_on|你的队伍中至少需要一名士兵。
qstr_Stop_foraging.|停止采集粮草。
qstr_Start_foraging.|开始采集粮草。
qstr_You_need_at_least_40|至少需要40人。
qstr_Auto_loot_requires_I|自动拾取需要物品管理或掠夺技能达到2级。
qstr_You_must_be_on_land!|你必须位于陆地上！
qstr_You_need_at_least_60|队伍中至少需要60人。
qstr_You_can_t_go_hunting|这里无法狩猎。
qstr_You_have_already_bui|你已经修筑了工事！
qstr_You_need_at_least_40_|至少需要40名士兵，并且必须采用罗马文化。
qstr_{reg6}_men|{reg6}人
qstr_Culture:_{s61}^Prosp|文化：{s61}^繁荣度：{reg1}。^城镇财富：{reg3}。^城镇议事会预算：{reg2}。^关系：{reg4}。^驻军人数：{reg5}。^俘虏：{s2}。
qstr_Settle_Veterans.|安置老兵。
qstr_Economic_Details.|经济详情。
qstr_Extort_subjects.|勒索臣民。
qstr_Manage_Decrees.|管理法令。
qstr_Manage_the_garrison|管理驻军
qstr_Manage_buildings.|管理建筑。
qstr_Set_tax_rate|设置税率
qstr_Go_Back.|返回。
qstr_Economic_Information|经济信息
qstr_Here_you_find_additi|这里列出了聚落财富和预期税收的更多信息。某些效果并非即时生效，需要时间！租金计算方式如下：先将财富与建筑带来的收入或维护费用合计，再应用修正系数。税率60%意味着你会获得聚落总财富的60%。
qstr_Agriculture:|农业：
qstr_Wealth_from_Agricult|农业财富：{reg50}
qstr_Special_Resources:|特殊资源：
qstr_Wealth_from_Special_|特殊资源财富：{reg52}
qstr_Production_Sides:|生产场所：
qstr_Wealth_from_Producti|生产场所财富：{reg51}
qstr_Building_Effects:|建筑效果：
qstr_{s0}:_{reg22}_denars|{s0}：租金增加{reg22}第纳尔
qstr_{s0}:_+20%_to_produc|{s0}：产量+20%
qstr_Decree_Effects:|法令效果：
qstr_{s30}:_{reg22}_denar|{s30}：租金增加{reg22}第纳尔
qstr_Modifiers:|修正系数：
qstr_Faction_politics:_{r|阵营政策：{reg22}%
qstr_Prosperity_modifier:|繁荣度修正：{reg22}%
qstr_Tax_rate:_{reg2}%|税率：{reg2}%
qstr_Disease:_{reg2}%__{s|疾病：{reg2}%（{s0}）
qstr_Event:_{reg3}%__{s0}|事件：{reg3}%（{s0}{reg3?，约{reg2}周）:}
qstr_Regional_effects:_{r|地区效果：{reg2}%
qstr_Wrong_culture_of_gov|总督文化不符：-20%
qstr_Total_estimate_for_r|租金总估算：{reg49}
qstr_Be_aware_your_action|注意，你的行动会付出代价。你的名誉将受损，该据点的关系和繁荣度也会下降，进而损害今后的税收。
qstr_Decrees|法令
qstr_{reg4?{s30}__issued_|{reg4?{s30}（已颁布）:{s30}}
qstr__under_construction_|（建设中，还需{reg8}天{reg9?:}。）
qstr_{reg4?{s0}__built_:{|{reg4?{s0}（已建成）:{s0} {s44} {s33}}
qstr_{s11}^^This_decree_i|{s11}^^此法令目前已颁布。
qstr_{s11}^^Under_constru|{s11}^^建设中：还需{reg8}天{reg9?:}。
qstr_{s11}^^As_the_party_|{s11}^^作为队伍中工程技能最高的人（{reg2}），{reg3?你估计:{s3}估计}建造{s4}需要{reg5}第纳尔（基础费用{reg0}），耗时{reg6}天（基础工期{reg40}）。^^工期与费用受到以下修正：技能{reg44}%，国家奴隶政策{reg45}%。此外，城内俘虏人数还会影响工期：{reg46}%。
qstr_WRONG_CULTURE._NO_BU|文化不符，建筑没有效果！^^拆除后，建造符合你文化的同类建筑！
qstr_{s11}^^This_building|{s11}^^此建筑已经建成。^^{s33}^^{s33}
qstr_You_need_at_least_20|至少需要200人，并且与聚落的关系为负，或该聚落文化与你不同。
qstr_Decrees_can_only_be_|只能在城镇或堡垒中颁布法令。
qstr_Do_you_wish_to_revok|是否撤销{s30}？需要花费{reg0}第纳尔。
qstr_Issuing_a_decree_cos|颁布法令需要花费{reg0}第纳尔。是否颁布{s30}？
qstr_Do_you_wish_to_cancl|是否取消{s0}的建设？你会收回部分款项，但当地居民会因此不满。
qstr_{s0}_has_already_bee|{s0}已经建成。是否拆除？你会收回{reg0}第纳尔。
qstr_This_building_cannot|此建筑无法拆除。
qstr_You_can_construct_on|同时最多只能建造两座建筑。
qstr_Your_faction_s_polic|你所属阵营的奴隶政策不允许修建奴隶市场。
qstr_Building_a_{s0}_woul|建造{s0}需要{reg0}第纳尔，耗时{reg1}天。是否继续？
qstr_How_will_your_male_v|如何称呼你的男性封臣？
qstr_How_will_your_female|如何称呼你的女性封臣？
qstr_Sell_items_automatic|离开时自动出售物品：
qstr_Price_limit_for_auto|自动出售的价格上限：
qstr_Item_types_for_auto_|自动出售的物品类型：
qstr_Select_all|全选
qstr_Select_invert|反选
qstr_Buy_food_automatical|离开时自动购买食物：
qstr__Courtship_progress_|求爱进展与恋情
qstr__Known_Lords_by_Rela|已知领主关系
qstr__Character_&_Compani|角色与同伴
qstr__Done_|完成
qstr_Your_supporters|你的支持者
qstr_{s10}s|{s10}们
qstr_All_Factions|所有阵营
qstr_Default_camera_mode|默认镜头模式
qstr_Keyboard|键盘
qstr_Mouse|鼠标
qstr_Follower|跟随
qstr_Raise_camera|升高镜头
qstr_Lower_camera|降低镜头
qstr_Lower_sensitivity|降低灵敏度
qstr_Tilt_left|向左倾斜
qstr_Prev_troop|上一名士兵
qstr_Raise_sensitivity|提高灵敏度
qstr_Tilt_right|向右倾斜
qstr_Next_troop|下一名士兵
qstr_Zoom_in|放大
qstr_Rotate_up|向上旋转
qstr_Zoom_out|缩小
qstr_Rotate_down|向下旋转
qstr_Rotate_left|向左旋转
qstr_Rotate_right|向右旋转
qstr_Press_a_key|请按一个键
qstr_Send_a_message|发送消息
qstr_Export/Import|导出/导入
qstr_{s4}__You_|{s4}（你）
qstr__Renown:_{reg2}^{s2}|声望：{reg2}^{s2}^{s1}隶属于{s0}
qstr_Morale:|士气：
qstr_Mission:|任务：
qstr_Location:|位置：
qstr_Health:|生命：
qstr_Level:|等级：
qstr_Other_information:|其他信息：
qstr_Arms|武器
qstr_Outfit|服装
qstr_Horse|坐骑
qstr_Always_remember_the_|始终牢记以下教诲：
qstr_Acta_non_verba!|行动胜于言辞！
qstr_Abducet_praedam_qui_|先到者得战利品！
qstr_Attributes:|属性：
qstr_Proficiencies:|武器熟练度：
qstr_Skills:|技能：
qstr_{reg1}^value|{reg1}^数值
qstr_{reg2}^index|{reg2}^索引
qstr_{reg6}^money_in_the_|{reg6}^{reg5?国库:钱箱}中的金钱
qstr_{reg4}^money_in_your|{reg4}^物品栏中的金钱
qstr_Withdraw|取出
qstr_Deposit|存入
qstr_F4___Complex_formati|F4 - 复杂阵形
qstr_F7___Memorize_div._p|F7 - 记住分队位置
qstr_F8___Default_divisio|F8 - 默认分队位置
qstr_F4___Ranks|F4 - 列阵
qstr_F5___Shield_Wall|F5 - 盾墙
qstr_F6___Wedge|F6 - 楔形阵
qstr_F7___Square|F7 - 方阵
qstr_F8___No_Formation|F8 - 解散阵形
qstr_Strategy_Camera:_pre|战略镜头：按回车键。'
qstr_Orders|指令
qstr_Mount|上马
qstr_Attack_Order|进攻指令
qstr_Retreat|撤退
qstr_Stand_Ground|原地坚守
qstr_Charge|冲锋
qstr_Follow_Me|跟我来
qstr_Hold_This_Position|坚守此处
qstr_Spread_Out|散开
qstr_Stand_Closer|靠拢
qstr_Fall_Back|后退
qstr_Advance|前进
qstr_Dismount|下马
qstr_Fire_At_Will|自由射击
qstr_Hold_Your_Fire|停止射击
qstr_Use_Blunt_Weapons|使用钝器
qstr_Use_Any_Weapon|自由使用武器
qstr_Ready|可战
qstr_Wounded|受伤
qstr_Dead|阵亡
qstr_Food_Consumption|食物消耗
qstr_Your_party_will_{reg|你的部队{reg1?现在将:不再}食用{s0}
qstr_fort|堡垒
qstr_town|城镇
qstr_village|村庄
qstr_Infiltration|潜入
qstr_A_good_way_to_hasten|加速{s2}陷落的一个好办法，是派一队人潜入，破坏防御、粮仓、水源，或动摇守军的忠诚。这种行动困难且危险，几乎等于送死。派出去的人生还机会很低，但一旦成功，就能重创敌人。他们需要600第纳尔报酬。你想让他们进行哪种破坏？
qstr_Poison_the_{s2}_s_wa|毒害{s2}的水源。
qstr_Kill_the_{s2}_s_live|杀死{s2}的牲畜。
qstr_Burn_the_{s2}_s_food|焚烧{s2}的粮食。
qstr_Subvert_the_defender|策反守军。
qstr_A_group_of_chosen_me|将派出一队精选人员，毒害水源。
qstr_A_group_of_chosen_men|将派出一队精选人员，杀死牛群。
qstr_A_group_of_chosen_men_|将派出一队精选人员，焚烧粮仓。
qstr_A_group_of_chosen_men_w|将派出一队精选人员，策反守军。
qstr_You_do_not_have_the_|你没有支付此任务所需的600第纳尔。
qstr_World_map_is_generat|正在生成世界地图……
qstr_Political_Mode|政治模式
qstr_Terrain_Mode|地形模式
qstr_Province_Mode|行省模式
qstr_Culture_Mode|文化模式
qstr_Wealth_Mode|财富模式
qstr_Wealth:_{reg10}._Pro|财富：{reg10}。繁荣度：{reg11}
qstr_Minor_faction|小型阵营
qstr_Factions|阵营
qstr_Terrain_types|地形类型
qstr_Provinces|行省
qstr_Cultures|文化
qstr_Wealth_buckets|财富档次
qstr_Show_towns|显示城镇
qstr_Show_castles|显示城堡
qstr_Show_only_legion_hea|仅显示军团驻地
qstr_Horse_Speed_Fix:|马速修正：
qstr_Horse_Culling:|移除无主马匹：
qstr_Battle_Continuation:|战斗继续：
qstr_Terrain_Advantages:|地形优势：
qstr_Lords_Returning_From|领主流亡归来：
qstr_Prejudice_Level:|偏见程度：
qstr_prejudice_is_{reg1}|偏见值为{reg1}
qstr_Disable_Companion_Co|禁用同伴抱怨：
qstr_Disable_Companions_L|禁用同伴离队：
qstr_Disguise_System:|伪装系统：
qstr_Charge_on_player_dea|玩家倒下后冲锋：
qstr_DIPLOMACY^4.3+_for_S|外交系统^Steam版4.3+^偏好设置
qstr_Edit_mode_is_enabled|编辑模式已开启。建议关闭，以提高运行性能。
qstr_Diplomacy_Options|外交选项
qstr_Battle_Morale_Option|战斗士气选项
qstr_Welcome_to_Aut_Caesa|欢迎来到 Aut Caesar aut nihil。^开始游戏前，请选择各项设置。^注意：强制存档模式始终禁用！
qstr_Settlement_names|聚落名称
qstr_Accurate_Province_Na|准确行省名
qstr_Simple_Province_Name|简化行省名
qstr_Normal_Names|普通名称
qstr_Campaign_type|战役类型
qstr_STORY:_SON_OF_ROME|剧情：罗马之子
qstr_ROYAL_SANDBOX|君王沙盒
qstr_LORDLY_SANDBOX|领主沙盒
qstr_SANDBOX|沙盒
qstr_Difficulty_Type|难度类型
qstr_ACAN_GIGA_CHAD|ACAN 超级猛男
qstr_ACAN_CHAD|ACAN 猛男
qstr_BORING__NORMAL_|无聊（普通）
qstr_DISCORD_SCHIZO|DISCORD 疯子
qstr_LOSER__CUSTOM_|废柴（自定义）
qstr_These_options_can_be|这些选项之后可以在扎营菜单中修改。^外交偏好设置也位于扎营菜单。
qstr_Reduced_to_1/4__Easi|减至1/4（最简单）
qstr_Reduced_to_1/2__Easy|减至1/2（简单）
qstr_Reduced_to_1/2__Easi|减至1/2（最简单）
qstr_Reduced_to_3/4__Easy|减至3/4（简单）
qstr_Slowest|最慢
qstr_Slower|较慢
qstr_Faster|较快
qstr_Fastest|最快
qstr_Warcry|战吼
qstr_Player_auxiliary_fea|玩家接管士兵功能
qstr_Autoloot|自动拾取
qstr_Realistic_troop_woun|真实士兵受伤
qstr_Bodyguards|护卫
qstr_Shieldbash|盾击
qstr_Governor/lord_appoin|总督及领主任命通知
qstr_Truce_notification_m|停战通知菜单
qstr_Raid_notification_me|劫掠通知菜单
qstr_Lovers_discovered_no|恋情曝光通知
qstr_Senate_meetings_noti|元老院会议通知
qstr_Enemies_spotted_noti|发现敌军通知
qstr_Lord_gifts_notificat|领主赠礼通知
qstr_Warning:_This_option|警告：点击“{s3}”后，将无法再禁用此选项。
qstr_Choose_a_difficulty_|请选择难度类型！
qstr_Notification_about_d|恋情曝光通知
qstr_If_enabled_you_will_|开启后，即使你并未参与，也会收到恋情曝光的消息。
qstr_Effects_player_and_a|影响战斗中的玩家及友军
qstr_When_the_player_make|玩家发出战吼（T键）时，玩家控制的角色会做出欢呼动作。^^{s8}
qstr_Auxiliar_player_feat|玩家接管士兵功能
qstr_Effects_player_after|在玩家阵亡后生效
qstr_Instead_of_the_death|玩家将接管自己队伍中一名尚存士兵，代替死亡镜头。^^{s8}
qstr_Your_army_needs_regu|你的军队需要定期在聚落或营地休整。缺乏休息会降低部队士气，休息则会提升士气。在营地休息不如在聚落休息，驻留聚落时还会获得额外士气加成。
qstr_Your_enemies_will_ca|敌人造成双倍伤害，而你只能造成一半伤害。
qstr_Add_decapitation_to_|在战斗中加入斩首效果。
qstr_If_enabled_you_can_i|开启后，如果物品管理或掠夺技能高于2级，就能自动管理同伴的装备。
qstr_The_divisions_of_the|玩家军队各分队将不再采用盾墙、楔形阵或方阵，包含这些选项的F4菜单也不会显示。^^玩家命令队列靠拢，超过肩并肩横列所需的紧密程度时，始终会采用默认列阵。
qstr_When_multiple_divisi|同时部署多个分队时，它们会面向敌军中央。若关闭此项，则按玩家部署时的朝向排列，不过单个分队仍会转向敌军。^^例如，关闭此项且玩家背向来敌时，步兵会部署在右翼，而非左翼。
qstr_Set_how_much_damage_|设置你的角色承受的伤害。
qstr_Set_how_much_damage_i|设置你的军队承受的伤害。
qstr_Set_how_well_troops_|设置士兵的战斗水平。新手级别的表现最差。
qstr_Campaign_AI_affects_|战役AI影响游戏的许多方面，例如：^- 匪徒队伍规模^- 战斗中的声望损失^- 招募领主的几率^- 税收^- 领主获得援军的方式^- 领主回应玩家请求的方式
qstr_Set_the_running_spee|设置战斗中士兵的奔跑速度。^^{s8}
qstr_Realism_feature|真实度功能
qstr_If_enabled_troops_ma|开启后，士兵可能不会立即死亡，而是根据所受伤害倒地负伤。如果伤害超过40，即使用的是钝器，也会死亡。
qstr_If_enabled_you_will_r|开启后，联盟、防御条约、互不侵犯条约、贸易协定和停战协议到期时，都会显示通知菜单。
qstr_The_player_may_recei|玩家可能在战斗中受到特定的严重创伤。大城镇的医师可收费治疗，治疗后伤势会在几天内痊愈，负面效果随之消除。如果一段时间内不治疗，伤口就会变成伤疤，负面效果也将永久保留。
qstr_Sets_the_player_as_c|将玩家设为所选分队的指挥官。下达坚守或跟随命令时，该分队会紧靠玩家左后方部署（楔形阵则让玩家位于尖端）。适合用于护卫分队。
qstr_Village_raid_notific|村庄遭劫掠通知菜单
qstr_If_enabled_you_recie|开启后，你的村庄遭劫掠时会显示通知菜单。
qstr_Senate_meetings_notif|元老院会议通知菜单
qstr_If_enabled_you_reciev|开启后，召开元老院会议时会显示通知菜单。
qstr_If_enabled_up_to_fou|开启后，当你在酒馆、街道等处步行时，最多四名同伴会随行。
qstr_If_enabled_you_will_re|开启后，空缺行省或封地任命总督或领主时，你会收到通知。菜单中可使用影响力，按你的意愿改变结果。
qstr_Enemies_spotted_mess|发现敌军消息
qstr_If_enabled_you_will_rec|开启后，附近聚落或设有传信站的聚落发现敌军时，你会收到通知。
qstr_If_enabled_Ai_and_pl|开启后，AI与玩家都能在战斗中使用盾击。
qstr_Lord_gift_Messages|领主赠礼消息
qstr_If_enabled_you_will_reci|开启后，领主向其君主赠送礼物时，你会收到通知。
qstr_Display_province_nam|显示行省名称
qstr_Normal_Names:^Settle|普通名称：^聚落名称与先前版本相同。^准确行省名：^在聚落名称中显示行省名，例如：卢泰西亚 -> 卢泰西亚（卢格敦高卢）。^简化行省名：^显示较简略、较宽泛的行省名，例如：卢泰西亚 -> 卢泰西亚（GL），GL代表高卢（缩写可在游戏概念中查看）。
qstr_Choose_a_campaign_ty|选择战役类型
qstr_Story:_Take_part_in_|剧情：参与史诗故事。^沙盒：经典骑砍沙盒战役。^领主沙盒：以领主身份开局的沙盒战役。^君王沙盒：以国王身份开局的沙盒战役。
qstr_Go_back|返回
qstr_You_can_tweak_some_o|如果对默认战斗不满意，^可以调整下列部分变量。
qstr_Battleratio_Multipli|兵力比系数
qstr_Moralshock_Multiplie|士气冲击系数
qstr_Runaway_Threshold|溃逃阈值
qstr_Morale_Modifier_I|士气修正I
qstr_Morale_Modifier_II|士气修正II
qstr_Field_battle_reinfor|野战增援
qstr_Heroes_effect_morale|英雄影响士气
qstr_Ranged_troop_penalty|远程部队惩罚
qstr_Morale_recovery|士气恢复
qstr_Morale_messages__deb|士气消息（调试）
qstr_Double_reinforcement|攻城时增援翻倍
qstr_Battleratio_Multiplie|兵力比系数：{reg0}
qstr_Tweak|调整
qstr_The_battleratio_is_u|兵力比用于决定战场上的士兵是否逃跑。提高此值，会让兵力处于劣势的士兵更容易逃跑；降低则让士兵更不容易逃跑。（默认6000）
qstr_Moralshock_Multiplier|士气冲击系数：{reg0}
qstr_Increasing_this_valu|提高此值，会加重短时间大量伤亡造成的士气惩罚。（默认30）
qstr_Runaway_Threshold:_{|溃逃阈值：{reg0}
qstr_The_higher_the_value|此值越高，士兵开始溃逃时的士气阈值越低。阈值越低，士兵越不容易逃跑。（默认10）
qstr_Morale_Modifier_I:_{|士气修正I：{reg0}
qstr_This_modifies_the_mo|此值修正击杀敌军带来的士气收益。每当一名敌人死亡，击杀者及其友军都会提升士气。设为0则完全没有效果。（默认1）
qstr_Morale_Modifier_II:_|士气修正II：{reg0}
qstr_This_modifies_the_mor|此值修正损失士兵造成的士气变化。每当一名友军死亡，其他友军都会受到士气惩罚。设为0则完全没有效果。（默认-4）
qstr_Number_of_reinforcem|战斗中的增援次数（不含攻城）：{reg0}
qstr_Sets_the_number_of_r|设置野战中的增援次数（不含攻城）。
qstr_Morale_effect_of_lea|领袖对士气的影响（同伴与领主）
qstr_If_enabled_the_lose_|开启后，领袖（领主、同伴、玩家）倒下，会使友军士气下降，敌军士气上升。此外，AI领袖会在友军士兵阵亡时鼓舞附近部队。（默认开启）
qstr_Ranged_troop_morale_|远程部队士气惩罚
qstr_Missle_troops_reciev|远程士兵进入近战时会受到士气惩罚。（默认开启）
qstr_If_enabled_morale_wi|开启后，士气每三秒恢复一次，恢复速度取决于存活友军人数。（默认开启）
qstr_Morale_messages|士气消息
qstr_Debug_Option|调试选项
qstr_If_enabled_you_can_r|开启后，按“K”键可接收战场上各士兵的士气消息；士兵开始溃逃时也会收到消息。（应关闭，否则会大量刷屏。）
qstr_Will_double_the_rein|攻城战的增援翻倍，因此大规模攻城战会持续更久。
qstr_Select_a_unit|选择兵种
qstr__Click_on_the_name_t|（点击名称选择兵种，再次点击查看详情）
qstr_Your_party_informati|你的部队信息：
qstr_Party_size:_{reg1}_m|部队人数：{reg1}人，薪饷：{reg2}第纳尔，^人数上限：{reg3}人。你的金钱：{reg4}第纳尔。
qstr_officers|军官
qstr_nobles|贵族
qstr_Available_{s12}:_{re|可用{s12}：{reg2}。
qstr_Available_recruits:_|可用新兵：{reg2}。
qstr_Selected_troop:_{s2}|所选兵种：{s2}
qstr_Wage:_{reg40}_denars|薪饷：{reg40}第纳尔。招募费用：{reg41}第纳尔。
qstr_Nobles:|贵族：
qstr_Soldiers:|士兵：
qstr_Custom_Troops:|自定义兵种：
qstr_Officers:|军官：
qstr_Recruit_{reg43}_troo|花费{reg44}第纳尔招募{reg43}名士兵。
qstr_Recruit|招募
qstr_There_are_not_enough|可用新兵不足！
qstr_You_don_t_have_enoug|你的部队空位不足，或金钱不足！
qstr_Overview|概况
qstr_Hint:^The_next_promo|提示：^完成第{reg0}个事件，且进度点数超过{reg2}后，才会获得下一次晋升。你目前处于第{reg21}个事件。在推进到第{reg0}个事件之前，累计进度点数上限为{reg3}。
qstr_Commander:_{s19}|指挥官：{s19}
qstr_Relation:_{reg0}|关系：{reg0}
qstr_Enlisted_Legion:_{s2|所属军团：{s20}
qstr_Current_Rank:_{s21}|当前军阶：{s21}
qstr_Troops_you_can_comma|可指挥兵力：{reg50}
qstr_Promotion_progress:_|晋升进度：{s1}
qstr_Event_progress:_{reg|事件进度：{reg21}/{reg23}
qstr_Total_days_in_servic|服役总天数：{reg20}
qstr_Current_Wage:_{reg23|当前薪饷：{reg23}第纳尔。
qstr_Next_pay_day:_{s25}|下次发饷日：{s25}
qstr_Legion_s_troops|军团兵力
qstr_Total:_{reg26}|总计：{reg26}
qstr_Done|完成
qstr_Settlement_Overview|聚落概况
qstr_Hint:_Press_on_the_S|提示：点击聚落名称，管理其^建筑、敕令等。
qstr_Edicts|敕令
qstr__Selected_Auxiliar_u|所选辅助军部队：{s20}
qstr_Hint:_Select_the_coh|提示：选择你将指挥的大队。
qstr_Preview:|预览：
qstr_Auxiliar_cohort|辅助军大队
qstr_You_haven_not_select|你尚未选择部队！
qstr_Selected_Legion:_{s2|所选军团：{s20}
qstr_Hint:_Select_the_leg|提示：选择你将指挥的军团。
qstr_Legions|军团
qstr_{s10}_is_dismissed_f|{s10}已被免职！
qstr_Legions_of_Rome|罗马军团
qstr_Hint:_You_can_sugges|提示：你可以提议更换某个军团的军团长，但无法提议更换禁卫军统领。点击你想更换的军团长姓名即可。
qstr_Hint:_You_can_change|提示：点击军团长姓名可更换军团长；点击相应城镇名称可更改军团驻地。你也可以解散现有军团。
qstr_Hint:_You_can_only_c|提示：只有与你的军事顾问交谈时，才能更换军团长或解散军团。顾问位于奥古斯都宫。
qstr_Legion/Auxiliar|军团/辅助军
qstr_Legate/Tribune|军团长/军团保民官
qstr_Personality|性格
qstr_Headquarter|驻地
qstr_State|状态
qstr_You.|你。
qstr_Inactive|未启用
qstr_Size:_{reg4}_men.|人数：{reg4}。
qstr_DISBAND|解散
qstr_IN_BATTLE|交战中
qstr_Raise|组建
qstr_Not_created_yet.|尚未组建。
qstr_Generating_Map|正在生成地图
qstr_Can_t_disband_the_le|军团正在战斗，无法解散！
qstr_The_{s23}_which_is_a|附属于军团的{s23}仍在战斗，暂时无法解散军团！
qstr_{s49}_is_dismissed_f|{s49}已被免职。
qstr_The_{s52}_has_been_d|{s52}已解散！
qstr_The_{s23}_has_been_d|{s23}已解散！
qstr_You_cannot_change_th|军团正在战斗，无法更换军团长！
qstr_Can_t_disband_the_au|辅助军部队正在战斗，无法解散！
qstr_The_{s5}_has_been_di|{s5}已解散！
qstr_You_cannot_change_the|大队正在战斗，无法更换军团保民官！
qstr_The_legions_headquar|军团驻地位于{s20}
qstr_The_legion_has_no_he|军团没有驻地。
qstr_{s20}_is_the_current|现任军团长是{s20}。{s23}。
qstr_You_are_the_current_|你是现任军团长。{s23}。
qstr_The_legion_has_no_le|军团没有军团长。{s23}。
qstr_You_can_select_a_new|你可以为{s22}选任新的军团长。{s21}
qstr_You_can_suggest_anot|你可以为{s22}提议另一位军团长。{s21}你的影响力：{reg23}。
qstr_Current_relation_wit|与军团长的当前关系：{reg20}。军团长性格：{s22}。
qstr_Hint:_To_change_the_|提示：点击对应人物的画像，更换军团长！
qstr_Available_nobles_and|可选贵族与同伴：
qstr_{s22}_relation:_{reg|{s22}，关系：{reg20}
qstr_Personality:_{s22}|性格：{s22}
qstr_Influence_cost:_{reg|影响力花费：{reg0}
qstr_{s51}_is_the_new_leg|{s51}成为{s52}的新任军团长！
qstr_The_{s5}_is_part_of_|{s5}隶属于{s19}，驻地位于{s20}
qstr_The_{s5}_is_part_of_{|{s5}隶属于{s19}，后者目前没有驻地。
qstr_{s20}_is_the_current_|现任军团保民官是{s20}。{s23}。
qstr_You_are_the_current_t|你是现任军团保民官。{s23}。
qstr_The_legion_has_no_tr|军团没有军团保民官。{s23}。
qstr__You_can_select_a_ne|你可以为{s5}选任新的军团保民官。{s21}
qstr__You_can_suggest_ano|你可以为{s5}提议另一位军团保民官。{s21}你的影响力：{reg23}
qstr_Current_relation_with|与军团保民官的当前关系：{reg20}。军团保民官性格：{s22}
qstr_Hint:_To_change_the_t|提示：点击对应人物的画像，更换军团保民官！
qstr_{s51}_is_the_new_tri|{s51}成为{s5}的新任军团保民官！
qstr_You_can_change_the_h|点击相应城镇，可更改{s1}的驻地。目前驻地在{s2}，以鹰旗标记。其他军团驻地以金点标记。
qstr_Current_headquarter.|当前驻地。
qstr_{s1}_is_the_new_head|{s1}成为{s2}的新驻地
qstr__You_can_influence_t|你可以影响元首，更换总督
qstr_Hint:_Only_imperial_|提示：这里只显示皇帝行省，元老院行省由元老院管理。
qstr_Province|行省
qstr_Governor|总督
qstr_Change_Governor__Use|更换总督（使用影响力）
qstr_You_can_influence_th|你可以影响元老院，更换总督
qstr_Click_on_the_provinc|点击行省名称，将其转为皇帝行省。
qstr_Hint:_Only_senatoria|提示：这里只显示元老院行省，皇帝行省由元首管理。{s0}
qstr_Change_Governor__sen|更换总督（元老院支持）
qstr__Province_List_|行省列表
qstr_Hint:_You_can_select|提示：你只能为皇帝行省选任新总督。元老院会自动为元老院行省任命总督。点击行省类型，可将皇帝行省转为元老院行省。要将元老院行省转为皇帝行省，必须亲赴元老院。
qstr_Type|类型
qstr_Senatorial|元老院行省
qstr_Imperial|皇帝行省
qstr_Change_Governor|更换总督
qstr_Assign_Governor|任命总督
qstr_Due_to_the_civil_war|内战导致该行省陷入动荡。
qstr_It_is_not_possible_t|现在无法更换总督。
qstr_Can_t_grant_capital!|不能授予首都！
qstr_Currently_the_provin|该行省目前由{s20}治理。
qstr_Currently_the_provinc|该行省目前由你治理。
qstr_The_province_has_no_|该行省没有总督。
qstr__You_can_select_a_new|你可以为{s22}选任新总督。{s21}
qstr_Current_relation_with_|与总督的当前关系：{reg20}。总督性格：{s22}
qstr__Do_you_wish_to_appo|是否任命{s40}为{s22}总督？
qstr_Current_governor:_{s|现任总督：{s30}。^关系：{reg20}。^性格：{s22}
qstr_Current_governor:_{s3|现任总督：{s30}（你）。
qstr_Choice:_{s33}.^Relat|候选人：{s33}。^关系：{reg20}。^性格：{s22}
qstr_Choice:_{s33}__you_.|候选人：{s33}（你）。
qstr_{s0}_Thus_replacing_|{s0}因此，替换现任总督会降低你与他的关系。
qstr_Accept|接受
qstr_Are_you_sure_you_wan|确定要将{s22}转为元老院行省吗？
qstr_Currently_the_province|该行省目前由{s20}治理。现任总督会再任职一年，之后由元老院选出新总督。
qstr_Currently_the_province_|该行省目前由你治理。你将再任职一年，之后由元老院选出新总督。
qstr_A_hint_from_your_adv|顾问提醒：元老院行省通常比皇帝行省更腐败，因为无法派财务官巡查。此外，事件中的可选方案也会受限。
qstr_Are_you_sure_you_want|确定要将{s22}转为皇帝行省吗？^所需元老院支持：66%。当前元老院支持：{reg10}。
qstr_Currently_the_province_i|该行省目前由{s20}治理。现任总督将继续任职，直到你将其更换。
qstr_Currently_the_province_is|该行省目前由你治理。你将继续任职，直到自行更换总督。
qstr_The_province_has_no_g|该行省没有总督，你需要选任一位。
qstr_You_need_more_senate|你需要更多元老院支持！
qstr_The_senate|元老院
qstr__You_can_also_select|如果尚未担任总督，你也可以选择自己接受这份荣誉。
qstr_{s23}_decided_that_{|{s23}决定将{s22}的总督职位授予{s40}。你可以用影响力改变决定。点击人物画像，即可选其为新总督。你的影响力会相应减少。{s1}{s0}
qstr_Senate_support:_{reg|元老院支持：{reg22}
qstr_Influence:_{reg22}|影响力：{reg22}
qstr_Canditate:_{s30}.^Re|候选人：{s30}。^关系：{reg20}。^性格：{s22}
qstr_You_don_t_have_enough|你的影响力不足！
qstr_{s40}_is_currently_g|{s40}目前是{s22}总督。你可以用影响力任命新总督。^经济信息：{s0}
qstr_Your_influence:_{reg|你的影响力：{reg22}
qstr_{s40}_is_currently_go|{s40}目前是{s22}总督。你可以用元老院支持任命新总督。经济信息：{s0}
qstr_Your_senate_support:|你的元老院支持：{reg22}
qstr_{s30}.^Relation:_{re|{s30}。^关系：{reg20}。^性格：{s22}
qstr_Senate_support_cost:|元老院支持花费：{reg0}
qstr_Unassigned|未分配
qstr_Show_unassigned|显示未分配
qstr_Show_All/None|显示全部/不显示
qstr_None2|无2
qstr_OK|确定
qstr_Show_faction:|显示阵营：
qstr_Grant_fief_to...|将封地授予……
qstr_Province_List|行省列表
qstr_Help|帮助
qstr_Prosperity:_{reg1}^{|繁荣度：{reg1}^{s3}
qstr_Capital:_{reg1}^{s3}|首都：{reg1}^{s3}
qstr_Province:_{s1}__{s22|行省：{s1}（{s22}）^{s3}
qstr_Selected_lord_has_no|所选领主没有封地。
qstr_Check_4|检查4
qstr_The_province_is_sena|该省是元老院行省，你不能更换其总督。
qstr_Unassigned_settlemen|未分配的聚落不属于你的王国！
qstr_{s1}_is_granted_to_{|{s1}已授予{s0}。
qstr_Tutorial|教程
qstr_Press_ESCAPE_to_leav|按ESC键离开
qstr_PILOS_Studios|PILOS工作室
qstr_presents|呈献
qstr_AUT_CAESAR_AUT_NIHIL|AUT CAESAR AUT NIHIL（要么成为凯撒，要么一无所有）
qstr_Legendary_items_that|这里展示可在游戏中找到的传奇物品。^选择物品，可查看其说明。
qstr_The_player_can_t_hav|玩家无法拥有此物品！
qstr_You_haven_t_found_th|你尚未找到此物品。
qstr_You_have_discovered_|你于{s1}发现此物品。
qstr_You_don_t_have_this_|物品栏中没有此物品。
qstr_You_have_this_item_i|物品栏中有此物品。
qstr_You_have_this_item_o|此物品位于你的第二套装备中。
qstr_You_are_currently_we|你目前正穿戴此物品。
qstr_No_item_is_selected.|未选择物品。
qstr_Go_back.|返回。
qstr_One_Handed_Weapons|单手武器
qstr_Two_Handed_Weapons|双手武器
qstr_Polearms|长杆武器
qstr_Missile_Weapons|远程武器
qstr_Shields|盾牌
qstr_Helmets_and_Caps|头盔与帽子
qstr_Armours_and_Tunics|护甲与长袍
qstr_Boots|靴子
qstr_Gloves_and_Rings|手套与戒指
qstr_You_can_order_to_imp|你可以订购坐骑。坐骑需一至十天送达。选中坐骑，放到下方位置即可。
qstr_Your_personal_latifu|你的私人庄园养马人的价格，比城里普通商人更便宜。
qstr_{s33}_The_selected_m|{s33}所选坐骑来自外来文化，因此进口更昂贵。
qstr_{s33}_The_mount_will|{s33}坐骑将从{s22}附近的饲养人处进口。
qstr_{s1}^^Selected_mount|{s1}^^所选坐骑：{s2}。基础价格：{reg22}。进口费用：{reg23}。总费用：{reg24}。进口时间：{reg25}天。^^{s33}
qstr_You_can_order_to_cra|你可以订做任何想要的物品，制作需二至七天。由于铁匠要采购全部材料，总价会远高于显示的价格。选中物品，放到下方位置即可。
qstr_Your_personal_latifun|你的私人庄园铁匠，比城里的普通铁匠更便宜。
qstr_As_he_is_a_weapon_pr|他专做武器，因此制作护甲需额外付费！
qstr_As_he_is_an_armour_p|他专做护甲，因此制作武器需额外付费！
qstr_{s33}_The_selected_i|{s33}所选物品来自外来文化，因此获取材料更昂贵。
qstr_{s1}^^Selected_item:|{s1}^^所选物品：{s2}。基础价格：{reg22}。材料费用：{reg23}。总费用：{reg24}。制作时间：{reg25}天。^^{s33}
qstr_Modifier:|品质修饰：
qstr_Heavy|重型
qstr_Spirited|活泼
qstr_Champion|冠军
qstr_Thick|厚实
qstr_Reinforced|加固
qstr_Sturdy|结实
qstr_Hardened|硬化
qstr_Lordly|极品
qstr_Strong|强力
qstr_Balanced|平衡
qstr_Tempered|精钢
qstr_Masterwork|大师级
qstr_Large_Bag|大袋
qstr_Order_it.|订购。
qstr_You_ordered_an_item!|你订购了一件物品！
qstr_Item_selection|物品选择
qstr_Troop_inventory|士兵物品栏
qstr_Item_type:|物品类型：
qstr_Horses|马匹
qstr_Standards_and_Instru|军旗与乐器
qstr_Item_culture:|物品文化：
qstr_Ancient_Greek|古希腊
qstr_All|全部
qstr_Select_item_modifier|选择物品品质修饰：
qstr_Singular_Name:|单数名称：
qstr_Plural_Name:|复数名称：
qstr_Gender:|性别：
qstr_Male|男
qstr_Female|女
qstr_Change_Name|更改名称
qstr_Change_Banner|更改旗帜
qstr_You_can_customize_th|点击士兵，可自定义其装备和名称。
qstr_Select_a_military_un|点击名称，选择一支军事部队。
qstr_Your_party_informatio|你的部队信息
qstr_Party_size:_{reg1}_me|部队人数：{reg1}人。^薪饷：{reg2}第纳尔。^人数上限：{reg3}人。^你的金钱：{reg4}第纳尔。^大队上限：{reg5}个大队。
qstr_Imperial_treasury_fu|帝国国库资金：{reg2}。
qstr_Manage_your_cohorts|管理你的大队
qstr_Selected_unit:_{s5}|所选部队：{s5}
qstr_Available_military_u|可用军事部队：
qstr_Not_enough_party_spa|部队空位不足
qstr_Not_enough_{s4}_avai|行省内可用{s4}不足。
qstr_Not_enough_recruits_|行省内可用新兵不足。
qstr_Not_enough_mercenari|行省内可用佣兵不足。
qstr_You_recruited_a_{s5}|你招募了一支{s5}
qstr_{reg6}_denars_were_t|遵照你的命令，帝国国库支出{reg6}第纳尔，用于雇用{s5}。
qstr_You_reached_the_maxi|你已达到可指挥的大队上限。
qstr_You_have_{reg22}_{re|你的队伍中有{reg22}{reg0?个大队:个大队}。
qstr_Disband_ALL|全部解散
qstr_Refresh_ALL|全部补员
qstr_Add_to_Garrison|加入驻军
qstr_Refresh|补员
qstr_Disband|解散
qstr_Military_units_of_yo|你队伍中的军事部队：
qstr_{reg0}._cohort^{s5}|第{reg0}大队^{s5}
qstr_There_are_{reg22}_{r|城里驻扎着{reg22}{reg0?个大队:个大队}。
qstr_Town_information|城镇信息
qstr_Party_size:_{reg1}_men|部队人数：{reg1}人。^部队薪饷：{reg2}第纳尔。^城镇卫队预算：{reg4}第纳尔。
qstr_Manage_your_Cohorts|管理你的大队
qstr_Add_to_Main_Party|加入主队
qstr_Military_units_in_to|城内军事部队：
qstr_You_cannot_add_the_l|不能将本地城镇卫队加入你的队伍。
qstr_Not_enough_space_in_|你的部队空位不足。
qstr_You_cannot_disband_t|不能解散本地城镇卫队。
qstr_Imperial_budget_repo|帝国预算报告。
qstr_Total_actual_income/|实际总收支。
qstr_Expected_income/expe|预计收支。
qstr_Weekly_expected_taxe|依据经济信息估算的每周税收
qstr_Settlement|聚落
qstr_Wealth|财富
qstr_Expected_Tax|预计税收
qstr_Total:_|总计：
qstr_Weekly_expected_legi|预计每周军团与辅助军薪饷
qstr_Unit|部队
qstr_Wage|薪饷
qstr_Weekly_expected_garr|预计每周驻军薪饷
qstr_Garrison_Size|驻军人数
qstr_Income_as_delivered_|收税官上缴的收入
qstr_Tax_type|税收类型
qstr_Tax/Tribute|税金/贡金
qstr_Emperor_s_grants:_|皇帝拨款：
qstr_Spendings_as_account|官员核算的支出
qstr_Spending_type|支出类型
qstr_Amount|金额
qstr_Emperor_s_spending:_|皇帝开销：
qstr_Expected_netto_incom|预计净收入：
qstr_Netto_income:_|净收入：
qstr_Current_treasury:_|当前国库：
qstr_Current_debts:_|当前债务：
qstr_New_treasury:_|结算后国库：
qstr_New_debts:_|结算后债务：
qstr_Year_68_AD__Four_Cae|公元68年（四凯撒之年）
qstr_Selected:_{s1}|所选：{s1}
qstr_Your_faction_{s2}_is|你的阵营{s2}采用{s1}文化。^^{s0}
qstr_Character_informatio|角色信息
qstr_Age:_{reg1}|年龄：{reg1}
qstr_Return|返回
qstr_Continue|继续
qstr_Rulers:|统治者：
qstr_Select_a_king!|选择一位国王！
qstr_Back|返回
qstr_Character_Creation|创建角色
qstr_Background:|背景：
qstr_Culture:|文化：
qstr_Man|男性
qstr_Woman|女性
qstr_Status:|身份：
qstr_Slave|奴隶
qstr_Freeman|自由民
qstr_Lesser_Noble|低阶贵族
qstr_Body_Build:|体格：
qstr_Agile|敏捷
qstr_Weak|虚弱
qstr_Mind:|心智：
qstr_Genius|天才
qstr_Shrewd|精明
qstr_Normal|普通
qstr_Dull|迟钝
qstr_Biography:|生平：
qstr_Stat_Changes:|属性变化：
qstr_Str|力量
qstr_Agi|敏捷
qstr_Int|智力
qstr_Cha|魅力
qstr_Gold|金钱
qstr_Renown|声望
qstr_One_Handed|单手武器
qstr_Two_Handed|双手武器
qstr_Bows|弓箭
qstr_Ballista|弩炮
qstr_Throwing|投掷
qstr_Your_side|我方
qstr_Enemy_Side|敌方
qstr_Leave|离开
qstr_Surrender|投降
qstr_Cover_the_retreat.|掩护撤退。
qstr_[Try_to_end_current_|[尝试结束当前战斗。]
qstr_Auto_calculate_battl|自动计算战斗
qstr_Lead_the_boarding|率领接舷战
qstr_Lead_the_charge|率队冲锋
qstr_Lead_the_defence|率队防守
qstr_Ambush_the_defend|伏击守军
qstr_Tactical_Options|战术选项
qstr_Game_Settings|游戏设置
qstr_You_have_been_ambush|你遭到了伏击！
qstr_You_have_ambushed_th|你伏击了敌军！
qstr_A_bug_happened!|发生了程序错误！
qstr_You_need_to_have_50_|至少需要50人，才能使用指挥面板。
qstr_The_hall_stands_empt|大厅此刻空无一人。
qstr_With_whom_do_you_lik|你想和谁交谈？
qstr_Request_an_audience_|请求会见某人……
qstr_{s20}__rel:_{reg0}_|{s20}（关系：{reg0}）
qstr_A_servant_of_{s58}_a|{s58}的一名仆人走来，告诉你{reg4?她:他}目前不愿与你交谈。^^提示：你们的关系太紧张了。可以进入大厅，尝试直接与{reg4?她:他}交谈。
qstr_Information|信息
qstr_A_meeting_with_{s58}|已安排与{s58}会面。
qstr_There_are_currently_|此港口目前没有客船。
qstr_There_are_currently_n|此港口目前没有能够同时运送你的队伍，以及商人全部货物的客船。^^提示：先完成“护送商人”任务。
qstr_There_are_currently_no|此港口目前没有能够运送元帅及其全军的客船。^^提示：元帅不能乘运输船旅行，请使用自己的舰队！
qstr_One_may_travel_to_po|可以前往地中海各港口。
qstr_One_may_travel_to_por|可以前往黑海各港口。
qstr_Start_the_journey.|开始旅程。
qstr_ou_don_t_have_enough|你的钱不够！
qstr__and_your_troops|及你的部队
qstr_There_is_a_ship_that|有艘船可以花费{reg1}第纳尔，将你{s3}送往{s1}港。
qstr_ERROR:_NOT_enough_ma|错误：市长数量不足！
qstr_ERROR:_NOT_enough_vi|错误：村长数量不足！
qstr_Spearmen|矛兵
qstr_Skirmishers|散兵
qstr_Horse_Archers|骑射手
qstr_Support|支援
qstr_Companions|同伴
qstr_Legio_XXII_Deiotaria|第XXII德约塔鲁斯军团
qstr_Rescue_Mathildiz.|救出玛蒂尔迪兹。
qstr_Locked_door.|门锁着。
qstr_Clean_the_toilet.|清扫厕所。
qstr_Undress_yourself.|脱去衣物。
qstr_Dress_yourself.|穿上衣物。
qstr_GAME_HAS_NOTICED:_Yo|游戏已检测到：你正在作弊！
qstr_ERROR_in_script_game|脚本 game event simulate battle 错误：玩家队伍作为进攻方受到损伤！
qstr_ERROR_in_script_game_|脚本 game event simulate battle 错误：玩家队伍作为防守方受到损伤！
qstr__near_{s10}|在{s10}附近
qstr_Your_caravan_sending|你将{s12}运往{s13}的商队{s10}遭到了劫掠！
qstr_Your_messenger_on_th|前往{s13}的信使{s10}遭到了伏击！
qstr_Your_soldiers_patrol|在{s13}巡逻的士兵{s10}被击败了！
qstr_A_scout_trying_to_ga|一名试图搜集{s13}情报的侦察兵{s10}被杀了！
qstr_The_{s44}_was_defeat|{s44}被击败了！
qstr_Your_companion_{s44}|你的同伴{s44}被击败了。
qstr_Your_grain_transport|你的运粮队被击败了！必须重新组织一支。
qstr_Rebels_were_defeated|叛军被击败，帝国稳定度提升。
qstr_{s1}_escapes_togethe|{s1}与你一起逃脱。
qstr_{s1}_of_{s3}_was_def|{s3}的{s1}战败，但成功逃脱。
qstr_The_rebellion_in_{s6|{s67}的叛乱成功了！
qstr_{s1}_is_now_a_prison|{s1}现在是{s2}的俘虏。
qstr_Traits:_Vir_triumpha|特质：凯旋将领。^
qstr_{s49}^Family:|{s49}^家族：
qstr_{s49}^^Lover:_{s12}.|{s49}^^情人：{s12}。
qstr_{s49}^^Affairs:^|{s49}^^恋情：^
qstr_{s12}_and_{s11}|{s12}与{s11}
qstr_{s54}_is_the_ruler_o|{s54}是{s56}的统治者。
qstr_From_Olymp_she_looks|她从奥林匹斯山俯瞰世界。
qstr_Currently_he_lives_i|他目前住在罗马。
qstr_Currently_he_lives_in|他目前住在亚历山大里亚。
qstr_He_travelles_around_|他周游世界，参加竞技场比武。
qstr_{s0}^^Age:_{reg20}._|{s0}^^年龄：{reg20}。声望：{reg21}。
qstr_nowhere|无处
qstr_It_is_a_senatorial_p|这是元老院行省，总督任期大约还有{reg0}天。
qstr_It_is_an_imperial_pr|这是皇帝行省。
qstr_{s57}_and_{s58}|{s57}与{s58}
qstr_{reg3?She:He}|{reg3?她:他}
qstr_Personality:_{reg3?S|性格：{reg3?她:他}似乎是个{s34}的人。
qstr_He_has_the_honorary_|他拥有{s44}的荣誉头衔。
qstr_{s26}^Last_week_he_s|{s26}^上周，他在宫廷、仆从、衣物等方面花费了{reg49}第纳尔。
qstr_{s26}^Last_week_he_sp|{s26}^上周，他为家人花费了{reg50}第纳尔。
qstr_{s26}^Last_week_he_spe|{s26}^上周，他在恋情上花费了{reg51}第纳尔。
qstr_{s26}^Last_week_he_p|{s26}^上周，他缴纳了{reg52}第纳尔帝国税。
qstr_{s26}^Last_week_he_d|{s26}^上周，他向自己的聚落捐赠了{reg53}第纳尔。
qstr_governor|总督
qstr_praefectus_praetorio|禁卫军统领
qstr_legatus_legionis|军团长
qstr_auxiliary_commander|辅助军指挥官
qstr_chieftain|酋长
qstr_vassal|封臣
qstr_noble|贵族
qstr_noblewoman|贵族妇女
qstr_He_commands_the_{s28|他指挥着{s28}。
qstr_{s53}_The_headquarte|{s53}驻地位于{s0}。
qstr_{s53}^^It_has_the_fo|{s53}^^附属辅助军部队如下：
qstr_^{s28}_commanded_by_|^{s28}，由{s0}指挥。
qstr_He_commands_the_{s28}|他指挥的{s28}隶属于{s0}（由{s29}指挥）。
qstr_Cognomina:_{s1}^^{s0|荣名：{s1}^^{s0}
qstr_The_town_of_{s50}|{s50}城
qstr_The_village_of_{s50}|{s52}附近的{s50}村
qstr_{s51}_belongs_to_{s1|{s51}属于{s2}的{s1}，是{reg1?你的首都:你的宫廷所在地}。^
qstr_{s51}_belongs_to_{s1}|{s51}属于{s2}的{s1}，{reg0?她:他}将{reg0?她:他}的宫廷设在此处。^
qstr_{s51}_belongs_to_{s1}_|{s51}属于{s2}的{s1}，{reg0?她:他}将{reg0?她:他}的家安在此处。^
qstr_{s51}_belongs_to_{s1}_o|{s51}属于{s2}的{s1}。^
qstr_{s51}_belongs_to_{s2|{s51}属于{s2}，但尚未授予领主。^
qstr_{s51}_belongs_to_{s2}|{s51}属于{s2}。^
qstr_{s2}Its_market_town_|{s2}其集镇为{s8}。^
qstr_{s7}_and_{s8}|{s7}与{s8}
qstr_{s2}It_has_no_villag|{s2}它没有村庄。^
qstr_{s2}{reg0?Its_villag|{s2}{reg0?其村庄包括:其村庄是}{s8}。^
qstr_{s2}Its_prosperity_i|{s2}繁荣度：{s50}
qstr_{s2}^Treasury_of_the|{s2}^城镇卫队金库：{reg1}第纳尔
qstr_{s2}^Its_wealth_is:_|{s2}^财富：{reg1}
qstr_{s2}^^The_following_|{s2}^^已建成以下建筑：
qstr_{s2}^^The_following_d|{s2}^^已颁布以下法令：
qstr_{s2}^^Province:_{s49|{s2}^^行省：{s49}
qstr_noone|无人
qstr_{s9}_and_{s31}|{s9}与{s31}
qstr_{s9}_and_{s32}|{s9}与{s32}
qstr_{s9}_and_{s10}|{s9}与{s10}
qstr_Domestic_policy:_^^|内政方针：^^
qstr_{s0}^^Treasury:_{reg|{s0}^^国库：{reg1}。债务：{reg2}
qstr_{s5}_has_been_defeat|{s5}已被击败！
qstr_The_{s48}_are_ruled_|{s48}由{s49}统治^^你与其关系：{reg33}^
qstr_Your_realm__not_alli|你的国家（不含盟友和附庸国）必须控制以下聚落：^
qstr_{s0}^{s1}_currently_|{s0}^{s1}目前属于{s2}。
qstr_Aut_Caesar_Aut_Nihil|Aut Caesar Aut Nihil 是一款全面改造模组，改变了原版战团几乎所有方面的玩法。^^本模组还使用了经过修改的 Steam 版 Diplomacy 4.3+。^^有关外交功能的更多信息，请参见：^^{s9}
qstr_{s0}^^A_list_of_all_|{s0}^^所有实用快捷键（战斗与菜单）的列表可在{s10}查看。
qstr_{s0}^^A_list_of_all_c|{s0}^^所有同伴及其位置的列表可在{s10}查看。
qstr_{s0}^^A_list_of_all_p|{s0}^^所有行省、所属聚落及缩写的列表可在{s10}查看。
qstr_{s0}^^At_game_start_|{s0}^^游戏开始时，可以选择在聚落名称中加入行省名称或缩写。所有缩写列表可在{s10}查看。
qstr_{s0}^^^Other_mod_fea|{s0}^^^其他值得关注的模组功能：^^{s9}
qstr_Every_town_fortress_|每座城镇、堡垒和村庄都属于某个行省，可在据点记录中查看。这里提供全部行省及所属聚落的完整列表。^^行省列表：
qstr_{s10}_and_{s9}|{s10}与{s9}
qstr_{s0}^*___{s10}^_____|{s0}^*) {s10}^     包括：{s9}。
qstr_Military_units_you_c|当前可招募的军事部队及其招募地点：^
qstr_List_of_companions:^|同伴列表：^
qstr_In_your_party.|在你的队伍中。
qstr_Currenlty_roaming_ar|目前正在世界各地漫游。
qstr_Is_most_likely_dead.|很可能已经死亡。
qstr_Likely_in_{s2}__{s3}|可能在{s2}（{s3}）。
qstr_Joins_together_with_|与莉吉娅一起加入。
qstr_Joins_during_quest.|在任务期间加入。
qstr_+{reg1}_to_party_mor|部队士气+{reg1}
qstr_Deliver_{reg5}_units|向{s5}运送{reg5}份
qstr_This_arrows_are_pois|这些箭带有毒药，会造成额外伤害。
qstr_The_crown_of_the_kin|波斯国王的王冠，象征权威与统御。^提高统御和说服技能。
qstr_Improves_leadership_|提高统御和说服技能。
qstr_Famous_and_exquisite|著名而精致的香水，是送给女士的绝佳礼物。
qstr_Increases_morale_dur|提升战斗中的士气。
qstr__They_sing_of_him_fi|“英雄之中，人们首先歌颂他”——伟大雷神多纳尔的棍棒。^以黄金制成，饰有纹样，因此十分沉重。^放在物品栏中可提高强击技能。
qstr_The_double_crown_of_|埃及双重王冠。^^提高统御和说服技能。
qstr_A_Carnyx_made_purely|纯金制成的卡尔尼克斯战号。^提高战术技能。
qstr_Over_the_centuries_t|盖塔国王们用数百年积累的宝藏，象征财富。^提高交易技能。
qstr_A_fish_and_the_name_|杯上刻有一条鱼，以及克瑞斯托斯的名字。
qstr_Statue_of_Al_Lat_god|生育女神阿拉特的雕像。^据说，触摸雕像的女人会变得更易生育，但也更加贪吃。^如果你不信奉基督或雅威，可提升部队士气。
qstr_Statue_of_Mithras.^I|密特拉的雕像。^如果你不信奉基督或雅威，可提升部队士气。
qstr_Art_of_poop_by_Poopi|普皮埃努斯所著《大便的艺术》，是一部幽默的笑话与妙语合集，^围绕人人熟悉又令人发笑的厕所主题展开。笔调顽皮而不拘礼法，^这本轻松的小书把日常如厕经历化作令人捧腹的趣事。
qstr_Great_golden_menorah|来自希耶罗索吕马神庙的大型黄金七枝灯台。^如果你信奉雅威，可提升部队士气。
qstr_A_golden_bong.^Incre|黄金水烟壶。^提升部队士气。
qstr_Spatha_of_Arminius._|阿尔米尼乌斯的斯帕塔长剑。剑柄以木材和象牙制成，饰有青铜与黄金。
qstr_Bow_of_African_gods.|非洲诸神之弓。
qstr_Germanic_sword_from_|赫鲁利部落的日耳曼剑，饰有青铜与白银。
qstr_This_sword_is_decora|这把剑饰有青铜、象牙和白银，是芙蕾雅赠予你的礼物。
qstr_Lavishly_decorated_s|装饰华丽的斯帕塔长剑，曾属于第一位元首奥古斯都。
qstr_Lorica_musculata_of_|第一位元首奥古斯都的肌肉胸甲。
qstr_Galea_with_golden_ma|配有黄金面具的头盔。面具使用在条顿堡被杀的罗马士兵的黄金制成。^黄金让这顶头盔十分沉重。
qstr_Increases_party_spee|提高部队的水上速度。
qstr_Whisper_thin_silk_sa|据说曾属于传说中迦太基女王的薄丝，散发着历久不衰的魅力。^士兵们喜欢闻它，因此可提升部队士气。
qstr_A_sea_sponge_fixed_o|绑在木棒上的海绵。什么都能拿它来做，发挥想象吧。
qstr_Forged_by_Hephaestus|赫淮斯托斯锻造的宙斯传奇盾牌。
qstr_Legendary_gladius_of|尤利乌斯·凯撒的传奇罗马短剑。
qstr_A_souvenir_from_Mame|马梅尔提努斯宴会的纪念品。
qstr_The_legendary_pilos_|传奇毡帽式头盔。据说持有它的人就是PILOS教的领袖。
qstr_The_prize_for_winnin|奥林匹克赛会的获胜奖品。
qstr_Forged_by_Vulcanus_t|伏尔甘于数千年前锻造。
qstr_Longinus_pierced_Chr|朗基努斯用这杆长矛刺穿了基督的肋旁。
qstr_Fur_of_the_mighty_li|强大雄狮阿斯兰的毛皮。
qstr_Someone_stung_will_f|被刺中者会爱上第一眼看见的人。
qstr_The_helm_of_Megas_Al|亚历山大大帝的头盔。（统御+1）
qstr_The_armor_of_Megas_A|亚历山大大帝的护甲。（统御+1）
qstr_The_magical_silver_s|奥林迪库斯的魔法银矛，由诸神自天上赐下。
qstr_Requires_{reg1}_inte|阅读需要{reg1}点智力
qstr_Reading_Progress:_{r|阅读进度：{reg1}%
qstr_wound_treament|疗伤
qstr_trainer|教练
qstr_surgery|手术
qstr_first_aid|急救
qstr_pathfinding|向导
qstr_+1_to_{s1}_while_in_|放在物品栏中时，{s1}+1
qstr_item_score:{reg0}_va|物品评分：{reg0}，价值：{reg1}
qstr_Move_here|移动到此处
qstr_View_notes|查看记录
qstr_Accompany|伴随
qstr_Find_landing_point|寻找登陆点
qstr_Attach|合并
qstr_Inspect|检查
qstr_Detach_{s1}_at_{reg1|在{reg1},{reg2}处分离{s1}
qstr_Detach_All|全部分离
qstr_Win_Battle|赢得战斗
qstr_Lose_Battle|输掉战斗
qstr_Player_on_water_with|玩家没有船却位于水上
qstr_Fortuna_Imperatrix_M|福尔图娜，世界的女皇^^啊，命运女神，^如同月亮，^变幻无常……^我哀叹命运的创伤……^^奥维德描绘她是一位以不稳的轮盘承认自身无常的女神；轮盘顶端始终在她摇摆的脚下。
qstr_Tetraites_is_a_famou|特特莱特斯是一位著名的罗马角斗士，以击败名将普鲁德斯而闻名。
qstr_Hermes_is_a_famous_R|赫尔墨斯是一位著名的罗马角斗士，精通多种战斗技艺。著名诗人马提亚尔也曾在《咏著名角斗士赫尔墨斯》中赞美他的本领。
qstr_Flamma_is_a_famous_R|弗拉玛是一位著名的罗马角斗士。“弗拉玛”是他的战斗名，意为“火焰”，无人知晓真名。他原本是叙利亚士兵，被罗马军队俘虏。
qstr_Appuleius_Diocles_is|阿普勒尤斯·狄奥克勒斯是一位著名的罗马赛车手。无数胜利让他富甲一方，声名显赫。
qstr_Scorpus_is_a_famous_|斯科尔普斯是一位著名的罗马赛车手，是赛马场上冉冉升起的新星。
qstr_Marcus_Attilius_is_a|马库斯·阿提利乌斯是一位著名的罗马角斗士。这位新秀屡次击败成名的老牌角斗士。
qstr_Marcus_Valerius_Mart|马库斯·瓦莱里乌斯·马提亚利斯，更广为人知的名字是马提亚尔，是罗马著名诗人、警句诗作家。
qstr_Decimus_Iunius_Iuven|德基穆斯·尤尼乌斯·尤韦纳利斯，更广为人知的名字是尤韦纳尔，是罗马著名诗人、讽刺诗集《讽刺诗》的作者。
qstr_Relation_with_settle|与聚落的关系：{reg1}。
qstr_ERROR_at_do_merchant|错误：do merchant town trade 中有无效的交易队伍
qstr_killed|阵亡
qstr_wounded|受伤
qstr_{s0}^TOTAL:_{reg3}__|{s0}^总计：{reg3}（{s2}）
qstr_^None|^无
qstr_nothing|无
qstr_{reg0}_village{reg1?|{reg0}座村庄{reg1?:}
qstr_{reg0}_castle{reg1?s|{reg0}座城堡{reg1?:}
qstr_{reg0}_castle{reg1?s:|{reg0}座城堡{reg1?:}和{s0}
qstr_{reg0}_town{reg1?s:}|{reg0}座城镇{reg1?:}
qstr_{reg0}_town{reg1?s:}_|{reg0}座城镇{reg1?:}和{s0}
qstr_{reg0}_town{reg1?s:}_{|{reg0}座城镇{reg1?:}，{s0}
qstr_{s0}_will_{reg0?not_|{s0}将{reg0?不:}受你指挥
qstr_{s9}_wants_you_to_re|{s9}要求你继续跟随他的军队，等待进一步通知。
qstr_{s1}_has_a_bugged_sl|{s1}的 slot village farmer party 存在错误（{reg1}），已重置为0。
qstr_{s1}_has_a_bugged_slo|{s1}的 slot center has latifundium 存在错误（{reg1}），已重置为0。
qstr_Praefectus_Praetorio|禁卫军统领
qstr_Legatus|军团长
qstr_Tribunus|军团保民官
qstr_Proconsul|前执政官
qstr_Propraetor|前裁判官
qstr_{s5}_of_the_{s7}_has|{s7}的{s5}取得了{s4}的所有权。
qstr_{s4}_has_been_awarde|{s4}已授予{s7}的{s5}。
qstr_{s1}_of_{s3}_has_bee|{s3}的{s1}获{s2}释放。
qstr_Average_level_of_{s1|{s1}平均等级：{reg22}，人数：{reg33}，支付薪饷总额：{reg0}
qstr_We_have_Croesus_foun|我们找到克罗伊索斯了：{s1}！
qstr_Report_this_event_to|请向模组作者报告此事件！
qstr_{s0}_from_{s1}|来自{s1}的{s0}
qstr__Being_Raided_|（正遭劫掠）
qstr__Deserted_|（已荒废）
qstr__Looted_|（已遭劫掠）
qstr__Under_Siege_|（被围攻）
qstr_Captured_{reg1}_vill|俘获了{reg1}名村民。
qstr_The_village_of_{s1}_|{s1}村被{s2}洗劫了。
qstr_The_village_of_{s1}_h|{s1}村被{s2}劫掠了。
qstr_{reg22}_of_your_pris|你的{reg22}名俘虏在{s40}逃脱了！
qstr_{s2}_now_has_{reg2}_|{s2}劫掠后现有{reg2}第纳尔。
qstr_{s60}_has_been_loote|{s60}遭到劫掠，你无法从当地大庄园收取租金。
qstr_Enemy_is_starving_an|敌军正在挨饿，并出现伤亡。
qstr_{s3}_is_no_longer_un|{s3}的围困已经解除。
qstr_Small_bands_of_enemi|在{s1}附近发现小股敌人。
qstr_Enemy_patrols_spotte|在{s1}附近发现敌军巡逻队。
qstr_Medium_sized_group_o|在{s1}附近发现中等规模敌军。
qstr_Significant_group_of|在{s1}附近发现规模可观的敌军。
qstr_Army_of_enemies_spot|在{s1}附近发现敌军军队。
qstr_Large_army_of_enemie|在{s1}附近发现大批敌军。
qstr_Great_host_of_enemie|在{s1}附近发现敌军大军。
qstr_party_set_ai_state_i|party set ai state 中{s22}队伍无效
qstr_{s1}_does_investment|{s1}在{s2}投资，获得了{reg0}第纳尔。
qstr_TAX_{s1}:_tax_paid_t|税收{s1}：向帝国国库缴纳{reg1}第纳尔（总额{reg2}）
qstr_{s10}_has_enacted_th|{s10}在{s4}颁布了{s30}法令。
qstr_{s10}_has_revoked_th|{s10}在{s4}撤销了{s30}法令。
qstr_{s10}_constructs_a_{|{s10}在{s4}建造{s0}，耗时{reg6}天，费用{reg7}第纳尔。
qstr_{s0}_collects_{reg0}|{s0}从{s4}征收了{reg0}第纳尔，当前财富：{reg1}第纳尔。
qstr_{s10}_hires_{reg2}_{|{s10}在{s4}雇用了{reg2}名{s12}。
qstr_{s10}_upgrades_{s3}{|{s10}在{s4}升级{s3}{s11}（花费{s1}），剩余{reg0}第纳尔。
qstr_{s1}_spends_time_in_|{s1}在{s2}逗留，{reg1} -> {reg2}第纳尔。
qstr_{s1}_has_been_besieg|{s1}被{s3}的{s2}围攻。
qstr_Feast_concludes|宴会结束
qstr_{s1}_is_the_new_mars|{s1}成为{s2}的新元帅。
qstr__Base:_{reg57}.|基础：{reg57}。
qstr_{s72}_Different_cult|{s72}文化不同：-3。
qstr_{s72}_Different_cultu|{s72}文化不同：0。
qstr_{s72}_Piety:_{reg57}|{s72}虔诚：{reg57}。
qstr_{s72}_Piety:_0.|{s72}虔诚：0。
qstr_{s73}_Personality:__|{s73}性格：-3。
qstr_{s73}_Personality:__2|{s73}性格：-2。
qstr_{s73}_Personality:__1|{s73}性格：-1。
qstr_{s73}_Personality:_0|{s73}性格：0。
qstr_{s73}_Reputation_eff|{s73}名誉影响：{reg57}。
qstr_{s73}_Reputation_effe|{s73}名誉影响：0。
qstr_You_gained_{reg12}_r|你获得了{reg12}声望。
qstr_You_lose_{reg12}_ren|你失去了{reg12}声望。
qstr_You_may_lose_your_ho|凯撒对你生气了，你可能失去荣誉头衔！
qstr_Your_relation_with_{|你与{s1}的关系改善了。（+{reg10}）
qstr_Your_relation_with_{s|你与{s1}的关系恶化了。（-{reg10}）
qstr_The_{s1}_will_no_lon|{s1}不再向你进贡！
qstr_The_{s5}_are_a_minor|{s5}是一个小型阵营。
qstr_Your_reputation_chan|你的名誉发生变化。（+{reg10}）
qstr_Your_reputation_chang|你的名誉发生变化。（-{reg10}）
qstr_{s1}_has_declared_wa|{s1}向{s2}宣战了。
qstr_{s35}_will_not_join_|{s35}不会加入{s37}对{s36}的战争，因为也与后者结盟。
qstr_{s15}_will_not_join_|{s15}不会加入盟友{s17}对{s16}的战争。
qstr_{s15}_complies_with_|{s15}遵守与{s17}的防御条约，向{s16}发起进攻。
qstr_{s16}_rebells_agains|{s16}反抗来自{s17}的宗主。
qstr_{s15}_complies_with_i|{s15}遵守与{s17}的盟约，向{s16}发起进攻。
qstr_{s0}_is_laying_siege|{s0}正在围攻{s1}。
qstr_{s0}_is_patrolling_a|{s0}正在{s1}附近巡逻。
qstr_{s0}_is_raiding_arou|{s0}正在{s1}附近劫掠。
qstr_{s0}_is_engaging_{s1|{s0}正在与{s1}交战。
qstr_{s0}_is_accompanying|{s0}正在伴随{s1}。
qstr_{s0}_is_screening_th|{s0}正在掩护{s1}前进。
qstr_{s0}_is_trading_with|{s0}正在与{s1}交易。
qstr_{s0}_is_retreating_t|{s0}正在撤往{s1}。
qstr_{s0}_is_visiting_{s1|{s0}正在拜访{s1}。
qstr_{s1}_and_{s2}_have_m|{s1}与{s2}达成和平。
qstr_{s2}_wants_to_sign_p|{s2}想与{s3}议和，但罗马正值内战，无法执行。
qstr_{s2}_wants_to_declar|{s2}想向{s3}宣战，但罗马正值内战，无法执行。
qstr_{s2}_wants_to_declare|{s2}想向{s3}宣战，但因罗马内战而受阻。
qstr_Parthia_and_Judea_ca|任务进行期间，帕提亚与犹太不能宣战。
qstr_{s8}_wanted_to_attac|{s8}想进攻{s9}，但宗主{s10}拒绝了。
qstr_{s2}_{reg3?was:is_cu|{s2}{reg3?当时位于:目前位于}{s3}。
qstr_{s2}_{reg3?was:is}_t|{s2}{reg3?当时正在:正在}前往{s3}，{reg4?她:他}{reg3?当时位于:应该位于}{s4}附近{reg3?:，这是目前的位置}。
qstr_{s2}_{reg3?was:is}_tr|{s2}{reg3?当时正在:正在}前往{s3}，{reg4?她:他}{reg3?当时位于:应该位于}{s4}与{s1}之间{reg3?:，这是目前的位置}。
qstr_{s2}_{reg3?was:is}_i|{s2}{reg3?当时在:正在}野外，{reg4?她:他}{reg3?当时位于:应该位于}{s3}附近{reg3?:，这是目前的位置}。
qstr_{s2}_{reg3?was:is}_in|{s2}{reg3?当时在:正在}野外，{reg4?她:他}{reg3?当时位于:应该位于}{s3}与{s1}之间{reg3?:，这是目前的位置}。
qstr_{s2}_{reg3?was:is}_b|{s2}{reg3?当时:现在}被囚禁于{s3}。
qstr_{s2}_{reg3?was:has_b|{s2}{reg3?当时被:已被}{reg4?她:他}的敌人俘虏。
qstr_{reg3?{s2}_s_locatio|{reg3?{s2}当时下落不明:我不知道{s2}在哪里}。
qstr_{s6}_has_joined_your|{s6}加入了你的部队。
qstr_elevation:_{reg10}|海拔：{reg10}
qstr_Battle_takes_place_i|战斗发生在山地。
qstr_Battle_takes_place_n|战斗发生在河流附近。
qstr_{s10}_Starts_to_root|{s10}开始溃逃
qstr_You_now_owe_{reg2}_d|你现在欠{s1}{reg2}第纳尔。
qstr_{s0}_will_{reg0?not_:|{s0}将{reg0?不:}受你指挥
qstr_Renown_value_for_thi|此战的声望价值为{reg8}。
qstr_You_have_run_into_a_|你落入了陷阱！
qstr_You_are_attacked_by_|一群{s1}向你发动了袭击！
qstr_One_of_the_attackers|一名袭击者喊道：“有人想让你流血，朋友，哈哈哈！”
qstr_Holding|坚守中
qstr_Following|跟随中
qstr_Charging|冲锋中
qstr_Advancing|前进中
qstr_Falling_Back|后退中
qstr_Standing_Closer|靠拢中
qstr_Spreading_Out|散开中
qstr_Standing|原地坚守中
qstr_N/A|不适用
qstr_Free|自由
qstr_Any_Weapon|任意武器
qstr_Blunt_Weapons|钝器
qstr_Villagers_from_{s1}|来自{s1}的村民
qstr_Your_soldiers_patroll|由于你离开了阵营，在{s51}巡逻的士兵已经{reg6?返回:解散}！
qstr_You_have_been_dismis|你已被免职，不再领取薪饷。
qstr_{s1}_Rebels|{s1}叛军
qstr_Error_hahaha!|出错了，哈哈哈！
qstr_Given_by:_{s62}|交付者：{s62}
qstr_Given_on:_{s60}|接受日期：{s60}
qstr_You_have_{reg0}_days|你有{reg0}天完成此任务。
qstr_This_quest_has_been_|此任务已结束。与{s59}交谈，完成后续事项。
qstr_This_quest_has_been_s|此任务已成功完成。与{s59}交谈，领取报酬。
qstr_This_quest_has_faile|此任务失败了。与{s59}交谈，解释情况。
qstr_At_the_time_quest_wa|接受任务时：^{s1}
qstr_{s60}_is_infested_by|{s60}被匪徒盘踞，你无法从当地大庄园收税。
qstr_{s5}_has_a_strength_|{s5}共有{reg1}人的兵力。
qstr_The_last_time_you_sa|你上次见到{reg1?她:他}时，{s1}
qstr_The_last_time_you_he|你上次听说{reg1?她:他}的消息时，{s1}
qstr_You_heard_that_{reg1|你听说{reg1?他:她}已经去世。
qstr_Current_garrison_con|当前驻军共{reg5}人。^粮食可维持{reg6}天。
qstr_Very_Poor|非常贫穷
qstr_Poor|贫穷
qstr_Average|一般
qstr_Rich|富裕
qstr_Very_Rich|非常富裕
qstr_ZAMB_MAN|ZAMB人
qstr_The_people_are_getti|一个拿着斧头、名叫ZAMB的人正在杀人。警方还没杀死ZAMB人。
qstr_culture_of_building:|建筑文化：{s50}，建造者：{s51}。
qstr_Prosperity_of_{s2}_h|{s2}的繁荣度从{s3}变为{s4}。
qstr_{s4}_looks_upset.|{s4}看起来很不高兴。
qstr_{s10}_is_satisfied_t|{s10}很高兴听说{s11}离开。
qstr_your_party|你的部队
qstr_{reg0?One_of_your_pr|{reg0?你的俘虏之一，:}{s3}的{s1}逃脱了囚禁！
qstr_Invalid_troop_in_scr|脚本 draw banner to region 中出现无效兵种
qstr_You_brought_{reg3}_h|你向{s1}送去了{reg3}头牛。
qstr_I_heard_that_there_w|听说{s62}很快就要举办比武大会。
qstr_I_heard_some_people_|我听一些人说，他们不相信{s6}真的死了。
qstr_I_heard_a_traveller_|我听一位旅人说，他在这片土地之外旅行时遇见了{s6}。
qstr_I_heard_that_one_can|听说在{s63}买{s62}很便宜。
qstr_I_heard_that_they_pa|听说在{s63}卖{s62}能卖出很高的价钱。
qstr_I_have_heard_rumors_|听说凯塞利乌斯·巴苏斯声称知道一处隐藏宝藏的位置，不过需要别人帮忙挖掘。
qstr_It_is_said_that_two_|据说，罗马一个显赫家族的两兄弟发起了一场远征，要开发古埃及的宝藏。但我不确定是真是假。
qstr_People_from_all_over|世界各地的人都来希腊，向德尔斐神谕问询未来。希腊依然是世界之脐！
qstr_I_heard_about_some_k|我听说，有种“生物”藏在……呃，我想是彭圭恩的树林里。对，彭圭恩。人们说那片森林里住着一个女巫。
qstr_You_should_know_that|你应该知道，彭圭恩附近的树林闹鬼，还有精灵……那里还住着一个恶魔。它化身成一个漂亮的小姑娘。穿过树林时可要小心。
qstr_You_should_investiga|你应该调查这个地方。
qstr_I_heard_that_{s22}_i|听说{s22}正在遭受{s0}。{s1}你最好别去那里。
qstr_I_heard_that_{s22}_h|听说{s22}遭到{s0}的严重打击。{s1}
qstr_two_days_ago|两天前
qstr_{s5}_recieves_a_gift|{s5}收到{s6}的礼物。
qstr_{s6}_recieves_a_gift|{s6}收到{s5}的礼物。
qstr_{s21}_is_angry_about|{s21}对{s20}很生气，后者可能失去荣誉头衔！
qstr_{s31}_switched_from_|{s31}从{s33}转投{s32}。
qstr_Error_at_script_add_|脚本 add lady items 出错：{s1}
qstr_The_marshal_is_levyi|元帅正在从你的据点{s10}征召{reg0}名士兵。
qstr__I_am_not_following_|我不随军，因为我是神圣的凯撒。我不想弄脏双手。
qstr__I_am_not_following_t|我不随军，因为我是总督。我对帝国的职责是治理行省，而不是作战。
qstr_DEBUG_:_attack_of_{s|调试：{s8}的进攻值为{reg0}（{reg11}），prs:{reg7}, pow:{reg8}, dis:{reg9}, lst:{reg10}
qstr_{s1}_has_score_{reg1|{s1}对{s2}的评分为{reg1}。
qstr_{s12}_of_{s1}|{s1}的{s12}
qstr_{s12}_of_{s2}|{s2}的{s12}
qstr_{s22}_closest_{s23}|{s22}，最近的{s23}
qstr_Target_=_{s1}_target|目标={s1}，目标兵力{reg1}，行动者={s2}，行动者兵力={reg2}，比率={reg3}，劫掠范围内目标总财富={reg6}
qstr_{s15}:_Strongest_ene|{s15}：最强敌人{s17}，估算兵力比：{reg2}
qstr_Total:_{reg0}|总计：{reg0}
qstr_Belligerent_Drunk|好斗的醉汉
qstr_Famous_Artist|著名艺术家
qstr_Best_threat_of_{s4}_|{s4}的最高威胁等级值为{reg1}。
qstr_No_center_found_to_d|未找到需要防守的据点。
qstr_You_gain_right_to_ru|你的统治权提高了。
qstr_You_lose_right_to_ru|你的统治权降低了。
qstr_{s2}_which_you_order|你在{s4}向{s3}订做的{s2}已经完工。
qstr_The_mount_was_sent_t|坐骑已送给你。
qstr_The_item_was_sent_to|物品已送给你。
qstr_{s2}_which_you_ordere|你在{s4}向{s3}订购的{s2}已经到货。
qstr_equipped_{s10}{s20}|已装备{s10}{s20}
qstr_discarded_{s10}{s20}|已丢弃{s10}{s20}
qstr_{reg0}_denars_added_|国库增加{reg0}第纳尔。
qstr_{reg0}_denars_remove|国库扣除{reg0}第纳尔。
qstr_The_{s1}_have_been_s|{s1}已被{s2}征服。
qstr_Since_{s15}_has_been|由于{s15}已被征服，将与{s16}缔结和平。
qstr_{s15}_complies_with_t|{s15}履行新盟约，向{s16}发起进攻。
qstr_{s1}_and_{s2}_have_e|{s1}与{s2}结成联盟。
qstr_{s1}_and_{s2}_have_c|{s1}与{s2}缔结防御条约。
qstr_{s1}_and_{s2}_have_co|{s1}与{s2}缔结贸易协定。
qstr_{s1}_and_{s2}_have_con|{s1}与{s2}缔结互不侵犯条约。
qstr_dplmc_appoint_chambe|dplmc appoint chamberlain：检测到玩家阵营文化存在问题。
qstr_dplmc_appoint_chance|dplmc appoint chancellor：检测到玩家阵营文化存在问题。
qstr_dplmc_appoint_consta|dplmc appoint constable：检测到玩家阵营文化存在问题。
qstr_{s4}_has_returned_fr|{s4}结束流亡，向{s5}的{s6}寻求庇护。
qstr_{s4}_has_been_grante|{s4}获{s5}的{s6}赦免，结束了流亡。
qstr_Divine_Caesar|神圣的凯撒
qstr_my_love|我的爱人
qstr_You_sold_{reg1}_{reg|你向{s0}卖出{reg1}{reg3?件物品:件物品}，获得{reg0}{reg3?第纳尔:第纳尔}。
qstr_You_sold_{reg1}_{reg3|你向{s0}卖出{reg1}{reg3?件物品:件物品}，获得{reg0}{reg3?第纳尔:第纳尔}。
qstr_You_have_bought_{reg|你购买了{reg2}{reg4?种:种}食物，花费{reg1}{reg3?第纳尔:第纳尔}。
qstr_You_sold_{reg2}_{reg|你卖出了{reg2}{reg4?种:种}腐烂食物，获得{reg1}{reg3?第纳尔:第纳尔}。
qstr_INVALID_CULTURE_IN_s|脚本 dplmc print cultural word to sreg 中出现无效文化。
qstr_axe|斧
qstr_spear|矛
qstr_bow|弓
qstr_gladius|罗马短剑
qstr_axes|斧
qstr_spears|矛
qstr_bows|弓
qstr_gladii|罗马短剑
qstr_swing_my_axe|挥动我的斧
qstr_lift_my_spear|举起我的矛
qstr_loose_my_arrows|射出我的箭
qstr_swing_my_gladius|挥动我的罗马短剑
qstr_Caesar_Augustus_Prin|凯撒奥古斯都，罗马元首
qstr_Khan_scourge_of_the_|可汗，诸神之鞭
qstr_Shahanshah_king_of_a|沙汉沙，万王之王
qstr_Melech_blessed_by_go|梅莱赫，蒙神赐福者
qstr_legion|军团
qstr_hord|部众
qstr_great_host|大军
qstr_army|军队
qstr_legions|军团
qstr_hords|部众
qstr_great_hosts|大军
qstr_armies|军队
qstr_Cohortes_urbanae_and|城市大队与禁卫军
qstr_guards_of_the_khan|可汗卫队
qstr_guards_of_the_Shah|沙阿卫队
qstr_Royal_guards|王家卫队
qstr_Caesar|凯撒
qstr_Shah|沙阿
qstr_Melech|梅莱赫
qstr_Caesars|凯撒
qstr_khans|可汗
qstr_Shahs|沙阿
qstr_Melechs|梅莱赫
qstr_kings|国王
qstr_legatus|军团长
qstr_lord|领主
qstr_legati|军团长
qstr_lords|领主
qstr_goatherd|牧羊人
qstr_swineherd|猪倌
qstr_dog|狗
qstr_rat|老鼠
qstr_stable_{boy/girl}|马厩{小厮/侍女}
qstr_shepherd_{boy/girl}|牧羊{少年/少女}
qstr_bear|熊
qstr_kumis|马奶酒
qstr_mead|蜂蜜酒
qstr_wine|葡萄酒
qstr_{reg6?M:m}y_poppet|{reg6?我:我}的小宝贝
qstr_{reg0?Y:y}ou|{reg0?你:你}
qstr_{reg0?M:m}yself|{reg0?我自己:我自己}
qstr_{reg0?O:o}ur_{s1}_{s|{reg0?我们的:我们的}{s1}{s0}
qstr_{reg0?M:m}y_{s1}_{s0|{reg0?我的:我的}{s1}{s0}
qstr_{reg0?Y:y}our_{s1}_{|{reg0?你的:你的}{s1}{s0}
qstr_{s2}:_{reg3}_{reg4}_|{s2}：{reg3}，{reg4}天
qstr_{s4}__rel:_{reg4}_|{s4}（关系：{reg4}）
qstr_{s1}_gathering_suppo|{s1}（争取支持）
qstr_{s1}__intelligence_|{s1}（搜集情报）
qstr_{s1}__ambassy_|{s1}（出使）
qstr_{s1}__minister|{s1}（大臣
qstr_{s1}__Praefectus_urb|{s1}（城市长官）
qstr_{s1}__under_arms_|{s1}（统兵）
qstr_{s1}__attempting_to_|{s1}（尝试归队）
qstr_{s1}__separated_afte|{s1}（战后失散）
qstr__knows_of_you.|听说过你。
qstr__has_no_opinion_abou|对你没有看法。
qstr_Forts:_^_{s51}|堡垒：^{s51}
qstr_{s50}^Towns:_^_{s51}|{s50}^城镇：^{s51}
qstr_{s50}^Villages:_^__{|{s50}^村庄：^{s51}
qstr_Calradia.|卡拉迪亚。
qstr_sworn_{man/woman}|宣誓效忠的{男人/女人}
qstr_ruler|统治者
qstr_free_{man/woman}|自由{民男子/民女子}
qstr_{s1}_Renown:_{reg40}|{s1}声望：{reg40}，争议：{reg41}^荣誉：{reg42}，统治权：{reg43}^你是{s45}的{s44}^{reg45?{reg46?你的君主{s46}，{s47}:你是{s45}的统治者}:}^^朋友：^敌人：^^封地：^{reg50?{s50}:没有封地}
qstr_{s1}{s2}_{reg46?Repu|{s1}{s2}{reg46?据说为人{s42}:}^声望：{reg40}，争议：{reg41}{reg46?不耐烦: {reg43}:}^{reg46?{reg44?{s44}贵族:贵族}，隶属于{s45}^君主: {s46}，关系: {reg47}:{s45}的统治者}^{reg48?目前是{s48}的俘虏:}^距上次会面：{reg49}天^封地{reg51?（曾获封地承诺）:}：^{reg50?{s50}:没有封地}
qstr_just_met|刚认识
qstr_admirer|仰慕者
qstr_promised|已许诺
qstr_breakup|分手
qstr_unknown|未知
qstr_Heroic_{s50}|英雄题材的{s50}
qstr_Allegoric_{s50}|寓言题材的{s50}
qstr_Comic_{s50}|喜剧题材的{s50}
qstr_Mystic_{s50}|神秘题材的{s50}
qstr_Tragic_{s50}|悲剧题材的{s50}
qstr_{s1}{s2}_Controversy|{s1}{s2}争议：{reg41}^名声：{s42}，求爱状态：{s43}^属于{s45}^{reg46?她的父亲{s46}:她的监护人{s46}}{s47}^允许拜访：{reg45?是:否}{reg48?已与{s48}订婚:}^^距上次会面：{reg49}天^^诗歌：^{reg50?{s50}:尚未听过诗歌}
qstr_{s1}{s2}_Controversy:|{s1}{s2}争议：{reg41}^名声：{s42}。她是你的情人。^属于{s45}^{reg46?她的丈夫{s46}:她的错误}{s47}^距上次会面：{reg49}天^^诗歌：^{reg50?{s50}:尚未听过诗歌}
qstr_Gathering_support|争取支持
qstr_Gathering_intelligen|在{s66}搜集情报
qstr_Leads_a_party|率领队伍
qstr_Brings_you_money_fro|为你从国库取钱
qstr_Spys_on_your_spouse.|监视你的配偶。
qstr_Ambassy_to_{s66}|出使{s66}
qstr_Minister|大臣
qstr_Praefectus_urbi|城市长官
qstr_{s1}_{s2}^Reputation|{s1}，{s2}^名声：{s42}^出生于{s43}^在{s45}的{s44}有人脉。^^{reg48?目前是{s48}的俘虏:}^距上次交谈：{reg49}天^^当前任务：^{s50}{reg50?，{reg50}天后归来。:}
qstr_{reg2?Our_Empire:The|{reg2?我们的帝国:{s5}}是稳固的堡垒。人民尽享罗马生活的乐趣。
qstr_{reg2?Our_Empire:The_|{reg2?我们的帝国:{s5}}局势稳定。人民感到安全，只有少量匪徒在道路上游荡。
qstr_{reg2?Our_Empire:The_{|{reg2?我们的帝国:{s5}}看起来较为稳定。乡间经常受到匪徒威胁。
qstr_{reg2?Our_Empire:The_{s|{reg2?我们的帝国:{s5}}正在瓦解。匪徒威胁频繁，叛乱削弱了公共秩序。
qstr_{reg2?Our_Empire:The_{s5|{reg2?我们的帝国:{s5}}动荡不安。匪徒肆虐，叛乱时有发生。
qstr_{reg2?Our_Empire:The_{s5}|{reg2?我们的帝国:{s5}}摇摇欲坠。匪徒与叛军已成灾祸。
qstr_{reg2?Our_Empire:The_{s5}}|{reg2?我们的帝国:{s5}}已濒临崩溃。
qstr_{reg2?Our_Empire:The_{s5}}_|{reg2?我们的帝国:{s5}}目前没有继承人。
qstr_{reg2?Our_Empire:The_{s5}}_h|{reg2?我们的帝国:{s5}}已立{s2}的{reg0?女儿:儿子}{s1}为{s5}王位的继承人。
qstr_{reg2?Our_Empire:The_{s5}}_ha|{reg2?我们的帝国:{s5}}已立{s2}的养{reg0?女:子}{s1}为{s5}的继承人。
qstr_^Next_senate_meeting|^下一次元老院会议将在{reg39}天后举行。
qstr_^A_senate_meeting_is|^罗马正在召开元老院会议。
qstr_^Currently_it_is_not|^目前尚不清楚下一次元老院会议何时举行。
qstr_*_Edictum_de_libelli|* 请愿敕令：^不再允许向皇帝递交请愿书。
qstr_*_Lex_Iulia_et_Papia|* 尤利乌斯与帕皮乌斯法：^强制所有适婚年龄的罗马公民结婚，否则缴纳惩罚性税款。育有三个孩子的家庭享受税收优惠。
qstr_*_Lex_Christiani:^__|* 基督徒法：^各基督教派现受罗马帝国保护，其宗教获得承认。
qstr_*_Edictum_securitati|* 公共安全敕令：^崇拜基督教之神者处以死刑。
qstr_*_Constitutio_{playe|* {playername}宪制：^
qstr_Additionally_the_Emp|此外，帝国设有宪制与继承法。
qstr_{s0}The_civitas_Roma|{s0}罗马公民权授予所有已同化的外邦贵族与富裕自由民。{s1}
qstr_{s0}The_civitas_Roman|{s0}罗马公民权授予帝国的每一位自由民。社会仅分两层：尊贵者与卑微者。{s1}
qstr_*_Lex_frumentaria_et|* 粮食与土地法：^管制粮价，每份最低30第纳尔，最高59第纳尔。同时限制土地占有，规定个人可取得的土地上限，因此最多只能购买10座大庄园。
qstr_*_Lex_militaris:^__T|* 兵役法：^征兵最低年龄为17岁，因此可征召人数减少。
qstr_*_Lex_Alimenta:^__Th|* 赈济法：^政府设立孤儿院，贫困家庭获得税收优惠形式的补助。
qstr_*_Edictum_mensum:^__|* 月份敕令：^{s28}现改名为{s29}。
qstr_*_Vicesima_Libertati|* 奴隶解放二十分之一税：^每次释奴，主人须缴纳奴隶价值的5%。
qstr_{s20}{reg2?Our_Empir|{s20}{reg2?我们的帝国:{s5}}目前正陷于内战动荡。{reg3?^:}
qstr_{s20}{reg2?Our_gover|{s20}{reg2?我们的政府:{s5}的政府}{s0}。{reg3?^:}
qstr_{s20}The_upper_class|{s20}上层社会{s0}。{reg3?^:}
qstr_{s20}{reg2?Our:The}_|{s20}{reg2?我们的:这些}人民{s0}。{reg3?^:}
qstr_{s20}{reg2?Our:The}_t|{s20}{reg2?我们的:这些}部队拥有{s0}。{reg3?^:}
qstr_{s20}{reg2?Our:The_g|{s20}{reg2?我们的:政府的}贸易方针是{s0}。{reg3?^:}
qstr_You_can_find_{s10}s_|你可以在{s11}找到{s10}。
qstr_You_have_raised_{reg|你已筹集{reg0}/{reg1}第纳尔赎金。
qstr_You_have_been_knocke|你已被敌人击昏。你可以观看士兵继续作战，或按Tab键撤退。
qstr_Selected_Troop:_{s1}|所选士兵：{s1}
qstr_No_Troops_Left.|没有剩余士兵。
qstr_Is_bringing_you_mone|正在为你从国库取钱。
qstr_{s1}_troops|{s1}部队
qstr_hero|英雄
qstr_companion|同伴
qstr_king|国王
qstr_lady|女士
qstr_bandit|匪徒
qstr_minstrel|吟游诗人
qstr_bookseller|书商
qstr_traveler|旅人
qstr_mercenary|佣兵
qstr_quick_battler|快速战斗人员
qstr_arena_master|竞技场主管
qstr_walker|行人
qstr_merchant|商人
qstr_armor_merchant|护甲商
qstr_weapon_merchant|武器商
qstr_tavernkeeper|酒馆老板
qstr_goods_merchant|杂货商
qstr_horse_merchant|马商
qstr_guildmaster|行会会长
qstr_village_elder|村长
qstr_tournament_fighter|比武大会选手
qstr_court_member|廷臣
qstr_fighter|战士
qstr_Acquired_{s0}_s_clot|获得了{s0}的衣物
qstr_ranks|列阵
qstr_shield_wall|盾墙
qstr_wedge|楔形阵
qstr_square|方阵
qstr_up|整队
qstr_Division_{reg1}_{s2}|第{reg1}分队{s2}正在组成{s1}。
qstr_Not_enough_troops_in|第{reg1}分队{s2}人数不足，无法组成{s1}。
qstr_Division_{reg1}_{s2}_|第{reg1}分队{s2}属于{s3}分队，无法组成{s1}。
qstr_{s1}:_infantry_forma|{s1}：步兵阵形已解散。
qstr_{s1}:_archer_formati|{s1}：弓箭手阵形已解散。
qstr_{s1}:_skirmisher_for|{s1}：散兵阵形已解散。
qstr_{s1}:_cavalry_format|{s1}：骑兵阵形已解散。
qstr_{s1}:_formation_disa|{s1}：阵形已解散。
qstr_Cavalry_formation_di|骑兵阵形已解散。
qstr_The_placement_of_{s1|已记住{s1}第{reg0}分队的位置。
qstr_The_placement_of_{s1}|已将{s1}第{reg0}分队的位置恢复为默认。
qstr_Your_party_s_tactica|队伍的战术技能限制了你能部署部队的最远距离！
qstr_...and_attack_enemy_|……然后进攻敌军{s1}分队！
qstr_{s2}:_returning_afte|{s2}：已消灭敌军{s1}分队，正在返回。
qstr_infantry|步兵
qstr_archer|弓箭手
qstr_cavalry|骑兵
qstr_polearm|长杆兵
qstr_skirmisher|散兵
qstr_mounted_archer|骑射手
qstr_support|支援
qstr_bodyguard|护卫
qstr_undetermined_type_of|未定类型的
qstr_Lame|瘸腿
qstr_Swaybacked|驼背
qstr_Timid|胆怯
qstr_Meek|温顺
qstr_Stubborn|倔强
qstr_Cracked|破裂
qstr_Battered|破损
qstr_Rusty|生锈
qstr_Tattered|破烂
qstr_Ragged|褴褛
qstr_Crude|粗制
qstr_Broken|损坏
qstr_Bent|弯曲
qstr_Chipped|缺口
qstr_Large_Bag_of|大袋
qstr_Agent_near_map_borde|角色接近地图边界：{s1}，修正x。
qstr_Agent_near_map_border|角色接近地图边界：{s1}，修正y。
qstr_Cheat_mode_is_used_f|作弊模式用于调试：^已将{s22}设为不死，并以箭头追踪其骑射行动路线。^^ID：{reg22}
qstr_CHEAT_MODE_ACTIVE|作弊模式已开启
qstr_{s1}:_{reg1}_speed_m|{s1}：{reg1}速度修正
qstr_You_have_lost_the_tr|你上岸时没有带上商人，导致他们失散。
qstr_You_have_lost_the_tra|你登船时没有带上商人，导致他们失散。
qstr_Port_of_{s1}|{s1}港
qstr_Landing_near_{s2}|在{s2}附近登陆
qstr_Stability_of_the_Emp|帝国稳定度下降
qstr_You_gain_support_in_|你获得了元老院支持。
qstr_Since_you_are_now_Di|你如今已是神圣的凯撒，因此失去旧有荣誉头衔。
qstr_lack_of_room|空间不足
qstr_Enabled|启用
qstr_Disabled|禁用
qstr_Inventory|物品栏
qstr_Show_stats|显示属性
qstr_Show_item_details__|显示物品详情
qstr_Troop_detail|士兵详情
qstr_{s1}Level:_{reg1}^|{s1}等级：{reg1}^
qstr_{s1}Hit_Points:_{reg|{s1}生命值：{reg1}
qstr_{s1}Atributes:_^___S|{s1}属性：^   力量：^
qstr_{s1}___Agility:|{s1}   敏捷：
qstr_{s1}Main_skills:_^|{s1}主要技能：^
qstr_{s1}___Power_Strike:|{s1}   强击：^
qstr_{s1}___Athletics:^|{s1}   跑动：^
qstr_{s1}___Riding:^|{s1}   骑术：^
qstr_{s1}___Power_Throw:^|{s1}   强掷：^
qstr_{s1}___Power_Draw:^^|{s1}   强弓：^^
qstr_{s1}Weapons:^|{s1}武器：^
qstr_{s1}___One_Handed:^|{s1}   单手武器：^
qstr_{s1}___Two_Handed:^|{s1}   双手武器：^
qstr_{s1}___Polearms:^|{s1}   长杆武器：^
qstr_{s1}___Archery:^|{s1}   弓箭：^
qstr_{s1}___Ballista:^|{s1}   弩炮：^
qstr_{s1}___Throwing:^|{s1}   投掷：^
qstr_{s1}___Slings:|{s1}   投石索：
qstr__Click_on_the_troop_|（点击士兵可旋转模型）^^点击装备部件^（头盔、护甲、手套和靴子）^即可显示。
qstr_The_Dacian_kingdom_s|达契亚王国视此为挑衅，但畏惧罗马的威势。
qstr_The_Iazyges_settled_|雅济格人在潘诺尼亚定居了！
qstr_The_Batava_revolt_ag|巴塔维人起兵反抗罗马统治！
qstr_Your_controversy_cha|你的争议从{reg54}变为{reg51}。
qstr_{s20}_has_been_award|{s20}获授监察官头衔。
qstr_{s20}_has_been_awarde|{s20}获授执政官头衔。
qstr_{s20}_has_been_awarded|{s20}获授营造官头衔。
qstr_{s20}_has_been_awarded_|{s20}获授财务官头衔。
qstr_{s22}:_score_{reg2}|{s22}：评分{reg2}
qstr_{s50}_has_lost_his_t|{s50}失去了头衔！{s52}获授{s51}头衔。
qstr_{s52}_has_been_award|{s52}获授{s51}头衔。
qstr_You_won_t_recieve_a_|你不会获得头衔！
qstr_Speech|演说
qstr_{reg4}_killed_{reg5}|{reg4}人阵亡，{reg5}人受伤
qstr_You_gained_{reg3}_pr|你的战斗贡献为你赢得了{reg3}点进度。
qstr_{s0}^{s1}_ally_:_{re|{s0}^{s1}（盟友）：{reg3}（{s2}）
qstr_{s0}^{s1}_enemy_:_{r|{s0}^{s1}（敌人）：{reg3}（{s2}）
qstr_Dacian|达契亚
qstr_British|不列颠
qstr_Caledonian|喀里多尼亚
qstr_Nomadic|游牧
qstr_Germanic|日耳曼
qstr_Parthians_and_Persia|帕提亚与波斯
qstr_Armenians_and_Caucas|亚美尼亚与高加索
qstr_Roman_Auxilia|罗马辅助军
qstr_Roman_Legions|罗马军团
qstr_Judean|犹太
qstr_Bosporan|博斯普鲁斯
qstr_Regional_Mercenaries|地方佣兵
qstr_Generic_Mercenaries|通用佣兵
qstr_Bandits_and_Others|匪徒及其他
qstr_Latifundia_near_{s0}|{s0}附近的大庄园
qstr_Estate_near_{s0}|{s0}附近的庄园
qstr_vineyard|葡萄园
qstr_A_{s20}_will_produce|{s20}将出产葡萄。
qstr_silk_worm_breeder_an|养蚕场与天鹅绒织坊
qstr_A_{s20}_will_produce_|{s20}将出产丝绸与天鹅绒。
qstr_winepress|葡萄酒榨坊
qstr_{s20}_will_produce_w|{s20}将用葡萄园的葡萄酿造葡萄酒。
qstr_oilpress|榨油坊
qstr_{s20}_will_produce_o|{s20}将用橄榄园的橄榄榨油。
qstr_olive_grove|橄榄园
qstr_{s20}_produces_olive|{s20}出产橄榄。
qstr_blacksmith|铁匠铺
qstr_A_{s20}_will_produce_t|{s20}将生产工具。你还可以请铁匠改良武器和护甲。铁匠会改善所用工具，从而提高其他生产场所的效率。
qstr_cattle_ranch|养牛场
qstr_A_{s20}_will_produce_b|{s20}将用牛奶制作黄油。
qstr_butcher|屠宰场
qstr_A_{s20}_will_produce_d|{s20}将用牛制作肉干。
qstr_fishery|渔场
qstr_{s20}_will_produce_s|{s20}将生产熏鱼。
qstr_fruit_garden|果园
qstr_{s20}_will_produce_f|{s20}将出产水果。
qstr_mill_and_bakery|磨坊与面包房
qstr_A_{s20}_will_produce_br|{s20}将使用你粮田的谷物制作面包。
qstr_temple|神庙
qstr_The_{s20}_will_also_|{s20}也会有自己的祭司。你可以在那里献祭。
qstr_pavilion|凉亭
qstr_The_{s20}_will_for_s|{s20}一定会十分美丽。
qstr_barracks|营舍
qstr_Additional_{s20}_bar|增设{s20}奴隶营舍，可让庄园多容纳100名奴隶。
qstr_guard_houses|守卫住房
qstr_With_own_houses_for_|为守卫建造专用住房，可为庄园提供妥善保护。建筑完工时会立刻雇用守卫。大庄园至少需要驻有10名守卫才能正常发挥作用。
qstr_walls|围墙
qstr_Small_{s20}_around_t|庄园周围的低矮{s20}可抵御野兽和盗贼。
qstr_pottery_kiln|陶窑
qstr_A_{s20}_will_produce_p|{s20}将生产陶器。
qstr_sheep_ranch|养羊场
qstr_With_a_{s20}_we_can_|有了{s20}，便能生产羊毛。
qstr_tannery|制革坊
qstr_With_a_{s20}_we_can_p|有了{s20}，便能用你的牛皮制作皮革制品。
qstr_weavery|织坊
qstr_With_a_{s20}_we_can_pr|有了{s20}，便能用你的羊毛织成毛呢。
qstr_cheeser|奶酪坊
qstr_With_a_{s20}_we_can_pro|有了{s20}，便能用你的牛奶制作奶酪。
qstr_horse_and_mule_breed|马骡养殖场
qstr_With_a_{s20}_we_can_b|有了{s20}，便能饲养自己的驮运牲畜，提高生产运输效率。不过，我需要些时间寻找良种。
qstr_inn|旅店
qstr_With_a_{s20}_we_can_s|有了{s20}，我们便能向使用罗马道路的商人、农民等旅客出售美味食物与葡萄酒。我还要说，即便没有奴隶，旅店也会一直赚钱。我很熟悉一位女士，她一定很乐意当旅店老板。
qstr_Living_quarters|起居住所
qstr_{s20}_allow_you_to_r|{s20}可让你在大庄园休息。
qstr_With_a_{s20}_we_can_se|有了{s20}，货物便能卖出更好的价钱。目前我们在附近城镇出售，但有商人之后，就能出口到价格更好的地方。不过，找到合适的人选需要不少钱，也需要些时间。
qstr_ERROR:_{s29}_has_a_l|错误：{s29}拥有的大庄园似乎无效（大庄园ID：{reg33}）。
qstr__rents:_{reg1}_multi|租金：{reg1}，倍率：{reg2}，奴隶系数：{reg39}
qstr__Latifundia_near_{s2|{s29}附近的大庄园租金为负。新租金：{reg1}。倍率：{reg2}。奴隶系数：{reg39}。
qstr_Slave_treatment_chan|对待奴隶的方式会改变你的名誉！
qstr_Your_party_consumed_|部队消耗了{reg1}份食物（剩余{reg2}天）。
qstr_Your_service_in_{s1}|你在{s1}的服役已结束。
qstr_The_equipment_of_a_{|已向你配发{s21}的装备：{s2}。
qstr_The_equipment_of_a_{s|已收回你的{s21}装备：{s2}。
qstr_ERROR_Spawned_party_|错误：使用模板{reg10}生成了队伍{s10}
qstr_Your_follower_party_|你的随军队伍遭劫，所有货物丢失，所有妇女被掳为奴。
qstr_Error_at_{s1}|{s1}出错
qstr_The_enemies_of_{s44}|{s44}的敌人赞赏你的行动。
qstr_Friends_and_family_o|{s44}的亲友赞赏你的行动。
qstr_{s29}_and_{s30}_divo|{s29}与{s30}离婚了。
qstr_The_child_she_was_pr|她腹中的孩子死了！
qstr_Your_former_spouse_r|你的前配偶辞去了大臣职务！
qstr_A_new_temporary_mini|已任命新的临时大臣。
qstr_{reg2}_warriors_acco|{reg2}名战士伴随他们的国王。
qstr_{s2}^^{reg2}_warrior|{s2}^^{reg2}名战士效力于王国的各位领主。
qstr_{s2}^^{reg2}_warriors|{s2}^^{reg2}名战士驻守城镇。
qstr_{s2}^^{reg2}_warriors_|{s2}^^{reg2}名战士驻守堡垒。
qstr_I_also_gathered_info|我也收集了他们王国的军队情报：^^{s2}
qstr_{s29}_and_{s30}_are_|{s29}与{s30}不再是情人。
qstr_{s44}_deceased.|{s44}去世了。
qstr_{s44}_was_your_minis|{s44}原是你的大臣，现在由{s45}接替。
qstr_{s1}_is_the_new_Rule|{s1}成为{s2}的新统治者！
qstr_Removed_him_from_{s1|已将他从{s1}移除
qstr_Helm_cannot_be_used_|头盔无法与此护甲同时使用，正在为{s0}弃用头盔。
qstr_{s0}_in_{s4}_has_bee|{s4}的{s0}已完成。
qstr_Building_of_{s0}_in_|{s4}的{s0}已建成。
qstr_Your_intelligence_ha|由于项目规模宏大，你的智力提高了。
qstr_{s34}_blesses_you!|{s34}赐福于你！
qstr_Set_banner_for_party|为{s1}的队伍设置旗帜，{s2}
qstr_{s1}_is_no_longer_in|{s1}不再有匪徒盘踞（夜间）。
qstr_Is_this_the_legendar|这就是你找到的传奇护甲吗？大家都在谈论它。有人说你只是让铁匠打造了一件，不过我确信他们错了。
qstr_Is_this_the_legendary|这就是你发现的传奇护甲吗？大家都在谈论它。不过我得承认，也可能你只是让铁匠打造了一件。
qstr_I_ve_heard_of_this_l|我以前听说过这件传奇护甲。恕我直言，我总觉得你是花钱请铁匠打造的，不然又怎么能得到呢？
qstr_What_is_that_foul_sm|你穿的那件臭东西是什么？实在太难闻了！
qstr_You_could_have_purch|你本可以去我们手艺精湛的裁缝那里买身体面的衣服，却偏偏打扮得像个蛮族。
qstr_Your_outfit_seems_a_|你这身行头似乎有点寒酸，不是吗？
qstr_Allow_me_to_offer_yo|容我给你一点建议，{playername}。你的衣着显得廉价，可能损害名誉与声望。花点钱换身得体的衣裳才是明智之举。
qstr_You_re_completely_na|你居然一丝不挂！天哪！这样出现在女士面前，难道不羞耻吗？你连衣服都买不起？
qstr_Why_are_you_without_|你怎么没穿鞋靴？连一双鞋也买不起吗？
qstr_Is_this_that_legenda|这就是你找到的那件传奇护甲吗？大家都在谈论它。虽然有人认为你只是请铁匠打造的，但我确信他们在撒谎。
qstr_Is_this_that_legendar|这就是你找到的那件传奇护甲吗？大家都在谈论它。不过，也可能是你请铁匠打造的。
qstr_I_heard_about_this_l|我以前听说过这件传奇护甲。我确信，你就是花钱请铁匠打造的！
qstr_What_is_this_shit_yo|你穿的是什么破烂？臭死了……
qstr_You_could_have_bough|你本可以从我们的裁缝那里买身像样的衣裳，却穿得像个蛮族。
qstr_I_think_your_outfit_|我觉得你这身行头挺廉价的，不是吗？
qstr_You_are_naked!_Bah!_|你竟光着身子！呸！没钱买衣服吗？
qstr_Why_are_you_not_wear|你怎么没穿鞋靴？穷得连双鞋都买不起吗？
qstr_Oh_{playername}_it_p|啊，{playername}，看到你如此疏远诸神，我很难过。没有他们赐福的人生，充满艰辛。为了你自己，我恳求你寻求他们的宽恕。
qstr_{playername}_I_mean_|{playername}，无意冒犯，但你的不虔诚让我不安。诸神的眷顾来之不易，远离他们的恩典是一条危险的路。趁厄运尚未来临，我劝你反省自己的行为。
qstr_{playername}_your_di|{playername}，你对诸神的漠视既令人震惊，又十分愚蠢。连上天都背弃你，还怎么指望兴旺发达？
qstr_Just_some_word_of_ad|给你一句忠告，{playername}。你以为承受诸神怒火的人，还能在世间出人头地吗？你的不敬是在侮辱上天，很快就会自食其果。
qstr_{playername}_your_de|{playername}，你的虔诚似乎淡薄，我为你的灵魂担忧。再多一些敬意，既能赢得神恩，也能获得身边人的尊重。
qstr_{playername}_I_sense|{playername}，我感觉你的信仰摇摆不定。虽然诸神尚未彻底鄙弃你，忽视他们的祝福仍非明智之举。多一点虔诚，对你未来的成功大有裨益。
qstr_{playername}_your_lu|{playername}，你那不冷不热的信仰毫无助益。诸神不喜冷漠之人，这样的疏忽或许会招致他们的不满。
qstr_{playername}_I_notic|{playername}，我注意到你对神明缺乏敬意。小心些。没有诸神的眷顾，即使最强大的领袖，也会被自己的傲慢压垮。
qstr_Oh_{playername}_your|啊，{playername}，你的虔诚真是美好。诸神一定满怀爱意与骄傲地注视着你。这样的虔诚鼓舞着周围每一个人，也包括我。
qstr_{playername}_your_dev|{playername}，你对神明的敬奉令人振奋。难怪诸神如此眷顾你，你的虔诚如明灯般闪耀。这份信仰必将给你，以及你所侍奉的人们带来祝福。
qstr_{playername}_I_must_|{playername}，我必须承认，你的虔诚令人印象深刻。能如此深受诸神喜爱，绝非易事。我很好奇，这份眷顾是天生而来，还是靠你不懈努力维系？
qstr_Impressive_{playerna|令人钦佩，{playername}。你的虔诚显然赢得了诸神最高的眷顾。我得承认，这是明智之选，无论和平还是战争，有上天相助总是很大的优势。
qstr_{playername}_your_fa|{playername}，你的信仰令人敬佩，我看得出诸神在对你微笑。知道如此虔诚的人与我们同行，真令人安心。
qstr_{playername}_your_ded|{playername}，你对诸神的奉献并未被忽视。你的举止带着唯有神恩才能赋予的优雅。愿他们继续引导并庇护你。
qstr_{playername}_your_pi|{playername}，你的虔诚值得赞许。诸神显然垂青于你，不过我很好奇，这份眷顾给你的回报，是否真如看上去那样丰厚。
qstr_{playername}_I_see_t|{playername}，我看得出诸神眷顾你，或许胜过大多数人。这并非小事，希望你能明智地运用它，巩固自己的地位。
qstr_Among_Roman_nobles_t|罗马贵族认为{s1}行省难以治理。任命某人为总督，会略微降低你与此人的关系。
qstr_Among_Roman_nobles_th|罗马贵族认为{s1}行省桀骜难驯、叛乱频繁。任命某人为总督，会降低你与此人的关系。
qstr_Among_Roman_nobles_the|罗马贵族认为{s1}行省易于治理。任命某人为总督，会略微改善你与此人的关系。
qstr_Among_Roman_nobles_the_|罗马贵族认为{s1}行省易于治理，且有声望。任命某人为总督，会改善你与此人的关系。
qstr_You_need_to_conduct_|你需要进行人口普查，才能获取更多行省经济信息。
qstr_You_need_a_trade_ski|交易技能至少达到5级，才能获取更多行省经济信息。
qstr_Economic_information|行省经济信息：总财富{reg11}第纳尔。预计税收：{reg12}第纳尔（按正常税率）。
qstr_Your_influence_has_c|你的影响力从{reg11}变为{reg12}。
qstr_You_gained_{reg12}_i|你获得了{reg12}影响力。
qstr_You_lose_{reg12}_inf|你失去了{reg12}影响力。
qstr_Main_party|主队
qstr_Error._There_was_no_|错误：没有空槽位可存储{s1}，ID：{reg1}
qstr_Debug:_Cur_region_of|调试：队伍{s21}当前地区：{s22}。
qstr_Recruitment_cost:_{r|招募费用：{reg6}。维护费：{reg5}。总人数：{reg2}。所需{s4}：{reg3}。所需新兵：{reg4}。所需佣兵：{reg7}。组成：{s5}
qstr_{reg11}_{s1}_been_re|已移除{reg11}名{s1}。{s5}
qstr_{reg11}_of_{reg1}_{s|{s1}：{reg11}/{reg1}。{s5}
qstr_{reg6}_denars_were_ta|遵照你的命令，帝国国库支出{reg6}第纳尔，用于为{s2}招募士兵。
qstr_The_cohort_has_been_|大队已从你的队伍移除。{s5}
qstr_Refill_cost:_{reg6}.|补员费用：{reg6}。维护费：{reg5}。总人数：{reg2}。{reg3?补员需{reg3}名{s4}。:}{reg4?补员需{reg4}名新兵。:}{reg7?补员需{reg7}名佣兵。:}组成：{s5}
qstr_{s1}_has_reached_its|{s1}已达到大队数量上限。
qstr_{s5}_Sagitarii|{s5}弓箭手
qstr_Cohors_Prima_{s5}|{s5}第一大队
qstr_First_ladder_defende|第一云梯守军
qstr_Second_ladder_defend|第二云梯守军
qstr_Third_ladder_defende|第三云梯守军
qstr_Fourth_ladder_defend|第四云梯守军
qstr_Archers|弓箭手
qstr_Unused|未使用
qstr_First_attack_divisio|第一进攻分队
qstr_Second_attack_divisi|第二进攻分队
qstr_Third_attack_divisio|第三进攻分队
qstr_Fourth_attack_divisi|第四进攻分队
qstr_First_Support_Archer|第一支援弓箭手队
qstr_Second_Support_Arche|第二支援弓箭手队
qstr_Third_Support_Archer|第三支援弓箭手队
qstr_Fourth_Support_Arche|第四支援弓箭手队
qstr_{s1}_gained_{reg1}_f|{s1}劫掠获得了{reg1}。
qstr_Lobby_for_water_righ|游说争取用水权
qstr_Inspect_the_imperial|检查帝国国库
qstr_Proclaim_you_have_th|宣布你已备有粮食
qstr_Propose_to_rename_a_|提议以你的名字命名一个月份
qstr_You_need_more_renown|你需要更高声望！（至少900声望）
qstr_Bring_the_petition_f|向元老院提交来自{s22}的请愿书
qstr_There_must_be_a_meet|会议正在进行时，才能提出议案！
qstr_Try_Revoke_Senatus_c|尝试撤销元老院的巴克科斯祭典禁令
qstr_Join_the_discussion|参与讨论
qstr_Issue_compulsory_ord|发布强制命令（召开会议）
qstr_You_prepare_the_nece|你准备好必要的祭品，并请示鸟占征兆。
qstr_Legitimize_your_rule|借元老院认可确立统治合法性
qstr_Give_a_speech__succe|发表演说（成功率{reg0}%）
qstr_You_have_already_giv|你已经发表过演说。每次会议只能演说一次。
qstr_Handle_Petitions.__{|处理请愿。（{reg41}小时）
qstr_Influence_senatorial|影响元老院行省
qstr_You_can_only_influen|只有会议期间，才能影响元老院更换元老院行省总督。
qstr_Resign_governorship_|辞去{s30}总督职务
qstr_You_are_no_longer_th|你不再是{s30}的总督。
qstr_Removing_disguise...|正在卸除伪装……
qstr_ERROR_ERROR_ERROR:_C|错误，错误，错误：交谈角色未激活
qstr_Germanicus|日耳曼征服者
qstr_Britannicus|不列颠征服者
qstr_Dacicus|达契亚征服者
qstr_Parthicus|帕提亚征服者
qstr_{s0}_and_{s1}|{s0}与{s1}
qstr_{s22}_governor_of_{s|{s23}总督{s22}将{s24}并入自己的行省。
qstr_The_senate_has_assig|元老院任命{s22}为{s23}总督。{s24}并入了新设行省。
qstr_{s21}_assigns_{s22}_|{s21}任命{s22}为{s23}总督。{s24}并入了新设行省。
qstr_Imperial_budget_repor|帝国预算报告
qstr_Emperor_s_spending:|皇帝开销：
qstr_Interests_on_debts__|债务利息（5%）：
qstr_Corruption__{reg0}%_|腐败（{reg0}%）：
qstr_Your_minister_{s1}_w|你的大臣{s1}，薪饷3,000第纳尔。
qstr_{s0}^Your_praefectus|{s0}^你的城市长官{s1}，薪饷5,000第纳尔。
qstr_{s0}^Your_{s1}_with_|{s0}^你的{s1}，薪饷1,500第纳尔。
qstr_{s0}^Your_{s1}_with_a|{s0}^你的{s1}，薪饷2,000第纳尔。
qstr_{s0}^Additional_tax_|{s0}^为打击税务欺诈额外雇用的收税官，薪饷7,000第纳尔。
qstr_The_following_types_|收入类型如下：
qstr_{s2}^^Additionally_t|{s2}^^此外，皇帝可以自由从国库取用或捐入资金。这些款项在帝国预算报告的“皇帝拨款”一栏汇总。
qstr_The_following_types_o|支出类型如下：
qstr_The_sacrifice_is_per|已为你举行献祭，以安抚诸神。
qstr_Probability:_{reg10}|概率：{reg10}。掷骰：{reg11}。
qstr_{s19}_guards_you_in_|{s19}在战斗中守护你
qstr_{s19}_help_you_to_le|{s19}帮助你统御
qstr_{s19}_favour_you|{s19}眷顾你
qstr_{s19}_blesses_your_m|{s19}赐福于你的心智
qstr_{s19}_gives_you_expe|{s19}赋予你经验
qstr_You_gained_{reg0}_pi|你获得了{reg0}虔诚！
qstr_You_lost_{reg0}_piet|你失去了{reg0}虔诚！
qstr_Hated_by_the_gods|诸神憎恨
qstr_Disliked_by_the_gods|诸神厌恶
qstr_Barely_tolerated_by_|诸神勉强容忍
qstr_Unknown_to_the_gods|诸神尚不知晓
qstr_Respected_by_the_god|诸神尊重
qstr_Favored_by_the_gods|诸神眷顾
qstr_Blessed_by_the_gods|诸神赐福
qstr_Honored_by_the_gods|诸神敬重
qstr_Beloved_of_the_gods|诸神钟爱
qstr_{reg50}_added_to_wee|每周收入增加{reg50}，每周总收入：{reg51}
qstr_{reg0}_denars_player|玩家财富{reg0}第纳尔
qstr_{reg0}_denars_sacrif|祭品价值{reg0}第纳尔
qstr_ERROR:_No_valid_cult|错误：未指定有效文化。
qstr_{s22}_marries_{s23}.|{s22}与{s23}结婚了。
qstr_{s2}_moved_to_{s1}_s|{s2}迁往{s1}，评分{reg0}
qstr_{s1}:_{reg1}_provinc|{s1}：{reg1}个行省，{reg2}个军团
qstr_{s1}_switched_to_{s2|{s1}因其军团转投而加入{s2}
qstr_DEBUG_CIVIL_WAR_STAR|调试，内战开始：{s1}，最近的GOY为{s2}
qstr_Change_patrol_factio|改变巡逻队阵营：{s1}转为{s2}
qstr_{s22}_of_{s23}_won_t|{s23}的{s22}赢得了内战。
qstr_The_Roman_civil_war_|罗马内战结束了！
qstr_ERROR:_A_rebellion_w|错误：叛乱目标无效！
qstr_The_noble_{s4}_joins|贵族{s4}加入{s5}。
qstr_{s30}_is_not_longer_|{s30}不再是你的配偶。{s31}强迫你们离婚！
qstr_Divorce|离婚
qstr_The_governorship_of_|{s23}总督职务已授予{s22}。
qstr_{s28}_commanded_by_{|由{s0}指挥的{s28}随所属军团一同倒戈。
qstr_Could_not_switch_leg|无法为军团长{15}所属的军团{s14}转变阵营。
qstr_Old_commander_{s2}_w|原指挥官{s2}已被免职。
qstr_{s1}__{s2}__is_new_c|{s1}（{s2}）成为{s3}的新指挥官。
qstr_Exercitus_Regis|国王军队
qstr_Custos_Corporis_Impe|皇帝近卫
qstr_Due_to_the_large_amo|由于你已从国库提取大量资金，关于你贪婪腐败的流言开始传播。
qstr_{s30}_increases_your|{s30}增强了你的力量！
qstr_{s30}_gives_your_tro|{s30}赋予你的部队勇气！
qstr_{s30}_heals_you!|{s30}治愈了你！
qstr_{s30}_is_watching_yo|{s30}正注视着你的行为
qstr_The_door_is_looked_t|门锁着，夜里再试试……
qstr_Chance:_{reg10}|几率：{reg10}
qstr_You_gained_{reg20}_e|你获得了{reg20}点经验。
qstr_{s5}__Dice:_{reg5}_p|{s5}（掷骰：{reg5}，概率：{reg49}）
qstr_Persuasion_Attempt|尝试说服
qstr_Your_health_increase|你的健康状况改善了！
qstr_Your_health_decrease|你的健康状况恶化了……
qstr_You_are|你
qstr_{s1}_is|{s1}
qstr_{s1}_fit_and_healthy|{s1}强健而健康。
qstr_{s1}_quite_unhealthy|{s1}健康状况较差。
qstr_{s1}_not_healthy.|{s1}并不健康。
qstr_{s1}_very_unhealthy.|{s1}健康状况很差。
qstr_{s1}_so_unhealthy_th|{s1}健康状况极差，很可能很快就会死亡。
qstr_Your_party|你的部队
qstr_You_can_t_besiege_th|主线剧情进行到当前阶段时，无法围攻这个聚落。请先推进主线！
qstr_You_lost_{reg1}_grav|你失去了{reg1}威望。
qstr_You_gained_{reg1}_gr|你获得了{reg1}威望。
qstr_Officers|军官
qstr_Nobles|贵族
qstr_Recruits__{s10}_:_{r|新兵（{s10}）：{reg2}。
qstr_Mercenaries__{s10}_:|佣兵（{s10}）：{reg2}。
qstr_Total_{s12}:_{reg2}.|{s12}总数：{reg2}。
qstr_Total_recruits:_{reg|新兵总数：{reg2}。
qstr_Total_mercenaries:_{|佣兵总数：{reg2}。
qstr_I_am_{s4}_the_ruler_|我是{s4}，{s6}的统治者。
qstr_I_am_{s4}_{s8}_of_{s|我是{s4}，{s9}的{s8}。
qstr_I_am_{s4}_a_noble_of|我是{s4}，{s6}的贵族。
qstr_I_am_{s4}_a_vassal_o|我是{s4}，{s6}的封臣。
qstr__governor_of_the_pro|{s7}行省总督
qstr_praefectus_praetorio_|禁卫军统领，掌管禁卫军
qstr_legatus_legionis_of_|{s7}军团的军团长
qstr_auxiliary_commander_|{s7}的辅助军指挥官
qstr_{s9}{reg5?_and_{s8}:|{s9}{reg5?与{s8}:}。
qstr_{s9}{reg5?_and_the_l|{s9}{reg5?，以及{s8}的领主:}。
qstr_{s34}_is_hated_among|你所属文化的人民憎恨{s34}！
qstr_The_diety_you_have_c|你选择的神明受到本族人民憎恨，因此虔诚降低！
qstr_Now_you_worship_{s20|你现在信奉{s20}！
qstr_Ruthless|冷酷
qstr_Vile|卑劣
qstr_Notorious|恶名昭著
qstr_Unkind|刻薄
qstr_Unknown|默默无闻
qstr_Kind|仁慈
qstr_Admirable|令人钦佩
qstr_Noble|高尚
qstr_Heroic|英雄般
qstr_ERROR:_{s29}_has_a_la|错误：{s29}拥有的大庄园似乎无效。（大庄园ID：{reg33}）
qstr_You_are_informed_tha|你接到消息，{s11}在近期山火中受损。预计修复费用为50,000第纳尔。
qstr_Wildfires_threaten_{|山火威胁{s11}
qstr_There_has_been_a_rio|{s6}发生了暴动！
qstr_People_are_angry_in_|{s4}的居民十分愤怒，不愿向你这样的外来者缴税。
qstr_One_of_your_tax_coll|你的一名收税官在{s4}遭到袭击。
qstr_Criminal_activities_|犯罪活动降低了你在罗马的关税收入……
qstr_The_{s0}_outbreak_ha|{s22}的{s0}疫情结束了。
qstr_{s22}_has_recovered_|{s22}已从{s0}中恢复。
qstr_{s4}_is_present_at_t|{s4}作为俘虏被关在该据点。
qstr_You_hear_that_{s4}_i|你听说{s4}就在据点内，但没有参加宴会。
qstr_{s4}_is_present_at_th|{s4}就在据点内，正在参加宴会。
qstr_One_of_the_servants_|一名仆人告诉你，{s4}就在据点内，正私下等候你。
qstr_A_servant_tells_you_|一名仆人告诉你，{s4}就在据点内，但不被允许与你会面。
qstr_The_{s35}_has_been_r|{s35}已复国。
qstr_Error:_They_have_no_|错误：他们没有国王
qstr_{s4}_has_has_returne|{s4}已返回{s5}。
qstr_You_have_poisoned_a_|你使一匹马中毒了！
qstr_You_have_poisoned_th|你使敌人中毒了！
qstr_You_are_poisoned!|你中毒了！
qstr_Your_horse_is_poison|你的马中毒了！
qstr_The_poison_decreases|毒药正在损害你的健康！
qstr_You_are_no_longer_po|你已解除中毒
qstr_Set_seasonal_shader_|为WLOD 3任务设置季节着色器
qstr_You_suffer_a_serious|你的面部严重受伤。（魅力-1）
qstr_You_suffer_a_serious_|你的一条肢体严重受伤。（敏捷-1）
qstr_You_suffer_a_serious_i|你的身体严重受伤。（力量-1）
qstr_A_Thunderstorm_appro|雷暴正在逼近！
qstr_Sandstorm!|沙尘暴！
qstr_Check_1|检查1
qstr_You_got_keys_to_the_|你拿到了地牢钥匙。
qstr_You_killed_the_ghost|你杀死了鬼魂。
qstr_Changed_combat_speed|战斗速度已从最慢改为慢。
qstr_Changed_combat_speed_|战斗速度已从慢改为正常。
qstr_Changed_combat_speed_f|战斗速度已从正常改为快。
qstr_Changed_combat_speed_fr|战斗速度已从快改为最快。
qstr_Changed_combat_speed_fro|战斗速度已从最快改为最慢。
qstr_Delivered_{reg1}_ext|从背后造成了{reg1}点额外伤害！
qstr_Received_{reg1}_extr|从背后受到了{reg1}点额外伤害！
qstr_Delivered_{reg1}_extr|对马匹造成了{reg1}点额外伤害。
qstr_Delivered_{reg1}_extra|造成了{reg1}点额外伤害。
qstr_Horse_received_{reg1|马匹受到了{reg1}点额外伤害。
qstr_Feasts_in_Rome_take_|罗马的宴会在凯撒的宫殿——奥古斯都宫的三榻餐厅中举行。^^（按K键结束阅读）
qstr_Defenders_received_a|守军获得了弹药补给。
qstr_You_have_fallen.__Pr|你倒下了。（按Tab键离开）
qstr_Received_ammunition_|获得了弹药补给。
qstr_You_lost_{reg3}_prog|杀伤友军导致你失去{reg3}点进度！
qstr_Camera_follow_terrai|镜头跟随地形模式已开启。
qstr_Camera_follow_terrain|镜头跟随地形模式已关闭。
qstr_Camera_rotate_before|镜头平移前旋转已开启。
qstr_Camera_rotate_before_|镜头平移前旋转已关闭。
qstr_{s0}^^A_Battle_Comma|{s0}^^通常可按{s1}键打开战斗指挥界面。
qstr_Strategy_Camera|战略镜头
qstr_Tactical_Controls|战术操作
qstr_Sensitivity___25%__{|灵敏度-25%（{reg8}，{reg9}）
qstr_Sensitivity_+_25%__{|灵敏度+25%（{reg8}，{reg9}）
qstr_You_call_your_horse.|你呼唤自己的马……
qstr_{s1}:_added_{s2}__{r|{s1}：添加了{s2}，（{reg0}）
qstr_{s33}_changes_weapon|{s33}更换武器
qstr_{s33}_unequip_shield|{s33}因盾牌过大而卸下盾牌
qstr_We_lost_a_quarter_of|我军短时间内损失了四分之一的兵力，士兵们心中充满恐惧。
qstr_Half_of_our_army_has|我军短时间内损失了一半兵力，士兵们陷入恐慌！
qstr_The_enemy_lost_a_qua|敌军短时间内损失了四分之一的兵力，士兵们心中充满恐惧。
qstr_Half_of_the_enemy_ar|敌军短时间内损失了一半兵力，士兵们陷入恐慌。
qstr_You_fall_and_your_tr|你倒下了，部队陷入恐慌！
qstr_Our_side_lost_a_lead|我方失去了一名领袖，部队陷入恐慌！
qstr_The_enemy_king_has_f|敌方国王倒下了，敌军陷入恐慌！
qstr_The_enemy_lost_a_lea|敌方失去了一名领袖，敌军陷入恐慌！
qstr_The_Aquila_has_falle|鹰旗倒下了，我军陷入恐慌！
qstr_The_enemy_Aquila_has|敌方鹰旗倒下了，敌军陷入恐慌！
qstr_{reg2?routing:steady|{reg2?溃逃:稳定}
qstr_Fear_=_{reg0}_{s0}__|恐惧={reg0} {s0}（{s1}）
qstr_Set_screen_colour.|设置屏幕颜色。
qstr_Division_Placement|分队部署
qstr_Complex_Formations|复杂阵形
qstr_Formations_turned_OF|阵形已在选项菜单中关闭
qstr_Division_{reg1}_{s2}_g|第{reg1}分队{s2}前往已记住的位置……
qstr_Division_{reg1}_{s2}_f|第{reg1}分队{s2}组成一列横阵（已记忆）。
qstr_Division_{reg1}_{s2}_fo|第{reg1}分队{s2}组成{reg0}列横阵（已记忆）。
qstr_Soldiers_are_picking|士兵正在从地上拾取投射物。
qstr_Recieved_damage_from_|受到了火球伤害！
qstr_The_attackers_lost_6|进攻方伤亡是守军的6倍！
qstr_The_defenders_army_h|守军兵力是进攻方的两倍！
qstr_The_attackers_lost_5|进攻方伤亡是守军的5倍！
qstr_The_attackers_lost_4|进攻方伤亡是守军的4倍！
qstr_Attackers_casualties|进攻方伤亡过重，开始撤退。
qstr_Defender_s_infantry_|守军步兵，散开！
qstr_Attacker_s_Archers_c|进攻方弓箭手，冲锋！
qstr_Defender_s_Infantry_|守军步兵，反击！
qstr_Everybody_charge!|全体，冲锋！
qstr_Reinforcements_for_a|进攻方增援：{reg1}，防守方增援：{reg2}。
qstr_Defenders_recieved_a|守军获得了弹药补给。
qstr_Attackers_recieved_a|进攻方获得了弹药补给。
qstr_You_got_the_keys_to_|你拿到了地牢钥匙。
qstr_You_must_stay_behind|你必须待在地上的线后！此次不计分。
qstr_You_unleash_a_fearso|你发出一声骇人的呐喊！
qstr_Some_hints:^_You_can|提示：^按“K”键进行盾牌挑衅，按“T”键发出战吼，按“J”键改变战斗速度。
qstr_Ave_Commander!|向您致敬，指挥官！
qstr_Some_hints:^_You_can_|提示：^按“K”键进行盾牌挑衅，按“T”键发出战吼，按“J”键改变战斗速度。你与AI都可以使用盾击。
qstr_Ave_Caesar_morituri_|向凯撒致敬，将死之人向你致意！
qstr_Your_mission_is_to_a|你的任务是在敌军前来取水时伏击他们。如果不清楚该做什么，按K键回顾目标。
qstr__You_can_hardly_move|你几乎动弹不得，眼前一切都很模糊。看来你已经烂醉如泥。^^（按K键结束阅读）
qstr__People_perform_vari|人们举行各种仪式，敬奉诸神。
qstr_A_sweet_voice_sings:|一个甜美的声音唱道：“在那些日子里！在那些遥远的日子里！在那些夜晚！在那些古老的夜晚！在那些岁月！在那些遥远的岁月！”
qstr__In_those_ancient_da|“在那些古老的日子里，万物已被创造。在远古之时，万物各得其位；那片土地的圣所中，人们初尝面包。”
qstr__When_the_ovens_had_|“当炉火点燃，当天与地分离，当地与天分离，当人类出现，”
qstr____The_voice_stops_s|-- 歌声停了。她似乎注意到了你。--^^“你是谁？为什么来到我的花园？”
qstr__It_is_not_allowed_t|不允许进入内院。^^（按K键结束阅读）
qstr_A_slave_informs_you_|一名奴隶告诉你，你的配偶正在为午餐更衣。如果想和她交谈，请去三榻餐厅旁的更衣室。
qstr_Everywhere_this_awfu|到处都是可怕的烟雾……希望刻耳柏洛斯不会看见你。^^（按K键结束阅读）
qstr__Everywhere_rocks_an|到处是岩石，地面冒着烟雾……可那是什么，鬼魂吗？^^（按K键结束阅读）
qstr__You_hear_a_voice_wh|你听见一个声音低语：黑夜偷走白昼，愈发漫长，寒霜威胁着衰弱者与老者，要将他们抹去……^^（按K键结束阅读）
qstr__You_hear_the_dead_c|你听见亡者哭喊。他们想让你带他们离开这个可怕的地方。^^（按K键结束阅读）
qstr__The_dead_cry.|亡者在哭喊。
qstr__You_hear_something.|你听到了什么声音。刻耳柏洛斯？
qstr__You_have_a_sense_of|你被深深震撼，感到自身渺小。人们都已逝去。我们不过尘埃，生命如此短暂……谁能长生不死？^^（按K键结束阅读）
qstr_Life_is_short_live_i|生命短暂，尽情活过。^^（按K键结束阅读）
qstr_You_follow_Petronius|你跟着佩特罗尼乌斯走过偏僻街道。随后，他蒙住了你的眼睛。你听见女人的笑声，一只女人的手为你解开蒙眼布。眼前尽是陌生人，而佩特罗尼乌斯已经不见了。^^（按K键结束阅读）
qstr_I_think_there_is_a_p|我想那里有条路。要不要顺着走，看看通向哪里？
qstr_Thousand_years_ago_t|千年前，埃及诸王葬在这里。如今这里只剩野兽栖居。陷阱和盗墓者是严重的威胁。
qstr_You_fall_in_a_puddle|你倒在血泊中，生命正缓缓离开身体……
qstr_You_can_feel_the_pro|你感觉到诸神近在咫尺。可以向诸神献祭。如果幸运，他们或许会听见祈求，实现你的愿望。
qstr_Do_you_wish_to_retre|是否撤退？
qstr_You_feel_overwhelmed|你被深深震撼！人类怎么可能建造出这样的建筑？
qstr_Your_own_life_seems_|看着这些可怜人为一口活命的面包拼命劳作，早早走向坟墓，你觉得自己的生活似乎还不算糟。
qstr_The_rattle_of_spikes|铁镐敲击石头的声音震耳欲聋。下方，人们正在工头命令下艰苦劳作。
qstr_You_feel_the_proximi|你感觉到诸神近在咫尺。
qstr_You_smell_the_fresh_|你闻到希腊清新的空气，令人心旷神怡。
qstr_Can_t_leave_now.|现在不能离开。
qstr_Do_you_want_to_concl|是否结束宴会？
qstr_The_feast_concludes|宴会结束
qstr_You_cann_t_leave_now|现在不能离开！
qstr_Praise_oh_gods_our_n|啊，诸神，赞颂我们的新法老吧！经历了一段迷惘的时日，埃及又有了可以依靠的神圣父亲！
qstr_Today_we_praise_his_|今天，我们赞颂他的名，向他致敬、献祭！愿他赐福于我们，赐予财富，保护我们免受敌人侵害，捍卫我们古老的权利！他将在危难时守护我们，在战争时引领我们！愿他的名永受赞颂！
qstr_A_voice_whispers:__W|一个声音低语：“我们要考验你的本领，{playername}。若能活下来，你将得到我们的祝福。击败对手！”
qstr__Find_Lucia_and_talk|找到卢基娅，与她交谈。^^（按K键结束阅读）
qstr_This_area_is_sacred_|这片地区是当地人的圣地。小心行事，不要激怒他们。
qstr_You_found_Arminius_t|你找到了阿尔米尼乌斯的陵墓！
qstr_Your_action_angered_|你的行为激怒了日耳曼人！
qstr_You_desecrate_Armini|你亵渎了阿尔米尼乌斯的陵墓！
qstr_After_you_fall_the_b|你倒下后，匪徒抢劫了你！
qstr_The_smoke_is_getting|烟雾越来越浓，呼吸越发困难。
qstr_Kill_Lucillus_his_gu|杀死卢基卢斯、他的守卫和奴隶！不留活口。
qstr_Fires_are_common_in_|罗马火灾频发，但今天，历史上最严重的大火袭击了永恒之城。这场灾难持续六天，几乎焚毁全城，夺走成千上万人的性命。传言说，是{s1}下令纵火！有人说，是诸神震怒于罗马；还有人指控基督徒纵火。为了反击流言，{s1}也指控基督徒纵火！^^按Tab键离开。
qstr_Do_you_wish_to_give_|是否放弃？^你将输掉比赛。
qstr_{reg2}_of_{reg1}_sen|此次会议共有{reg1}名元老，其中{reg2}名支持你。
qstr__Smart_as_Odysseus_s|“你如奥德修斯般聪慧，如赫拉克勒斯般强壮！你的父亲朱庇特赋予你无数才干！愿你的统治带领罗马走向荣耀、强盛与富裕！我们对你的统治寄予厚望，相信绝不会失望！”
qstr__You_son_of_Jupiter_|“你，朱庇特之子，是唯一真正的凯撒与神圣的奥古斯都！”
qstr_Speaker:__Today!_We_|演说者：“今天！我们，罗马人民，承认你为元首与神圣的凯撒！”
qstr_Do_you_wish_to_give_u|是否放弃？^你押下的全部赌金都会损失。
qstr_{s1}^^Number_{reg1}:|{s1}^^第{reg1}号：{s2}
qstr_Participants_list:^^|参赛者名单：^^^{s1}^^^<< 按“K”键开始比赛！ >>
qstr_final_round|决赛
qstr_2nd_round|第二轮
qstr_first_and_final_roun|第一轮暨决赛
qstr_1st_round|第一轮
qstr_You_urge_your_horse_|你催动战马，迅疾如雷地冲刺！
qstr_Your_horse_stops_spr|你的马停止了冲刺。
qstr_{s35}_s_horse_stumbl|{s35}的马失蹄摔倒。
qstr_Your_horse_is_gettin|你的马正在疲惫。最好在它累死之前停止冲刺！
qstr_{s35}_encourages_his|{s35}催动马匹冲刺。
qstr_{s35}_stops_sprintin|{s35}停止了冲刺。
qstr_{s33}_state_{reg44}_|{s33}，状态{reg44}，子状态{reg45}
qstr_{s1}_won_the_race!|{s1}赢得了竞速赛！
qstr_Ranking:^^^{s10}|排名：^^^{s10}
qstr_Do_you_wish_to_give_up|是否放弃？
qstr_<<___Press__K__to_st|<< 按“K”键开始比赛！ >>
qstr_{s1}_won_the_competi|{s1}以{reg18}个单位的距离赢得比赛。
qstr_The_competition_is_o|比赛结束。
qstr_The_training_is_over|训练结束。按Tab键离开。
qstr_Train_with_your_part|与你的搭档训练。^^教程：^按X键可切换罗马短剑的攻击模式：主模式只有上刺与下刺，第二模式还可左右挥砍。^^（按K键结束阅读）
qstr_As_the_stolen_wine_w|由于没找到被偷的酒，你所在百人队的所有士兵都受到惩罚。
qstr_Kill_the_slaves_usin|用长棍杀死奴隶。^^（按K键结束阅读）
qstr_You_have_tracked_dow|你追踪匪徒来到他们的营地。他们毫无防备。进攻并击败他们。
qstr_Do_you_want_to_skip_|是否跳过过场？跳过后将无法获得进度点数。
qstr_You_may_encounter_tw|你可能遇见两种动物：鹿或野猪。鹿会在你接近时逃跑，野猪则可能攻击你。动物到达地图边界后，就会从场景中消失。^^按Y键可以蹲行。^^（按K键结束阅读）
qstr_You_can_walk_crouche|按Y键可以蹲行。^^（按K键结束阅读）
qstr_BUG_BUG_BUG|程序错误，程序错误，程序错误
qstr_YOU_DIE_NOW_BECAUSE_|你现在因程序错误而死亡
qstr_The_lecture_has_ende|讲座结束了
qstr__{s20}_^^_Press_K_on|“{s20}”^^（阅读完毕后按K键。）
qstr_Auctor:__I_see_you_c|主持人：“看得出，你们已经迫不及待了！让我们欢迎：狮子！”
qstr_Mob:__Lions!_Lions!_|人群：“狮子！狮子！狮子！狮子！狮子！”
qstr_Auctor:__We_haven_t_|主持人：“我们几个月没喂狮子了，它们如今饥肠辘辘。你们已经能听见它们的声音。”
qstr_Auctor:__Look_at_tho|主持人：“看看这些丑陋的罪犯。今天，他们将与野兽搏斗！他们犯下最邪恶的罪行，如今要受到应得的惩罚！”
qstr_Auctor:__People_of_{|主持人：“{s39}的人民，今天你们将看到一场盛大的奇观！”
qstr_Auctor:__Bring_the_l|主持人：“把狮子带来！快，把狮子带来！号手，发出信号！”
qstr_Prisoner:__He_fears_|囚犯：“他怕死！他不是神吗？怕死的家伙算什么神？！我唾弃你，弑母者！”^^-- 人群怒吼。--
qstr_Prisoner:__Yet_is_th|囚犯：“可这算罪吗？罗马人，这算罪吗？”^^-- 人群怒吼。--
qstr_Prisoner:__I_strived|囚犯：“我为这些目标奋斗！可惜，我失败了。我没有家，从没有人爱过我，天天饿着肚子。”
qstr_Prisoner:__All_I_eve|囚犯：“我只想要一间能称作家的小屋，一个爱我、也被我爱的女人，还有每天能吃的东西。”
qstr_Prisoner:__All_I_ever|囚犯：“我一直想要的只是……”^^-- 人群发现他想说话，便安静下来。--
qstr____Meanwhile_one_of_|-- 此时，一名囚犯走上前来。--
qstr_Auctor:__Princeps_wa|主持人：“元首仁慈地赐给他们一些武器，让他们对抗狮子！如果能活下来，就赦免他们！”
qstr_Auctor:__My_fellow_R|主持人：“罗马同胞们！今天你们将见证叛徒被处决。他们参与了推翻凯撒的阴谋，却失败了，如今正义得到伸张！”
qstr_Someone_says:__Waaar|有人说道：“哇啊！谁在那里？”
qstr_Climb_on_the_mountai|爬上山，找到这个生物。^^（按K键结束阅读）
qstr_Objective:_Escape_fr|目标：从正门逃离萨迦罗。
qstr_Someone_says:__Pleas|有人说道：“求求你，求求你！请克瑞斯托斯救救我们，求他救救我们！他不能让我们全都死去！他不是全能的吗？”
qstr_Someone_else:__Save_|另一个人说道：“救救我们，主啊！请我们的主救救我们！”
qstr_Old_man:__Do_not_be_|老人：“不要害怕。主就在身旁。我们不能，也不该逃跑。去吧，照主希望的方式生活，照主希望的方式死去，因为死亡也是生命的一部分。”
qstr__Praised_be_the_Lord|“赞美主！”
qstr_Bandits_strike_at_yo|匪徒凶狠地袭击你，你倒在血泊中。他们以为你死了……
qstr_The_bandits_have_bee|匪徒已经解决。^^想离开时，按Tab键。
qstr_Stability_of_the_Empi|帝国稳定度提升
qstr_The_enemies_spotted_|敌人发现了你的船，准备了伏击。迎战！
qstr_Insufficient_funds|资金不足
qstr_{s0}_has_been_destro|{s0}已被摧毁。你获得了{reg0}第纳尔。
qstr_You_fall_the_game_is|你倒下了，游戏结束……
qstr_You_can_t_advance_no|现在不能前进。
qstr_You_can_t_advance_now|现在不能前进。先击败敌人。
qstr_There_is_another_lev|上面还有一层。握紧武器，向上走。
qstr_You_have_made_it._No|你做到了。现在你能看见那只陶罐。它真实无比。^你可以移动它，也可以打碎它。若这样做，就会以底层那些人永远做不到的方式，改变他们所有人的现实。^这意味着，你不仅要对自己负责，也要对他们负责。^^按K键继续。
qstr_Take_your_weapon_and|拿起武器，现在就登上台阶。
qstr_This_is_the_lowest_l|这里是柏拉图洞穴的最底层。大多数人住在这里，安于自己的生活。^他们看见墙上由上方投下的影子，这些影子就是他们的世界。他们看得见那只陶罐的影子，却看不见陶罐本身。这是他们所知的一切，也将是他们永远所知的一切。^若你想把他们拖上台阶，他们会恨你，会与你搏斗。^你可以留下，和他们幸福地生活，但那样便永远不会知道世界真正的模样。^^按K键继续。
qstr_You_wake_up_with_a_t|你醒来时头痛欲裂。四周鲜花芬芳，树上硕果累累。远处传来甜美的声音。这里一定是极乐之地。该四处探索了。
qstr_Speak_with_Mancinell|与曼基内卢斯交谈！
qstr_Speak_with_Hludwig!|与赫卢德维希交谈！
qstr_Speak_with_The_Lybia|与利比亚人交谈！
qstr_Speak_with_other_gue|与其他宾客交谈，以结束宴会！^^[提示：帮助哈德里亚努斯，或与一位罗马贵妇调情。]
qstr_Speak_with_other_gues|与其他宾客交谈，以结束宴会！^^[提示：哈德良已经离开。与一位罗马贵妇调情，才能脱身。]
qstr_Enjoy_or_survive_you|享受，或设法熬过你在妓院里的时光……
qstr_New_objective:_Follo|新目标：跟随哈德里亚努斯作战，攻克堡垒！
qstr_New_objective:_Find_|新目标：找到那位丑陋的阿兰战士，从秘密入口逃走。
qstr_New_reinforcements_a|新的援军抵达了！
qstr_New_enemies_arrive!|新的敌人抵达了！
qstr_Objetive:_Defeat_all|目标：击败所有敌人，救出玛蒂尔迪兹，否则她将无法在战斗中存活！^^（提示：前往赫卢德维希的房屋，在门前按F键。）
qstr_We_will_defeat_those|我们要击败这些来自斯坎迪亚的兽人，他们竟敢抢夺我们的土地、牛群和妻子！列好阵形！备好盾矛！战斗就在眼前！
qstr_Warriors!_Today_the_|战士们！决战之日终于来了！即使数百年过去，诗人仍会传唱今天！今日参战者，必将名扬四海，成为传奇！^战士们，我们的敌人更像野兽，而不是人。他们来自斯坎迪亚！众所周知，那里住的都是兽人。
qstr_Pirates_strike_at_yo|海盗凶狠地袭击你，你倒在血泊中。他们以为你死了……
qstr_The_pirates_have_bee|海盗已经解决。拿上战利品，离开这里。^^想离开时，按Tab键。
qstr_You_have_just_killed_|你刚杀死了苏苏斯的护卫。翻查他的物品，你找到了一些财宝。不过，必须先击败其余匪徒，才能领取奖赏。
qstr_You_have_killed_the_|你杀死了船长，那家伙又丑又壮，身形佝偻，像老鼠一样臭。搜查遗物时，你找到几样有用的东西。不过，必须先击败其余匪徒，才能领取奖赏。
qstr_You_killed_the_famou|你杀死了著名海盗苏苏斯·阿莫古斯。你以胜者之姿站在他的尸体旁，钢刃染血，终结了他漫长而可怕的恐怖劫掠生涯。你获得：
qstr_In_the_distance_you_|远处有一些废墟。小心，那里很可能也盘踞着匪徒。
qstr_There_is_a_path_you_|有一条路可以继续前进。你会找到什么宝藏？
qstr_It_is_said_the_famou|据说，著名海盗苏苏斯·阿莫古斯在这座岛上设立了营地……
qstr_The_air_is_stale._Th|空气污浊。数百年来，无人进入这座陵墓。你几乎无法呼吸。^^（按K键结束阅读）
qstr_Caeselius_Bassus_has|凯塞利乌斯·巴苏斯还没抵达废墟。白天再来。
qstr_Caeselius_Bassus_is_|凯塞利乌斯·巴苏斯睡着了。白天再来。
qstr_Follow_Caeselius_Bas|跟随凯塞利乌斯·巴苏斯！
qstr_Bring_Caeselius_Bass|把箱子里的物品交给凯塞利乌斯·巴苏斯！
qstr_Digging_continues...|挖掘继续……
qstr_Hint:_Enter_the_long|提示：进入长屋。
qstr_The_guests_applause_|诗句终了，宾客鼓掌^^献给新朋友的合宜赞歌^^宴席虽散，回忆仍在^^将在我们的故事里，长久流传。
qstr_So_let_us_drink_and_|让我们饮酒，纵情欢笑^^生命短暂，时光艰险^^珍惜今夜，将它紧拥^^回忆的光，会照亮一生。
qstr_That_life_is_sweet_a|人生甘美，本就该如此^^与朋友同享，恣意自由^^让我们舞蹈，歌唱，嬉戏^^明日的烦恼，不属于今日。
qstr_The_gardens_of_Maece|梅塞纳斯的花园盛开^^芬芳花朵，在自然的厅堂^^头顶群星，闪烁成景^^举杯之时，让我们明白。
qstr_The_feast_is_done_th|盛宴已毕，宾客尽欢^^我心中还有一份款待^^写下诗篇，请诸位聆听^^献给这个可爱的夜晚。
qstr_Another_thunder_is_r|又一声雷鸣响起。士兵们视之为吉兆，欢呼呐喊，士气高昂。
qstr_You:^^People_of_Rome|你：^^罗马的人民！高贵的公民！我以新获拥立的元首、平等者中的第一人的身份，站在你们面前。我怀着谦卑接受这份神圣职责。我们将为罗马开辟繁荣、团结与荣耀之路。愿罗马精神引导我们的事业，让正义长存。我承诺以坚定不移的奉献领导国家，保障每一位公民的福祉。愿先祖的遗产激励我们的行动。我们将建设一个世代强盛的罗马。罗马永不败！
qstr_On_{s1}_{s10}_entere|{s1}，{s10}作为唯一的胜利者进入罗马，结束了自安东尼乌斯战败以来最动荡的一年。
qstr_Ceres_guards_you!|刻瑞斯守护你！
qstr_Diana_guards_you!|狄安娜守护你！
qstr_Minerva_guards_you!|密涅瓦守护你！
qstr_Mars_guards_you!|玛尔斯守护你！
qstr_Mercurius_guards_you|墨丘利守护你！
qstr_Jupiter_guards_you!|朱庇特守护你！
qstr_Julia|尤利娅
qstr_You_never_knew_your_|你从未认识自己的生身父母。^^后来被你称作父亲的男人，发现你躺在苇篮里大声哭喊，顺着台伯河漂流。他费尽力气，才将你从水里救起，带上安全的岸边。^^他和妻子已没有自己的孩子。最后一个婴儿就在几天前死在摇篮里。他们将你的出现视为神谕，收养你为{reg11?女儿:儿子}，给了你新的家，也给了你爱。^^你的父亲是一位启蒙教师，教你读写。那位成为你母亲的女人，则给你上了最初的经商课。你帮她经营小小的街边生意。无人愿意购买货物时，你就寻找别的办法，从他人口袋里弄到急需的钱。^^于是，你开始乞讨，直到学会割钱袋和撬锁。尽管如此，你没受过大苦，也没遭过大病，童年总体还算愉快。可是，你始终觉得，人生应当还为你准备了更多东西。^^长大后，一切变了。父母先是告诉你，他们如何在台伯河发现并收养了你。^^你立刻开始追查身世，却一无所获，尽管你的行动并非无人注意。你沿台伯河向上游寻找线索和证人，却没有人记得或听说过婴儿被遗弃河中的故事。酒馆里有人许诺，只要付钱就告诉你答案；可钱是真的，盼来的答案却是编造的。就在你准备放弃时，你听说一名年老女奴曾在显赫家族服侍过。你重新燃起希望，前去找她，找到的却不是期盼的答案，而是她的新坟。你万分沮丧，那晚在酒馆喝得酩酊大醉。^^就在那一夜，你的父母在家中遭到抢劫并被杀害。再次失去双亲的悲痛折磨着你，你开始追查凶手。终于找到他们后，你毫不留情地将他们全部杀死。然而，你行凶时被人撞见，随后被消防卫兵逮捕，将被卖为奴隶。
qstr_You_have_made_some_c|你已作出一些选择。游戏开始后，将无法再更改。是否保留选择并继续？
qstr_WARNING:_EDIT_MODE_I|警告：编辑模式已开启
qstr_cheats_are_enabled_P|作弊已开启，PILOS正注视着你
qstr_Back_to_the_beginnin|回到开头……
qstr_View_next_segment...|查看下一段……
qstr_^No_food:___{reg7}|^没有食物：-{reg7}
qstr_^Wage_debt:___{reg7}|^拖欠薪饷：-{reg7}
qstr_Current_party_morale|当前部队士气为{reg5}。^当前士气修正如下：^^基础士气：+{reg6}^部队规模难以管理：{s2}{reg1}^缺乏休息：{s3}{reg2}^食物多样性：{s4}{reg3}{s5}{s6}^近期事件：{s7}{reg4}^总计：{reg5}^^^
qstr_Appoint_next_marshal|任命下一任元帅
qstr_Award_{s12}_as_fief|将{s12}授为封地
qstr_No_one|无人
qstr_Selected_faction_is:|所选阵营：{s10}^^{s9}
qstr_Fortifications_are_d|工事已被摧毁。
qstr_Coordinates:_x={reg4|坐标：x={reg44} y={reg45} z={reg46}。
qstr_You_can_t_give_soldi|不能把士兵交给随军队伍！
qstr_Follower_party_is_em|随军队伍是空的！
qstr_Place_some_women_in_|将一些妇女编入随军队伍，或将其解散！
qstr_You_chose_to_dispers|你选择遣散随行人员。
qstr_Destroyed_your_ship!|你的船已被摧毁！
qstr_You_get_money_to_buy|你获得了购买新船的钱。
qstr_{s1}:_grain_price:_{|{s1}：粮价：{reg1}
qstr_Searching_for_roman_|正在搜索罗马队伍
qstr_name;_type;_template|名称；类型；模板；
qstr_End|结束
qstr_kingdom|王国
qstr_Empire|帝国
qstr_{reg1}_{s1}_{reg2?ac|{reg1}名{s1}{reg2?接受:接受}了提议。
qstr_No_one_accepts_the_o|无人接受提议。
qstr_You_gain_some_gold_f|你向士兵出售装备，获得了一些金钱。
qstr_You_start_reading_{s|你开始阅读{s2}。读了几页后，你觉得能从中学到许多东西，便决定随身携带，一有时间就阅读。
qstr_You_flip_through_the|你翻看{s2}，却发现内容晦涩，难以理解。任你怎样努力，很快还是头痛起来，只得放弃。
qstr_Grazing|放牧
qstr_the_gods|诸神
qstr_YHWH|雅威
qstr_The_sacrifice_was_su|祭品足够丰厚，你获得了虔诚！
qstr_The_sacrifice_was_to|祭品太少。
qstr_You_feel_so_alive!_{|你感到生机勃勃！{s20}治愈了你！
qstr_You_will_command_{re|战斗中你将指挥{reg50}人。
qstr_Villagers|村民
qstr_You_have_encountered|你遭遇了{s1}。^^敌军正准备进攻你设防的营地。^
qstr_Ambush!_The_enemy_ha|伏击！敌人迂回占据有利位置，你落入了埋伏。部分敌军袭击后卫，造成伤亡。^^遭到伏击让你陷入不利而混乱的防守态势，士兵们士气不稳，对敌造成伤害的能力也会降低。^^
qstr_You_have_encountered_|你遭遇了{s1}。^^敌方指挥官以慷慨激昂的演说鼓舞士兵，敌军士气极高。^^
qstr_You_have_encountered_{|你遭遇了{s1}。^^敌方指挥官召集士兵祈祷，祈求诸神庇护。敌军士气高昂。^^
qstr_You_have_encountered_{s|你遭遇了{s1}。^^我军尚未准备完毕，就遭到敌方远程部队突袭，造成了一些伤亡。^^
qstr_You_have_encountered_{s1|你遭遇了{s1}。
qstr_You_have_engaged_{s1|你在{s1}劫掠{s3}时与其交战。
qstr_You_were_caught_by_{|你的部队劫掠{s3}时，被{s1}截住了。
qstr_{s2}_You_have_{reg10|{s2}你有{reg10}名可战士兵，敌方有{reg11}人。^^注意：可使用对应按键打开物品栏、部队和角色界面。^^{s47}
qstr_You_were_victorious!|你胜利了！
qstr_The_battle_was_lost.|战斗失败，你的军队被彻底击溃。
qstr_Your_companions_carr|同伴们将你带离战场。
qstr_You_have_defeated_th|你击败了敌人。
qstr_You_have_retreated_f|你撤出了战斗。
qstr_^^Ally_Casualties:{s|^^盟军伤亡：{s0}
qstr_A_rebellion_was_defe|一场叛乱已被平定！
qstr_{s1}_of_{s3}_managed|{s3}的{s1}成功逃脱。
qstr_You_have_stolen_{s39|你从{s39}那里偷到了{reg32}第纳尔。
qstr_After_your_defeat_{s|你战败后，{s22}离开军队，逃命去了。
qstr_Some_of_your_tendons|战斗损伤了你的一些肌腱，力量降低1点。
qstr_You_took_a_nasty_wou|你受了重伤，即使痊愈也会略微跛行。敏捷降低1点。
qstr_After_the_battle_you|战后你惊恐地发现，一记沉重的打击在脸上留下了深深的毁容伤疤，让周围人望而生畏。魅力降低1点。
qstr_You_have_trouble_thi|战后你思绪混乱，也许是头部遭到重击所致，频繁的头痛开始折磨你。智力降低1点。
qstr_Perhaps_I_m_getting_|也许我的运气越来越差了……
qstr_Retirement_is_starti|隐退听起来越来越诱人了。
qstr_No_matter!_I_will_pe|没关系！我会坚持下去！
qstr_What_did_I_do_to_des|我做错了什么，竟要遭这种罪？
qstr_I_suppose_it_ll_make|至少，我想这能编成一个好故事……
qstr_You_and_your_men_are|你和部下受到欢迎。
qstr_You_have_the_order_t|你接到命令，进攻城墙。
qstr_The_attackers_retrea|进攻方撤退了。强攻结束，围城仍在继续。
qstr_{s9}_wants_you_to_fo|{s9}要求你跟随{reg0?她:他}的军队，等待进一步通知。
qstr_{s8}_of_{s9}|{s9}的{s8}
qstr_liege|君主
qstr_former_liege|前君主
qstr_affiliate|家族盟亲
qstr_former_companion|昔日同伴
qstr_marshall|元帅
qstr__Your_own_banner_fli|城门上飘扬着你自己的旗帜。
qstr__You_see_the_banner_|你看见城门上飘扬着你的{s11}{s7}的旗帜。
qstr__You_see_the_banner_o|你看见城门上飘扬着{s7}的旗帜。
qstr__Your_own_banner_flie|城镇大门上飘扬着你自己的旗帜。
qstr__You_see_the_banner_of|你看见城镇大门上飘扬着你的{s11}{s7}的旗帜。
qstr__You_see_the_banner_of_|你看见城镇大门上飘扬着{s7}的旗帜。
qstr_You_make_sure_they_s|你特意让他们看清，他们的领主{s11}正被你的军队扣押。
qstr_The_{reg6?town_s:for|{reg6?城镇:堡垒}的粮食储备应该还能维持{reg3}天。
qstr_The_{reg6?town_s:fort|{reg6?城镇:堡垒}的粮食储备已耗尽，守军正在挨饿。
qstr_>>Your_men_are_build|>>你的士兵正在{s4}周围修筑哨卡和小营地，阻止人员出入。封锁完成前，城镇仍能补充粮食。^^
qstr_>>Your_perimeter_con|>>外围封锁已就绪。你在{s4}周围建立了监视圈，任何人出入都逃不过士兵的耳目。^聚落无法再从外界补充粮食。^^
qstr_>>Your_men_are_ready|>>部队已做好强攻准备。^^
qstr_>>As_a_disciplined_a|>>作为一支纪律严明的军队，你的士兵修建了厕所、水管和每周洗浴用的水池。卫生的营地能预防疾病。^^
qstr_>>Your_men_have_fini|>>挡箭牌已建成。现在可以用它们保护先头进攻的士兵，以及最后冲锋的主力。^^
qstr_>>Your_men_have_finis|>>攀城装备已制成。^^
qstr_>>Your_attempt_to_fi|>>你在聚落中寻找内应的尝试失败了。^^
qstr_>>You_have_found_a_t|>>你在{s7}找到了一名内应，愿意协助你攻占此地。这会使其更容易投降。^^
qstr_>>Your_attempt_to_ha|>>派人潜入{s4}的尝试失败了。^^
qstr_>>Your_men_have_succ|>>你的人成功潜入{s4}，给敌军造成了损害。^^
qstr_>>You_ve_managed_to_|>>你已成功劫掠附近的庄稼和农场。^^
qstr_>>Your_men_are_buildi|>>你的士兵正在{s4}周围修筑哨卡和小营地，阻止人员出入。^^
qstr_>>Your_perimeter_cont|>>外围封锁已就绪。你在{s4}周围建立了监视圈，任何人出入都逃不过士兵的耳目。^这将尤其有利于和堡垒指挥官谈判投降。^^
qstr_>>You_have_sent_men_|>>你已派人前往{s4}寻找内应。^^
qstr_>>You_have_found_a_tr|>>你在{s4}找到了一名内应，愿意协助你攻占此地。这会使其更容易投降。^^
qstr_>>Your_men_are_takin|>>你的士兵奉命抢收庄稼，洗劫{s4}附近的农场。这会使其更容易投降。^^
qstr_>>You_have_sent_men_t|>>你已派人潜入{s4}。^^
qstr_>>Your_camp_smells_h|>>营地臭气熏天，地面泥泞，士兵在帐篷间随地便溺，老鼠四处乱窜。^^
qstr_>>As_a_disciplined_ar|>>作为一支纪律严明的军队，你的士兵修建了厕所、水管和每周洗浴用的水池。卫生的营地能预防疾病。^^
qstr_>>Your_men_are_diggi|>>士兵正在挖建厕所，采取其他措施预防疾病。^^
qstr_Main_party_size:_{re|主队人数：{reg1}人
qstr_{s1}:_{reg1}_men|{s1}：{reg1}人
qstr_You_need_to_have_mor|此事需要超过250人。
qstr_You_need_to_have_at_|至少需要40人，才能分派人手寻找内应。
qstr_You_need_more_than_3|你需要超过30人，否则派人外出会使营地防备不足。
qstr_You_need_to_have_more|此事需要超过10人。
qstr_You_need_to_have_more_|此事需要超过80人。
qstr_>>The_assault_equipm|>>强攻装备已就绪。士兵们等待你的命令。^^
qstr_>>You_look_at_{s4}._|>>你望着{s4}，士兵默默等候进攻的号令。你肌肉紧绷，渴望战斗，头脑却冷静清醒，肾上腺素涌遍全身。^一名士兵深深吸气，问道：“闻到了吗？那是荣耀的气息。准备好把它夺过来了吗？”^^
qstr_>>The_steel_of_the_w|>>钢刃闪耀，旗帜迎风摆动，号角响起。士兵低语，许多人祈祷，在生命可能终结之前向神明求恩。前方只有两种结局：胜利，或死亡。^战争……战争从未改变。^^
qstr_>>Winter_is_the_wors|>>冬季最不适合作战，但你正站在寒冷的时节里，准备征服{s4}。许多人认为你胆大包天，另一些则认为你疯了。不过，这地方很快就会属于你。^^
qstr_>>It_s_summer_and_ho|>>正值酷暑，也许热得过头了，但此刻你毫无感觉。和每次战前一样，你留出片刻，让几段挥之不去的往事浮上心头……然后封起思绪，准备迎战，连最坏的结局——死亡——也已做好准备。^^
qstr_>>You_look_at_{s4}._Y|>>你望着{s4}，士兵默默等候向死亡冲锋的号令。你肌肉紧绷，渴望战斗，头脑却冷静清醒，肾上腺素涌遍全身。^一名士兵深深吸气，问道：“闻到了吗？那是荣耀的气息。准备好把它夺过来了吗？”^^
qstr_>>Your_men_have_finish|>>挡箭牌已建成。现在可以用它们保护先头进攻的士兵，以及最后冲锋的主力。^^
qstr_>>Your_men_are_buildin|>>士兵正在制作挡箭牌。^^
qstr_>>Your_men_have_finishe|>>梯子已经造好。^^
qstr_>>Your_men_are_building|>>士兵正在制作攻城梯。^^
qstr_{s4}_lost_between_40|{s4}损失了40至50%的粮食储备。
qstr_{s4}_lost_between_50|{s4}损失了50至60%的粮食储备。
qstr_{s4}_lost_between_30|{s4}损失了30至40%的粮食储备。
qstr_{s4}_lost_between_10|{s4}损失了10至20%的粮食储备。
qstr_{s4}_have_between_10|{s4}有10至30%的驻军将患病数日。
qstr_It_should_have_food_|粮食储备应该能维持{reg6}天。^驻军共有{reg5}人。
qstr_^^The_following_armi|^^以下军队目前驻于城内：
qstr_^{s3}_with_{reg1}_tr|^{s3}，拥有{reg1}名士兵。
qstr_^^Next_to_the_Tigris|^^美丽的泰西封坐落在底格里斯河畔，是帕提亚诸王宏伟的居所。
qstr_^^Rome!_The_city_whi|^^罗马！将要征服已知世界的城市。你能征服它吗？
qstr_^^Long_time_ago_Cart|^^很久以前，迦太基与罗马一样强大，还是地中海贸易的中心。但罗马人不喜欢对手，将其付之一炬，又在旁边建起新的罗马迦太基。
qstr_^^Alexandria_was_fou|^^亚历山大里亚由亚历山大大帝创建，成为埃及的明珠。
qstr_^^Hierosolyma!_It_is|^^希耶罗索吕马！犹太信仰的中心。你感到巨大的麻烦潜伏于此。
qstr_^^This_place_is_just|^^这个地方只等着你来征服。
qstr_As_a_last_defensive_|你退入要塞大厅，作最后抵抗。你和剩余士兵将在这里拼死一战。若再战败，就无处可退。
qstr_You_ve_been_driven_a|你已被逐下城墙，进攻者正涌入街道。如果能击败他们，或许还能扭转战局，挽救这一天。
qstr_You_ve_breached_the_|你已攻破城墙，但顽强的守军仍在街道上抵抗！必须先解决他们，才能进攻城镇中心的要塞。
qstr_The_town_centre_is_y|城镇中心已被你控制，但残余守军退入了大厅。攻下大厅，才能完成胜利。
qstr_The_remaining_defend|残余守军退入大厅，作最后抵抗。你必须冲进去，粉碎一切残余抵抗。
qstr_You_gained_{reg50}_d|你劫掠居民获得{reg50}第纳尔，劫掠市政机构获得{reg51}第纳尔，劫掠积存税款获得{reg52}。
qstr_You_gained_{reg50}_de|你劫掠居民获得{reg50}第纳尔，劫掠市政机构获得{reg51}第纳尔。
qstr_However_since_you_ar|不过，你并未宣誓效忠{s9}，因此他绝不会承认你是这座{reg8?城镇:堡垒}的统治者。
qstr_Caesar_Augustus|凯撒奥古斯都
qstr_your_liege|你的君主
qstr_Caesar_Augustus_want|凯撒奥古斯都希望你治理土地。
qstr_Your_liege_offers_to|你的君主提议扩充你的封地！
qstr__Governor.|总督。
qstr__Lord|领主
qstr_The_enemy_has_been_f|敌人被迫撤退。强攻结束，围城仍在继续。
qstr_Your_wounds_are_too_|你的伤势过重，无法战斗。
qstr_As_you_approach_you_|你接近时被卫兵发现，他们欢迎自己的{s10}，为你打开城门。
qstr_As_you_approach_you_a|你接近时被卫兵发现，他们欢迎自己的{国王/女王}，为你打开城门。
qstr_As_you_approach_you_ar|你接近时被卫兵发现，他们欢迎自己的{领主/女领主}，为你打开城门。
qstr_The_village_is_haunt|村庄正在遭受{s0}疫情。
qstr_The_village_has_rece|村庄最近遭受了{s0}。^^{s44}
qstr_The_village_has_recen|村庄最近蒙受{s0}的恩惠。^^{s44}
qstr_Princeps|元首
qstr__This_village_and_th|这座村庄与周围土地属于你。
qstr__You_remember_that_t|你记得，这座村庄与周围土地属于你的{s11}{s7}。
qstr__You_remember_that_th|你记得，这座村庄与周围土地属于{s7}。
qstr__These_lands_belong_|这些土地没有主人。
qstr__The_village_is_infe|村庄被{reg8}名{s35}盘踞。
qstr__The_peasants_are_re|农民正在反抗你。
qstr__The_village_has_bee|村庄已遭劫掠。你穿过烧毁的房屋时，零星几个居民四散逃开。
qstr__The_village_is_bein|村庄正遭劫掠。
qstr_You_need_at_least_15|至少需要15人。
qstr__You_start_performin|你开始从事这些艰苦的农民劳作。
qstr__Like_farmer_you_los|你像农民一样劳作，因此失去声望。
qstr_You_donated_2000_den|你捐赠了2000第纳尔。
qstr_Due_to_the_low_prosp|村庄繁荣度低，居民们十分高兴。
qstr_Due_to_the_high_pros|村庄繁荣度高，你们的关系只略有改善。
qstr_They_didn_t_accept_y|他们没有接受捐赠。几天后可以再问。
qstr__You_ve_been_carried|你被俘带走，停止了劳作。
qstr__The_village_is_being|村庄正遭劫掠，你停止了劳作。
qstr__The_village_is_being_|村庄被匪徒侵占，你停止了劳作。
qstr_Here_are_the_results|辛勤劳作的成果如下：你筋疲力尽，获得{reg36}点经验，收到一些{s22}，并改善了与村庄的关系。农民的生活艰辛，但你感到满足。
qstr_No_one_here_seems_to|这里似乎没人愿意加入你的部队。
qstr_One_{s3}_volunteers_|一名{s3}志愿跟随你。
qstr_{reg5}_{s3}_voluntee|{reg5}名{s3}志愿跟随你。
qstr_Try_as_you_might_you|任你如何努力，也没能击败匪徒。暴怒的他们将村庄夷为平地，惩罚农民，随后离开燃烧的废墟，寻找更丰饶的劫掠目标。
qstr_Mercilessly_your_men|你的士兵毫不留情地杀死沿途遇到的所有人，再冲进房屋，杀死或奴役所有成年男子。你残暴的名声随风传播，谈及你的人无不心生恐惧。如今{s4}已被平定，但代价极为惨重。
qstr_But_who_cares_about_|可谁会在乎一个愤怒的平民呢？
qstr_The_town_counsel_thr|城镇议事会威胁要写信给{s11}，控诉你的暴政，试图说服他免去你的总督职务。不过，你知道{s11}从不回应这种请求。
qstr_Argueing_that_the_mo|你声称国家需要这笔钱，开始征税。不出所料，市民对你的贪婪举动愤怒不已。
qstr_Argueing_that_the_mon|你声称国家需要这笔钱，开始征收通行税。不出所料，商人对你的贪婪举动愤怒不已。
qstr_You_march_with_your_|你率军来到城镇议事会，声称议事会金库的资金必须用于保卫国家，下令士兵接管。不出所料，市民对你的贪婪举动愤怒不已。
qstr_{s40}_is_not_amused_|{s40}听说你在他的城里暴虐征税，很不高兴！
qstr_If_you_place_prisone|将俘虏安置在村庄后，他们会在田间和矿场劳动，带来额外租金。
qstr_The_assasins_beat_yo|刺客将你打倒，以为你已死，便离开了。
qstr_You_have_fallen._The|你倒下了。匪徒迅速搜遍你的身体，拿走能找到的每一枚钱币，随后消失在夜色中。他们留了你一命，尽管你已奄奄一息。
qstr_Luckily_some_of_your|幸好，几名同伴见你迟迟未归，出来寻找，发现你躺在路旁。他们连忙把你带到安全处，包扎伤口。
qstr_Luckily_some_passing|幸好，几名路过的市民发现你躺在路旁，认出你并非普通乞丐。他们把你抬到最近的旅店，包扎伤口。
qstr_You_fail_to_steal_an|你没能偷到任何牛。
qstr_You_drive_away_{reg1|你从村里的牛群中赶走了{reg17}{reg12?头:头}牛。
qstr__From_your_vantage_p|从高处望去，骚乱中一个符合{s50}外貌描述的人正在拔剑武装自己。若不继续进攻，逃犯就会溜走！
qstr_It_is_night_and_the_|夜幕降临，圣所似乎很安静。
qstr_Further_towards_the_|再往北，便是塞拉卡的神圣森林。民间传说，林中住着森林精灵。
qstr_A_bug_occured_on_tow|城镇菜单发生程序错误。
qstr_The_{reg0?town:fortr|这座{reg0?城镇:堡垒}正遭受{s0}疫情。
qstr_The_{reg10?town:fort|这座{reg10?城镇:堡垒}遭受了毁灭性的{s0}。^^{s44}
qstr_The_{reg10?town:fortr|这座{reg10?城镇:堡垒}蒙受了{s0}的恩惠。^^{s44}
qstr_People_aren_t_very_h|居民不太欢迎你出现在他们家中。
qstr_{s10}^^Inhabitants_o|{s10}^^堡垒居民说，不列颠王子内尼乌斯葬在某座城门附近。随他同眠棺中的，是尤利乌斯·凯撒的罗马短剑“黄色死神”。^^
qstr_{s10}^^The_legend_go|{s10}^^传说，忒修斯在克诺索斯附近的迷宫中击败了强大的弥诺陶洛斯。不过要当心！当地长老说，迷宫中还栖息着一个生物。若要前往，务必武装齐备，小心行事！^^
qstr__This_fortress_belon|这座堡垒属于你。
qstr__You_remember_that_thi|你记得，这座堡垒属于{s11}{s7}。
qstr__You_remember_that_this|你记得，这座堡垒属于{s7}。
qstr__This_fortress_has_n|这座堡垒没有驻军。
qstr__This_town_belongs_t|这座城镇属于你。
qstr__You_know_that_this_|你知道，此地属于你的{s11}{s7}。
qstr__You_remember_that_this_|你记得，这座城镇属于{s7}。
qstr__This_town_has_no_ga|这座城镇没有驻军。
qstr__You_have_successful|你成功潜入了。
qstr__Your_{reg1?capital_|你的{reg1?首都位于:宫廷设在}这里{reg0?，配偶{s0}也居住于此:}。
qstr__Your_household_can_|你的家眷在这里。
qstr_{s13}_A_great_game_w|{s13}这里很快将举办盛大的赛会。
qstr_There_is_a_senate_me|元老院会议正在进行。
qstr_The_next_senate_meet|下一次元老院会议将在{reg39}天后举行。
qstr_It_is_unknown_when_t|尚不清楚下一次元老院会议何时举行。
qstr_{s43}^Statues_finish|{s43}^雕像将在{reg0}天后完工。
qstr_hall_of_the_Shah|沙阿大厅
qstr_hall_of_the_satrape|行省长官大厅
qstr_praetorium|统帅府
qstr_great_hall|大厅
qstr_You_need_more_renown_|你需要更高声望，或先询问卫兵。
qstr_gardens_of_Maecenas|梅塞纳斯花园
qstr_Atrium_Augusti|奥古斯都中庭
qstr_palace_of_the_Shah|沙阿宫殿
qstr_palace_of_the_satrap|行省长官宫殿
qstr_palace_of_the_govern|总督宫殿
qstr_Wait_until_night_fal|等到夜幕降临！
qstr_Due_to_the_nightly_c|因夜间宵禁，你不得在夜里沿街行走。
qstr_{s10}_has_not_reache|{s10}尚未抵达罗马！
qstr_The_door_to_the_tave|酒馆的门似乎锁着，你用力将其推开，却撞见一群受雇剑士正在袭击阿格里皮娜和西提乌斯·阿费尔。
qstr_Added_Peasant|已添加农民
qstr_Donate_troops_to_the|向驻军捐赠士兵（无法取回）
qstr___{reg1}_denars_per_|（每晚{reg1}第纳尔）
qstr_Your_companions_are_|同伴们太害怕，拒绝进入洞穴。
qstr_Your_spouse_does_not|你的配偶不允许你进入。
qstr_Moreover_you_earn_{r|此外，你明智地押自己获胜，赚取了{reg8}第纳尔……
qstr_Victory_is_yours!_Yo|胜利属于你！你赢得了这场混战，但现在必须准备下一轮。
qstr_You_have_been_bested|你在这场混战中落败，但主持人认可你的技艺与勇气，允许你参加下一轮。
qstr_{s40}_and_{s41}_are_|{s40}与{s41}正在观看比赛！
qstr_Because_you_are_Caes|因为你是凯撒奥古斯都，你押下的赌金已退还。
qstr_You_were_beaten._The|你被击败了。农民因获胜而振奋，但你想教给他们的经验，恐怕并未传达……
qstr_After_beating_your_l|击败最后一名对手后，你向农民解释，如何更好地防御这种袭击。希望他们吸取经验，下次做好准备。
qstr_The_bandits_are_brok|匪徒溃败了！少数还活着且意识清醒的家伙，畏惧农民和他们的新英雄，夹着尾巴逃走了。
qstr__{s49}_^The_governor|{s49}^总督颁布了{s48}
qstr__and_the_magister_ci|以及市民长官
qstr_You_may_also_visit_t|若有法律事务，也可以前往书房。它位于集市中心。
qstr_{s34}^The_streets_ar|{s34}^街道上装饰着你的雕像。
qstr_However_{reg3?You_ar|不过，{reg3?你:{s1}}未能找到有利可图的贸易货物。
qstr_^Buying_{s4}_here_an|^在这里购买{s4}，运到{s5}出售，每件可获利{reg6}第纳尔。{s3}
qstr_{reg3?You_find:{s1}_|{reg3?你:{s1}}打听到了以下信息：^{s3}
qstr_{s2}^{reg2?:{reg1}_}|{s2}^{reg2?:{reg1}名}{s1}获得{reg0}点经验。
qstr_{s2}^{s1}_earned_an_|{s2}^{s1}额外获得{reg0}点经验。
qstr_^You_earned_{reg0}_e|^你获得了{reg0}点经验。{s2}
qstr_The_training_didn_t_|训练完全不顺利。
qstr_The_training_didn_t_g|训练不太顺利。
qstr_The_training_went_qu|训练较为顺利。
qstr_The_training_went_ve|训练十分顺利。
qstr_The_training_went_pe|训练非常完美。
qstr_After_losing_the_sea|海战失败后，你设法乘一艘船逃走。
qstr_Your_enemies_take_yo|敌人将你俘虏。
qstr_as_{s13}_is_no_longe|因为{s13}已不再被你的敌人控制。
qstr_when_your_captors_ex|当俘虏你的敌人用你交换另一名俘虏时。
qstr_{s13}_asked_you_to_r|{s13}要求你至少率领{reg13}名士兵向{reg4?她:他}报到。
qstr_{s13}_ordered_you_to|{s13}命令你参与对{s14}的强攻。
qstr_DANGER:_Invalid_Peac|危险：来自{s1}的无效议和提议。自动拦截欺诈！关系：{reg0}。状态：{reg1}
qstr_How_will_you_decide?|你将如何决定？
qstr_{s13}_decides_to_dem|{s13}决定索要高额贡金。你如何回应？
qstr_{s13}_decides_to_dema|{s13}决定索要高额贡金，{s14}勉强接受。
qstr_{s14}_is_pleased_to_|{s14}很高兴听说{s13}没有额外索要贡金。
qstr_Your_relation_with_L|你与本阵营领主的关系下降。
qstr_Your_relation_with_Lo|你与本阵营领主的关系提升。
qstr_{s63}_accepts_your_d|{s63}勉强接受了你的决定。
qstr_{s63}_ignores_your_r|{s63}无视你的请求，作出了有利于自己臣民的裁决。
qstr_{s63}_resolves_the_m|{s63}作出了有利于你臣民的裁决。
qstr_You_have_broken_a_pa|你撕毁了一份条约！
qstr_{s61}_is_bound_by_a_|{s61}与{s62}受停战协议约束
qstr_{s61}_have_a_trade_a|{s61}与{s62}签有贸易协定
qstr_{s61}_a_defense_pact|{s61}与{s62}签有防御条约
qstr_{s61}_an_alliance_wi|{s61}与{s62}结盟
qstr_{s61}_are_a_tributar|{s61}是{s62}的附庸国
qstr_You_may_use_this_dev|你可以利用这一局势谋取优势。
qstr_The_{s30}_may_use_th|{s30}可能利用这一局势谋取优势。
qstr_{s18}_They_are_at_wa|{s18}他们正与{s62}交战。在恰当时机送上合适的礼物与条件，或许能说服{s61}倒戈。
qstr_{s18}_They_also_suff|{s18}他们也遭到了{s62}的挑衅。在恰当时机送上合适的礼物与条件，或许能说服{s61}倒戈。
qstr_{s18}_They_have_no_o|{s18}他们与{s62}虽无未解争端，却争夺着地区霸权。在恰当时机送上合适的礼物与条件，或许能说服{s61}倒戈。
qstr_They_are_bound_by_a_|他们与{s62}受停战协议约束
qstr_They_have_a_trade_ag|他们与{s62}签有贸易协定
qstr_They_have_a_defense_|他们与{s62}签有防御条约
qstr_They_have_an_allianc|他们与{s62}结盟
qstr_They_are_a_tributary|他们是{s62}的附庸国
qstr_{s18}_{s21}_with_{s6|{s18}{s21}，对方为{s62}，但他们仍在争夺地区霸权。在恰当时机送上合适的礼物与条件，或许能说服{s61}倒戈，从而改善{s30}在当地的地位。
qstr_You_can_request_from|你可以要求{s64}惩治肇事者，并作出有利于你臣民的裁决。也可以借此机会，撕毁与{s64}的条约！
qstr_An_envoy_of_{s30}_al|{s30}的使者也来到你的宫廷，带来礼物珠宝，并对盟友{s64}是否可信说三道四。他们暗示，若你支持对抗{s64}，便会以大量黄金酬谢。
qstr_An_envoy_of_{s30}_als|{s30}的使者也来到你的宫廷，带来礼物珠宝，并对{s64}是否可信说三道四。
qstr_{s63}_asks_you_to_se|{s63}请求你作出有利于其臣民的裁决。答应请求会改善你们的关系，却也会削弱你的权威。不过，别忘了{s30}可能趁机行事。
qstr_{s63}_asks_you_to_set|{s63}请求你作出有利于其臣民的裁决。答应请求会改善你们的关系，却也会削弱你的权威。
qstr_An_envoy_from_{s61}_|{s61}的使者前来表示，若你愿意提供更多资金，他们或许会背叛盟友，转投你方。这样将导致与{s62}开战。
qstr_{s63}_betrays_his_ov|{s63}背叛宗主{s64}，转投{s30}。
qstr_{s63}_betrays_his_al|{s63}背叛盟友{s64}，转投{s30}。
qstr_The_swift_action_of_|{s64}行动迅速，阻止了{s30}趁机得利。
qstr_Rumors_say_that_the_|传闻称，{s64}无力采取行动，让{s30}得以趁机行事，{s30}与{s61}的关系因此改善。
qstr_{s63}_accept_your_gi|{s63}接受了你的礼物。
qstr_{s63}_rejects_your_g|{s63}拒绝了你的礼物。
qstr_{s63}_breaks_his_all|{s63}背弃盟约，转投你方。
qstr_{s63}_uses_the_oppor|{s63}借此机会撕毁与你的条约，并宣战！
qstr_You_have_broken_a_pac|你撕毁条约，背叛了盟友！
qstr_There_has_been_an_al|据称发生了一起边境事件：{s9}
qstr_{s2}_leaves_your_par|{s2}离开你的部队，前往你的宫廷。
qstr_Dickus_Biggus|迪库斯·比古斯
qstr_tributary_vassal|纳贡封臣
qstr_ally|盟友
qstr_{s4}_broke_its_agree|{s4}撕毁了与{s2}的协定。
qstr_overlord|宗主
qstr_player_strength:_{re|玩家兵力：{reg11}
qstr_Messengers_are_send_|信使出发后，很快传来消息：{s1}的{s3}重新考虑了自己的行动。他向你致以问候，不会进攻{s2}。
qstr_Messengers_are_send_a|信使出发后，很快传来消息：{s1}的{s3}仍将进攻{s2}。
qstr_{s4}_broke_its_agreem|{s4}撕毁了与{s1}的协定。
qstr_player_strength:_{reg|玩家兵力：{reg11}，敌军兵力：{reg12}
qstr_Messengers_are_sent_|信使出发后，很快传来消息：{s1}的{s3}重新考虑了自己的行动。他送来{reg40}第纳尔礼金，今后不会进攻{s2}。
qstr_Messengers_are_sent_a|信使出发后，很快传来消息：{s1}的{s3}仍将进攻{s2}。你现在不得不参战。
qstr_The_Jewish_revolt_ha|犹太叛乱已被平定。
qstr_The_Jewish_revolt_has|犹太叛乱已被平定。尽快向{s42}复命。
qstr_You_defeated_the_Jew|你平定了犹太叛乱。尽快向{s42}复命。
qstr_The_guards_inform_yo|卫兵告诉你，{s12}正在等候。
qstr_The_guards_inform_you|卫兵告诉你，{s12}不想见你。
qstr_You_are_too_wounded.|你伤得太重了……
qstr_^^Note_that_so_long_|^^请注意，只要仍担任元帅，你就有率军征战的职责。所以，如果正在等候婚宴或其他宴会，也许应该先辞去元帅职务。
qstr_the_senate|元老院
qstr_You_have_taken_over_|你接任了{s23}总督。{s24}并入了新设行省。
qstr_{playername}_s_party|{playername}的部队
qstr__Unfortunately_when_|不幸的是，卫兵调查酒馆斗殴时，有人认出了你的相貌描述，而你已无力反抗。
qstr_The_tributary_treaty|{s11}与{s12}的朝贡条约到期，但双方谈妥了续约。
qstr_The_tributary_treaty_|{s11}与{s12}的朝贡条约到期。不过，你可以谈判续约，成败取决于你与{s13}的关系。
qstr_The_{s11}_are_no_lon|{s11}不再是{s12}的纳贡封臣。条约到期，关系降为联盟。
qstr_You_manage_to_instil|你将终止条约的恶果说得如此可怕，吓得{s13}心生恐惧，{s13}同意延长朝贡协定。
qstr_Although_you_do_your|尽管你竭力警告{s13}，拒绝提议将有恶果，{s13}仍然拒绝。
qstr_Try_as_you_might_you_|任你如何努力，也没能击败叛乱的村民。
qstr_positive|正面
qstr_negative|负面
qstr_{s11}^^_The_current_|{s11}^^当前驻军共{reg5}人。^粮食可维持{reg6}天。
qstr_^^Additional_the_fol|^^此外，以下队伍目前驻于城内：^
qstr_{s12}_{s3}_with_{reg|{s12}{s3}，拥有{reg1}名士兵。^
qstr_{playername}_^^I_alw|{playername}，^^从你宣誓效忠我家族那天起，我就知道你不是好东西。^你真以为能挑唆我的家人来反对我？你这毒蛇，终于摘下了面具！你是个祸害，我再也不会容忍。^我在此与你断绝关系，将你逐出家门。我已敦促家族成员与你为敌，也会提醒其他领主提防你的恶行。^颤抖吧，你有了一个不死不休的敌人！^^{s10}。
qstr_{playername}^^_I_ve_|{playername}，^^我收到{s9}的信，讲述了你可耻的阴谋诡计。眼下{s9}无法提供证据，但与你不同，{reg1?她:他}是我家族中的重要成员。这么多年，我从未有理由怀疑{reg1?她:他}，因此我完全相信{reg1?她:他}的指控。^幸好，你没能拆散我的家族。我在此拒绝你的效忠：你不再与我家族有任何关系。每位成员都将问心无愧地向你报复……^承认自己曾被你恶意蒙骗，实在令我羞耻。因此我不会向你挑战，以免因你的死向我的{s11}交代。不过，我也不习惯向{reg0?她:他}禀报自己在荒野踩死的每一只老鼠。终有一天，我可能在那里遇见你！^^{s10}
qstr_This_is_a_diplomacy_|这是外交系统的程序错误！请到外交系统论坛反馈。
qstr_Troops:_{reg1}|兵力：{reg1}
qstr_{s0}^{s10}:_caravans|{s0}^{s10}：商队{reg10}，商人{reg11}。总计：{reg12}
qstr_none|无
qstr_Prosperity_Report^|繁荣度报告^
qstr_Total|总计
qstr_{s0}^{s1}_Average_To|{s0}^{s1}城镇平均繁荣度：{reg0}
qstr_{s0}^{s1}_towns_with|{s0}^{s1}繁荣度80至100的城镇：{reg0}
qstr_{s0}^{s1}_towns_with_|{s0}^{s1}繁荣度60至79的城镇：{reg0}
qstr_{s0}^{s1}_towns_with_p|{s0}^{s1}繁荣度40至59的城镇：{reg0}
qstr_{s0}^{s1}_towns_with_pr|{s0}^{s1}繁荣度20至39的城镇：{reg0}
qstr_{s0}^{s1}_towns_with_pro|{s0}^{s1}繁荣度0至19的城镇：{reg0}
qstr_{s0}^{s1}_Average_Vi|{s0}^{s1}村庄平均繁荣度：{reg0}
qstr_{s0}^{s1}_villages_w|{s0}^{s1}繁荣度80至100的村庄：{reg0}
qstr_{s0}^{s1}_villages_wi|{s0}^{s1}繁荣度60至79的村庄：{reg0}
qstr_{s0}^{s1}_villages_wit|{s0}^{s1}繁荣度40至59的村庄：{reg0}
qstr_{s0}^{s1}_villages_with|{s0}^{s1}繁荣度20至39的村庄：{reg0}
qstr_{s0}^{s1}_villages_with_|{s0}^{s1}繁荣度0至19的村庄：{reg0}
qstr_Total_prosperity_act|繁荣度实际总损失：{reg11}
qstr_Total_prosperity_actu|繁荣度实际总增长：{reg12}
qstr_Prosperity_changes_f|随机匪徒导致的繁荣度变化：{reg4}
qstr_Prosperity_changes_fr|商队贸易导致的繁荣度变化：{reg5}
qstr_Prosperity_changes_fro|农民贸易导致的繁荣度变化：{reg9}
qstr_Prosperity_changes_from|村庄遭劫导致的繁荣度变化：{reg7}
qstr_Prosperity_changes_from_|围城导致的繁荣度变化：{reg8}
qstr_Theoretical_prosperi|向均衡值收敛带来的理论繁荣度变化：{reg10}
qstr_Party_id:_{reg44}|队伍ID：{reg44}
qstr_{reg1}:_{s1}_{s2}_cl|{reg1}：{s1}，{s2}被归类为{reg2}级{s3}{s4}
qstr_{s1}^becomes_{s2}|{s1}^变为{s2}
qstr_{s1}_and_{s2}|{s1}与{s2}
qstr_{s1}^costs_{reg11}_t|{s1}^升级花费{reg11}，需要{reg10}经验
qstr_{s1}^wage_of_{reg12}|{s1}^薪饷{reg12}，买入价{reg13}，卖出价{reg14}
qstr_{s1}_is_a_{s2}|{s1}是{s2}
qstr_{s1}_with_{reg1}_gol|{s1}拥有{reg1}金钱
qstr_You_cannot_bring_tha|你无法携带那么多物品。物品已退回物品栏。
qstr_Select_a_suitable_di|选择适合当前场合的伪装。
qstr_As_a_poor_priest_wit|扮成一名穷祭司，手持结实的长棍，藏着几手小把戏，你便能混入人群，但不能携带太多贵重物品。
qstr_As_a_poor_roman_farm|扮成一名贫穷的罗马农夫，你便能赶牲畜，偷偷带过一些食物。
qstr_As_a_eastern_trader_|扮成东方商人，携带给养、原材料和马匹都合乎情理。
qstr_As_a_germanic_warrio|扮成日耳曼战士，你便能携带武器，但只能带少量私人物品。
qstr_As_a_roman_merchant_|扮成罗马商人，你便能携带各式货物。
qstr_As_a_bard_you_will_b|扮成诗人，你可以携带一些私人物品和乐器。
qstr_you|你
qstr_Your_men_have_nothin|你的士兵没东西吃了！
qstr_Part_of_your_food_wa|部分食物被毁。
qstr_Your_men_think_that_|士兵认为你是一位强有力的领袖。
qstr_Your_men_think_that_y|士兵认为你是一位软弱的领袖。
qstr_While_your_messenger|信使正与敌方掠袭者谈判时，你的一队士兵恰好赶到，战斗随即爆发。部下成功消灭了劫匪，解决了问题，却付出了一些生命。^^我军伤亡：{s8}^^敌军伤亡：{s10}
qstr_The_enemy_raiders_ac|敌方掠袭者接受交易，拿走钱，承诺几周内不再袭击你的补给。
qstr_The_raiders_take_the|掠袭者拿走钱，杀死信使，继续破坏你的补给线。
qstr_You_don_t_have_enough_|你的银子不够。你下令配给饮水，并开掘水井。
qstr_the_enemy_thinks_rei|敌人认为援军很快就会到来。
qstr_fear_and_discontent_|恐惧与不满正在内部蔓延。
qstr_he_likes_the_wife_of|他喜欢前主人的妻子；如果攻克后把她交给他，他就会与你并肩作战。
qstr_the_enemy_s_morale_i|敌军士气低落，我们应该进攻。
qstr_Your_soldiers_are_wh|你的士兵受到鞭打。
qstr_Your_men_think_you_r|士兵认为你冷酷无情，并畏惧你！
qstr_You_feel_happy.|你感到高兴。
qstr_You_feel_good_for_he|能帮上忙，你感到欣慰。
qstr_New_troops_join_your|新的士兵加入了部队。
qstr_The_bandits_leave_an|强盗们愤怒地离开了。
qstr_Your_men_kill_all_th|你的士兵杀死了所有强盗。
qstr_At_night_some_of_you|夜里，你的一些士兵带着欢喜的寡妇们私奔了。
qstr_Your_enemies_appreci|敌人感激你的怜悯。或许这有助于你与他们商谈投降。
qstr_You_know_that_in_the|你知道，未来几天里，数十名儿童、妇女和老人将在你眼前饥饿而死。
qstr_Your_officer_seems_u|你的军官似乎很不高兴。
qstr_Your_men_think_that_yo|士兵们认为你是一位强大的领袖。
qstr_Your_officer_seems_h|你的军官似乎很高兴。
qstr_The_wife_is_pregnant|那位妻子怀孕了，军官要求一大笔赔偿。为了避免流言和麻烦，你付了钱。
qstr_You_are_welcomed_and|你受到欢迎，并脱下了衣服。
qstr_You_are_not_allowed_|你不得入内！（需要更多声望）
qstr_You_and_{s11}_walk_t|你和{s11}步行前往尤利乌斯议事堂。
qstr_You_walk_to_the_Curi|你步行前往尤利乌斯议事堂。
qstr_Nevertheless_amidst_|然而，纷乱之中也有片刻喘息的机会。{s24}正热切期待你来到奥古斯都宫，商谈你们的婚事。
qstr_You_have_been_declar|禁卫军已宣布你为凯撒·奥古斯都。
qstr_{s24}_is_challenging|{s24}质疑你的地位，莱茵军团已宣布其为凯撒。
qstr_{s24}_will_march_wit|{s24}将率领莱茵军团进军罗马。你有30天的时间备战。
qstr_{s11}_has_prepared_a|{s11}为你准备了一篇简短的演说，你将在罗马民众面前宣读。
qstr_You_prepare_a_short_|你准备了一篇简短的演说，并做好面向罗马民众宣读的准备。
qstr_{s21}_has_been_kille|你杀死了{s21}！
qstr_You_killed_{s21}_wit|你用罗马短剑杀死了{s21}。
qstr_{s21}_has_been_execu|{s21}已奉你的命令被处决！
qstr_On_your_orders_{s21}|{s21}奉你的命令被处决。
qstr_{s21}_was_banned_fro|{s21}被逐出罗马帝国。
qstr_On_your_orders_{s21}_|{s21}奉你的命令被逐出罗马帝国。
qstr_{s21}_returns_to_her|{s21}回到了家人身边。
qstr_On_your_orders_{s21}_w|{s21}奉你的命令被逐出罗马。
qstr_You_have_been_declare|禁卫军已宣布你为凯撒·奥古斯都。然而，{s24}质疑你的地位，正向{s10}进军。请尽快赶往{s10}。
qstr_{s24}_is_marching_wi|{s24}正率领莱茵军团向罗马进军。请尽快赶往{s10}迎战。
qstr_{s1}_calls_himself_C|{s1}自称凯撒·奥古斯都，罗马的元首！
qstr_Win_the_civil_wat_ei|击败所有敌人，或俘虏敌方元首，以赢得内战。若你俘虏了敌方元首{s1}，就将他带到罗马元老院前，宣布自己获胜。（他必须作为俘虏留在你的队伍中！）^此外，你必须在战争中占据优势！否则敌人不会接受和平！
qstr_Currently_there_is_a|元老院会议正在进行。
qstr_The_senators_are_cur|元老们正在讨论奴隶的权利。
qstr_The_senators_are_curr|元老们正在讨论罗马的粮食供应。
qstr_The_senators_are_curre|元老们正在讨论贵族和公民的权利。
qstr_The_senators_are_curren|元老们目前没有讨论任何特定议题。
qstr_The_senate_is_empty_|目前没有会议，元老院空无一人。下次会议将在{reg39}天后举行。
qstr_The_senate_is_empty_a|目前没有会议，元老院空无一人。尚不清楚下次会议何时举行。
qstr_As_the_party_member_|作为队伍中交易技能最高（{reg2}）的成员，{reg3?你预计:{s1}预计}答复所有请愿需要{reg40}小时。
qstr_You_enter_the_Curia_|你进入了罗马广场上的尤利乌斯议事堂。这是元老院的议事场所。{s43}^有{reg38}%的元老支持你。^{s51} ^在元老院会议期间，你可以通过各种方式提高自己在帝国中的地位：^^发表演说（降低争议，提高声望和荣誉，效果取决于魅力和演说技能）^贿赂元老（降低争议，损失荣誉）^^{s35}
qstr_You_must_be_winning_|你必须在战争中占据优势才能结束战争！征服更多敌方城镇，劫掠更多村庄，击败更多敌人！
qstr_War_damage_inflicted|造成的战争损失：{reg44}，遭受的战争损失：{reg45}。
qstr_The_war_damage_infli|造成的战争损失必须比遭受的战争损失高出30点！
qstr_The_town_has_no_{s0}|该城镇尚未建造{s0}。
qstr_The_building_of_{s0}|{s0}的文化不符，因此无法使用。
qstr_You_can_customize_yo|你可以在此自定义军团部队。
qstr_You_can_customize_you|你可以在此自定义辅助军部队。{s1}
qstr_Your_goal_is_to_stag|你的目标是在犹太发动叛乱。
qstr_A_shimmering_light_a|远处出现一道微光。冥界的大门在你面前敞开。门后漫长而黑暗的通道里传来轻微的骚动。冥界正在苏醒。
qstr_While_you_performed_|执行任务时，你跌进了入口！你需要找到出路。
qstr_You_see_a_crater_in_|你看见远处有一个火山口，浓烟滚滚，除此之外并无特别之处。
qstr_You_have_met_{s40}_a|你遇见了{s40}，愉快地聊了一会儿。
qstr_You_have_met_a_town_|你遇见了一位城镇官员，愉快地聊了一会儿。
qstr_You_enjoy_your_bath.|你享受着沐浴。
qstr_Thermae_Agrippae|阿格里帕浴场
qstr_Thermae|浴场
qstr_Some_People_stay_in_|你游行经过时，一些人留在街头欢呼。
qstr_A_lot_of_People_stay|你游行经过时，许多人留在街头欢呼。
qstr_The_people_of_Rome_p|你前进时，罗马民众如敬神一般赞颂你。
qstr_The_people_of_Rome_t|罗马民众向你投掷石块。你能感受到他们对你的仇恨。
qstr_The_people_of_Rome_i|罗马民众对你视而不见。
qstr_You_lose_support_in_|你失去了元老院的支持。
qstr_Your_wife_{s20}_is_a|你的妻子{s20}很生气，因为你在这件事上没有帮助她。
qstr_Your_wife_{s20}_is_an|你的妻子{s20}很生气，因为是你散布了流言！
qstr_Your_wife_is_the_tal|你的妻子成了整个帝国的谈资。
qstr_A_group_of_women_joi|一群女子加入了你的军队。
qstr_The_women_are_disapp|这些女子很失望。
qstr_Among_the_bodies_you|你的士兵在尸体中找到了500第纳尔。
qstr_A_group_of_six_women|六名女子加入了你的军队。
qstr_The_pirates_continue|海盗继续劫掠你的商船，损失不断增加。
qstr_Strong_security_meas|严密的安保措施避免了损失，海战捷报在国内广受欢迎。这笔钱花得很值。
qstr_The_attacks_stop_but|袭击停止了，但你为此付出了代价。罗马人私下议论，你的做法究竟是仁慈还是懦弱。
qstr_The_attacks_stop_for|袭击莫名其妙地停止了。罗马民众很快便对这件事失去了兴趣。
qstr_The_expedition_retur|远征队带回了灵石，以及使用和制作灵石的知识。只要将它平衡地放在一根细针上，无论如何转动，它总会指向同一方向。即使船只被最浓重的乌云笼罩，四周不见陆地，也能用它保持航向，减少迷失的风险。从今往后，贸易航行失败的可能性将会降低。
qstr_The_fleet_we_sent_to|我们派去了解灵石的船队一无所获地回来了。也许这些石头只是老水手编的故事，也许以后还会出现值得追查的线索。
qstr_The_priests_declare_|盛大的祭祀过后，祭司宣布诸神已获安抚。民众聚集起来，见证庄严的仪式，蒙受神恩的许诺平息了他们的恐惧。彗星炽烈的身影逐渐淡出记忆，取而代之的是重燃的希望，以及对你统治的忠诚。
qstr_The_priests_perform_|祭司用所得的供品举行了仪式，却警告说诸神要求更多祭品。彗星仍悬在天际，加剧了民众的恐慌与不信任。许多人怀疑你的领导能否平息诸神的怒火。
qstr_No_offerings_are_mad|没有人献上祭品，彗星仍在天空中不祥地燃烧。帝国各地的恐惧与动荡不断滋长。许多人将这火焰般的征兆视为灾难将至的预告，责怪统治者无所作为。叛乱似乎正在酝酿。
qstr_Speak_to_the_magistr|与{s22}的市政官交谈，启动加冕仪式。
qstr_You_wave_the_annoyin|你挥手打发了烦人的顾问。元首还有更重要的事务要处理。
qstr_Claudius|克劳狄乌斯
qstr_The_advisers_apologi|顾问们连声道歉。他们当然无意冒犯，忍受凯撒的任性也是职责所在。此后你几乎再没听宫里的人提起旧元首的名字，但宫墙之外一切如旧。
qstr_With_enough_judiciou|只要恰当地花上足够的银钱，你就能改变民众谈论的话题。如今，露骨的笑话和闲谈都围绕着你，而谈论{s40}已不再时兴。这些话并非总是赞美，但说的确实是现任元首。
qstr_It_costs_a_fortune_b|这花费了一大笔钱，但效果十分明显。如今罗马人谈论着你，使用铸有你头像的钱币，一切本该如此。
qstr_The_full_scale_remod|全面改造耗资不菲，但最终你成功地在罗马刻下了属于你的印记。虽然有人议论这笔钱本可以花在更有用的地方，却几乎无人怀疑这座城市属于谁。
qstr_Such_a_draconian_dec|如此严酷的决定几乎前所未有，但确实在你的权力范围内。针对{s40}遗产的全面清算，抹去了所有关于他的记载。永恒之城到处是破碎的雕像、遭毁坏的马赛克，还有仅因说出他的名字便被钉上十字架、流血而死的人。严酷的恐怖统治最终有所缓和，但你的意思已经传达清楚。这是你的城市，你让所有人都看清了这一点。即使为此，如今人们私下称你为“疯凯撒”。
qstr_She_seems_to_be_very|她似乎非常高兴，接受了你的提议。你的善举传遍了罗马！她现在成为了一名同伴。
qstr_She_seems_to_be_very_|她似乎非常高兴，接受了你的提议。你的善举传遍了罗马！她现在成为了你的妻子。
qstr_She_seems_to_be_very_h|她似乎对你的决定和慷慨非常高兴。你的善举传遍了罗马！她现在成为了你的养女。
qstr_She_seems_to_be_very_ha|她似乎对你的决定和慷慨非常高兴。你的善举传遍了罗马！
qstr_She_seems_to_be_very_hap|她似乎对你的决定非常高兴。
qstr_Soon_after_you_order|命人在一座岛上修建宫殿后不久，你便对这个计划失去了兴趣。
qstr_The_expedition_you_s|你派出的远征队再也没有回来！
qstr_After_the_ship_was_b|船造好后，便在港口沉没了。
qstr_Your_performance_was|你的表演完美无缺。这简直是个奇迹！
qstr_Your_performance_was_|你的表演糟糕透顶，惹得人们嘲笑你。
qstr_The_coins_are_mint_a|钱币铸成了，提高了你的声望！
qstr_Fame_is_important_..|名声很重要……
qstr_You_start_rebuilding|你开始重建马其顿方阵，征召了500多人。
qstr_You_can_now_recruit_|你现在可以在兵营招募希腊部队。
qstr_She_follows_you_into|她跟着你走进一间屋子，你们度过了几个愉快的小时。
qstr_You_order_to_bring_t|你下令搜罗已知世界中最美丽、最昂贵的花朵。
qstr_People_are_outraged_|人们对你的挥霍十分愤怒。
qstr_The_merchant_was_ind|那名商人的确参与了针对你的阴谋，成功损害了你的名誉、声望以及与罗马的关系。
qstr_All_day_and_night_lo|禁卫军日夜跟踪监视他，守在他家门前，谈论着一旦查出他犯下罪行，可以采用哪些方式惩罚他。几天后，他再也承受不住压力，自尽了。问题解决了，而且谁也无法责怪你！
qstr_The_merchant_is_impr|那名商人被禁卫军关押，将被钉上十字架。由于证据不足以证明此举合理，你的名誉以及与罗马的关系都受到了损害。
qstr_You_read_some_verses|你读了几段荷马的《伊利亚特》，以及西塞罗的《论凯基利乌斯的资格》。
qstr_You_train_speer_thro|你练习投矛。
qstr_You_enjoy_your_meal.|你享用着饭食。
qstr_The_girl_shows_up._Y|那女孩来了。你和她度过了几个愉快的小时。
qstr_The_senators_seems_v|元老们似乎非常愤怒！
qstr__The_child_s_eyes_sa|你继续前行，孩子悲伤的目光始终望着你。
qstr__You_feel_good_for_h|帮助他人让你心情愉快。
qstr_physician|医师
qstr_spouse_{s34}|配偶{s34}
qstr_You_develop_a_foul_t|你的脾气变得暴躁，经常处决那些议论你体重的人。
qstr__The_tunic_isn_t_imp|那件短袍并不重要，但那女孩……
qstr__Fame_is_important.|名声很重要。
qstr__Among_the_remains_o|你在遗骸中发现了一些黄金。但罗马民众鄙视你的行为。
qstr__Someday_you_will_be|总有一天，你也会被埋葬。当然，是如同神明一般。
qstr_The_senators_are_dis|元老们很失望，恐怕不会再支持你了。他们还展开报复，损害了你的声望和名誉。
qstr_The_senators_are_hap|元老们很高兴。债务已经偿还。
qstr_All_day_and_night_lon|禁卫军日夜跟踪监视他，守在他家门前，谈论着只要查出他过去犯下的任何一项罪行，可以采用哪些方式惩罚他。几天后，他再也承受不住压力，自尽了。问题解决了，而且谁也无法责怪你！
qstr_The_senators_are_happ|元老们很高兴得到你的支持。那名商人被禁卫军关押，将被钉上十字架。由于证据不足以证明此举合理，你的名誉以及与罗马的关系都受到了损害。
qstr_of_a_fulminatng_dise|死于急病
qstr_in_a_hunting_acciden|死于狩猎意外
qstr_of_uncertain_circums|死因不明
qstr_of_an_indigestion|死于消化不良
qstr_Your_little_help_hel|你那一点帮助收效甚微，仍然有无数乞丐……
qstr_It_will_take_more_th|区区几张漂亮面孔和几句动听的话，还不足以左右你这位神圣凯撒的决定。毕竟，各种相貌、各种性情的伴侣早已任你召唤。
qstr_You_make_somewhat_lo|你做出的决定有些偏袒自己喜欢的人，还经常邀请宠爱之人来到宫中，单独商谈政事。社交场上的人物很快就明白，什么能在你的宫廷中换来影响力。许多贵族争先恐后地迎合你的喜好，为了赢得元首宠臣的宝座而激烈争斗。关于你喜恶的传闻成了珍贵的筹码，围绕它编织出重重阴谋。许多正直的贵族视你的偏私为丑闻，私下散布流言、心怀鄙夷，却无人敢公开承认正在发生的事。毕竟，凯撒·奥古斯都是不容置疑的。
qstr_You_unapologetically|你毫不掩饰地追逐自己的嗜好，种种行径难以遮掩。虽然没有人会拒绝陪伴元首，但你堕落的做派令所有人极为难堪。你的行为让你在上层社会树敌众多，不过也有一些平民为此欢呼，乐见你给那些上流人物难堪。
qstr_A_man_s_sins_are_his|一个人的罪过只属于他自己，不应牵连家人。大多数人赞同你的宽容，但也有人视之为软弱。
qstr_To_the_victor_go_the|战利品归胜者所有！
qstr_A_vicious_slander_ca|一场针对目标的恶毒诽谤行动使更多人被定罪，还有一些家族主动花钱收买你，以免遭到指控。你夺取了一笔巨财，但人们对你统治的暗中鄙夷也急剧增长。
qstr_After_holding_a_dram|你神情肃穆，故意停顿片刻，随后终于放声大笑，松了一口气的观众也跟着笑起来。毕竟，那人的笑话确实有趣。他继续讲着笑话，常常拿你开涮，但最终所有人都玩得十分尽兴。
qstr_After_reminding_the_|你提醒那人，他究竟在拿谁开玩笑，随后接受他卑躬屈膝的求饶，以此展示自己的仁慈。卫兵拿来鞭子，就在大厅里架起刑架，一场喜剧就此变成血腥的表演。大部分观众觉得同样有趣，看得十分尽兴；少数觉得你有失体面的人则保持沉默。
qstr_You_tell_the_man_his|你说那人的笑话很有趣，脸色却表明并非如此。你说这笑话还需要一个更好的收尾，随即迅速将匕首刺入那喜剧演员的胸膛。你指着倒在地上抽搐的人，向观众宣布：“现在才好笑！”人群发出紧张的笑声。由于演员地位低下，而且他确实侮辱了凯撒，此事并未引起多大风波，但仍有些平民怀疑你是否有必要这么做。
qstr_You_bestow_upon_the_|你赐予这位卸任的维斯塔贞女一笔丰厚的嫁妆，表彰她三十年的忠诚与奉献。神庙祭司和罗马民众得知你的决定后，都赞颂你的慷慨。
qstr_You_bestow_upon_the_f|你赐予这位卸任的维斯塔贞女一笔丰厚的嫁妆，表彰她三十年的忠诚与奉献。神庙祭司和罗马民众得知你的决定后，都赞颂你的慷慨。
qstr_You_send_the_former_|你没有给予嫁妆，便打发了这位卸任的维斯塔贞女。神庙祭司和罗马民众得知你的决定后，纷纷传言你十分吝啬！
qstr_You_offer_the_strugg|你给了这个陷入困境的家族一大笔钱，帮助他们恢复骑士阶层的地位。这一慷慨之举提升了你的名誉。
qstr_You_refuse_to_aid_th|你拒绝帮助这个家族，任其失去骑士阶层的地位。这个家族竭尽所能地诋毁你的名誉，不过大多数人认为这是他们咎由自取。
qstr_{s21}_is_very_happy_|{s21}很高兴得到你的支持。不过，你行使否决权，违背了元老院的决定，令元老们十分不满。
qstr_Dura_lex_sed_lex!_Th|法律虽严，亦是法律！不过，{s21}对你的决定十分不满。
qstr_Find_and_confront_{s|找到{s44}，事先不要发出警告，直接就贪腐之事与其对质。你必须尽快行动。无论你如何保密，流言总会传开；只要有时间，{s44}一定会销毁所有证据。
qstr_The_province_views_y|行省将你的决定视为效忠元老院权威的表态。虽然部分当地人不满你未加干预，也有人认可你对罗马法律的尊重。然而，{s40}的民众仍心怀怨愤，觉得自己的忧虑遭到了忽视。
qstr_Your_veto_is_seen_as|你的否决被视为对行省利益的勇敢捍卫，赢得了{s40}民众的敬仰。{s44}的街头爆发出庆祝活动，人们将你的干预视为战胜元老院傲慢态度的胜利。但元老之间也开始出现不满的低语，质疑你是否仍然忠于罗马的原则。
qstr_By_abstaining_from_v|你没有否决这项动议，巩固了元老院的最高权威，却也疏远了{s40}的许多人。当地人觉得遭到了背叛，私下抱怨被本应保护自己的人抛弃。不过，元老院注意到了你对其管辖权的尊重，你在罗马的地位因此得到加强。
qstr_Your_veto_is_a_boon_|你的否决令{s40}受益，而你赐下的丰厚礼物又将人们的愤懑化作了欢庆。商人、贵族和平民都赞颂你的慷慨，紧张局势很快缓解。然而，一些元老认为你此举挥霍无度，是精心算计着收买行省的忠诚，令你在罗马的同僚心生猜疑。
qstr_As_you_futher_invest|随着调查深入，你发现{s44}行省的一些资金不翼而飞……
qstr_As_you_futher_investi|随着调查深入，你得出了不同的结论。也许是你弄错了……
qstr_The_people_of_{s40}_|{s40}的民众本以为你会提供一些帮助。看来他们想错了……^^过了一阵，你查看行省税收，发现收入比之前略有下降。{s33}
qstr_{s44}_seems_very_ang|{s44}对你派来的财务官似乎非常不满。
qstr_{s44}_seems_very_hap|{s44}似乎非常高兴得到你的帮助，并为自己的愚蠢道歉。
qstr_The_people_of_{s40}_a|{s40}的民众非常高兴得到你的帮助。{s22}^^财务官确实查明，由于{s44}不善算术，一些资金出现了短缺，粮食供应方面的问题更是层出不穷。
qstr_The_people_of_{s40}_ar|{s40}的民众听说{s44}只受了轻罚，且没有退还不当征收的税款，对此十分不满。
qstr_The_people_of_{s40}_c|{s40}的民众赞颂元首伸出援手，{s44}也退还了不当征收的税款。
qstr_The_people_of_{s40}_are|{s44}被判无罪，令{s40}的民众十分愤怒。其他城市也鄙视你的暴政。
qstr_Yes!_Hint:_Go_to_Rom|是的！提示：前往罗马，拜访元老院，那里有处理请愿的选项。
qstr_Go_to_Rome_and_then_|前往罗马，拜访元老院，那里有处理请愿的选项。这件事很重要。若任务到期，惩罚将十分严重。
qstr__The_head_of_the_off|各衙署的主管听到这话很高兴。
qstr__The_head_of_the_offi|衙署主管很失望。
qstr_The_Empire_trembles!|帝国为之震颤！
qstr_You_have_been_promot|恭喜！你已晋升为{s41}！变更如下：^^新薪饷：{reg1}第纳尔。你现在可以从帝国国库领取最多100,000第纳尔，用于招募部队。
qstr_You_have_been_promote|恭喜！你已从{s40}晋升为{s41}！变更如下：^^新薪饷：{reg1}第纳尔。你现在可以从帝国国库领取最多250,000第纳尔，用于招募部队。
qstr_You_have_been_promoted|恭喜！你已从{s40}晋升为{s41}！变更如下：^^新薪饷：{reg1}第纳尔。你现在可以从帝国国库领取最多500,000第纳尔，用于招募部队。
qstr_Germania_is_now_Roma|日耳曼尼亚如今属于罗马，你获得了“日耳曼尼库斯”的荣名。^^前往罗马举行凯旋式！
qstr_Britannia_is_now_Rom|不列颠尼亚如今属于罗马，你获得了“不列颠尼库斯”的荣名。
qstr_Dacia_is_now_Roman_y|达契亚如今属于罗马，你获得了“达契库斯”的荣名。
qstr_Mesopotamia_is_now_R|美索不达米亚如今属于罗马，你获得了“帕提库斯”的荣名。
qstr_Hint:_Go_and_talk_wi|提示：去与你的大臣商谈敕令。
qstr_New_edict_issued:_Ed|新敕令已颁布：基督徒敕令，更多信息请查阅报告。
qstr_Edict_revoked:_Edict|敕令已撤销：公共安全敕令。
qstr_You_have_broken_your|你违背了承诺！
qstr_You_run_like_you_nev|你拼命奔跑，跑得比这辈子任何时候都快，终于逃脱了愤怒的暴民！
qstr_You_stumble_and_fall|你绊倒了！
qstr_Your_arms_have_been_|你的双臂受伤了。
qstr_Your_legs_have_been_|你的双腿受伤了。
qstr_The_scholars_don_t_t|学者们还不够信任你。（改善你与亚历山大里亚的关系。）
qstr_You_staged_a_revolt_|你在犹太发动了叛乱！现在你需要在{s22}、{s23}、{s24}或{s25}之中寻找盟友。
qstr_You_need_at_least_50|你至少需要50人，否则太危险了。
qstr_Improve_your_renown_|提高你的声望（需要200点），并招募更多士兵（需要100人）。
qstr_As_your_run_through_|你在希耶罗索吕马城中奔跑，却看不到任何罗马部队。真奇怪。你不停地跑，终于逃出了城，遇见了其他带着战利品的人。回望城市，你看到希耶罗索吕马的部分地区燃起了大火。真奇怪。
qstr_You_run_and_run._Fin|你不停地跑，终于逃出了城。你在希耶罗索吕马附近一座山丘上的约定地点，遇见了其他带着战利品的人。
qstr_Your_dishonorable_gr|你贪婪而可耻的行径令犹太民众怒不可遏，他们开始反抗异族占领！
qstr__The_governer_of_Hie|希耶罗索吕马的总督{s21}对你的行为很不满。
qstr_You_awake_from_a_str|你从一个怪梦中醒来，正发着高烧。
qstr_Your_men_are_happy_a|士兵们为你的慷慨感到高兴！
qstr_Talk_with_Gwenhwyfar|与格温赫薇法交谈，弄清她究竟是“什么”。
qstr_The_sound_of_carts_a|几名奴隶和自由民正在劳作，推车与铁锹的声音回荡在四周。这些矿井属于{s31}。
qstr_It_is_an_iron_mine.|这是一座铁矿。
qstr_It_is_a_silver_and_g|这是一座金银矿。
qstr_It_is_night_and_the_m|现在是夜间，矿井已关闭。
qstr_The_Olympic_games_wi|奥林匹克竞技会即将在奥林匹亚举行。若想参加，请尽快赶去。^^（提示：任务到期时，竞技会也就结束了。）
qstr_To_participate_you_n|参赛至少需要12点力量、3级跑动、3级强掷和3级骑术！
qstr_You_won_the_competit|你赢得了比赛！
qstr_You_were_defeated._{|你被击败了。{s23}赢得了比赛。
qstr_You_have_won_the_las|你赢得了上一场战斗。
qstr_{s21}^{s1}_has_won_{|{s21}^{s1}赢得了{s2}。
qstr_{s1}_achieved_most_v|{s1}获胜次数最多，赢得了奥林匹克竞技会。
qstr_You_found_{s13}_hidd|你在奥林匹斯山附近的山洞中找到了藏身于此的{s13}。你决定饶他一命。他和追随者们消失了，再也找不到他们的踪迹。
qstr_You_found_{s13}_hiddi|你在奥林匹斯山附近的山洞中找到了藏身于此的{s13}。你决定杀死他。
qstr_The_priets_have_sacr|祭司们已代你献祭牲畜，以安抚诸神。
qstr_The_goat_twitches._A|山羊抽搐了。这是吉兆，今天可以求问神谕。
qstr_The_goat_doesn_t_mov|山羊一动不动。这是凶兆，今天不能求问神谕。吕科斯说，你必须等一个月才能回来再次尝试。
qstr_You_hear_about_rumor|你听说罗马到处流传着关于你将指定谁为继承人的猜测。有人说你不会指定任何人，而是在等待儿子降生；有人说你可能指定一位同伴；还有人认为你会提名一位最优秀的将军。
qstr_You_have_no_heir_and|你没有继承人，关于你会指定谁的猜测四处流传。有人说你不会指定任何人，而是在等待儿子降生。罗马贵族期望你提名他们推举的人选，一位真正的罗马贵族。
qstr_People_question_your|人们质疑你的权威。
qstr_The_trader_you_are_e|你护送的商人不愿乘坐渡船。
qstr_You_now_own_a_ship_a|你现在拥有了一艘船，可以从这座城镇出海。
qstr_You_don_t_own_a_ship_|你没有船，或是船员人数超出限额。你需要雇一艘船。
qstr_You_can_t_enter_the_|你无法进入港口，因为这座城镇不欢迎你，港口也有重型弩炮防守。进攻无异于自杀。
qstr_{s1}_s_Ships|{s1}的船只
qstr_Can_t_set_sail|无法启航
qstr_One_commander_can_di|一名指挥官可以在此与你一同下船。
qstr_{reg1}_commanders_ca|{reg1}名指挥官可以在此与你一同下船。
qstr_One_commander_will_l|一名指挥官会失去你的踪迹。他必须在下一个港口下船，再来寻找你。
qstr_{reg1}_commanders_wi|{reg1}名指挥官会失去你的踪迹。他们必须在下一个港口下船，再来寻找你。
qstr_One_commander_can_em|一名指挥官可以在此与你一同登船。
qstr_{reg1}_commanders_can|{reg1}名指挥官可以在此与你一同登船。
qstr_One_commander_will_lo|一名指挥官会失去你的踪迹。他必须在下一个港口登船，再来寻找你。
qstr_{reg1}_commanders_wil|{reg1}名指挥官会失去你的踪迹。他们必须在下一个港口登船，再来寻找你。
qstr_You_are_inspired_by_|伟大凯撒的胜利令你备受鼓舞。你的功业必将超越他！
qstr_Caesar_s_successes_a|凯撒的成就无可否认，但他确实扼杀了共和国。你花了一些时间思索：若罗马的权贵能通过选举化解分歧，而不必反复诉诸内战，历史又会如何发展？
qstr_You_order_a_great_te|你下令在悬崖上为{s33}修建一座宏伟的神庙。工程耗资不菲，但这令人惊叹的选址广为流传，吸引了帝国各地的朝圣者。
qstr_You_order_a_modest_s|你下令在悬崖上为{s33}修建一座简朴的神龛。工程竣工后，这令人惊叹的选址广为流传，吸引了帝国各地的朝圣者。
qstr_It_s_a_beautiful_pla|这里景色优美，但你还有别的事情要处理。至少部队享受了片刻休息。
qstr_You_offer_a_prayer_a|你献上祷告，祈求获得先祖的勇气和统率才能。
qstr_No_matter_how_great_|无论一个人多么伟大，罪行都不可原谅。你决心以光明正大的方式实现目标。
qstr_Roma_invicta!_The_me|罗马永不败！胜利的回忆鼓舞了你的士兵。
qstr_Such_a_shameful_defe|罗马军队绝不能再次遭受如此可耻的失败。
qstr_Your_tactic_skill_in|你的战术技能提高了。
qstr_You_swiftly_crush_th|你迅速踩死蝎子，继续前进，但士兵中很快传来了窃窃私语。原来，在这片土地上，蝎子与一位神祇有关，而且还是一位睚眦必报的神。人们相信异域的神统治着异域，因此这可不是好兆头。
qstr_As_you_reach_out_the|你伸手去抓这只奇特的小东西，它却甩尾蜇中了你手套边缘之外的皮肤，随后逃之夭夭。伤口先是灼痛，随后麻木。接下来几天里，你基本恢复了，但做某些特别剧烈的动作时仍会感到疼痛。
qstr_Friendly_message^^A_|友善的口信^^{s12}派来的信使抵达，为你送上白银和珠宝，以感谢你的友谊。
qstr_Unfriendly_message^^|不友善的口信^^{s12}派来的信使抵达，带来了满是侮辱和污言秽语的口信。{s12}叫你若有胆量就去找他，但{s12}认为你根本没胆，因为你是个出了名的懦夫。
qstr_Now_even_more_people|现在，更多人认为你不讲荣誉。
qstr_Your_fame_grows_with|你的名声随着歌声传扬，但他很快便用另一位出手阔绰的赞助人的名字替换了你的名字。
qstr_Your_fame_grows_high|你的名声进一步提高了。
qstr_He_takes_the_money_b|他收下钱，却仍在继续写作。
qstr_The_animal_runs_free|那动物头也不回地跑走了，重获自由。
qstr_You_increase_your_me|你的肉类储备增加了。
qstr_Only_white_ox_white_|只有白公牛、白羔羊或白色阉羊才能献祭给朱庇特！真是明智的决定。
qstr_You_set_the_ox_free_|你觉得这头牛可能有主人，便放走了它。
qstr_White_ox_should_be_s|白公牛应当献祭给朱庇特！士兵们对你的决定很愤怒，担心诸神降下怒火。
qstr_Your_men_resent_the_|士兵们虽怨恨惩罚，却承认你的权威。此举为军纪立下了先例。
qstr_Offended_by_your_con|你轻视他的请求，农夫深感受辱，离开后四处宣扬你的恶行。
qstr_Your_men_resent_the_p|士兵们怨恨这项惩罚，因为他们认为这不合法。
qstr_According_to_the_law|你依法在军事法庭上判处那名农民死刑。
qstr_Meat_is_a_welcome_ad|有肉吃让士兵们很高兴。
qstr_Your_men_gather_arou|士兵们围拢过来，欢呼下注，气氛紧张。突然，周围的争执不断蔓延，其他人也拔出武器，引发了更大规模的斗殴。你还没来得及恢复秩序，就已有几人丧命。
qstr_Your_reputation_incr|你重新上路，将两具尸体留在树上悬挂。你在士兵中的名誉提高了。
qstr_Your_men_complain_of|士兵们抱怨没能看上一场痛快的打斗，毕竟行军途中醉酒也不过挨几鞭子。
qstr_The_merchant_takes_t|商人收下钱，给了你一个用长布包裹的沉重包裹。等你拆开，发现他卖给你的只是一根普通长矛时，商人早已走远了。
qstr_The_merchant_takes_h|商人告辞，沿来路返回。
qstr_The_scout_who_has_st|那个偷了钱的斥候在士兵中散布流言，说你十分贪婪。
qstr_The_scout_hides_his_|斥候偷偷藏起财宝，无人知晓。
qstr_The_distribution_of_|分发钱币让其余士兵十分高兴，他们认为你是一位公正的领袖。
qstr_The_farmers_give_you|农民们向你道谢，并承诺用你的名字为下一个孩子命名。
qstr_The_farmers_give_you_|农民们向你道谢，似乎松了一口气，十分高兴。
qstr_The_farmers_thank_yo|农民们向你道谢。也许他们的领主能够体谅处境。
qstr_The_farmers_thank_you|农民们向你道谢，但并不满意你的建议。这会让他们的许多孩子在来年冬天丧命。
qstr_She_thanks_you_and_h|她向你道谢，随后前往最近的城镇。
qstr_She_thanks_you_profu|她连连道谢，随后返回村庄，这番磨难让她有些虚弱。
qstr_The_mushrooms_were_r|蘑菇真好吃！你将其命名为美味牛肝菌！
qstr_Your_men_are_eating_|士兵们在营地休息时吃着蘑菇，看起来很高兴。
qstr_The_mushrooms_were_re|蘑菇实在难吃。你腹泻不止，十分难受。
qstr_Your_men_are_eating_m|士兵们在营地休息时吃着蘑菇。一些人腹泻不止，十分难受。他们很生气！
qstr_The_mushrooms_were_rea|蘑菇实在难吃。你腹泻不止，十分难受。你将这种蘑菇命名为毒鹅膏。
qstr_Your_men_are_eating_mu|士兵们在营地休息时吃着蘑菇。他们腹泻不止，十分难受，非常生气！你将这种蘑菇命名为毒鹅膏。
qstr_Your_soldiers_are_no|士兵们不太高兴，但旅人们似乎非常感激你的馈赠和帮助。
qstr_Your_soldiers_are_not|士兵们不太高兴，但旅人们似乎很感激你的帮助。
qstr_The_old_man_tries_to|老人试图攻击你的士兵，却被打倒在地。其他旅人震惊地看着士兵殴打老人。那女孩如今成了你士兵的财产。几小时后，老人伤重而死。到了夜里，你听见女孩的尖叫。
qstr_After_a_short_fight_|短暂交战后，这群人被击败，女子们如今成了你士兵的财产。到了夜里，你听见她们的尖叫。
qstr_The_peasant_seemed_t|那农民似乎很富有。
qstr_Snakes_can_teach_you|蛇能教你如何抵御死亡，正如阿斯克勒庇俄斯所学到的那样。愿诸神听见你的呼唤！
qstr_Snakes_can_teach_you_|蛇能教你如何抵御死亡，正如阿斯克勒庇俄斯所学到的那样。士兵们对你的无知很愤怒。
qstr_You_find_a_nice_clea|你找到一片不错的空地，度过了一夜。第二天清晨，士兵们休息充足，很乐意继续行军。
qstr_After_a_brief_hesita|军官们稍作犹豫，便沿着队列来回奔走，高声下令并发出威胁。局势十分紧张，一度似乎真要实行十一抽杀律才能让他们继续前进，但军队最终还是重新上路了。你在困境中维持了控制，但这些手段并未赢得士兵的爱戴。
qstr_The_men_are_terrifie|比起超自然的危险，士兵们更害怕失去鹰旗和指挥官。先是军官，接着普通士兵也纷纷冲上前来与你会合。很快，他们从彼此的陪伴中获得了勇气，情绪也高涨起来。一首粗俗的行军歌响起，在队列上空飘扬，间或夹杂着欢呼和笑声。再也没有人觉得疲惫了。
qstr_The_merchants_contin|商人们继续赶路，消失在道路的转弯处。
qstr_The_merchants_are_el|商人们欣喜若狂，带着你的士兵来到最近的港口，雇了一艘民船追捕海盗。可惜，你的士兵并非熟练的水手，而且仓促之下，船只也没有做好充分准备。恶劣的天气导致船只搁浅，造成了人员伤亡。
qstr_The_unfortunate_merc|这些不幸的商人被你的慷慨深深折服。他们连连道谢，承诺向所有人宣扬你的善举。
qstr_The_pirates_are_quic|海盗很快被追捕归案，你也兑现了悬赏。你的忠实支持者将海盗的人头插在尖桩上，钉上城门，一边高声赞颂你。这场示众十分成功，人群欢声雷动。
qstr_The_speech_goes_with|演说顺利完成。人们对发生的事仍有些担忧，但最终都忘却了。
qstr_You_spend_the_day_aw|你整天躲在帐篷里，流言却不断蔓延。等你终于准备好发表演说时，胃里却很不舒服。你口齿不清，观众见你这副模样，心中十分不安。最后，你竟当场呕吐，为整件事画上了句号。诸神一定在与你作对，士气一落千丈。
qstr_Your_skillful_orator|你凭借高超的演说技巧，成功将此事解释得对自己有利。没过多久，士兵们便欢呼起来，占卜者也宣称，那坨粪便是诸神的印记，表明了他们的眷顾与赐福。你是被选中之人，注定功成名就！
qstr_The_mood_is_sour_for|众人的情绪低落了一阵，但斥候们最终安然归来，还带回了水。大家为他们的勇气欢呼，胜利的庆祝驱散了队伍中的不快。
qstr_The_dissatisfied_cro|不满的观众一边发出嘘声，一边走出圆形竞技场。愤怒的人们互相冲撞，引发了几处斗殴，但很快便被平息。
qstr_The_guards_follow_yo|卫兵遵从了你的命令，却不高兴沦为供暴民取乐的普通艺人。不过，他们与狮子激战并将其杀死，确实带来了一场精彩的表演。竞技会得以挽救，兴奋的人群在今后几周里都有足够的谈资。
qstr_You_give_the_order_a|你一声令下，部队包围了一片尚未察觉的人群。随着一声喝令，士兵向前推进，将惊恐的人群逼向看台边缘，推入竞技场。受惊而不安的狮子开始攻击他们。其他观众难以置信地惊呼，纷纷冲向出口。等一切结束，许多无辜者已然丧命。^^“你们看得不够尽兴吗？！”^^当你起身离开竞技会时，吼出这句话似乎再合适不过。
qstr_You_maintain_a_stoic|周围的宴会愈发热闹，你却始终神情肃穆。宾客们自然密切留意着元首，你无声的不满比下方的厮杀声还要响亮。很快，欢宴的气氛消散，音乐低了下来，{s22}最显贵的公民们纷纷效仿你，庄重而节制地用餐。
qstr_The_governor_clearly|总督显然很懂得如何享乐，也十分乐意博取你的欢心。这场放纵的罗马狂欢宴持续到深夜，角斗士的比赛早已结束。第二天早晨，你已经记不起宴会的某些细节，但其中肯定有战车比赛。
qstr_You_are_not_sure_wha|你记不清昨夜喝下第五角杯酒后发生了什么，醒来时却见总督的妻子和她的仆人正用冰凉的湿毛巾缓解你剧烈的头痛。没人提起昨夜，更没人责怪你，但从他们的眼神中，你看得出自己昨夜的行为并不体面。
qstr_Two_senators_changed|讨论期间，两名元老转而支持了反对方！
qstr_One_senators_changed|讨论期间，一名元老转而支持了反对方！
qstr_One_senator_changed_|讨论期间，一名元老转而支持了你！
qstr_The_majority_has_vot|多数人投票反对你提出的请愿敕令。
qstr_The_majority_has_vote|多数人投票支持你提出的请愿敕令。
qstr_The_Libelli_office_h|请愿署已被撤销，因为它已无存在的必要。
qstr_The_majority_has_voted|多数人投票反对你提出的基督徒敕令。
qstr_The_majority_has_voted_|多数人投票支持你提出的基督徒敕令。
qstr_The_majority_has_voted_a|多数人投票反对你提出的公共安全敕令。
qstr_The_majority_has_voted_f|多数人投票支持你提出的公共安全敕令。
qstr_The_majority_has_voted_ag|多数人投票反对你提出的《{playername}敕法》。
qstr_The_majority_has_voted_fo|多数人投票支持你提出的《{playername}敕法》。
qstr_The_majority_has_voted_aga|多数人投票反对你扩充《{playername}敕法》并将祖制成文的提议。
qstr_The_majority_has_voted_for|多数人投票支持你扩充《{playername}敕法》并将祖制成文的提议。
qstr_The_majority_has_voted_agai|多数人投票反对你扩充《{playername}敕法》并授予每位公民罗马公民权的提议。
qstr_The_majority_has_voted_for_|多数人投票支持你扩充《{playername}敕法》并授予每位公民罗马公民权的提议。
qstr_The_majority_has_voted_again|多数人投票反对你提出的粮食与土地法。
qstr_The_majority_has_voted_for_y|多数人投票支持你颁布粮食与土地法的提议。
qstr_The_majority_has_voted_agains|多数人投票反对你提出的军事法。
qstr_The_majority_has_voted_for_yo|多数人投票支持你颁布军事法的提议。
qstr_The_majority_has_voted_against|多数人投票反对你提出的抚育法。
qstr_The_majority_has_voted_for_you|多数人投票支持你颁布抚育法的提议。
qstr_The_majority_has_voted_against_|多数人投票反对你提出的奴隶解放二十分之一税法。
qstr_The_majority_has_voted_for_your|多数人投票支持你颁布奴隶解放二十分之一税法的提议。
qstr_The_majority_has_voted_against_y|多数人投票反对你撤销请愿敕令的提议。
qstr_The_majority_has_voted_for_your_|多数人投票支持你撤销请愿敕令的提议。
qstr_The_majority_has_voted_against_yo|多数人投票反对你废除尤利乌斯与帕皮乌斯法的提议。
qstr_The_majority_has_voted_for_your_p|多数人投票支持你废除尤利乌斯与帕皮乌斯法的提议。
qstr_The_majority_has_voted_against_you|多数人投票反对你撤销基督徒敕令的提议。
qstr_The_majority_has_voted_for_your_pr|多数人投票支持你撤销基督徒敕令的提议。
qstr_The_majority_has_voted_against_your|多数人投票反对你撤销公共安全敕令的提议。
qstr_The_majority_has_voted_for_your_pro|多数人投票支持你撤销公共安全敕令的提议。
qstr_The_majority_has_voted_against_your_|多数人投票反对你废除粮食与土地法的提议。
qstr_The_majority_has_voted_for_your_prop|多数人投票支持你废除粮食与土地法的提议。
qstr_The_majority_has_voted_against_your_p|多数人投票反对你废除军事法的提议。
qstr_The_majority_has_voted_for_your_propo|多数人投票支持你废除军事法的提议。
qstr_The_majority_has_voted_against_your_pr|多数人投票反对你废除抚育法的提议。
qstr_The_majority_has_voted_for_your_propos|多数人投票支持你废除抚育法的提议。
qstr_The_majority_has_voted_against_your_pro|多数人投票反对你废除奴隶解放二十分之一税法的提议。
qstr_The_majority_has_voted_for_your_proposa|多数人投票支持你废除奴隶解放二十分之一税法的提议。
qstr_The_majority_has_voted_against_your_prop|多数人投票反对你扩大土地所有者权利、削减奴隶权利的提议。
qstr_The_majority_has_voted_for_your_proposal|多数人投票支持你扩大土地所有者权利、削减奴隶权利的提议。
qstr_The_majority_has_voted_against_your_propo|多数人投票反对你扩大奴隶权利、削减土地所有者权利的提议。
qstr_The_majority_has_voted_for_your_proposal_|多数人投票支持你扩大奴隶权利、削减土地所有者权利的提议。
qstr_The_majority_has_voted_against_your_propos|多数人投票反对你扩大贵族权利、削减公民权利的提议。
qstr_The_majority_has_voted_for_your_proposal_t|多数人投票支持你扩大贵族权利、削减公民权利的提议。
qstr_The_majority_has_voted_against_your_proposa|多数人投票反对你扩大公民权利、削减贵族权利的提议。
qstr_The_majority_has_voted_for_your_proposal_to|多数人投票支持你扩大公民权利、削减贵族权利的提议。
qstr_The_senators_fear_yo|元老们畏惧你，很可能投票支持你的提议。但罗马民众鄙视你的暴政，你在元老中的支持也减少了。
qstr_Construction_of_bath|浴场建造完成！
qstr_The_bath_will_take_a|浴场大约还需{reg10}天建成。
qstr_You_have_not_build_t|你尚未修建浴场！请与{s10}交谈。
qstr_You_need_to_have_at_l|你至少需要200人。
qstr_The_{s51}_are_hostil|{s51}对你怀有敌意。
qstr_The_{s51}_are_a_trib|{s51}向你进贡。
qstr_They_are_a_tributary_|他们向{s40}进贡。
qstr_The_attempt_of_your_|敌人刺杀你的企图失败了。现在你应该与禁卫军统领{s20}交谈。你也可以审问被你俘获的阴谋首领。^（提示：要审问叛徒，必须在他作为俘虏留在你的队伍中时与他交谈。）
qstr_The_attempt_of_your_e|敌人刺杀你的企图失败了。你尚未任命禁卫军统领，否则本可以防止这次刺杀。你也可以审问被你俘获的阴谋首领。^（提示：要审问叛徒，必须在他作为俘虏留在你的队伍中时与他交谈。）
qstr_After_the_interrogat|审问卫兵后，{s20}被揭露为阴谋首领。现在该审问他了。
qstr_It_is_up_to_you_what|其他叛徒如何处置，由你决定。你可以将他们处决。
qstr_A_messanger_is_sent.|信使已派出。
qstr_A_runner_is_sent.|传令兵已派出。
qstr_The_people_of_{s30}_|{s30}的民众请你去与{s31}商谈贪腐总督{s33}的问题。你可以试着说服{s31}任命你为新总督。
qstr_The_people_of_{s30}_a|{s30}的民众请你向元老院揭发贪腐总督{s33}。你可以试着说服元老院任命你为新总督。
qstr_The_other_man_is_not|另一人很不高兴，在你离开后指责你，引发了不利于你的流言。
qstr_Neither_man_is_happy|两人既不高兴，也不恼怒。你似乎找到了平衡。
qstr_The_two_men_are_not_|两人都很不高兴，在你离开后指责你，引发了不利于你的流言。
qstr_People_in_{s4}_think|{s4}的民众认为，你无法保护他们的家人免遭滥权者侵害。流言四起，说你不过是个恶劣的暴君。
qstr_People_in_{s4}_think_|信使不会受到惩罚，{s4}的民众因此认为你无法保护他们的家人。人们纷纷议论，说你处事不公。
qstr_People_in_{s4}_think_t|信使不会受到惩罚，{s4}的民众因此认为你无法保护他们的家人，不过至少他们的同胞也不会受罚。然而，你的士兵很不满，认为你不该宽容一个袭击士兵的人。
qstr_People_in_{s4}_think_th|{s4}的民众认为你能保护他们的家人，似乎很高兴。然而，士兵们对你要惩罚他们的同伴感到不满。
qstr_The_people_in_{s4}_a|{s4}的民众和你的部队都对判决颇感困惑。幸运的是，似乎没人对你的选择感到不满。
qstr_The_local_landowner_|当地土地所有者对你很不满，在{s4}的权贵面前说你的坏话。
qstr_The_local_landowner_g|当地土地所有者给了你一只沉甸甸的钱袋。
qstr_Although_the_farmer_|虽然农夫找回了女儿，但那贵族并未受到应得的惩罚。因此，{s4}的其他农民都担心自己的女儿，因为你偏袒那些欺凌弱者的权贵。
qstr_The_landowners_are_a|土地所有者们很愤怒，{s4}的民众认为你无法保护他们的家人免遭滥权者侵害。流言四起，说你不过是个恶劣的暴君。
qstr_That_landowners_of_{|{s4}的土地所有者们付了钱。他们没有抱怨，因为很高兴能得到保护，免遭你士兵的欺凌。
qstr_The_landowners_are_h|土地所有者们很高兴，{s4}的民众认为你能保护他们的家人。然而，士兵们很不满，认为你应该保护他们。
qstr_He_still_refuses_to_|他仍然拒绝缴税，于是财产遭到没收，自己也被卖为奴隶。{s4}有人说你的坏话，但这类事情太常见了，不会给你带来什么麻烦。
qstr_Eventually_the_man_d|士兵们试图逼他缴税时，他最终在折磨中死去。他最后说道：“孩子们，我来了，到你们所在的彼岸去。”他的死震惊了全城，{s4}的许多人都在抱怨你。
qstr_People_think_the_mea|人们认为这一措施对双方都很公平。不过，砍树的人很失望，因为你没有收下他的礼物，反而惩罚了他。
qstr_The_tree_owner_is_no|树木的主人很不高兴，在你离开后指责你，引发了不利于你的流言。另一方面，砍树的人很高兴，给了你许诺的“礼物”。
qstr_The_people_are_surpr|人们对你的判决很惊讶，因为几乎没人会因行贿而被关押。不过，他们似乎认可你的判决。
qstr_People_in_{s4}_are_h|{s4}的民众很高兴，因为你回应了他们的需求。
qstr_People_in_{s4}_are_u|{s4}的民众对你很不满，因为你没有回应他们的需求。
qstr_People_in_{s4}_appre|{s4}的民众感激你的帮助，但由于你从当地市场购买粮食，粮价进一步上涨了。
qstr_Although_the_merchan|虽然商人支持你在{s4}的地位，但士兵们认为，让那个男孩加入他们是一种耻辱。
qstr_Although_the_merchant|虽然商人给了你一大笔钱，但士兵们认为，让那个男孩加入他们是一种耻辱。
qstr_The_merchant_leverag|商人利用自己的地位，削弱你在{s4}的影响，以报复你不肯收下他的儿子。
qstr_The_merchant_leverage|商人利用自己的地位，削弱你在{s4}的影响，以报复你不肯收下他的儿子。不过，由于你揭露了他的腐败行为，他的诋毁似乎效果有限。
qstr_As_you_proclaim_the_|你宣读判决时，能看见被告眼中的恐惧。那女孩知道死期将至，扑倒在你脚边，乞求饶命。一名卫兵将她拖走。他们将被扔给野兽。暴民如愿以偿，得到了一场血腥的表演。但你怀疑他们并不是真正的窃贼。
qstr_A_little_town_riot_e|你宣读判决后，城里发生了一场小规模骚乱。{s4}的民众认为你无法保护他们免遭盗贼侵害，纷纷传言你软弱无能。
qstr_The_angry_mob_is_not|愤怒的人群对判决很不满，但幸运的是，城镇骚乱得以避免。由于窃贼获免死罪，{s4}的民众认为你无法保护他们，纷纷议论你处事不公。
qstr_People_in_{s4}_are_ha|{s4}的民众很高兴，因为你回应了他们的需求，并帮助他们避免了神明的怒火。
qstr_People_in_{s4}_are_un|{s4}的民众对你很不满，因为你没有回应他们的需求，还激怒了神明。
qstr_People_in_{s4}_are_hap|{s4}的民众很高兴，因为你回应了他们的需求，并帮助他们避免了神明的怒火。你的部队也很高兴，因为你保护了他们的子女。
qstr_People_superstitious|迷信的民众对你很愤怒，害怕神明降下怒火。过了一阵，你得知另一个女孩被献祭了。你的部队很高兴，因为你保护了他们的子女。
qstr_The_physician_you_se|你派去的医师救下了一些性命，并阻止了疫病向其他地区蔓延。
qstr_The_epidemic_wipes_o|疫病夺去了全村人的性命。虽然你的措施防止了疫病传播到{s4}以外，但许多人失去了住在村里的亲属。人们纷纷传言，说你是个杀人凶手。
qstr_As_you_proclaim_the_v|你宣读判决时，能看见被告眼中的恐惧。他将被扔给野兽。暴民如愿以偿，得到了一场血腥的表演。但第二天，神庙的金库又被盗了。他不可能是窃贼。{s4}的民众对你很愤怒，说你杀了一个无辜的人。
qstr_A_small_town_riot_em|你宣读判决后，城里发生了一场小规模骚乱。{s4}的民众认为你无法保护他们免遭盗贼侵害。然而，第二天，神庙的金库又被盗了。也许那个被告就是窃贼？几天后，你得知那名被告被暴民杀死了。
qstr_The_angry_mob_is_not_|愤怒的人群对判决很不满，但幸运的是，城镇骚乱得以避免。然而，第二天，神庙的金库又被盗了。愤怒的人群聚集起来，杀死了那名被告。{s4}的民众认为你无法保护他们免遭盗贼侵害。
qstr_The_landowner_was_no|土地所有者对你的决定很不满，四处散布你处事不公的传言，损害了你的名誉和声望。
qstr_The_woman_was_not_ha|那女人对你的决定很不满，四处宣扬你的腐败。
qstr_The_woman_seems_happ|那女人似乎对你的决定很高兴，四处宣扬你是个正直的人。
qstr_The_woman_gives_you_|那女人给了你一袋钱。仅仅办一道手续就要付钱，令她有些恼怒。她四处宣扬你的贪婪。
qstr_You_personally_infor|你亲自登门，向那女人说明要求。她明白你的意图后十分震惊，但为了办妥这道手续，还是答应了你的要求……传闻果然不假，这女人的确是你床笫之间遇过的最美丽的女子之一。
qstr_The_rich_woman_s_hus|富妇的丈夫恰好是{s4}的一位大地主，他对你极为愤怒，损害了你的名誉。
qstr_The_poor_people_in_{|你没有认真查明事实，就把孩子交给一位富妇，令{s4}的穷人十分愤怒。
qstr_The_troublemaker_con|那名煽动者继续在{s4}制造动荡。如今民众公开反对你，城里爆发了骚乱。幸运的是，士兵们迅速恢复了秩序。
qstr_The_troublemaker_sto|那名煽动者停止演说，高兴地收下钱。如今他开始赞颂你的统治，{s4}的民众对你十分满意。城镇骚乱的危险已经过去。
qstr_Without_the_troublem|没了那名煽动者，{s4}发生骚乱的危险已经过去。
qstr_The_people_of_{s4}_a|{s4}的民众非常感激你在危难时伸出援手。但士兵们很愤怒，因为你没有好好保护他们。
qstr_The_people_of_{s4}_ar|{s4}的民众很愤怒，因为你不关心他们的困境。但士兵们很高兴，继续拿那些女人寻欢作乐。
qstr_Angry_with_you_the_f|农夫对你很愤怒，在{s4}散布了一些不利于你的流言，不过并不严重。他找回了妻子和女儿，似乎还是很高兴；你的士兵也因未受惩罚而高兴。
qstr_The_witch_leaves_the|女巫离开了城镇，不知去向。愤怒的人群很失望，但幸好很快便散去了。
qstr_The_woman_thanks_you|那女人向你道谢，你救了她的命。但她刚离开法庭，就遭到暴民袭击，被杀死了。暴民责怪你无法妥善保护他们！
qstr_The_mob_has_what_it_|暴民如愿以偿。这场表演大获成功。
qstr_The_woman_was_not_hap|那女人和她的父亲都对你的决定很不满。她父亲身为议事会成员，散布你处事不公的传言，损害了你的名誉和声望。
qstr_The_man_was_not_happ|那男人对你的决定很不满，他身为地主的父亲四处宣扬你的腐败。然而，那场“私下会面”简直是一场灾难。那女人穿着衣服时看着不错，脱下后却惨不忍睹……可你已经无法脱身……不过，这次“会面”也并非毫无收获，她十分尽兴，因而帮你反驳那地主散布的流言。
qstr_The_man_was_not_happy|那男人对你的决定很不满，他身为地主的父亲四处宣扬你的腐败。
qstr_The_man_pays_the_bri|那男人交了贿款，却对你的决定很不满，四处散布你的坏话。
qstr_Your_men_appreciate_|士兵们感激你关心他们的家人。
qstr_Your_men_are_unhappy|士兵们很不满，因为你没有照顾他们的遗孀。
qstr_Your_men_are_unhappy_|士兵们很不满，因为你没有照顾他们的遗孀，但他们理解你眼下手头拮据。
qstr_Your_men_appreciate_y|士兵们感激你关心他们的家人。那位寡妇也很高兴，向你献上了她的“礼物”：一个令你久久难忘的夜晚……
qstr_Your_men_appreciate_yo|士兵们感激你关心他们的家人。那位寡妇对你拒绝她的“礼物”似乎有些惊讶，但仍很高兴得到了钱。
qstr_No_money_no_gift_and|没有钱，也没有礼物；士兵们还因你没有照顾他们的遗孀而感到不满。
qstr_No_money_no_gift._Ad|没有钱，也没有礼物。此外，士兵们因你没有照顾他们的遗孀而感到不满，但他们理解你眼下手头拮据。
qstr_The_mob_is_angry_and|愤怒的暴民开始向你投掷石块。卫兵驱散人群，你则从后门离开了大厅。
qstr_The_mob_seems_happy_|暴民似乎对你的决定很满意，那名传教者被卖为奴隶。
qstr_The_mob_seems_happy_a|暴民似乎对你的决定很满意，一边看着传教者被钉上十字架，一边高声叫喊。
qstr_Your_followers_feel_|追随者们觉得你会不惜一切代价保护他们，但{s4}的民众对你的决定很不满。他们在你离开后指责你，引发了不利于你的流言。不过幸好没有发生城镇骚乱。
qstr_Your_followers_feel_t|追随者们觉得你没有给予他们应得的保护，辜负了他们的效劳，但{s4}的民众对你的决定十分满意。你公正的名声传扬开来。
qstr_Your_followers_feel_th|追随者们觉得你没有给予他们应得的保护，辜负了他们的效劳。{s4}的民众也对你的决定很不满。他们在你离开后指责你，引发了不利于你的流言。不过幸好没有发生城镇骚乱。
qstr_The_widow_is_happy_a|那位寡妇很高兴，给了你一大笔钱。她的兄弟则很愤怒，试图散布不利于你的流言。但他影响力有限，造成的损害也很小。
qstr_The_widow_seems_to_b|那位寡妇似乎十分震惊，拒绝了你无耻的要求，并四处散布流言，损害了你的声望、名誉以及与{s4}的关系。
qstr_The_widow_is_angry_a|那位寡妇很愤怒，四处散布流言，损害了你的声望以及与{s4}的关系。
qstr_The_widow_is_angry_an|那位寡妇很愤怒，四处散布流言，损害了你的声望以及与{s4}的关系。但由于你羞辱了她，{s4}的民众并不太相信她的话。
qstr_The_people_s_busines|民众的生意往来与你无关。然而，局势并未好转。价格涨到原先的二十倍后，人们发现新任行会会长遭人杀害，喉咙里塞满了钱币。价格恢复正常，但民众对你的袖手旁观十分愤怒。
qstr_As_ambitious_and_fie|尽管此人在公开场合野心勃勃、言辞激烈，面对金钱与刀剑时，他还是作出了明智的选择。行会的行为变得较为合理，公民们赞叹你的谈判技巧。
qstr_You_give_fair_warnin|你郑重警告了这位野心勃勃的裁缝行会首领，他却不肯听从。第二天，税吏和士兵出现在行会下属的各家店铺，通知他们如今必须取得裁缝许可证才能在城中营业，每张只收取区区10,000第纳尔。整个行业停摆，行会很快宣布换了一位会长，由他商谈合理的条件。
qstr_Your_men_are_greeted|士兵们走向城中各处裁缝铺，将其洗劫一空，沿途人群欢呼迎接。货物和工具被毁，裁缝遭到殴打，有时下场更加凄惨。民众报了仇，但城中的产业也受到了严重破坏。
qstr_The_downturn_continu|萧条持续到外部环境改善，但城市的繁荣度受到了损害。
qstr_The_projects_help_ti|这些工程帮助城市渡过难关。贸易好转后，城市的繁荣度进一步提升。
qstr_The_city_is_grateful|城中民众感激你不加干预，四处一片繁荣，大家普遍心情愉快。
qstr_You_set_an_example_d|你以身作则，捐助不幸之人，出资修缮神庙。这股风气在如今富裕的城中流行起来，很快便几乎找不到赤贫之人了。人们为自己感到欣慰，而你身为这股风气的引领者，名誉更是如日中天。
qstr_While_people_are_nev|人们虽从不乐意交出银钱，但富裕之后也较能忍受。现在正是征收新税的好时机。你的国库日渐充盈，但也出现了一些不满。
qstr_The_philosopher_grin|哲学家开心地咧嘴一笑，对你熟知第欧根尼的故事颇为赞赏。他依照寓言的情节，请你别挡住他的阳光。^^少数受过良好教育的公民认出了第欧根尼与亚历山大的对话，会心一笑。但大多数人不懂其中妙处，只看见你没有惩罚一个无礼的滋事者，反而与他进行了一番古怪的交谈。平民并不喜欢这样，但你的博学之名在贵族之间传开了。
qstr_At_your_command_the_|你一声令下，卫兵便用棍棒迅速施行严酷的罗马式正义。人群早有预料，看得很高兴。整件事成了当天娱乐活动的一部分，除此之外，不过是件有趣的谈资。
qstr_Administering_punish|将通常只用于重罪的刑罚施加于一个疯癫的滋事者，人们认为有些严酷，但还不至于引起动乱。一部分观众因戏剧表演中意外增加了血腥场面而欢呼喝彩，另一部分人则不忍看那人漫长的临终苦痛成为喜剧的背景。^^至于那位疯癫的哲学家本人，他眼中燃烧着兴奋，甚至还会被演员的笑话逗笑。无论这是否如他所愿，你的行为都很契合他的艺术，历史也许会记住这个故事。
qstr_{s22}_is_very_happy_|{s22}对你的决定很高兴，欣然收下了钱。
qstr_Although_{s22}_recei|虽然{s22}只拿到所求金额的一半，但他仍对你的决定很高兴，欣然收下了钱。
qstr_{s22}_is_angry_about|{s22}对你的决定很愤怒，开始在{s23}散布流言，声称你的统治残暴，整个国家都邪恶不堪。
qstr_The_priests_are_happ|祭司们很高兴收到你的捐赠，四处宣扬你的智慧和财富。
qstr_The_priests_are_happy|虽然捐款少于预期，祭司们仍很高兴，四处宣扬你的智慧和财富。
qstr_The_priests_are_angr|祭司们很愤怒，四处宣扬你的贪婪。
qstr_The_priesthood_is_pl|祭司团很高兴得到额外资金，民众也赞颂你的慷慨。你迅速果断的行动逐渐冲淡了悲剧的阴影，为灾后带来了安定与希望。
qstr_The_priesthood_is_ple|祭司团很高兴得到额外资金，但民众原本期待你更重视他们的损失。尽管如此，你的行动还是在一定程度上冲淡了悲剧的阴影，为灾后带来了些许安定与希望。
qstr_The_people_commend_y|民众赞颂你的慷慨，但祭司团觉得你不够虔诚，颇为不满。尽管如此，你的行动还是在一定程度上冲淡了悲剧的阴影，为灾后带来了些许安定与希望。
qstr_Your_investigation_q|你的调查很快变成一场混乱的推诿，官员们互相指责。最终，悲剧的确切原因仍不明朗。更糟的是，调查适得其反，贪腐的嫌疑开始指向你。
qstr_Your_decision_to_rem|你决定无所作为，令全城震惊。缺乏领导使民众愈发愤怒不安，他们开始认为你对他们的苦难漠不关心。关于渎职和贪腐的流言迅速传播，削弱了你的权威。原本可以妥善处理的悲剧，如今可能演变成全面混乱。
qstr_The_outcome_of_the_t|审判结果令{s4}的民众深受震动，也使你的权威遭到质疑。
qstr_Your_renown_with_you|你在战士中的声望和钱袋都受了损失，但{s4}的民众似乎很高兴得到你给的钱。
qstr_Your_men_push_the_cr|士兵们推搡人群，打伤了一些人。突然，民众转而攻击他们，在被驱散前造成了一些伤亡。
qstr_You_run_through_the_|你从后门逃走，人群一边继续乞求施舍，一边骂你是懦夫和吝啬鬼。
qstr_Everyone_in_{s4}_thi|{s4}的所有人都认为你明智而公正：你找到了孩子的母亲，将婴儿归还，并惩罚了撒谎的人，没有被她的财富左右。
qstr_The_crowd_kills_the_|人群杀死了那位富妇。她的丈夫恰好是{s4}的一位大地主，他对你极为愤怒，损害了你的名誉。
qstr_The_poor_people_in_{s|你没有认真查明事实，就把孩子交给一位富妇，令{s4}的穷人十分愤怒。骚动最终演变成暴力冲突。许多公民在退却前死于战斗，你也损失了一些士兵。
qstr_To_arms!_Some_citize|拿起武器！一些公民发动暴乱，试图杀死你！
qstr_Note_the_following:_|请注意：在消灭当地人口之前，你应撤出全部驻军，否则他们会自动解散。
qstr_Your_men_charge_down|士兵们冲上街头，稍受挑衅便拔剑相向，为死去的同伴复仇。{s4}的民众纷纷逃回家中躲藏，一场血洗随之而来。
qstr_Your_men_are_very_an|你没有对同伴被杀一事采取行动，令士兵们十分愤怒。与此同时，当地领袖正试图平息{s4}民众对你的仇恨。
qstr_Mercilessly_your_men_|士兵们无情地杀死所有挡路的人，随后闯入民宅，杀死所有14岁以上的男性。你的残暴之名如风一般传开，所有谈论你的人都心怀恐惧。如今{s4}平静了，但代价极其惨重。
qstr_Rumors_spread_throug|整个帝国都流传着你是暴君的传言。
qstr_You_are_despised_for|你的暴政令人鄙视。
qstr_Rumors_spread_through|整个帝国都流传着你帮助穷人和受压迫者的事迹。
qstr_Stability_of_the_Empir|帝国的稳定度提高了。
qstr_you_see_a_bush_burni|你看见一丛灌木正在燃烧，随后听到一个声音。灌木似乎在向你说话，但你一个字也听不懂。突然，世界开始旋转，眼前一片漆黑。一小时后，你醒了过来。你的某些技能似乎提高了。
qstr_you_hear_some_birds_|你听见鸟鸣和风吹草木的沙沙声。
qstr_You_feel_more_streng|你觉得更有力量了。
qstr__You_have_proven_you|“你已经证明了自己。等几天，养好伤，我们再来考验你。”
qstr__This_was_you_last_t|“这是你最后一场武艺试炼。收下这些武器和这套盔甲，作为最后的奖赏。愿它们在战斗中护你周全。”
qstr_You_enjoy_the_time|你享受着这段时光。
qstr_^^NO_troops_will_be_|^^不会直接向你的队伍添加部队，但你现在可以在自己拥有的每座城镇或堡垒招募{s32}。
qstr_^^NO_troops_will_be_a|^^不会直接向你的队伍添加部队，但{s32}很快就将听你号令。只要其驻地建有兵营，你就能在那里招募部队，与其他罗马部队相同。
qstr_The_preparations_tak|准备工作需要一些时间……
qstr_As_suddenly_as_she_c|她来得突然，离开营地也同样突然，一路高声辱骂你和士兵们。站在你身旁的一名士兵说道：^“这女人真有母狼的脾气和气魄。”
qstr_As_suddenly_as_she_ca|她来得突然，离开营地也同样突然，一路高声辱骂你、同伴和奴隶们。站在你身旁的一名奴隶说道：^“这女人真有母狼的脾气和气魄。”
qstr_Visit_the_goods_merc|拜访罗马的杂货商。你可以在罗马市中心的店铺里找到他。
qstr_You_start_collecting|你开始采集草药。
qstr_You_have_defeated_the|你击败了那名战士。将他的头颅带给洪娜。
qstr_Finally_you_have_kil|你终于杀死了卢基卢斯。去领取报酬吧！
qstr_It_seems_Lucillus_wa|卢基卢斯似乎事先得知了计划。回去向马梅尔提努斯报告。
qstr_It_is_now_crucial_to|如今，找到一个强大的盟友至关重要。最合适的选择是帕提亚。因此，你的首要任务是与帕提亚国王商谈盟约。
qstr_The_only_chance_for_|犹太王国唯一的生存机会，就是争取帕提亚成为盟友。前往{s43}商谈盟约。
qstr_One_of_the_high_prie|一位大祭司送给你一张精美的弓和一些神庙里的黄金！
qstr_You_take_over_the_je|你接受了犹太文化。
qstr_There_are_already_to|现有的叛军队伍已经太多了！
qstr_There_are_already_to_|现有的叛军队伍已经太多了！
qstr_You_need_more_money!|你需要更多钱！
qstr_Happy_about_your_dec|那位元老对你的决定很高兴，向人们称赞你值得信赖。
qstr_Disappointed_about_y|那位元老对你的决定很失望，告诉人们你不值得信赖！
qstr_Happy_about_your_deci|那人对你的决定很高兴，向罗马民众称赞你是一位可靠的庇护人。
qstr_Disappointed_about_yo|那人对你的决定很失望，向罗马民众诉说你不值得信赖。
qstr_Happy_about_your_decis|那人对你的决定很高兴，向罗马民众称赞你是一位可靠的庇护人。
qstr_The_senator_has_won_|那位元老赢了官司，很感激你的支持，因此在罗马民众中赞颂你的名字。
qstr_The_senator_has_lost|那位元老输了官司，作为报复，他在罗马诋毁你的名誉。
qstr_The_prosecutor_dropp|控方撤回了诉讼。那位元老对结果很高兴，赞颂你的名字。但你的名誉受到了损害。
qstr_The_senator_has_won_t|那位元老赢了官司，很感激你的支持。
qstr_The_discussion_conti|讨论仍在继续，但很快便明朗了：那女孩不会被埋葬。
qstr_Angered_about_your_o|一名支持你的元老被你的意见激怒，转而支持了对方！与此同时，讨论仍在继续，但很快便明朗了：那女孩不会被埋葬。
qstr_You_managed_to_stay_|你成功置身讨论之外，避免因持有争议性意见而遭到指责。
qstr_The_discussion_contin|讨论仍在继续，但很快便明朗了：那头小母牛将被献祭。
qstr_{s44}^^Some_of_the_p|{s44}^^一些祭司似乎很不满你干涉他们的事务，开始诋毁你的名誉。
qstr_Angered_about_your_l|一名支持你的元老对你未予支持很愤怒，转而支持了对方！但很快便明朗了：那头小母牛将被献祭。
qstr_You_managed_to_stay_o|你成功置身讨论之外，避免因持有争议性意见而遭到指责。很快便明朗了：那头小母牛将被献祭。
qstr_The_girl_and_the_sen|那女孩和元老似乎对你的打扰颇为恼怒。你告诉元老，若他不支持你，你就将他的秘密公之于众。然而，元老和女孩只是大笑起来。^^看来那女孩只是个普通的荡妇。
qstr_The_people_hear_abou|民众得知你的慷慨，纷纷赞颂你的名字。
qstr_With_ease_you_rout_t|你轻而易举地击溃了暴徒。元老非常感激你的帮助，赞颂你的名字，还承诺今后会在元老院支持你。
qstr_Some_of_the_senators|有些元老赞同你，有些则不赞同，讨论继续进行。
qstr_In_detail_you_explai|你详细解释了仅凭证词认定事实的问题。证人不仅可能无意中作出错误证言，例如记忆有误，也可能因受贿而故意作伪证。因此，此案应当适用“存疑有利于被告”的原则！^^你的学识似乎令元老们刮目相看。
qstr_You_are_invited_to_a|你受邀前往{s23}的“比古斯·迪库斯”别墅赴宴。
qstr_The_senators_are_disc|元老们正在讨论各种话题，都无关紧要。你可以提出自己的议题。能否成功，取决于你获得的支持。
qstr_The_senators_are_discu|元老们正在讨论额外进口粮食，以充分满足民众的需要。由于城中粮食已经充足，显然元老们此举是要羞辱由凯撒·奥古斯都任命的粮食长官。
qstr_The_senators_are_discus|元老们正在讨论应扩大还是削减贵族的权利。具体而言，赋予贵族出身者更多权利，也会相应削减平民的权利。
qstr_The_senators_are_discuss|元老们正在讨论应扩大还是削减奴隶的权利。例如，是否应进一步限制可对奴隶施加的惩罚。
qstr_It_seems_that_the_se|元老们似乎无法达成一致。
qstr_It_seems_that_the_ma|多数元老似乎支持修改法律，使其有利于贵族。
qstr_It_seems_that_the_maj|多数元老似乎支持修改法律，使其有利于主人，减少对惩罚奴隶的限制。
qstr_It_seems_that_the_majo|多数元老似乎支持下令额外购粮。
qstr_It_seems_that_the_major|多数元老似乎支持修改法律，使其有利于平民，削减贵族的权利。
qstr_It_seems_that_the_sen|元老们似乎支持修改法律，使其有利于奴隶，增加对惩罚奴隶的限制。
qstr_It_seems_that_the_majori|多数元老似乎不支持下令额外购粮。
qstr_Talk_with_{s12}_abou|与{s12}商谈修改法律，使其有利于贵族。
qstr_Talk_with_{s12}_about|与{s12}商谈修改法律，使其有利于平民，削减贵族的权利。
qstr_Talk_with_{s12}_about_|与{s12}商谈修改法律，使其有利于主人，减少对惩罚奴隶的限制。
qstr_Talk_with_{s12}_about_a|与{s12}商谈修改法律，使其有利于奴隶，增加对惩罚奴隶的限制。
qstr_two_senators_changed|两名元老转而支持了反对方。
qstr_one_senator_changed_|一名元老转而支持了反对方。
qstr_no_senator_changed_s|没有元老改变立场。
qstr_one_senator_changed_t|一名元老转而支持了你。
qstr_During_the_discussio|讨论期间，{s41}。^^元老院接受了你的提议。现在你必须说服元首颁布这项法律变更。
qstr_The_senate_refused_y|元老院拒绝了你的提议。
qstr_The_statues_don_t_lo|雕像看起来并不出众，事实上相当难看。你的鼻子太长，肚子太大。你发现了许多不满意的地方。
qstr_The_statues_look_qui|雕像看起来颇为出众。你只发现了几处小瑕疵，总体而言做得不错。
qstr_The_statues_look_ver|雕像看起来极为出众。你被塑造成一位战胜敌人的神明。这才是配得上凯撒的形象。
qstr_Error:_Report_this_b|错误：请报告此问题。
qstr_The_magister_civium_|市政官和行政长官担心自己也受罚，将失败归咎于工匠。{s20}的民众被你的命令震惊，视你为自私的暴君。
qstr_The_magister_civium_a|市政官和行政长官担心受罚，将失败归咎于工匠。{s20}的民众嘲笑你自私又肤浅。
qstr_The_magister_civium_an|市政官和行政长官似乎非常高兴，纷纷赞颂你的名字。另一方面，{s20}的民众似乎并不乐意如今街头每个角落都有你的面孔。
qstr_Rumors_say_{s44}_has|传言说，{s44}逃缴了{s40}的税款。
qstr_You_worship_the_Chri|你现在信奉基督教的上帝了！
qstr_You_won_the_vote!_{r|你赢得了投票！{reg27}%的元老支持你的提议。你现在是{s57}的新总督。
qstr_Intrigues_and_plots_|阴谋诡计是不光彩的勾当。
qstr_You_lost_the_vote!_{|你输掉了投票！{reg27}%的元老支持你的提议。{s57}的民众似乎对结果很不满。
qstr_During_the_discussion|讨论期间，{s41}。^{s49}
qstr_You_won_the_vote!_Th|你赢得了投票！《元老院关于酒神祭祀的决议》已被废除。
qstr_You_lost_the_vote!_{r|你输掉了投票！{reg27}%的元老投票支持你。
qstr_You_need_a_riding_sk|你至少需要3级骑术！否则无法骑这匹马。
qstr_The_region_is_haunte|该地区正遭受{s0}的侵袭。
qstr_The_region_has_recen|该地区最近遭受了{s0}。^^{s44}
qstr_The_region_has_recent|该地区最近蒙受了{s0}的恩惠。^^{s44}
qstr_Grain_fields|谷物田
qstr_{s20}_and_{s10}|{s20}和{s10}
qstr_{s20}_will_finish_in|{s20}将在{reg10}天后完成。
qstr_{s20}_and_{s11}|{s20}和{s11}
qstr_{s1}_escaped_from_pr|{s1}越狱了！
qstr_Manage_guards_and_sl|管理卫兵与奴隶
qstr_Manage_slaves|管理奴隶
qstr_You_were_caught!_An_|你被发现了！一位官员在核对你篡改的文件时发现了改动。一场重大调查即将展开，你犯下的其他恶行也可能因此暴露！
qstr_You_successfully_emb|你成功贪污了价值{reg33}第纳尔的资金，无人察觉。
qstr_ERROR_ERROR_ERROR:_W|错误错误错误：队伍错误
qstr_{s10}_has_legion_{re|{s10}拥有军团{reg10}
qstr_{s10}_has_other_prov|{s10}拥有其他行省：{reg10}（{reg11}）
qstr_{s10}_has_auxiliar_{|{s10}拥有辅助军{reg10}
qstr_After_the_quartermas|军需官发给你装备后，一名百夫长命你跟他走。你与其他新兵等待百夫长的命令。
qstr_You_managed_to_stay_a|你勉强保持清醒，偶尔打个哈欠，但没有人注意到。表演结束后，你尽力高声欢呼鼓掌。希望这番浪费时间能帮助你早日晋升。
qstr_help_Faustus_who_you|帮助本应受你恐吓的福斯图斯。
qstr_terrorize_Faustus_ev|进一步恐吓福斯图斯。
qstr_you_will_make_more_p|你的晋升进度会增加，但名誉会受损。
qstr_just_stand_guard.|只管站岗。
qstr_you_will_make_no_prog|你的晋升进度不会增加。但至少没人能说你玩忽职守。
qstr_The_soldier_is_happy|那名士兵很感激你的帮助。
qstr_The_Centurio_lauds_y|百夫长赞扬你恪尽职守、遵守纪律。那名士兵因站岗时睡觉而遭到杖责。^然而，你因出卖了他而心怀愧疚。
qstr_On_the_next_day_a_la|第二天，大量物资不翼而飞。所有当夜值勤的士兵都受到惩罚，包括你在内。
qstr_The_centurio_lauds_y|百夫长称赞你的模范行为。那些士兵受到惩罚，今后再想滥用职权，便会三思而行。但另一方面，没有人喜欢告密者，你与其他士兵的关系也因此恶化……
qstr_The_farmer_and_his_d|农夫和他的女儿很高兴，赞颂你的名字。被非法夺走的东西已经归还。回到行军营地后，你惩罚了那些士兵。
qstr_The_farmer_is_punish|农夫被用他自己的棍子责打，那女孩今后将成为随军女子。
qstr_The_farmer_is_punishe|农夫被用他自己的棍子责打，那女孩今后将成为随军女子。^你洗劫了农夫的宅院，找到了2,500第纳尔。
qstr_The_first_evildoer_i|第一个犯错的人被带了进来。你拿起鞭子抽打，打到一百下时，他倒地身亡，没能熬过惩罚。上级很愤怒，因为你的惩罚过于严厉。
qstr_You_punish_all_soldi|你惩罚了所有疏于保养武器的士兵。这项惩罚恰如其分。
qstr_As_your_superiors_he|上级得知此事后，下令惩罚你和你的士兵。
qstr_After_the_meeting_is|会议结束后，你递交了报告。
qstr_As_{s1}_doesn_t_want|{s1}不愿引发兵变，终于同意扎营……
qstr_You_didn_t_managed_t|你没能按时完成任务，这可能对仕途不利。但你的名誉提高了。
qstr_Everything_went_as_p|一切按计划进行：你的进度恰好达到了预期。但另一方面，你的名誉略有下降。
qstr_Due_to_your_harsh_tr|由于你严厉的手段，进度甚至超出了预期。你出色的领导能力受到赞扬。但另一方面，你的名誉受到了损害。
qstr_Everything_went_as_pl|一切按计划进行：你的进度恰好达到了预期。此外，你还与那些女孩度过了愉快的时光……但另一方面，士兵们很愤怒，你的名誉也受到了严重损害。
qstr_Unfortunately_all_pe|不幸的是，所有农民都在战斗中丧生。
qstr_{reg1}_of_40_peasant|40名农民中有{reg1}人在战斗中幸存。
qstr_All_peasants_survive|所有农民都在战斗中幸存。
qstr_The_deserters_have_d|逃兵击败了强盗，杀死了所有居民，但他们自己也只有少数人幸存。
qstr_You_will_have_an_eas|你可以轻而易举地杀死他们。
qstr_{s31}_finds_your_ide|{s31}觉得你的主意颇有意思。但他不愿损失士兵，也担心这样的行动会引发兵变。^^他决定有计划地惩罚滋事者，最终恢复了纪律。
qstr_{s31}_likes_your_ide|{s31}很喜欢你的主意，下令照办：有计划地惩罚主要滋事者，最终恢复了纪律。
qstr_After_you_made_your_|听完你的建议，{s31}笑着说，你不过是想把最漂亮的女人留给自己。^^为了解决问题，{s31}决定有计划地惩罚滋事者，最终恢复了纪律。
qstr_{s31}_decides_to_sys|{s31}决定有计划地惩罚滋事者，最终恢复了纪律。
qstr_You_order_the_whole_|你命令整个百人队集合，随后站上箱子开始讲话。^^你慷慨激昂地告诉士兵们，他们如何给自己、给{s31}、给元首，最终给罗马蒙羞。你以为只有臭烘烘的蛮族才会这样，罗马人绝不该如此！^演说中，你点出几名士兵的名字，直视他们的眼睛。四周一片寂静，只有你在讲话，没人敢打断。你看见其中一些人开始哭泣。^^讲话结束后，你下令惩罚整个百人队，连百夫长也不例外。^{s31}得知此事后颇为惊讶，称赞你演说出色。
qstr_You_order_the_whole_c|你命令整个百人队集合，简短地斥责他们行为野蛮愚蠢，给自己蒙羞。^^讲话结束后，你下令惩罚整个百人队，连百夫长也不例外。
qstr_You_strive_to_rememb|你努力记住每一名士兵的名字，并在每项决定中力求公正。你的付出有了回报：士兵们对你的敬重超过了其他所有军官。士兵遇见你时会躬身致意，并非迫于军阶，而是发自内心的尊敬。你经过时，他们热情地向你问候，称你公正，是一个真正的罗马人。
qstr_You_treat_your_soldi|你对待士兵与其他军官并无不同。你不愿在他们身上费太多心思，毕竟他们很可能很快就会死去。你按要求履行职责。士兵们敬畏你，在你面前躬身，却并非出于钦佩或忠诚，而纯粹是害怕你的鞭子。
qstr_No_evil_struck_the_l|军团并未遭到厄运，但仍有一些士兵逃走，认定军团已劫数难逃。
qstr_The_sacrific_was_a_s|献祭成功了！
qstr_The_sacrific_was_a_f|献祭失败了！
qstr_The_troops_are_happy|部队对结果很满意，灾祸不会毁灭他们。{s31}也很满意，军纪恢复了。
qstr_The_troops_are_now_i|部队现在更加恐惧了。{s31}也很愤怒。
qstr_{s47}_recognized_you|{s47}认可你在战斗中的高尚行为，赐给你2,000第纳尔。^^你展现了真正的罗马品格：战场上的美德与勇气。
qstr_After_{s48}_has_fall|{s48}陷落后，士兵们开始劫掠，尽管{s47}明令禁止。^^士兵们在街头横行。你看见儿童被杀害、妇女遭强奸、房屋被纵火……
qstr_After_{s48}_has_falle|{s48}陷落后，{s47}允许士兵劫掠。士兵们肆意在街头横行。你看见儿童被杀害、妇女遭强奸、房屋被纵火……一切如常。
qstr_After_battle_the_loo|战斗结束后，士兵们分配战利品。你分到了{reg46}第纳尔。
qstr_You_try_your_best_to|你竭力阻止士兵，却未能成功。至少，{s47}认可了你的努力。
qstr_You_managed_to_get_{|你得到了{reg46}第纳尔。
qstr_After_the_battle_a_s|战斗结束后，沉重的哀伤笼罩着你。你走过寂静的战场，目睹倒下的战士，他们的尸体诉说着战争惨酷的代价。死亡这位熟悉的伴侣，如今比以往任何时候都更为迫近，为你的生命蒙上阴影。此刻，人生的意义显得短暂而虚无。若下一场交战便夺走你的生命，你的事迹会留在人们的记忆里，还是会像今日死去的无数灵魂一样，湮没无闻？
qstr_After_the_battle_s_f|战斗的狂怒消退后，你漫步荒凉的战场，看着遍地死者。夺人性命的重担压在心头，残酷地提醒你命运铺就了怎样一条道路。面对这场杀戮，你对死者心生怜悯，却又不断拷问自己的良心。这个世界危机四伏，连权贵也须面对死亡的阴影，这难道是你的过错吗？生命的无常挥之不去，但在这一切之中，一个坚定的信念逐渐浮现：至少眼下，你自己的死期仍然遥远。
qstr_As_Centurio_you_now_|身为百夫长，你如今领到了自己的鞭子。你必须决定如何使用它。你会依法行事，公正待人吗？^你也遇见了许多新面孔。担任副百夫长时，认出并记住手下士兵很容易，但现在人数太多了。记住他们的名字真的重要吗？反正其中大多数人大概很快就会死去。
qstr_You_deliver_the__gif|你送去了“礼物”，从元老那里领到了报酬。
qstr_You_donated_10000_de|你捐出了10,000第纳尔。
qstr_Due_to_the_low_prospe|由于城镇繁荣度低，民众十分高兴。
qstr_Due_to_the_high_prosp|由于城镇繁荣度高，你与当地的关系只略有改善。
qstr_All_their_properties|他们的全部财产均被没收！
qstr_Avaritia_and_Superbu|阿瓦里提娅和苏佩尔布斯发现了一个势力渐长的帮派。请尽早与阿瓦里提娅交谈。
qstr_As_your_detachment_e|你的小队进入村庄时，妇女们抱起孩子逃回家中，只有几个男人露面。长老走上前，用蹩脚的拉丁语询问来意。你的百夫长解释说，你们是来为罗马征收贡赋的。长老用他们的母语与其他男人交谈。
qstr_As_your_detachment_en|你的小队进入村庄时，妇女们抱起孩子逃回家中，只有几个男人露面。长老走上前，用蹩脚的拉丁语询问来意。你解释说，你们是来为罗马征收贡赋的。长老用他们的母语与其他男人交谈。
qstr_As_your_force_enters|部队刚进入村庄，一支箭便射中了你的盾牌！村民们已经武装起来，准备战斗！
qstr_{s3}^Then_he_says_th|{s3}^随后他说，贡赋本已过高，他们没有余力再交。
qstr_{s3}^Then_he_says_the|{s3}^随后他说，他们会按要求缴纳贡赋。
qstr_{s3}^Then_he_says_they|{s3}^随后他说，他们只能缴纳所要求贡赋的一部分。
qstr_The_angry_villages_g|愤怒的村民拿起农具，声称宁死也不答应这样的要求！
qstr_The_unit_commander_p|部队指挥官谨慎行事，让队伍保持集中。巡逻队缓缓前进时，敌人带着更多部队返回，发动了攻击。
qstr_A_small_group_of_arm|你的小队接近时，一小群武装人员突然转身快步离去，与你们的距离越拉越大，最终消失在视野之外。^^{s2}
qstr_While_patrolling_the|在当地巡逻时，巡逻队发现地平线上有一名孤骑，似乎正在观察你们的动向。他可能是叛军或强盗的斥候，也可能只是个普通农民。
qstr_While_patrolling_the_|在当地巡逻时，附近农民上前告知，他们最近遭到了强盗劫掠。他们还提供了强盗队伍的确切位置。
qstr_The_rider_was_probab|那名骑手很可能是敌方斥候。巡逻队遭到了伏击。
qstr_You_detach_a_couple_|你派出几名骑兵，将牲畜赶回营地，其余人员则完成巡逻。指挥官对你的灵活应变颇为赞赏：你抓住了机会，又没有耽误任务。况且，这还为他省下了数千枚钱币的军团给养开销。
qstr_You_take_a_detour_to|你绕道将牲畜送回村庄。农民们很感激你的帮助。
qstr_After_selling_off_th|卖掉牲畜后，你们每个人的钱袋里都多了些银子。你编了个故事解释任务为何延误，而士兵口袋里的第纳尔让所有人都愿意作证。牲畜？什么牲畜？我们没看见任何牲畜。
qstr_The_peasant_was_prob|那农民很可能是敌方斥候。巡逻队遭到了伏击。
qstr_he_greets_you._He_ca|他向你问候。他能回答所有问题：从哪里来、要到哪里去等等。他似乎正从村庄前往附近的一座城镇。
qstr_he_greets_you._He_se|他向你问候。回答问题时，他似乎很紧张，很快便开始自相矛盾。
qstr_he_gallops_away._You|他策马逃走。你只能眼看着他消失在地平线上。
qstr_The_rider_was_probabl|那名骑手很可能是敌方斥候。你的巡逻队遭到了伏击。
qstr_Nevertheless_the_rid|尽管如此，那名骑手似乎确实是敌方斥候！
qstr_You_complete_your_ta|你完成了任务，成功猎获{reg6}只动物，获得{reg11}点晋升进度。
qstr_You_successfully_hun|你成功猎获了{reg6}只动物。
qstr_You_failed_your_task|任务失败，你失去了动物的踪迹。你损失了2点晋升进度。
qstr_You_have_lost_track_|你失去了动物的踪迹。
qstr_Your_recieve_your_re|你领到了报酬。
qstr_You_successfully_hunt|你成功猎获了{reg6}只{s34}！狩猎队返回聚落，民众欢呼庆祝这场成功的狩猎，并举行了一场小宴，向诸神致敬并献上赞美。
qstr_You_failed_your_task_|任务失败，你失去了动物的踪迹。同伴们声称，狩猎失败都是你的错。国王显然对结果很不满意。
qstr_Rome_s_precious_supp|罗马珍贵的粮食供应中断，又难以弥补，连永恒之城本身也陷入了动荡。不久，罗马街头到处是暴乱的人群，鲜血横流。^^这一切都无助于让人将你视为真正的凯撒、真正的奥古斯都、真正的元首。
qstr_This_is_a_disastrous|对你的统治而言，这是灾难性的一天。
qstr_The_province_is_at_p|行省安定，粮食源源不断地运往罗马，换来了民众的忠诚。
qstr_The_land_of_Egypt_is|埃及大地一片安宁。
qstr_Your_choice_is_appre|大多数人赞同你的选择，也更加相信，元首并非国王，而是平等者中的第一人。
qstr_The_governor_protest|总督提出抗议，但他足够聪明，不敢太过张扬。你的意思传达得很清楚，而这件事没有让你付出任何代价，至少没有花费银钱。
qstr_You_try_your_best_to_|你竭力游说，但看来永远别想从{s13}那里拿到一个第纳尔。最终，你只能自己修缮大庄园。
qstr_The_governor_has_fai|总督未能履行最基本的职责，被迫辞职，并向你赔付一大笔钱，远超修缮所需。^^其他贵族家族对此颇为不满，因为他们很容易想象，自己有朝一日也会落到这位总督的境地。
qstr_The_governor_is_than|总督感谢你的认可，谦恭地作出答复。虽然他不肯承认，但显然你的产业得到了最细致的照料和不惜代价的保护，而其他产业则不得不任其被大火吞噬。
qstr_The_damages_could_ha|损失原本可能极为惨重，邻近一些大庄园便是如此。总督的行动为你省下了大量修缮费用，因此期待一些奖赏也算合理。不过，他没想到你会如此慷慨，昂贵的礼物令他喜出望外。
qstr_The_matter_is_left_f|你将此事交由地方官员处理。无论是资源不足，还是管理不善，当地对此次危机的应对都远远不够。许多农民破产，饥饿的人们诉诸暴力，进一步摧毁了当地残存的经济。^^城中粮价暴涨，饥民骚乱一次又一次遭到刀剑镇压。^^公民对罗马和元首的信任遭到侵蚀，税收下降，但不知为何，与当地总督交好的贵族家族，却在危机中低价购地，最终拥有了更多土地。
qstr_You_order_to_pay_foo|你下令出资从邻近行省购粮，运进城里分发给穷困者。这缓解了危机的冲击，至少在挤满乡间难民的城墙之内如此。^^所有人都十分感激你的援助，但乡村仍遭到重创，没有乡村，行省的大部分经济也就不复存在。
qstr_You_let_the_disaster|你任由灾难发展。许多农民破产，饥饿的人们诉诸暴力，进一步摧毁了当地残存的经济。^^城中粮价暴涨，饥民骚乱一次又一次遭到刀剑镇压。^^你趁机收购廉价土地的行为并未逃过人们的注意，根本没有人认为你是在托住不断下跌的地价，好让卖地者多得些钱。相反，人们视之为掠夺、投机牟利，是不配凯撒·奥古斯都身份的行径。^^危机过去后，你转卖土地赚了一大笔钱，但整个行省如今都同仇敌忾地憎恨你。
qstr_You_use_the_funds_to|你成功利用资金缓解了危机的影响。^^这减轻了苦难，至少在挤满乡间难民的城墙之内如此。^^所有人都十分感激你的援助。乡村仍遭到重创，没有乡村，行省的大部分经济也就不复存在；但多亏你的努力，城市很快便会恢复，也没有人被逼得落草为寇。
qstr_You_refuse_the_outra|你拒绝了无理要求，并说明，若他们胆敢攻击你的臣民，你的全军就会踏平{s11}的营地。那位首领神情凝重地离开，被迫在两个糟糕的结局之间作出选择。
qstr_Your_decision_is_met|你的决定令{s25}各地难以置信。将{s24}的村民交给一个小部落，被视为莫大的耻辱，也是你软弱的表现。不过，游牧首领很感激你的理解。
qstr_No_minor_tribe_gets_|区区小部落，岂能向一位{s26}提出如此无理的要求！你下令将那位首领及其随从围住，在{s25}欢呼的人群面前处死。这意味着战争。
qstr_You_accept_the_{s11}|你收下{s11}献上的礼物，向使团致谢后将其送返。得到认可的感觉真不错。
qstr_The_{s11}_ambassador|{s11}的使者愤怒地离开了。战争或许已为时不远。
qstr_The_{s11}_ambassador_|{s11}的使者对你的友善之举十分欣喜。你与这些游牧民的关系必将改善，但{s25}的一些人质疑，你如此表现是否将自己降到了与他们的部落首领同等的地位。
qstr_You_accept_the_{s11}_|你答应了{s11}的请求。这并不困难，也赢得了他们的感激。
qstr_The_{s11}_are_disapp|{s11}很失望，你竟拒绝了如此简单的请求。他们质疑{s24}是否尊重他们的族人。
qstr_Ask_about_legendary_|在{s1}、{s2}和{s3}的酒馆打听传奇工匠法尔比乌斯。
qstr_You_investigated_Zar|你调查了扎里奈娅的墓丘。回去见潘菲勒。
qstr_You_killed_the_Galli|你杀死了高卢叛军维克斯尼克斯。回去报告。
qstr_Increase_your_wealth|积累财富和影响力，为即将到来的事件做好准备。行动时机到来时，你会收到通知。^（提示：必须经过10天，并拥有500,000第纳尔和1,500点影响力。）
qstr_You_allied_with_{s22|你与{s22}结盟了。现在你需要积累财富，为即将到来的事件做好准备。^（提示：必须经过10天，并拥有500,000第纳尔和1,500点影响力。）
qstr_Find_out_the_secret_|查明{s32}的秘密，以争取禁卫军的支持。你可以改善与他的关系，或博取他姐妹{s12}或母亲{s13}的好感。查明秘密后，与{s32}交谈并以此要挟他。
qstr_Though_rumors_say_th|不过，有传言说{s13}仍活着，已逃往希腊。
qstr_{s12}_should_have_be|{s13}本应收养{s12}，随后宣布他为继承人。然而，他违背了承诺，于是{s12}抓住机会，杀死了{s13}。
qstr_Due_to_broken_promis|由于承诺遭到背弃，{s12}杀死了{s13}。禁卫军宣布{s12}为凯撒·奥古斯都。
qstr_{s12}_marched_with_h|{s12}率军团从高卢和莱茵边境进军意大利，在贝德里亚库姆之战中击败了{s13}。战败后，{s13}自尽。
qstr_{s12}_was_declared_C|莱茵军团宣布{s12}为凯撒·奥古斯都，他随后进军罗马，在贝德里亚库姆之战中击败了{s13}。
qstr_Travel_to_{s10}_as_f|尽快赶往{s10}。
qstr_Rumors_say_that_{s26|传言说，{s26}下令谋杀了{s25}。
qstr_You_killed_{s20}_wit|你用罗马短剑杀死了{s20}。
qstr_On_your_orders_{s20}|{s20}奉你的命令被逐出罗马。
qstr_On_your_orders_{s20}_|{s20}奉你的命令被迫自尽。
qstr_On_orders_of_{s21}_{|{s20}奉{s21}的命令被迫自尽。
qstr_On_your_orders_{s20}_w|{s20}奉你的命令被野兽杀死。
qstr_On_orders_of_{s21}_{s|{s20}奉{s21}的命令被野兽杀死。
qstr_On_your_orders_{s21}_wa|{s21}奉你的命令被野兽杀死。
qstr_On_your_orders_{s21}_was|{s21}奉你的命令被迫自尽。
qstr_On_orders_of_{s21}_{s2|{s20}奉{s21}的命令被活活烤死，喂给了狮子。
qstr_burned_alive_and_eat|被活活烧死，喂给狮子
qstr_crucified|被钉上十字架
qstr_forced_to_commit_sui|被迫自尽
qstr_On_orders_of_{s21}_{s1|奉{s21}的命令，{s11}{s22}。
qstr_BUG_HAPPENS_you_die!|发生错误，你死了！
qstr_The_Akademeia_in_Ath|雅典的阿卡德米学园已由{playername}重建。
qstr_You_need_to_be_eithe|你必须拥有雅典，或成为神圣凯撒！
qstr_Your_little_intrigue|你的小阴谋引起了一些轻微的流言。
qstr_Except_minor_rumours|除了一些轻微的流言，无人察觉你的计谋。
qstr_You_instruct_your_as|你指示伙伴们利用这些情报，同时避免引人怀疑。这让他们的生意获益，也保住了情报及其来源的秘密。
qstr_Although_you_and_you|虽然你和伙伴们竭尽全力，却没能从局势中获利。至少，没有人怀疑你是幕后主使。
qstr_By_exploiting_the_kn|利用这些情报，你得以让伙伴们的生意与那位贵族的利益相契合，在{s24}最需要的地方提供帮助和极其有利的交易条件。这花了你一些钱，但身居高位的忠实朋友，有时比黄金还珍贵。
qstr_You_instruct_your_ass|你指示伙伴们毫不掩饰、毫不留情地利用这些情报，攫取最大利益。{s24}的一些伙伴因此破产，而你的人则获利兴旺。{s24}不会轻易忘记，你的财富是以他的损失换来的。
qstr_{s24}_appreciates_yo|{s24}很感激你的帮助。一封措辞得体的信送来，感谢你的贡献，并保证铭记在心。
qstr_{s24}_is_not_happy_w|{s24}对你的答复很不满，会记住你在危难时拒绝援手。
qstr_There_are_no_volunte|没有人自愿执行这项任务。你只得直接下令，并以惩罚相威胁，才组织起一支追击队。士兵们消失在午夜的树林中，再也没有回来。清晨的搜索只发现了一些足迹、血迹和几件丢弃的军用装备。搜索队要么逃跑了，要么已在夜里丧命。^^你的伤亡：{s8}
qstr_By_morning_all_your_|到了清晨，搜索队只找到一些血迹和折断的树枝。踪迹难以辨认，最后连猎犬也困惑地嚎叫起来。无论他是人是兽，那名副百夫长早已不见踪影。
qstr____Safe_travels_boys|——“一路平安，孩子们。”你们离开时，老妇人挥手告别，她的果园仍然完好无损。
qstr____You_should_not_ha|——“你们不该这么做，孩子们。”老妇人叹息着走进小屋，“这代价不值得，不值得……”^^老妇人也许很不高兴，但你得到了需要的物资。虽说不久之后，辎重队的几头骡子摔断了腿，不得不被杀死，但这绝不可能与那些水果有关。难道会有关吗？
qstr_The_negotiated_price|商定的价格比城里的水果还贵，因为老妇人说，她得雇人将补充的水果送到森林深处。不过，果子品质很好，士兵们吃得高兴，也没有发生什么坏事。
qstr_Return_to_the_local_|回去见{s23}的当地首领，领取丘比特之箭。
qstr_Return_to_{s23}_and_|返回{s23}，用收集到的情报与德斯佩拉提乌斯对质。
qstr_Travel_to_{s23}_and_|前往{s23}，将德斯佩拉提乌斯的阴谋告诉特里斯提提娅。^^（提示：在村中四处走动，找到特里斯提提娅。）
qstr_Now_you_need_to_find|现在你需要找到那种特殊的大理石，以及返回的路。
qstr_You_returned_from_th|你从印度河以东的土地归来了。
qstr_Travel_to_{s22}_and_|前往{s22}，找到奥利瓦里乌斯领取报酬。
qstr_The_gods_are_displea|诸神对你的行为不满，怒火使天际浮现不祥的征兆。
qstr_It_seems_Dionysius_f|狄奥尼修斯似乎骗了你，逃回了山洞。
qstr_Return_to_the_cave_a|回到山洞，与他对质。
qstr_After_several_weeks_|经过数周疲惫的旅途，你终于抵达{s20}。现在该再次去见那位利比亚人，向他带去远征的消息了。
qstr_Travel_to_{s22}_and_t|前往{s22}，与曼基内卢斯交谈。你可以在后街找到他。
qstr_Your_party_travelled|你的队伍从{s33}出发，终于抵达了{s34}。
qstr_Your_party_reached_t|你的队伍抵达了哈德里亚努斯的堂兄弟阿尔维苏斯居住的村庄。
qstr_Your_party_reached_th|你的队伍抵达了斯基里人的村庄。
qstr_Mathildiz_is_dead._S|玛蒂尔迪兹死了。她被关在赫卢德维希的房屋里，房屋失火，她被活活烧死。
qstr_Mathildiz_is_alive._|玛蒂尔迪兹还活着。她被关在赫卢德维希的房屋里，房屋失火，但你成功救出了她。
qstr_Mathildiz_apathetic_|玛蒂尔迪兹神情麻木，心绪不宁，一言不发。她加入了你的战团。
qstr_You_haven_t_seen_Mat|你已经有一阵没见到玛蒂尔迪兹了。在与哈德里亚努斯的堂兄弟会面前，你去寻找她，却只找到了她的尸体。她无法承受自己间接造成的苦痛，在绝望中割喉自尽。
qstr_The_trade_deal_faile|贸易协议失败了。你击败了斯基里人，决定洗劫他们的都城。
qstr_Mathildiz_joines_you|玛蒂尔迪兹加入了你的战团。她似乎仍为发生的事悲伤，但正渐渐走出阴影。
qstr_The_trade_deal_failed|贸易协议失败了。你击败了斯基里人，决定饶过幸存者。
qstr_Issues_in_return_fie|返回封地管理时出现问题
qstr_Scoringa|斯科林加
qstr_Speak_with_the_Magis|与{s40}的市政官商谈投资机会，并评估这笔交易。
qstr_You_may_order_a_quar|你可以下令对聚落实行隔离。不过，这类措施会令民众不满，因为大多数人根本不相信它有任何作用。
qstr_Disaster!^^{s10}_was|灾难！^^{s10}遭到了严重的{s0}袭击。{s1}^民众向诸神祈祷，希望灾难早日结束。
qstr_The_people_are_calli|民众正在呼吁援助。你可以从帝国国库拨款。
qstr_The_people_are_callin|民众正在呼吁援助。你可以从自己的金库拨款。
qstr_Divine_blessing!^^Ne|神明赐福！^^消息传来，{s10}蒙受了{s0}的恩惠。{s1}^民众感谢诸神，欢欣庆祝。
qstr_You_have_finished_on|你完成了一个目标！你如今已跻身罗马贵族。
qstr_Visit_the_tavern_of_|前往迦太基的酒馆，找到那位给你写信的神秘人物。
qstr_global_variable_g_co|全局变量 g corruption check = {reg0}
qstr_slot_g_corruption_ch|槽位 g corruption check = {reg0}
qstr_Visit_Rome_and_atten|前往罗马，参加梅塞纳斯花园的宴会！
qstr_Praetorian_guards_ap|禁卫军走了过来。^^他们将你逮捕，宣读罪状，判你有罪。你被判处钉十字架的死刑。
qstr_Guards_of_the_king_a|国王的卫兵走了过来。^^他们将你逮捕，宣读罪状，判你有罪。你被判处以剑斩首的死刑。
qstr_A_triumph_has_been_a|你获准举行凯旋式。请前往{s25}。
qstr_{s1}_has_increased_t|{s1}提高了税率！
qstr_{s1}_has_cut_taxes!|{s1}降低了税率！
qstr_You_receive_a_messag|你收到了那不勒斯市政官的口信。他想告诉你，他有一座别墅待售。像你这样的名人，理应拥有这样一处庄园。请与那不勒斯的市政官交谈。
qstr_Not_possible_now.|现在无法进行。
qstr_Checking_rejoin_of_{|检查{s10}归队，执行任务天数：{reg0}
qstr_Each_day_of_the_sieg|围城期间，每天都有多项开销：发放奖赏、挖掘厕所、清理马厩、购买并运送饮水与食物、烹饪、安排士兵消遣……
qstr_You_do_not_have_mone|你无力支付围城的基本开销。这严重打击了士气。
qstr_Your_troops_feel_ref|经过一夜休息，部队恢复了精神。
qstr_Your_men_need_rest_o|士兵们需要休息，否则士气会受损。
qstr_Foragers|征粮队
qstr_{reg65?Domina:Impera|{reg65?女主人:统帅}
qstr_{reg65?my_divine_Aug|{reg65?我神圣的奥古斯塔:神圣凯撒}
qstr_{reg65?My_Divine_Aug|{reg65?我神圣的奥古斯塔:神圣凯撒}
qstr_{reg65?my_Lady:your_|{reg65?夫人:殿下}
qstr_{reg65?My_Lady:Your_|{reg65?夫人:殿下}
qstr_{reg65?madame:sir}|{reg65?女士:先生}
qstr_{reg65?Madame:Sir}|{reg65?女士:先生}
qstr_{reg65?my_Lady:my_Lo|{reg65?夫人:大人}
qstr_{reg65?My_Lady:My_Lo|{reg65?夫人:大人}
qstr_You_brought_the_slav|你带来了奴隶。现在{s25}又要求3,000第纳尔购买工具。
qstr_The_slaves_have_star|奴隶们已经开始工作。明天再去见{s25}。
qstr_Slaves_are_needed_to|挖掘宝藏需要奴隶。带五名奴隶去见{s25}。
qstr_Follow_him.|跟着他。
qstr_Oh_now!_An_error_occ|糟了！发生错误。场景角色未处于活动状态。
qstr_I_heard_you_even_loo|我听说你甚至洗劫了吉鲁堡垒，在援军赶到前及时逃走。
qstr_I_heard_you_spared_t|我听说你放过了吉鲁堡垒，却将他们的指挥官关进了他自己的监狱！
qstr_was_killed_in_the_ba|在战斗中阵亡了。
qstr_joined_my_party_as_I|因为我救了她的命，加入了我的队伍。
qstr_ordered_to_raze_thei|下令夷平他们的聚落，杀死了埃克贝特，而埃吉诺成了曼基内卢斯的同伴。
qstr_demanded_a_high_trib|索取了高额贡赋，扶立埃克贝特为王，埃吉诺则加入了曼基内卢斯的队伍。
qstr_At_the_party_The_Lib|聚会时，那位利比亚人告诉你，他喜爱使用丝绸，希望与中国的丝绸商人建立贸易关系。他向大家介绍了一位新成员：名叫阿里的阿拉伯商队护卫，他也将担任前往巴克特里亚的向导。前往{s22}，在当地酒馆会见那位利比亚人的一名伙伴。
qstr_We_will_ensure_a_pro|我们会为玛蒂尔迪兹妥善举行葬礼。
qstr_Mathildiz_will_join_|玛蒂尔迪兹将作为同伴加入我的队伍！
qstr_Travel_to_{s33}_and_|前往{s33}，与冒险者队伍会合。
qstr_Meet_Werdheri_at_{s1|准备好战斗后，在{s10}与韦尔德赫里会合。请注意，敌我人数比将达到一百比一。
qstr_I_ve_been_thinking_a|自从听说你的名声和事迹，我就一直想着你。终于见到你，真是太好了。
qstr_I_ve_been_thinking_ab|自从上次见面，我就一直想着你。
qstr_You_heard_rumors_abo|你听说了极乐之地的传闻，那是爱琴海中的一座神秘岛屿。去罗马、迦太基或那不勒斯的酒馆，与酒馆老板交谈，打听更多有关这个传说的消息。
qstr_To_leave_this_place_|想离开此地，就去找忒瑞西阿斯。
qstr_With_combined_forces|你们联手在贝德里亚库姆之战中击败了{s20}。
qstr_You_allied_with_{s22}.|你与{s22}结盟了。前往{s23}的亚历山大大帝陵墓，与盟友会面。
qstr_{s25}_has_been_decla|禁卫军已宣布{s25}为凯撒·奥古斯都！
qstr_Raise_a_legion_and_a|组建一支军团和辅助军部队，为决战做好准备。你有30天的时间。
qstr_Prepare_for_the_fina|准备决战，组建一支军团和辅助军部队，为决战做好准备。你有30天的时间。
qstr_Travel_to_{s10}_to_b|前往{s10}，由禁卫军宣布你为凯撒·奥古斯都。
qstr_Banishing_him_to_a_f|把他流放到遥远的土地，是个好惩罚。他余生都将受苦！
qstr_It_s_good_to_kill_hi|杀了他最好。这样他以后就不会再惹麻烦了。
qstr__It_is_clear_that_ev|（显然，所有人都在夸大赞美，以奉承凯撒。而且，他显然也心知肚明。这部作品不错，但算不上杰作。）
qstr_You_have_talked_with|你已与保卢斯交谈。现在回去向穆斯库卢斯报告。^^（提示：要找到穆斯库卢斯，请先在罗马街头寻找佩特罗尼乌斯。）
qstr_You_feel_something._|你感觉到了某种变化。你更强壮、更敏捷、更聪明，也更有魅力了。
qstr_You_have_talked_with_|你已与保卢斯交谈。现在回去向穆斯库卢斯报告。^^（提示：要找到穆斯库卢斯，请先在罗马街头寻找佩特罗尼乌斯。）
qstr_Arminius_was_burried|阿尔米尼乌斯与他的剑和一顶金盔一同下葬。只有他的妻子图斯内尔达知道墓穴的确切位置。你可以在{s12}的某处找到她。
qstr_Bring_one_female_and|带一名女奴和一名男奴去见女巫洪娜，以换取丑陋药水。
qstr_The_potion_seems_to_|药水似乎是假的。一定要让图斯内尔达先说出墓穴的位置，再让她喝下！
qstr_You_have_found_the_e|你找到了鹰旗！
qstr_You_must_defeat_a_mi|你必须击败一位来自斯坎迪亚的强大英雄，将他的头颅带给她。
qstr_It_seems_the_witch_l|住在巴杜亨娜圣所附近的女巫似乎拿着鹰旗。
qstr_You_must_collect_som|你必须为她采集一些草药。
qstr_{s5}__Persuasion_str|{s5}（说服强度：{reg5}）
qstr_You_gain_support|你获得了支持。
qstr_And_I_also_want_to_i|我还想提醒你军团的军费问题。军团通常由帝国国库供养，但你组建自己的军团，凯撒可能认为这是冒犯。你可能得自付军费，那可十分昂贵。你甚至可能遭到秘密审判。最好确保元首喜欢你。
qstr_You_founded_your_own|你组建了自己的军团！
qstr_You_founded_your_own_|你组建了自己的辅助军大队！
qstr_You_founded_your_own_a|你组建了自己的辅助骑兵队！
qstr_The_woman_called_For|那位自称福尔图娜的女子邀请你参加空中花园的宴会。
qstr__your_father|你的父亲
qstr_Bring_200000_denars_|带200,000第纳尔、10名女奴和10名男奴去见住在空中花园的奇怪女子。
qstr_A_woman_who_calls_he|一位自称福尔图娜的女子住在巴比伦附近的空中花园。她命你确保巴比伦的农民不再来访她的花园。^^报酬是一份特别的惊喜。
qstr_visited|已拜访
qstr_not_visited|未拜访
qstr_O_my_strong_warrior!|哦，我强壮的勇士！你是来跟我较量的吗？我可是挠痒痒的高手。
qstr_My_little_big_Caesar|我那小小的大凯撒，我今天修好了指甲。现在它们像母狮的爪子一样锋利。有胆量就靠近些，也许我会挠你哦。
qstr_It_s_good_to_see_you|见到你真好，我的{丈夫/妻子}。我们可以一起待一会儿，对吧？
qstr_You_current_loan_alr|你当前的借款已到期。这笔钱将在下次收支报告中到账。
qstr_You_current_loan_wil|你当前的借款将在{reg22}天后到期，并计入收支报告。
qstr_I_will_reinvest_the_|借款到期后，我会将钱重新投入。
qstr_head|正面
qstr_tail|反面
qstr__^___He_looks_at_you|^——他仔细打量着你。——^^嗯，你气色不好，像是病了，应该多去浴场。我还建议你节制饮食。不过，言归正传。
qstr_Meet_Agrippina_and_S|在迦太基的酒馆与阿格里皮娜和西提乌斯·阿费尔会面。
qstr_The_mysterious_woman|那位神秘女子竟是阿格里皮娜！前往迦太基总督府，与那里的商人交谈。
qstr_You_bastard!_Why_hav|你这个混蛋！你为什么把我关起来，{playername}？我一直以为你爱我……^^——她哭了起来。——
qstr_What_is_it_that_you_|你到底想从我这里得到什么？
qstr_It_is_a_senatorial_pr|这是元老院行省，因此总督由罗马元老院任命。
qstr_It_is_an_imperial_pro|这是皇帝行省，因此由你任命总督。
qstr_The_town_is_part_of_|这座城镇属于{s3}行省，由{s0}治理。{s22}
qstr_It_is_an_senatorial_|这是元老院行省，因此总督由罗马元老院任命。
qstr_It_is_a_imperial_pro|这是皇帝行省，因此由你任命总督。
qstr__no_fiefs_|（无封地）
qstr__fiefs:_{s0}_|（封地：{s0}）
qstr_{reg55}_{s22}_have_b|{reg55}名{s22}加入了你的队伍。
qstr_We_are_landless_poor|我们没有土地，贫困潦倒，还遭受迫害。是生活把我们逼到这一步的，{伙计/姑娘}。别乱动，否则捅穿你。
qstr_It_s_your_money_or_y|要钱还是要命，{伙计/姑娘}？别乱动，否则捅穿你。
qstr_Lucky_for_you_you_ca|算你走运，碰上我心情好。把钱全交出来，也许我会饶你一命。
qstr_This_a_robbery_eh?_I|这是打劫，明白吗？我给你一次机会，把身上所有东西都交出来，不然我和伙计们就杀了你。听懂没有？
qstr_On_your_orders_praet|奉你的命令，禁卫军清洗了元老院，杀死所有已知与你为敌的元老，任命了忠于你的新元老。
qstr_Political_murder!|政治谋杀！
qstr_On_your_orders_praeto|奉你的命令，禁卫军恐吓威胁那些不支持你的元老。一些人害怕遭到更严厉的报复，转而支持了你。
qstr_State_terror!|国家恐怖统治！
qstr_On_your_orders_grain|奉你的命令，粮食从阿非利加和埃及购入，经海运送往罗马，分发给穷人。他们纷纷赞颂你的名字。
qstr_Grain_distribution|分发粮食
qstr_seek_a_foederati_con|寻求缔结盟军契约
qstr_try_to_negotiate_a_t|尝试商谈盟约。
qstr_What_the_hell_shall_|我到底该说什么？
qstr_I_must_say_that_I_do|我得说，我觉得自己无法胜任这项工作，也许你应该找别人。^^——提示：智力高于15最为理想。——^^不过我会尽力，估计需要7天。
qstr_Aye_commander._If_sh|遵命，指挥官。若她确实有情人，要查明是谁恐怕很困难。若我被抓，你与她的关系肯定会受损，但我会尽力。预计4天后回来。
qstr_from_service_in_the_|在罗马军队中服役。
qstr_being_his_vassal|作为他的封臣
qstr_Your_spouse_bought_a|你的配偶买了一件新衣服，记在你的账上。你的债务增加了20,000第纳尔。
qstr_Your_spouse_bought_n|你的配偶买了一双新鞋，记在你的账上。你的债务增加了2,000第纳尔。
qstr_our_realm|我国
qstr_Very_well._From_this|很好。从现在起，我将成为{s17}的新统治者。
qstr_{s27}_has_the_title_|{s27}拥有{s28}的头衔。
qstr_nobody_holds_any_tit|无人拥有任何头衔。
qstr_none_Censor_title_gi|尚未授予监察官头衔。
qstr_one_Censor_title_giv|已授予一个监察官头衔。
qstr_It_also_means_that_t|这也意味着公共安全敕令将被撤销。
qstr_Laws_regarding_troop|关于军队质量、集权和重商主义的法律不需要元老院批准。但关于奴隶权利和贵族权利的法律必须获元老院批准。若想修改这两项法律，请确保在元老院获得多数支持。
qstr_{s1}_at_{s2}|{s1}，位于{s2}
qstr_{s11}_and_{s12}|{s11}和{s12}
qstr_We_are_not_at_war_wi|我们目前没有与任何势力交战。
qstr_We_are_at_war_with_{|我们正与{s12}交战。
qstr_Our_realm_currently_|我国目前有{reg2}名士兵驻扎在
qstr_{s6}_{reg2}_{reg1?to|{s6}{reg2}座{reg1?城镇:城镇}{reg3?以及:。}
qstr_{s6}_{reg3}_castles.|{s6}{reg3}座城堡。
qstr_{s6}_In_addition_we_|{s6}此外，我们还有{reg2}名野战士兵，分属{reg3}支军队。
qstr_We_currently_have_{r|我们目前有{reg2}名士兵
qstr_{s6}_garrisoned_in_{|{s6}，驻扎在{reg2?{reg2}座城镇:}{reg2?{reg3?:以及}:}{reg3?{reg3}座城堡:}。
qstr_{s6}_In_addition_you|{s6}此外，你的运输队有{reg2}名士兵，巡逻队有{reg3}名士兵。
qstr_{reg0?She:He}_fields|{reg0?她:他}拥有{reg2}名野战士兵。
qstr_We_currently_have_{re|我们目前有{reg2}名士兵驻扎在{s60}。
qstr__with_no_preference.|，不偏好任何路线。
qstr__prefering_first_upg|，优先选择第一条升级路线。
qstr__prefering_second_up|，优先选择第二条升级路线。
qstr__and_the_additional_|以及{s13}的额外教官，可让{reg13}级的部队得到晋升。
qstr_As_you_are_the_ruler|你身为统治者，可以管理领土内的所有巡逻队。
qstr_Will_be_disbanded.|将被解散。
qstr__We_have_to_wait_{re|我们必须等待{reg0}天。
qstr__We_have_to_wait_ano|我们还得再等一天。
qstr_Mounted_troops.|骑乘部队。
qstr_Low_quality_patrol.|低质量巡逻队。
qstr_Low_Quality_foot_sol|低质量步兵。
qstr_Medium_quality_patro|中等质量巡逻队。
qstr_Medium_Quality_foot_|中等质量步兵。
qstr_An_patrol_of_elite_t|精锐部队组成的巡逻队。
qstr_the_countryside|乡间
qstr_The_party_has_{reg1}|这支队伍有{reg1}名士兵，其中{reg3}人健康完好，另有{reg2}名俘虏。目前正在{s3}附近巡逻。
qstr_The_patrol_was_defea|巡逻队在战斗中被击败了。
qstr_The_administration_c|每座堡垒的行政开支为{reg0}第纳尔，敕令开支为{reg1}第纳尔。
qstr_{s1}^The_administrat|{s1}^每座城镇的行政开支为{reg0}第纳尔，敕令开支为{reg1}第纳尔。
qstr_{reg0}_denars|{reg0}第纳尔
qstr_no|无
qstr_are_receiving_{reg0}|每月从帝国预算领取{reg0}第纳尔，归入私人财产。
qstr_are_paying_{reg0}_de|每月从私人财产向帝国预算缴纳{reg0}第纳尔。
qstr_neither_taking_nor_p|私人资金既不从帝国预算支取，也不向其中缴纳。
qstr_Travel_to_{s22}_and_f|前往{s22}，在古迦太基的布匿遗址中寻找{s23}。[提示：抵达迦太基后，在城镇菜单中选择“采取行动”。子菜单中有在布匿迦太基遗址漫步的选项。]
qstr_Talk_to_the_Parthian|与亚历山大里亚酒馆中的帕提亚密探交谈。
qstr_Public_toilets_are_b|罗马各处正在修建公共厕所。等待结果吧。
qstr_{s22}_is_a_Christian|{s22}是基督徒。你承诺停止迫害基督徒（撤销公共安全敕令，并颁布承认基督教为宗教的基督徒敕令）。
qstr_You_have_shown_great|你在战场上展现了强大的实力。但我为什么要让你加入我们？
qstr_All_of_life_is_about|人生处处都得权衡利弊。我们为什么要接纳你为同道？
qstr_I_know_people_do_fea|我知道，人们畏惧你的严酷。但我们也该害怕吗？
qstr_Indeed_I_have_heard_|的确，我听说了你的忠诚与勇武。但这足以让你加入我们吗？
qstr_I_m_glad_you_want_to|我很高兴你想支持我们。但对你来说，依附我们家族是否明智？
qstr_Beside_your_wealth_h|除了财富，你还能如何为我和我的家族效劳？
qstr_My_friend_I_see_your|朋友，我明白你的道理。但你真的愿意冒险建立正式合作，可能伤害我们的友谊吗？
qstr_Agreed!_Your_words_c|同意！你的话和你的{s10}一样令我信服。
qstr_I_trust_you_my_famil|我信任你，我的家族用得上你的才干。我们将一起把影响力扩展到整个帝国。
qstr_May_the_gods_have_me|愿诸神怜悯敌人的灵魂，因为我们绝不会！
qstr_So_be_it._We_are_hon|就这么定了。我们很荣幸地接纳你加入家族。
qstr__I_will_appreciate_y|我会像珍视{儿子/女儿}一样珍视你。
qstr_I_accept_your_reques|我接受你的请求。只要你支持我的家族，我们就会支持你。
qstr_Since_you_are_worthy|你值得我们敬重，欢迎加入家族。
qstr_The_friends_of_{s55}|{s55}的朋友赞同这项决定。
qstr_The_enemies_of_{s55}|{s55}的敌人反对这项决定。
qstr_What_the_fuck!_You_s|搞什么鬼！你没有送来有效的礼物。
qstr_Your_leader_is_not_e|你们的首领连{reg0?女王:国王}都不是，还想让我加入？
qstr_{s40}_I_would_never_|{s40}我绝不会追随一个连城镇或堡垒都没有的人。
qstr_{s40}_I_know_too_lit|{s40}我对你们的首领了解太少。
qstr_{s40}_I_found_your_m|{s40}你派来的使者没能说服我。
qstr_{s40}_Next_time_I_wo|{s40}下次我希望来的人别像个傻子。
qstr_{s40}_Next_time_I_wou|{s40}下次我希望与更懂宫廷礼仪的人交谈。
qstr_{s40}_I__d_rather_st|{s40}我宁愿继续追随现在的君主。
qstr_The_food_stores_of_t|{reg6?城镇:堡垒}{s21}的粮食储备还可维持{reg3}天。
qstr_The_food_stores_of_th|{reg6?城镇:堡垒}{s21}的粮食已耗尽，驻军和居民正在挨饿。
qstr_One_of_the_reasons_w|我认为，他们拒绝你提议的原因之一，是你的荣誉太低。他担心与你达成的任何协议，迟早都会被违背。
qstr_I_also_found_out_tha|我还发现，他想得到{s43}，并认为迟早能拿下这个聚落。
qstr_Warriors_from_{s4}_j|来自{s4}的战士加入了你的军队。
qstr_try_to_negotiate_a_tr|尝试商谈盟约
qstr_You_discovered_a_lov|你发现了配偶的私情。现在你可以与{s31}或她的情人{s32}对质。
qstr_It_seems_you_are_the|看来，你自己就是妻子的情人！
qstr_Forgive_me_{s21}._Th|请原谅，{s21}。这些战士没我期望的那么能干，但经历了最近的动乱，只能找到这些人了。稍加训练，也许还能派上用场……
qstr_Here_they_are_{s21}.|人都在这里了，{s21}。二十五名经验丰富的战士，冲着你的银钱而来。
qstr_Forgive_my_failure_{|请原谅我的失败，{s21}。我只找到了几个愿意跟随我们的农家姑娘。这是剩下的钱……
qstr_We_are_back!!!_You_d|我们回来啦！！！最好开一坛上好的酒，{s21}，不然这些漂亮的女巫可要给你施咒了！瞧瞧她们的风姿。我觉得自己已经着迷了。哈哈。
qstr_Forgive_my_failure_{s|请原谅我的失败，{s21}。当地敌军太多，我们既无法避开他们，也无法护送运粮车队突围。
qstr_Forgive_me_{s21}_but|请原谅，{s21}，友好聚落的食物也非常短缺。我们只找到了一些基本口粮，还花了一大笔钱。
qstr_Ave_{s21}!_We_feast_|向你致敬，{s21}！今晚开宴！我带回了一整群猪，可以烤着吃，还有酒佐餐。士兵们该好好享用一顿！
qstr_I_also_have_some_bad|还有些坏消息。{s20}的总督{s23}不知怎么查出，那些事件是我策划的。
qstr_I_bribed_some_thugs_|我收买了一些暴徒和强盗，让他们袭击旅人。我还收买了一些无业之人，让他们袭击驻军和商人。
qstr_I_bribed_some_thugs_a|我收买了一些暴徒和强盗，让他们袭击旅人。我还收买了一些无业之人，让他们袭击驻军和商人，煽起了几场骚乱。此外，我还收买了一些人去纵火。
qstr_I_bribed_some_thugs_an|我收买了一些暴徒和强盗，让他们袭击村庄并纵火。
qstr_I_have_been_robbed_b|我被强盗抢了！他们设下埋伏，抢走了一半的钱……
qstr_I_have_the_requested|我带来了所需的钱，还有财务官的问候。
qstr_It_was_a_total_disas|彻底失败了。{s31}正与卫兵穿过庭院，暴徒们便发动了袭击。{s31}的卫兵轻而易举地杀死了暴徒。
qstr_It_was_a_total_succe|大获成功。{s31}穿过庭院时没带卫兵，暴徒们上前狠狠揍了他一顿，抢走了他所有东西，连衣服都没留下。
qstr_Ach._{s31}_was_walki|唉。{s31}穿过庭院时带着卫兵。暴徒们与他们交战，虽然打伤了他，随后却逃跑了。
qstr_Well._{s31}_was_plea|嗯，{s31}很高兴收到你的口信，还用几桶酒款待了我！依我看，任务很成功。
qstr_As_I_found_{s31}_I_w|我找到了{s31}，却不获准与他见面。因此没能完成任务，抱歉。
qstr_war_damage_inflicted|b造成的战争损失：{reg33}（{s2}）；a造成的战争损失：{reg34}（{s1}）
qstr_faction_a:_{s1}_thre|势力a：{s1}，阈值：{reg33}，a的城堡数：{reg34}，盟友数：{reg35}，战争数：{reg36}，胜者：{s3}，胜者分数：{reg37}
qstr_Find_and_speak_with_|找到{s4}的{s3}并与其交谈，向{reg4?她:他}宣誓效忠。
qstr__We_will_of_course_n|当然，我们必须等到国家不再出征。
qstr_Consumption:_{reg7}_|消耗：{reg7}，储备：{reg8}，天数：{reg3}
qstr_surrender_ratio_10_=|投降比例10 = {reg10}
qstr_required_strength_=_|所需兵力 = {reg10}，盟军兵力 = {reg0}
qstr_conditions_=_{reg10}|条件 = {reg10}
qstr_You_defeated_the_Jewi|你镇压了犹太叛乱，以赢得{s22}的信任。
qstr_You_defeated_the_Gal|你击败了高卢叛军首领维克斯尼克斯，以赢得{s22}的信任。
qstr_You_brought_{s22}_th|你从住在{s23}的杂货商西努埃·米格杜埃乌那里买来最奢华的香水，交给了{s22}。
qstr_{s22}_accepted_your_|{s22}接受了你的提议，但你必须先找到并杀死一个名叫维克斯尼克斯的高卢强盗，他在西班牙一带游荡。（提示：在西班牙各城镇的酒馆打听。）
qstr_{s22}_accepted_your_p|{s22}接受了你的提议。你必须给他带来世上最奢华的香水。也许能在埃及找到。（提示：询问埃及的酒馆老板。）
qstr_{s22}_refused_your_p|{s22}拒绝了你的提议。
qstr_But_we_are_also_curr|不过，我们目前也正与亚美尼亚交战。
qstr_But_we_were_recently|不过，我们最近受到了亚美尼亚的挑衅。
qstr_And_we_have_a_truce_|而且，我们与亚美尼亚人订有停战协定。
qstr_And_we_have_no_outst|而且，我们与亚美尼亚人没有未解决的争端。
qstr_As_you_may_know_we_a|你也许知道，我们目前正与罗马交战。
qstr_As_you_may_know_we_w|你也许知道，我们最近受到了罗马的挑衅。
qstr_As_you_may_know_we_c|你也许知道，我们目前与罗马订有停战协定。我不想背上破坏停战的名声，所以不会向他们宣战。如果这就是你想达到的目的。
qstr_As_you_may_know_we_cu|你也许知道，我们目前与罗马没有什么特殊关系。
qstr_Since_I_must_also_co|既然我还必须考虑与亚美尼亚的局势，最好由我们犹太和帕提亚结成同盟。让我们携手对抗敌人！
qstr_It_sounds_reasonable|与你结盟听起来很合理。犹太会是削弱罗马的好盟友。我们立即签订条约。
qstr_Additionally_I_want_|此外，我还要赠你二十名最精锐的战士，以示善意。
qstr_Is_he_part_of_the_co|他也是阴谋的一员吗？
qstr_I_never_would_have_i|我从没想过，她竟会做出这种事。
qstr_To_be_frank_I_had_a_|坦白说，我确实有过这样的怀疑；她不太可靠。
qstr_Bastard!_If_you_tell|混蛋！你要是敢告诉别人，我就打断你全身的骨头。
qstr_You_swine._Which_who|你这头猪。你把这事告诉了哪个婊子？你最好别告诉别人，否则我会让你后悔来到这个世上！
qstr_I_hope_that_you_know|希望你知道与我为敌的下场。我相信，你不会想成为我的敌人。
qstr_Damned_bastard!_If_y|该死的混蛋！你要是告诉别人，脖子上就会多一把刀。
qstr_Bah!_You_are_nothing|呸！你不过是一条毒蛇，我该像杀蛇一样杀了你。
qstr_Well_{playername}._I|好吧，{playername}。我全都承认。但希望你发发善心，忘掉这些流言。
qstr_Damned_bastard!_You_|该死的混蛋！你就是条毒蛇，一只没用的老鼠！我该把你扔进地牢。
qstr_You_have_left_the_se|你已不再为{s21}效力。
qstr_I_must_say_that_ther|我得说，确实有些关于他不诚实的传言，但我相信那不过是敌人的闲话。你想说什么？
qstr_Although_there_are_s|虽然有些关于他不忠不诚的传言，但我想那只是敌人的闲话。你想说什么？
qstr_He_has_done_one_or_t|他确实犯过一些错，但人人都该有第二次机会。你想说什么？
qstr__{s1}_has_been_accep|{s1}已获准成为{s2}的封臣。
qstr_Tribune|军团保民官
qstr_Praefect|行政长官
qstr_Legate|军团长
qstr_A_semlly_beggar._Gua|一个臭烘烘的乞丐。卫兵，把这东西从我眼前赶走！
qstr_What_stinks_here_so?|这里什么东西这么臭？
qstr_Guards!_Why_is_THIS_|卫兵！这东西怎么站到我面前来了？
qstr_Do_not_bother_me_you|别烦我，你这臭烘烘的农民。我还有更重要的事要做！
qstr_You_should_better_go|你最好走吧。我和你没什么可说的。
qstr_Visit_Gaius_Petroniu|前往盖乌斯·佩特罗尼乌斯在那不勒斯的别墅，迫使他自尽。
qstr_Pilos_was_discovered|皮洛斯被发现了！
qstr_{s13}_asked_you_to_g|{s13}请你收集{reg3}头牛，并送回给{reg65?她:他}。
qstr_{s9}_wants_you_to_fol|{s9}要你跟随他的军队，直到另行通知。
qstr_{s9}_asked_you_to_sc|{s9}请你侦察{s13}、{s14}和{s15}，随后回去报告。
qstr_pupil|学生
qstr_Make_the_most_of_lif|趁此生尚在，尽享人生，^生命短暂，转瞬凋零！
qstr_May_we_live_renowned|愿我们生时有名，死后有人惋惜。
qstr_May_we_be_happy_and_|愿我们幸福，也让敌人知晓。
qstr_As_long_as_we_are_ab|只要我们还能^从桌上举起酒杯。
qstr_May_we_live_long_may|愿我们长寿，愿我们富有，愿我们名扬天下！
qstr_May_our_enemies_live|愿敌人短命！^愿我们长寿！
qstr_May_we_live_renowned_|愿我们享有盛名、财富与权势！
qstr_Health_honor_and_hap|为健康、荣誉与幸福干杯。愿我们的人民健康，愿追求荣誉者得偿所愿，愿我们的家中充满幸福。
qstr_May_our_faults_be_wr|愿我们的过错写在海滩上，每一桩善行都化为海浪，将其冲刷干净。
qstr_You_have_an_unbearab|你头痛难忍，必须退出宴会。
qstr_Anything_else?^^___H|还有别的事吗？^^——他偶尔从旁边盘子里拿起枣子或糕点吃。——
qstr_Is_there_anything_el|还有别的事吗？
qstr_Anything_else_my_fri|朋友，还有别的事吗？
qstr_Is_there_anything_els|还有别的事吗，{playername}？
qstr_Anything_else?|还有什么事？
qstr_{s11}_has_offered_yo|{s11}愿给你{reg23}第纳尔，以换取政治支持。前往{s22}，从放债人那里领取这笔钱。
qstr_Your_little_intrigue_|你的小阴谋引起了大量流言。
qstr_You_have_offered_{s1|你向{s11}提供政治支持，以换取元老院中的支持。前往{s22}，会见{s11}的元老朋友们。
qstr_You_have_offered_{s11|你向{s11}提供{reg23}第纳尔，以换取政治支持（影响力）。前往{s22}，会见{s11}的朋友们。
qstr_You_are_challenging_|你要向我挑战决斗？真可笑！如你所愿，{playername}，砸烂你的脑袋一定很有趣。
qstr_{s16}_and_{s17}|{s16}和{s17}
qstr_Very_well_I_will_acc|很好，只要你准备再次郑重宣誓，我就接受你重归麾下。
qstr_A_pardon_will_only_b|只有你愿意将{s17}割让给我，我才可能赦免你。你接受条件吗？
qstr_No._There_is_no_chan|不。我们之间绝无和平的可能，我没兴趣。
qstr_slave_laws|奴隶法
qstr_rights_of_the_nobili|贵族权利
qstr_a_law_change_in_favo|有利于贵族的法律变更。
qstr_a_law_change_in_favor|有利于平民、削减贵族权利的法律变更。
qstr_a_law_to_give_master|给予主人更多惩罚奴隶手段的法律
qstr_a_law_to_limit_the_p|限制奴隶所受惩罚的法律。
qstr_There_are_several_th|殿下，我有几件事想商谈。
qstr_There_are_several_thi|神圣的陛下，我有几件事想商谈。
qstr_{s11}_asked_you_to_c|{s11}请你镇压{s14}附近的奴隶叛乱。招募80人，随后前往那不勒斯寻找奴隶。
qstr_{s1}_exchanged_{s2}_|{s1}将{s2}交给{s3}，换取了{s4}。
qstr_Our_marshal_{s1}|我们的元帅{s1}
qstr_Our_liege_{s1}|我们的君主{s1}
qstr_go_on_the_offensive_|现在发起进攻。
qstr_act_to_defend_our_la|采取行动保卫领土。
qstr_take_more_time_to_ga|再花些时间集结军队。
qstr_I_have_{reg29}_denar|我身上有{reg29}第纳尔，愿意用作赎金。钱归你，让我和手下自由离开。
qstr_I_don_t_have_any_mon|我身上没钱付赎金。求你让我们回家，别伤害我们。屠杀我们有违荣誉！
qstr_I_don_t_have_any_mone|我身上没钱付赎金。所以我提议，让我的手下做你的俘虏，放我离开。
qstr_Be_aware_you_have_a_|请注意，你的俘虏上限为：{reg0}。
qstr_And_{reg1}_prisoners|另有{reg1}名俘虏。
qstr_You_receive_the_gold|你收下了钱，随后敌人和他的手下离开了。
qstr_I_bring_you_the_gold|我给你拿钱来。
qstr_The_enemy_commander_|敌方指挥官离开了，他的部队成为了你的俘虏。
qstr_You_will_gain_my_men|我的手下将成为你的俘虏。他们都是好战士，善待他们。
qstr_You_let_your_enemy_g|你放走了敌人。
qstr_I_won_t_forget_this_|我不会忘记这份高义。
qstr__Now_you_have_the_ra|如今你获得了军团保民官的军阶。我给予你庇护，授予你携带武器、征募部队的权利，并保证你受到罗马帝国法律的保护。{reg1?此外，我任命你为{s1}的总督。守卫此地，维护公共秩序。:}
qstr_Let_it_be_known_that|昭告众人，自今日起，你便是向我宣誓效忠的{臣下/追随者}，也是我国的一名指挥官。我给予你庇护，授予你以我之名携带武器的权利，并承诺：除非经你同侪的合法裁决，或依据本国的法律与习俗，我绝不剥夺你的生命、自由或财产。{reg1?此外，我将{s1}赐给你作为封地，连同其全部租税和收益。:}
qstr_What_do_you_say_to_e|你可愿作为佣兵队长，为{s9}效力？我毫不怀疑你能胜任。
qstr_Make_yourself_ready_|做好战斗准备，前往苏埃博斯河附近的卢吉人营地，与他们的国王会面。
qstr_A_new_mysterious_god|一位神秘的新神正在东方获得信众。凯撒命你调查此事。
qstr_First_task:_Talk_to_|首要任务：与罗马东部城市（底比斯、亚历山大里亚、安条克、希耶罗索吕马、帕尔米拉、安居拉、塔尔苏斯）的酒馆老板交谈，打听这位新的帕提亚雷神。
qstr_Find_the_eagle_of_th|找到第十七军团的鹰旗。它应该在大日耳曼尼亚的某处。你应从弗里斯人领地上的巴杜亨娜圣所附近开始寻找，因为条顿堡之战就发生在那里。
qstr_{s9}_asked_you_to_ta|{s9}请你带一封信给{s13}。你接受任务时，据说{s13}在{s4}。
qstr_{s9}_asked_you_to_tak|{s9}请你带一封信给{s15}的{s13}。你接受任务时，据说{s13}在{s4}。
qstr_{s11}_asked_you_to_r|{s11}请你劫掠{s34}附近的{s14}，并带回{reg33}第纳尔给他。
qstr_{s11}_asked_you_to_s|{s11}请你监视他的配偶{s14}，查明她是否有私情。她目前在{s32}。你可以花500第纳尔贿赂卫兵，或询问自己的情人（如果你有的话）。女人通常知道最新的闲话。你也可以直接对他撒谎。
qstr_{s11}_asked_you_to_d|{s11}请你将一份价值{reg34}的礼物送给{s32}的一位元老。^^（提示：前往罗马，游览名胜。）
qstr_{s11}_asked_you_to_e|{s11}请你护送{reg65?她:他}的{s17}{s13}前往{s14}。
qstr_{s13}_asked_you_to_d|{s13}请你处理占据{s15}村庄的{s12}，随后向{reg65?她:他}报告。
qstr_{s9}_asked_you_to_ge|{s9}请你俘虏{reg1}名{s14}，并带给{reg65?她:他}。
qstr_{s9}_asked_you_to_co|{s9}请你向{s3}征税。{reg65?她:他}答应将所征税款的五分之一留给你。
qstr_{s9}_asked_you_to_hu|{s9}请你追捕一个名叫{s4}的逃犯。据说他目前在{s3}。
qstr_{s9}_asked_you_to_as|{s9}请你刺杀{s3}的一位当地商人。
qstr_{s9}_has_asked_you_t|{s9}请你与{s13}的一名密探会面。
qstr_Error_with_Spy_item.|间谍物品出错。我想你可以忽略它。
qstr_{s11}_asked_you_to_f|{s11}请你跟踪即将离开{s12}的间谍。途中小心别让间谍看见你，否则{reg3?她:他}可能起疑并折返。等间谍与{reg3?她:他}的同谋接头后，将两人一并抓获，带回给{s11}。
qstr_{s11}_asked_you_to_ca|{s11}请你俘虏{s13}的一位领主，任何一位都行，然后将其带回给{s11}看管。
qstr_{s9}_asked_you_to_le|{s9}请你将同伴{s3}借给{reg65?她:他}一周。
qstr_{s9}_asked_you_to_col|{s9}请你收回{s3}欠{reg65?她:他}的{reg4}第纳尔债务。你接受任务时，{s3}在{s4}。
qstr_{s11}_gave_you_a_fak|{s11}给了你一封伪造的信，想骗{s13}放逐{reg3?她:他}的封臣{s16}。你应前往{s14}附近，将信交给一名{s15}，让{reg4?她:他}以信使身份进城，并让其相信{reg4?她:他}收到的命令是真的。
qstr_{s9}_has_requested_y|{s9}请你带{reg1}名{s3}俘虏给{reg65?她:他}。
qstr_Ave_atque_Vale!|致敬，永别！
qstr_Farewell!|再会！
qstr_Lend_your_experience|将经验丰富的外科医师{s3}借给{s1}。
qstr_Cleared_lover_slot|已清空情人槽位
qstr_^^___While_talking_y|^^——交谈时，你注意到她一直避开你的目光。——
qstr_And_of_course_as_you|当然，身为你的首席大臣，我还要处理国家的各种事务。
qstr_Men_usually_don_t_pa|男人通常不会这么关心妻子，除非他们想要孩子。^——她笑了。——^不过，若你真想知道我在做什么：^我在料理家务，这是我们女人必须为丈夫承担的乏味差事。{s41}
qstr_My_husband_as_a_good|夫君，作为一个好妻子，我把时间花在料理家务上。我缝制衣物，制作小饰品，诸如此类。{s41}我不像别的妻子，把时间浪费在无用的事上，或挥霍丈夫的钱。我总是尽量节俭、顺从。
qstr_Do_really_want_to_kn|你真想了解妻子无聊的生活吗？比起坐在这里，我更想让你带我一起去冒险。^嗯，大部分时间我都在料理家务。{s41}^终于有空时，我就读一些关于冒险者的书，比如奥德修斯的故事。我得说，我很羡慕你，亲爱的。你可以骑马出门，随心所欲，而我只能留在这里。
qstr_Oh_it_is_nice_from_y|哦，你愿意关心我的生活，真好。作为一个好妻子，我大部分时间都在料理家务，也就是监督安排饭食、缝制衣物、惩罚奴隶等等。{s41}终于有空时，我就写诗、读诗，尤其喜欢情诗。
qstr_Oh_it_is_nice_from_yo|哦，你愿意关心我的生活，真好。作为一个好妻子，我大部分时间都在料理家务，也就是监督安排饭食、缝制衣物、惩罚奴隶等等。{s41}终于有空时，我就读诗、看书或画画。没什么特别的。
qstr_Your_oldest_son_is_n|你的长子现已成为王位继承人。
qstr__{s40}_is_no_longer_|{s40}不再是罗马帝国的继承人。
qstr_Oh_Dear!_We_have_bee|哦，亲爱的！我们得了个男孩！
qstr_Oh_Dear!_We_have_rec|哦，亲爱的！我们得了个女孩！
qstr_Oh_Dear!_Twins_are_b|哦，亲爱的！我们得了双胞胎。
qstr_Oh_dear_{playername}|哦，亲爱的{playername}，我好累。（她向你微笑。）耐心些，孩子得怀上九个月呢。
qstr_I_m_thinking_of_a_na|我在想孩子的名字。若是男孩，就叫{playername}；若是女孩，就取和我一样的名字。
qstr_I_m_fine._I_will_not|我很好，不会理会仆人们的闲言碎语。这孩子不是我的贴身护卫的儿子。
qstr_Oh_your_the_best_hus|哦，你是我能想象到的最好的丈夫。
qstr_It_is_always_so_nice|和你在一起总是这么愉快。
qstr_I_like_spending_time|我喜欢和你在一起，可你总是不在。
qstr_At_least_you_have_ti|你终于有空陪我了，平时我对你来说就像不存在一样。
qstr_In_nine_months_you_w|九个月后，你将有一个孩子。
qstr_Time_flies_away_from|远离战争、恐惧和旅途艰辛，时光飞逝……九个月后，你将有一个孩子。
qstr_Is_there_anything_else|还有别的事吗，{s0}？
qstr_Anything_else_honey?|还有别的事吗，亲爱的？
qstr_Is_there_anything_else_|还有别的事吗，我的爱人？
qstr_Anything_else_{s0}?|还有什么事，{s0}？
qstr_Oh_honey_you_are_alw|哦，亲爱的，你总是这么风趣。我今天都在开玩笑。嗯，还有别的事吗？
qstr_Anything_else_...|还有别的事……
qstr_I_remember_I_still_h|我想起来了，那件短袍还没缝完……
qstr_If_you_have_nothing_|若你没有别的事，我就先走了，我还有事要做……
qstr_Have_you_anything_mo|你还有更重要的事要说吗？
qstr_Sporus_did_not_know_|斯波鲁斯不知道他的确切去向，但确信他是穿着女装逃走的。
qstr_Sporus_said_you_shou|斯波鲁斯说，你应该去问克里斯皮尼拉。
qstr_Then_take_it_with_my|那就收下吧，也收下我永远的感谢。你是一位高尚的{男子/女子}。我永远不会忘记，你曾在我危难时伸出援手。
qstr_Forgive_me_{playerna|请原谅，{playername}，但我坚持要你收下。钱对我意义不大，而我欠你太多。来，拿着，我们不必再谈这件事了。
qstr_{playername}_what_a_|{playername}，你真是个可亲的{男人/女人}，但我不会允许你拒绝。你对我的恩情难以言表，我也相信，这笔钱在你手里能比在我手里派上更大的用场。
qstr_Did_you_come_to_fina|你终于奉她的命令来杀我了，还是来嘲笑我的？我曾经穿着最华美的衣裳，如今却只能穿这些破布……
qstr_Hallo_father._It_is_|你好，父亲。和你说话总是很愉快。
qstr_You_are_so_cruel!_Yo|你太残忍了！你诱惑一个正派的妻子，让她爱上你，然后又像丢玩具一样抛弃她……走吧！我不想再见到你……^^——你看见她眼中的泪水。——
qstr_Oh_I_have_missunders|哦，是我误会了你的举动，我以为你对我这么好，是因为你……哦，{playername}，求你别离开我！也许你只是需要一些时间，想清楚自己的感情……^——她开始轻声哭泣。——^^你现在还是走吧。
qstr_Hello_{playername}._|你好，{playername}。谢谢你邀请我。来，吃些葡萄。食物很美味，海景也十分壮观。
qstr_Ah_{playername}_I_mu|啊，{playername}，我得谢谢你的邀请。海景十分壮观。
qstr_Ah_{playername}____S|啊，{playername}。——她微笑着。——来，吃点东西。你有什么事？
qstr_What_do_you_want_{pl|你想要什么，{playername}？
qstr_Interesting._Hopeful|有意思。希望是远方来的东西，我喜欢那样的玩意儿。
qstr_I_like_people_who_ma|我喜欢给我送礼的人。嗯，让我看看你带了什么。
qstr_Actually_I_do_not_th|其实，我觉得你给我送这么多礼物不太好。不过，我还是很好奇你带了什么。
qstr_A_present?_Sounds_go|礼物？听起来不错。我特别喜欢贵重的东西。
qstr_How_nice_of_you._I_t|你真好。我觉得男人用礼物表达对女人的爱意很重要。来，让我看看是什么。
qstr_I_like_presents_espe|我喜欢礼物，尤其是贵重的礼物。嗯，让我看看你带了什么。
qstr_I_have_seen_so_much_|最近见了太多{s21}，我都不想再看到了，不过……这份礼物我还是收下吧。
qstr_Oh..._Amber_how..._n|哦……琥珀，真是……不错。它如今太常见了，我想连平民都看腻了。不过，这份礼物我还是收下吧。
qstr_Thank_you._It_is_alw|谢谢。能感受到别人的重视，总是令人愉快。不过，我原本希望能更“特别”一些。
qstr_Oh_thank_you._I_am_s|哦，谢谢。弄到它一定很危险，至少也十分昂贵。^^（她拥抱了你。）
qstr_Now_you_know_her_sec|现在你知道她的秘密了。去与{s39}交谈。
qstr_brother|兄弟
qstr_son|儿子
qstr_You_heard_about_a_wi|你听说罗马住着一位名叫卢基娅·萨比娜的寡妇。若说服她嫁给你，你就能继承她的全部财富。但你得抓紧，她可能时日无多。其他贵族也盯上了她，尤其是阿莫鲁斯·瓦伦提努斯。
qstr_You_discovered_a_love|你发现了配偶的私情。现在你可以与{s30}或她的情人{s31}对质。
qstr_You_may_talk_with_{s|你可以与{s30}谈论这段私情，或将其告诉{s32}。
qstr_You_may_talk_with_{s3|你可以与{s31}谈论这段私情，或将其告诉{s32}。
qstr_I_have_heard_that_{s|我听说{s39}手头拮据，似乎把钱全挥霍光了。
qstr__You_start_talking_w|（你开始与她交谈。谈话间，你发现她很不自在。你说什么都令她不快，交谈十分困难。）
qstr__You_start_talking_wi|（你开始与她交谈。谈话间，你发现她还算自在。你讲的一些笑话让她发笑，但她偶尔也会打哈欠。）
qstr__You_start_talking_wit|（你开始与她交谈。谈话间，你发现她很自在。她听你的笑话发笑，也认真听你说话。）
qstr__You_start_talking_with|（你开始与她交谈。谈话间，你发现她十分自在。只有你自己知道做了什么，让她开始轻轻抚摸你，随后吻了你。）
qstr_Anything_else_sweety|还有别的事吗，甜心？（说出这话时，她的脸红了。）
qstr_I_know_you_re_at_war|我知道你正与他的王国交战，所以替我传信可能有些困难，也许你的勇气会在这时离你而去。
qstr_{s11}_asked_you_to_de|{s11}请你带一封信给{s3}。
qstr_Oh_{playername}_my_h|哦，{playername}，我丈夫忙于国事，无暇顾及这些。你能好心为我带来{reg25}{reg1?份:份}{s17}吗？
qstr_Oh_{playername}_coul|哦，{playername}，你能帮我个小忙吗？前些天，我看见一位商人在城门外卖些新奇玩意儿。可惜，我不能随意花钱。你能好心为我带来{reg25}{reg1?份:份}{s17}吗？
qstr_{s11}_asked_you_to_b|{s11}请你为她带来{reg25}{reg1?份:份}{s17}。
qstr_Oh_{playername}_my_hu|哦，{playername}，我的丈夫{s15}忙于国事，我想为他准备一场惊喜宴会。你能好心为我带来{reg25}{reg1?瓶:瓶}{s17}和2块奶酪吗？
qstr_Oh_{playername}_could|哦，{playername}，你能帮我个小忙吗？几位女友来访，我想设一场小宴招待她们。可惜，我不能随意花钱。你能好心为我带来{reg25}{reg1?瓶:瓶}{s17}和2块奶酪吗？
qstr_{s11}_asked_you_to_br|{s11}请你为她带来{reg25}{reg1?瓶:瓶}{s17}和2块奶酪。
qstr_{s11}_asked_you_to_di|{s11}请你悄悄除掉她那位“阴魂不散”的旧情人，据说他在{s33}。
qstr_There_are_some_thing|确实有些事，但我不觉得你能办妥。
qstr_I_don_t_have_anythin|我现在没有别的事需要你做，不过谢谢你来问。
qstr_You_are_always_so_ki|你总是这么好心来问，可惜我没有什么事要交给你。
qstr_You_are_always_so_kin|你总是这么好心来问，可惜我没有什么事要交给你，我的勇士。
qstr_{s11}_asked_you_to_re|{s11}请你通过交换衣服、代替{reg4?她:他}入狱的办法，从{s14}救出{reg65?她:他}的{s17}{s13}。
qstr_{s11}_asked_you_to_res|{s11}请你从{s14}救出{reg65?她:他}的{s17}{s13}。
qstr_{s11}_asked_you_to_del|{s11}请你带一封信给被关押在{s14}的{s13}。
qstr_You_agreed_to_challe|你答应挑战{s13}，维护{s11}的荣誉。
qstr__dislikes_{s20}_he_d|不喜欢{s20}，完全不信任他。
qstr__feels_quit_comforta|与{s20}相处还算自在，但不会太信任他。
qstr__sees_a_good_friend_|视{s20}为好友，信任他，也听从他的建议。
qstr_Oh_great!_I_would_lo|哦，太好了！我很乐意参与你的谋划，这样我们就能多相处一些时间，亲爱的。
qstr_It_is_good_that_you_|你请我帮忙推动你的政治前途，这很好。我们值得拥有更多，亲爱的。
qstr_Sounds_like_a_nice_a|听起来是场不错的冒险，亲爱的。我会尽力。
qstr_I_find_such_scheming|说实话，我觉得这种谋划有违道德。不过，若你坚持，我会尽力帮你，亲爱的。
qstr_It_would_be_a_pleasu|能帮到你，我很高兴，亲爱的。
qstr__Marshal_|（元帅）
qstr_Welcome_to_my_halls_|欢迎来到我的厅堂，这里欢迎外乡人——尤其是带着银钱的人。
qstr_My_tavern_is_the_big|我的酒馆是城里最大的。欢迎光临。
qstr_Make_yourselves_comf|请随意，我会为你们提供酒水、食物和住宿。
qstr_Welcome_your_highnes|殿下，欢迎光临寒舍。我能为你做些什么？
qstr_Wixnix_is_hidding_hi|维克斯尼克斯藏在{s22}附近一座古老的废弃矿井里。
qstr_Defeat_the_great_fle|在亚速海击败巴尔巴鲁斯·鲁弗斯的大舰队，解救工匠大师法尔比乌斯。
qstr_Find_now_the_Parthia|现在去找那名帕提亚间谍，他曾在罗马东部城市（底比斯、亚历山大里亚、安条克、希耶罗索吕马、帕尔米拉、安居拉、塔尔苏斯）的酒馆四处打听。
qstr_You_heard_rumors_abou|你听说了爱琴海中一座岛屿的传闻。要抵达那里，须航行至基特诺斯岛附近，等待合适的风暴。^^（提示：靠近基特诺斯岛后，按下营地菜单按钮。）
qstr_The_townlord_has_iss|城主下令实行宵禁。如今夜里没有客人，我的生意也少了。希望他撤销这道没用的法令，它根本没有减少犯罪。
qstr_I_am_sure_you_do_not|你一定不知道，我们达契亚人自称“与狼同族的人”，也可以简称“狼”。
qstr_Recently_more_and_mo|最近越来越多罗马商人来到达契亚，可我不懂他们想来做什么？我是说，这里又没什么特别的东西。（眨眼。）
qstr_I_heard_that_this_ye|听说今年收成很好，风暴也少。真是好事，粮价一定会下降！
qstr_The_priests_say_that|祭司们说下一季会丰收。希望他们说得对，不过你也知道祭司是什么样。
qstr_I_heard_that_this_yea|听说今年收成很差，许多风暴毁了庄稼。苦日子要来了。
qstr_A_priest_told_me_tha|一位祭司告诉我，诸神对我们很愤怒！他说必须多献祭，否则下一季收成会很糟。
qstr_Although_the_dacian_|达契亚各部落虽然联合起来，彼此仍有争端。上周我听说，两个部落为了一块土地的归属发生了小规模冲突。
qstr_The_steppe_people_al|草原人总是惹麻烦！每天都有旅人告诉我，游牧劫掠者洗劫了东边的村庄。希望有一天，那些臭烘烘的游牧民会离开……
qstr_The_world_is_becomin|世道越来越危险了。达契亚的森林里到处都是狼群，旅行时要小心。
qstr_I_have_heard_many_re|我听说了许多强盗袭击的消息。出城时要小心。
qstr_It_is_said_that_the_|据说，大祭司对达契亚国王的影响比任何人都大！甚至有人说，统治达契亚人的是大祭司，而不是国王。
qstr_The_Dacian_people_ar|达契亚人以金匠手艺闻名。我听说本地一位工匠做出了世上最美丽的项链。
qstr_The_local_farmers_sa|附近的农民说他们看见了狼人。夜里要小心，那些野兽很危险。
qstr_I_haven_t_heard_anyt|最近没听说什么有趣的事。
qstr_The_celtic_people_se|凯尔特人似乎总在自相残杀。但自从罗马人来到不列颠尼亚，他们就有了共同的敌人。
qstr_I_really_don_t_know_|我真不明白罗马人为什么要来不列颠尼亚。有人说他们是诸神派来惩罚我们的恶魔。
qstr_I_heard_that_this_year|听说今年收成很好，雨水也充足。这对大家都是好事！
qstr_A_priestess_said_to_|一位女祭司告诉我，下一季会丰收。希望她说得对，不过你也知道祭司是什么样。
qstr_I_heard_that_this_year_|听说今年收成很差，雨下得太多了。苦日子要来了，许多人会挨饿。
qstr_Some_say_that_the_ce|有人说，凯尔特人会组成一个庞大的联盟对抗罗马人。但我觉得不太可能。
qstr_Recently_some_pilgri|最近有些朝圣者在这里住了一晚。他们正前往岛南部的那座大石圈。
qstr_The_world_is_becoming|世道越来越危险了。森林里到处都是狼群，旅行时要小心。
qstr_I_heard_some_rumors_|我听说，城镇周围的树林里住着精灵，会捉弄每一个穿林而过的人。你要小心。
qstr_There_was_murder_rec|最近发生了一起谋杀案。旅人们就在我酒馆旁发现了一个女孩的尸体！真是灾难！现在来的客人越来越少，凶手是谁还不清楚。
qstr_We_Brits_are_proud_p|我们不列颠人心怀骄傲，热爱自由。罗马人何时才会明白，永远离开这座岛？
qstr_Last_day_a_farmer_to|前几天一个农夫告诉我，他看见了恶魔！那些东西非常危险，会用最阴险的伎俩杀死你。
qstr_The_tribe_of_Lipoxai|利波克赛斯部落最近袭击了阿尔波克赛斯部落。这根本不是什么新鲜事。没有共同敌人时，各部落总会互相争斗。
qstr_The_people_here_in_t|草原上的人是世上最自由的人。我不是开玩笑，相信我。他们想去哪里就去哪里！没人能有这么多自由。
qstr_I_heard_that_this_year_w|听说今年收成很好。这是好事！
qstr_People_told_me_that_|大家告诉我，牲畜养得膘肥体壮，牧场也充足。好日子就在前头。
qstr_I_heard_that_this_year_we|听说今年收成很差，旱灾不断。不过，我们终究是草原的孩子，牲畜才更重要！
qstr_Recently_a_disease_k|最近一场疫病害死了许多牲畜！真是灾难，许多人会挨饿。
qstr_Every_year_the_warri|每年，氏族的战士都会组织远征，劫掠邻近的族群。上周，其中一支队伍袭击了达契亚的一个村庄，将所有人杀死或掳为奴隶。
qstr_Because_we_are_nomad|我们逐水草而居，因此总与邻国发生边界争端。
qstr_Last_day_was_an_arch|前几天举行了一场射箭比赛。获胜者百发百中，一箭未失。
qstr_Here_in_the_steppes_|草原上有世上最好的骑射手。不久前，我的兄弟在骑射比赛中获胜，策马全速疾驰时射中了三百英尺外的靶子。
qstr_A_white_stag_has_bee|昨天有人看见了一头白鹿。据说，杀死白鹿的人将把草原各部落统一在同一面旗帜下，征服世界！
qstr_The_wisewomen_speak_|女先知们说出现了凶兆！可她们不知道究竟会发生什么，只知道不会是好事。也许会爆发战争？
qstr_The_wisewomen_always|女先知们举行仪式后，总会光临我的陋舍！这是我的莫大荣幸。
qstr_Last_week_a_murderer|上周，一个杀人犯被献祭给了诸神。用杀人犯献祭是这里的传统。
qstr_We_germans_love_our_|我们日耳曼人热爱自由，所以才会奋力抵抗一切外来侵略者！
qstr_I_heard_that_this_year_we_|听说今年收成很好。真是好事！看来诸神很满意。
qstr_The_wisewomen_say_we|女先知们说我们会歉收！我们应该献祭更多人，让她们满意。
qstr_The_storms_in_spring|春天的风暴毁了庄稼，现在收成很差，饥荒就要来了。
qstr_A_Gudjaen_said_to_me|一位祭司告诉我，下一季会歉收。真是灾难。
qstr_There_are_always_ski|部落间总有冲突，因为日耳曼人是世上最好战的民族。
qstr_The_husband_of_my_si|我姐妹的丈夫最近赢了一场比赛。他一口气击败了15名战士！
qstr_Recently_a_Roman_tra|最近有个罗马商人在这里住过。我见到了他的妻子。呸，长得那么矮小纤弱。与日耳曼女人相比，她简直像团粪便。我们日耳曼尼亚的女人个个高大丰腴。
qstr_Farmers_talked_about|农民们说附近发生了狼袭。旅行时要小心。
qstr_The_wisewomen_say_th|女先知们说诸神很高兴。希望他们赐予我们丰收。
qstr_It_isn_t_really_a_ne|也算不上什么新闻，但道路上到处都是强盗。你必须十分小心。
qstr_It_is_said_that_the_w|据说，万王之王的妻子从不剪发。她的头发一定有好几英尺长。
qstr_A_farmer_told_me_a_n|昨天，一个农夫给我讲了个有趣的小故事：帕提亚公主罗多古涅准备沐浴时得知发生叛乱，便发誓不平定叛乱，绝不沐浴梳头。她立即骑马出征，亲率大军，成功指挥了战斗。由于她恪守誓言，后来波斯国王的印章上便将她刻画为长发蓬乱的模样。
qstr_This_year_we_have_a_|今年我们丰收了，这意味着粮价会下降。
qstr_Droughts_aren_t_a_se|干旱已不再是严重的问题。希腊建筑师和工程师发明了好几种储水设施。
qstr_This_year_we_had_a_b|今年收成很差，一场蝗灾毁了田野。
qstr_The_priests_have_war|祭司们曾警告会有蝗灾之类的灾祸。他们说我们必须多献祭。
qstr_The_Shah_of_Armenia_|亚美尼亚国王铸造了新钱币，一面是他的妻子，另一面是谷物。据说谷物象征着丰饶。
qstr_Last_day_there_was_a|前几天，我酒馆旁的一家店铺遭了贼！希望窃贼别也找上我。
qstr_Yesterday_I_had_a_st|昨天来了一位奇怪的客人。他是来自遥远国度的商人，说着我从未听过的语言。他的译员告诉我，他来自中国，经营丝绸和陶器。
qstr_The_only_news_I_have|我唯一知道的消息，就是我姐妹的女儿的儿子摔断了腿。
qstr_I_heard_rumors_that_|听说附近村庄有狮子袭击农民。在山间旅行时要小心，那些狮子饿着呢！
qstr_Some_merchants_from_|昨晚有几个阿拉伯商人在这里住宿，贩卖香料和熏香。我一向喜欢阿拉伯商人，他们总带着许多银钱。
qstr_I_heard_from_a_trave|我听说一位旅人遭到阿拉伯劫掠者袭击，却赤手空拳独自打败了二十人。真是个勇士。
qstr_Last_day_a_local_mag|前几天，一位当地权贵遭到谋杀。传言说，是他的妻子雇了凶手。她想报复丈夫，因为他与一个更年轻漂亮的女人私通。
qstr_Today_a_fire_nearly_|今天，一场火灾险些烧毁我的酒馆！幸好下起了雨，火被扑灭了。但邻居的房子已经化成了灰。
qstr_This_year_we_have_a_g|今年我们丰收了。赞美诸神！
qstr_The_priests_say_we_w|祭司们说今年会丰收。希望他们说得对。
qstr_Droughts_have_destro|干旱毁了大部分庄稼。我敢肯定，饥荒就要来了。
qstr_The_omen_are_bad!_Th|兆头不好！祭司们说今年会歉收。
qstr_It_is_said_that_the_f|据说，著名的老普林尼至今仍未结婚！真奇怪，他都五十多岁了。
qstr_In_the_last_week_not|上周竟然一场火灾都没发生。相信我，这以前从未有过。诸神一定很满意我们。
qstr_The_writer_Marcus_Te|作家马库斯·特尔提乌斯为卢基娅·特里娅写了一首情诗。一些爱开玩笑的人在城中每面墙上都写着：“马库斯爱卢基娅。”卢基娅·特里娅下令清洗所有墙壁，一定花了她一大笔钱。幸好她很富有。
qstr_Some_of_my_guests_co|有些客人抱怨我们城里的医师，说治过之后，身体反而更差了！你可别去找那个庸医。
qstr_Among_the_women_of_t|上流社会的女人们流行起一种新风尚。她们觉得瘦才美，认为自己太胖，想减轻体重。要我说，早就该这样了，她们真是又胖又懒！
qstr_Last_week_some_slave|上周，一些奴隶从一位元老的庄园逃走了。据说那人残酷无情。我真希望那些奴隶别被抓回来。
qstr_A_guest_told_me_abou|有位客人跟我说，要开征一种厕所税。他说再过几个月，每上一次厕所就得交1第纳尔！简直荒唐！
qstr_{s1}_at_the_behest_o|{s1}，奉{s2}之命
qstr_{s5}_held_as_a_priso|{s5}，被关押为俘虏
qstr_Your_men_are_happy_t|士兵们很高兴有了可以“玩弄”的对象。
qstr_Checked_{s1}|已检查{s1}
qstr_{reg0?Your_highness:|{reg0?殿下:我的{大人/夫人}}，我们急需援助。你愿意听听我的请求吗？
qstr_{reg0?Your_highness:M|{reg0?殿下:我的{大人/夫人}}，你能拔剑相助吗？你愿意听听我的请求吗？
qstr_A_villager_from_{s8}|一位来自{s8}的村民恳求你，将他们的村庄从盘踞在那里的强盗手中解救出来。
qstr_both_of_you|你们两人
qstr_all_of_you|你们所有人
qstr_Travel_with_a_party_|带一支不足50人的队伍旅行，直到困扰{s25}的强盗袭击你，再在战斗中击败他们。
qstr_Once_you_are_ready_s|准备就绪后，与{s25}的市政官交谈，开始加冕仪式的下一阶段。
qstr_You_are_already_in_{|你已经在{s1}了。
qstr_Tavern_and_Bath_hous|酒馆与浴场
qstr_{s3}:_building_costs|{s3}：建造费用{reg7}；产出：{reg1}；投入：{reg51}；利润：{reg0}；^{s54}
qstr_yet_to_be_announced|尚待公布
qstr_The_magister_civium_o|{s13}的市政官请你处理周围乡间的劫掠者。
qstr_{s9}_of_{s3}_asked_y|{s3}的{s9}请你在7天内，将{reg5}份{s6}送到{s4}的酒馆。
qstr_{s9}_of_{s3}_asked_yo|{s3}的{s9}请你在7天内，将{reg5}份{s6}送到{s4}的商铺。
qstr_Escort_the_merchant_|护送商队前往{s8}城镇。
qstr_Merchant_{s9}_of_{s4|{s4}的商人{s9}请你追捕城镇附近滋事的强盗。
qstr_Magister_civium_of_{|{s4}的市政官给了你{reg12}第纳尔，用于赎回被强盗绑架的女孩。你应在{s3}附近与强盗会面，交付赎金，随后将女孩带回{s4}。
qstr_Magister_civium_of_{s|{s4}的市政官承诺，若你能确保{s12}和{s13}不再威胁{s15}与{s14}之间的和谈，就给你{reg12}第纳尔。为此，你必须说服他们，或设法让他们被俘，并一直关押到和平协议达成。
qstr_Bring_a_load_of_gold|将一批金条从{s17}运往{s14}。^^（提示：前往{s17}，随后返回{s14}。）
qstr_The_Magister_civium_|{s14}的市政官请你处理一群在{s14}街头横行的强盗。他们只在夜间出现，而且只袭击独自在街上行走的旅人。
qstr_Magister_civium_of_{s1|{s10}的市政官请你将一群牛赶到{s13}，报酬为{reg8}第纳尔。
qstr_Yes_{playername}_I_h|是的，{playername}，我有一件棘手的事想请你帮忙。我曾有一件精美的乐器，叫{s13}，出自昔日最伟大的工匠之一{s50}之手，他来自……嗯，我也不太清楚。总之，似乎有个本地卫兵偷走了它。那人躲了起来，谁也找不到。他大概藏在附近某个村子里。若你替我找回{s13}，我会给你{reg33}第纳尔作为报酬。
qstr_The_{s9}_of_{s3}_ask|{s3}的{s9}请你找回被盗的{s13}。^^调查地点：^{s10}
qstr_Yes_{playername}_one|是的，{playername}，这里一位商人想扩大生意，需要一些石料。可惜四处战乱，又有强盗之类的麻烦，他没能以合适的价格买到石料。也许你能弄来{reg33}批石料？
qstr_Yes_{playername}_one_|是的，{playername}，这里一位商人最近对木材的需求异常大，存货快用完了。可惜四处战乱，又有强盗之类的麻烦，他上一批货始终没到，也没能以合适的价格买到木材。也许你能带些木材来？
qstr_{s9}_of_{s3}_asked_you|{s3}的{s9}请你带来{reg33}批{s33}。
qstr_Return_to_the_Desper|回到{s23}，找德斯佩拉提乌斯领取报酬。
qstr_You_talked_with_the_|你已与当地首领交谈。返回罗马，向哈德里亚努斯报告。
qstr_Travel_to_the_mount_|前往奥林匹斯山，击败那只威胁{s23}村庄的“怪物”。^^（提示：前往奥林匹亚，那里有拜访山峰的选项。）
qstr_The_peasants_won_t_v|农民们不会再来空中花园了。白天与福尔图娜交谈，领取报酬。
qstr_{reg4?She:He}_is_not|{reg4?她:他}目前没有率领任何士兵。
qstr_{reg4?She:He}_curren|{reg4?她:他}目前率领{reg0}人{reg1?，其中约{reg1}人受伤:}。
qstr_normal|普通
qstr_harsh|严厉
qstr_very_harsh|非常严厉
qstr_lax|宽松
qstr_very_lax|非常宽松
qstr_never|从不
qstr_rare|很少
qstr_frequently|经常
qstr_I_also_want_to_tell:|我还想提醒你：根据你与我们的领主{s22}的关系，你可能需要向他缴纳一些税款，数额取决于你能收取的租金。
qstr_The_elder_of_the_vil|{s3}村的长老请你为他们带来{reg5}袋谷物。
qstr_The_elder_of_the_vill|{s3}村的长老请你俘虏{reg5}名女子，并将她们带来。
qstr_I_see_your_problem_b|我明白你的难处，但这对那些女人不公平吧？
qstr_Hmmm_why_can_t_your_|嗯，你们的人为什么不能娶附近村庄的女人？
qstr_Your_men_should_real|你们的人真该学学如何控制自己的，呃……本能。
qstr_Your_men_should_take|你们的人应该自己动手解决问题，你不觉得吗？
qstr_Interesting_problem_|问题有趣，办法更有趣……
qstr_Huh_poor_boys_have_t|呵，可怜的小伙子们想显摆，却没人理会……
qstr_Lonely_men_and_lack_|孤独的男人，缺少女人？看来不只我一个……
qstr_I_can_sympathize_wit|我能理解他们的感受。你的提议很有意思。
qstr_Your_men_are_patsies|你们的人真没用，不过光荣的{playername}总是乐于接受挑战！
qstr_Unfair_you_say?_But_|你说不公平？可我们的人勤劳富足，又不是酒鬼。若你从贫穷的村庄带来那些女人，或找些难民，实际上还是帮了她们。一个体贴的好丈夫、充足的食物、温暖的房子，好妻子还能需要什么呢？
qstr_Well_it_s_a_long_sto|唉，说来话长。只能说，考虑到他们过去的种种冒犯，我们的关系不怎么好。我们的人若去向那里的姑娘求爱，准会遭到嘲笑。我不能让自己的人受辱，尤其不能受那帮懒散混蛋的羞辱！
qstr_My_good_{s0}_I_fully|尊敬的{s0}，我完全赞同你。但你也知道，收获季节需要更多人手。种地、照料牲畜可不容易。我们的人不结婚，又哪来更多帮手？说实话，有了妻儿要照顾，男人也会规矩些。
qstr_Ah_my_{s0}_gives_exc|啊，我的{s0}真是高见！可惜没法照办，真遗憾，不是吗？你看，若我们的人去绑架那些女人，你这卑微的仆人多半就得掉脑袋，而我和我的脑袋都不想要这种结果。
qstr_My_{s0}_seems_somewh|我的{s0}似乎对此有些犹豫。我可以保证，我提出的办法在如今的平民中十分常见。{他/她}殿下实在不必为我们这些卑微之人的日常琐事费太多心思。你的帮助一定会得到感激。
qstr_You_re_absolutely_ri|你说得完全正确，{s0}。男人需要女人，才能专心做那些取悦诸神的事。而这正是我的目的：确保我们的人走在正道上。希望你愿意帮助他们遵从诸神的意志，并从中得到满足。
qstr_Yes_my_lord_a_warrio|是的，大人，像你这样的战士，恐怕常常不得不与同伴们相处得比自己希望的还久。但若你能帮我们解决这件难事，我向你保证，有朝一日你厌倦了砍杀，准备退休，随时可以回来。我们会给你找个好女人，让你衰老酸痛的身子在夜里暖和起来。
qstr_Yes_{s0}_this_will_i|是的，{s0}，这的确会是你一生难忘的冒险。谁知道呢？也许你会喜欢到把它做成一门赚钱的生意。
qstr_Glad_to_hear_that_oh|听你这么说真高兴，最英勇的人啊！也许我们该更详细地商量一下……
qstr_Of_course_{s0}_I_wou|当然，{s0}，我很乐意付你{reg25}第纳尔。
qstr_Ach_{s0}_I_am_only_a|唉，{s0}，我只是个穷村民，只能给你{reg25}第纳尔。
qstr_Ach_{s0}_I_am_only_a_|唉，{s0}，我只是个穷村民。我只能给你{reg25}第纳尔。
qstr_Oh_{s0}_you_sound_ve|哦，{s0}，你说得很有道理。我很乐意付你{reg25}第纳尔。
qstr_Oh_{s0}_your_persuas|哦，{s0}，你的口才和魅力真让人难以抗拒。我很乐意付你{reg25}第纳尔。
qstr_The_leader_of_the_vi|{s3}村的首领请你将逃跑的奴隶带回村庄。他多半藏在村庄附近。
qstr_The_runaway_slave_is|逃跑的奴隶如今被迫跟随你。将他带回给{s13}的首领。
qstr_The_elder_of_the_villa|{s13}村的长老请你训练{reg5}名农民，抵抗当地强盗。
qstr_Bring_{reg3}_tools_t|将{reg3}件工具送到{s12}。预计可获得{reg4}第纳尔报酬。
qstr_The_local_leader_of_|{s33}的当地首领请你到{s12}的酒馆雇一位占卜师。你可以询问那里的酒馆老板。
qstr_Travel_to_{s22}_and_b|前往{s22}，在元老院为{s3}的水权主张争取支持。
qstr_The_elder_of_the_villag|{s3}村的长老请你为他们带来{reg5}头牛。
qstr_Go_to_the_villa_of_L|前往卢基卢斯在罗马的别墅，杀死他。^（提示：你可以在“罗马名胜”菜单中找到别墅。同伴可以帮你。）
qstr_Kill_the_merchant_Lu|杀死商人卢基卢斯。
qstr_{s21}_the_goods_merc|底比斯的杂货商{s21}拥有最精美的香水。巴斯特愿意嫁给西努埃。回去领取报酬。
qstr_{s21}_the_goods_merch|底比斯的杂货商{s21}拥有最精美的香水。巴斯特不愿嫁给西努埃。你必须回去，说服他忘掉她，并将香水交给你。
qstr_{s21}_the_goods_mercha|底比斯的杂货商{s21}已将最精美的香水交给你。该回去报告了。
qstr_{s21}_the_goods_merchan|底比斯的杂货商{s21}拥有最精美的香水。若你说服巴斯特嫁给他，他就将香水作为报酬送给你。她是{s22}的杂货商。^（提示：前往{s22}，你可以在店铺里找到她。）
qstr_Grain_supply|粮食供应
qstr_{s16}_and_{s15}|{s16}和{s15}
qstr_We_also_want_to_give|我们还想送你一些象牙，作为我们部落的礼物。
qstr_Why_have_you_impriso|你为什么把我关起来，{playername}？我一直以为你爱我……你难道不是我的丈夫吗？^^——她哭了起来。——^^哦，诸神保佑我！
qstr_Are_you_not_ashamed_|把一个手无寸铁的女人关作俘虏，你不羞耻吗，{playername}？
qstr_You_may_have_capture|你也许已经抓住并判处了那些叛徒，但或许还有更多？
qstr_For_more_than_three_|士兵们“玩弄”了那些奴隶三个多小时……
qstr_your_lordship|大人
qstr_It_still_needs_{reg2|还需{reg22}天抵达。
qstr_It_still_needs_appro|还需约一天抵达。
qstr_It_still_needs_approx|还需约{reg22}小时抵达。
qstr_I_still_need_{reg22}|我还需{reg22}天才能完成。
qstr_I_still_need_approxi|我还需约一天才能完成。
qstr_I_still_need_{reg22}_|我还需{reg22}小时才能完成。
qstr_Plain|普通
qstr_Please_note_that_thi|请注意，这项改良会提高武器伤害，但也会降低攻击速度。
qstr___The_child_looks_at|——孩子用有趣的眼神望着你，笑了起来。——
qstr_My_mother_told_me_no|妈妈说不要跟陌生人说话。再见！
qstr_Running_is_fun!_I_ca|跑步真好玩！我跑得比你快！你想跟我赛跑吗？
qstr_By_talking_with_town|与街上的居民交谈后，你得知“金色的”扎里奈娅有一头金发，以美貌闻名。继续与居民交谈。
qstr_By_talking_with_town_|与街上的居民交谈后，你得知“金色的”扎里奈娅有一头金发，以美貌闻名。她嫁给了帕提亚国王马尔马雷斯。帕提亚人反抗米底人时，她起初站在丈夫一边，后来却决定杀死丈夫，与米底人议和。继续与居民交谈。
qstr_By_talking_with_town_w|与街上的居民交谈后，你得知“金色的”扎里奈娅有一头金发，以美貌闻名。她嫁给了帕提亚国王马尔马雷斯。帕提亚人反抗米底人时，她起初站在丈夫一边，后来却决定杀死丈夫，与米底人议和。她被葬在一座墓丘中。
qstr_Talk_with_{s17}_king|与{s18}的国王{s17}交谈，打听扎里奈娅墓丘位置的更多消息。
qstr_This_is_the_{reg4?to|这里是{s5}{reg4?城镇:村庄}，{s0}。
qstr_{s6}_Our_{reg4?town:|{s6}我们的{reg4?城镇:村庄}和周围土地当然都属于你，我的{大人/夫人}。
qstr_{s6}_Our_{reg4?town:v|{s6}我们的{reg4?城镇:村庄}和周围土地属于{s8}的{s7}。
qstr_{s3}_and_{s5}|{s3}和{s5}
qstr_{reg20?We_mostly_pro|{reg20?我们这里主要出产{s5}:最近我们这里没什么产出}。若想了解更多，可以与我们的{reg4?市政官:当地首领}交谈。他就在附近，那边。
qstr_Your_guards_act_as_o|卫兵们遵命行事！
qstr_disease_has_struck_o|疾病袭击了我们的城镇！{s0}正在肆虐，已夺去许多人的性命。愿诸神早日赐予我们更好的未来！
qstr_The_townlord_has_ord|城主下令严格执法。这意味着我们犯下一丁点过错也会受罚，日子变得更加艰难。
qstr_But_the_townlord_has|不过，城主也做了些减轻我们苦难的事。他修建了济贫院，让无家可归的人免费过夜。
qstr_Moreover_the_townlor|此外，城主下令严格执法。这意味着我们犯下一丁点过错也会受罚，日子变得更加艰难。
qstr_Although_the_townlor|不过，城主下令严格执法。这意味着我们犯下一丁点过错也会受罚。
qstr_And_the_townlord_has|而且，城主做了些减轻穷人苦难的事。他修建了济贫院，让无家可归的人免费过夜。
qstr_You_heard_rumors_about|你听说了著名战士韦尔德赫里的传闻。可以在{s10}的街头找到他。
qstr_Crispinilla_said_you|克里斯皮尼拉说，你应该去问洛库斯塔。
qstr_The_troublemakers_of|军中的滋事者遭到鞭打，其他士兵惊恐地看着。希望这能阻止他们逃跑。
qstr_Your_men_clean_the_c|士兵们清理了营地。希望他们吸取了教训。
qstr_Your_men_are_now_dis|你的士兵如今蒙受了耻辱。
qstr_These_dacians_always|那些达契亚人总是越过多瑙河，劫掠你的子民。征服达契亚就能制止他们。
qstr_Conquer_Dacia_to_sto|征服达契亚，阻止他们劫掠罗马行省。
qstr_You_should_always_ho|你应始终敬奉诸神，遵从他们的意志。正如《奥德赛》所示，诸神是否支持一个人，总会显露征兆。千万不要激怒神明，神是最可怕的敌人。
qstr_It_is_important_to_a|始终在民众中享有良好的名誉十分重要。民众爱戴你时，统治就会顺利无碍，每道命令都能迅速妥善执行。但你也要警惕民众的怒火。
qstr_It_is_alawys_good_to|多读书总是好事。通过各种活动磨炼心智，思维迟钝对凯撒而言极其危险。但也别忘了强健体魄，身体疾病会削弱心智。
qstr_Trust_nobody._This_i|不要信任任何人，这是我最好的建议。身为凯撒，你周围尽是渴望晋升、贪求权力的人。时刻保持警惕。历史表明，许多伟大而神圣的统治者都死于自己人之手，比如阿伽门农和亚历山大大帝。
qstr_Do_not_try_to_be_the|别试着与所有人为友，那不可能。想讨好所有人的人，人生可悲，统治也不会长久。带领帝国走向伟大，即使因此树敌也无妨。
qstr_You_strengthen_your_|你磨炼了心智！
qstr_To_increase_your_pow|若想增加权势和声望，你可以征服日耳曼尼亚。这片森林遍布、未开化的日耳曼人聚居的土地，从未被任何罗马人征服。你可以为条顿堡复仇！
qstr_Take_revenge_for_the|为条顿堡的灾难复仇，征服阿尔比斯河以西的整个日耳曼尼亚！
qstr_The_largest_lead_and|欧洲最大的铅矿和铁矿位于不列颠尼亚，我们应考虑征服这些土地。拿下不列颠尼亚，对我们的兵器制造业十分重要。
qstr_Conquer_Britannia_to|征服不列颠尼亚，掌控重要资源。
qstr_{reg52}_denars_have_|家务开支增加了{reg52}第纳尔。
qstr_You_marched_with_you|你率领部队从中央进攻敌人，但很快遭到侧翼包抄，被团团围住。你输了，却积累了许多经验。
qstr_Tactical_Training|战术训练
qstr_You_wait_that_your_o|你等待敌人进攻，并部署一些部队保护侧翼。敌军迅速冲来，但战斗开始后又缓缓后退。很快，你被包围了。你输了，却积累了许多经验。
qstr_You_attack_your_oppo|你进攻敌人，试图通过侧翼机动将其包围。但他从中央后撤，派散兵冲击你的侧翼，化解了攻势。双方战成平手。你从中学到了很多。
qstr_You_march_forward_wi|你率军前进。接战后，你命令散兵威胁敌军侧翼，同时让中央缓缓后退。很快，敌人被包围了。你获胜了，也从这场战斗中学到了很多。
qstr_In_a_heroic_frontal_|你以英勇的正面冲锋压倒敌人，赢得了战斗。
qstr_The_Roman_Empire_sho|罗马帝国应当控制美索不达米亚，因为那里重要而肥沃。那些帕提亚人不配拥有它。
qstr_Conquer_Mesopotamia_|征服美索不达米亚，为罗马帝国再添一片肥沃的行省。
qstr_Libelli_offices_is_d|请愿署已被撤销。现在你必须再次亲自处理请愿。
qstr_Your_advicer_looks_p|你的顾问看起来很满意。
qstr_Your_action_gives_Pa|你的行动给了帕提亚进攻帝国的战争借口。
qstr_Stability_of_the_Empire|帝国的稳定度提高了。
qstr_You_drink_a_lot_from|你喝了许多酒，味道很美。
qstr_Hi_Hi_Hi._Here_drink|嘻嘻嘻。来，再喝点酒……更多酒……对，这么多酒……啊，呃。
qstr_Ah_more_wine_bring_m|啊，再来些酒，给我拿更多酒来。哈哈哈，嘻嘻嘻，嚯嚯嚯！！！
qstr__....__Oh_my_head_th|……哦，我的头，酒喝得太多了，啊……吻我，来吻我……嘻嘻，呵哈嘻。
qstr_Search_for_a_witch_c|在巴杜亨娜圣所附近寻找名叫洪娜的女巫。
qstr_You_feel_strenghtene|你觉得更强壮了。
qstr_You_feel_something_s|你感到某种奇异的变化。
qstr_You_feel_something_a|你感觉到了什么，其实又说不清是什么。也许什么都没有。
qstr_Maybe_the_gods_have_|也许诸神听见了你的呼唤！
qstr_Your_men_are_getting|士兵们已经听腻了那些老掉牙的神话。也许该暂时放一放了。
qstr_Ave_pilgrim!_How_can|向你致敬，朝圣者！我能如何帮你？请快一些，还有别人也可能需要我的帮助。
qstr_Ave._How_can_I_serve|向你致敬。我能为你做些什么？
qstr_Salve._Are_you_a_fol|你好。你信奉我们的诸神吗？你是来寻求玛尔斯的眷顾，祈求力量、击败敌人的吗？
qstr_Ave!_Do_you_seek_kno|向你致敬！你是来向密特拉寻求知识与力量的吗？
qstr_Salve._Come_here_and|你好。来，与我们一同赞颂诸神之父朱庇特，他会阻挡你的敌人。
qstr_Salve._Do_you_seek_t|你好。你是为海上航行，来寻求卡斯托尔和波吕克斯的帮助吗？
qstr_Salve._Do_you_need_t|你好。你需要萨图尔努斯赐福，祈求丰收吗？
qstr_Salve._What_can_I_do|你好。我能为你做些什么？
qstr_Salve_my_handsome._D|你好，俊俏的人。你是来寻求阿佛洛狄忒的祝福吗？那位真正的美之女神？我猜你想变得更加美丽吧。（她笑了。）
qstr_Salve._Do_you_need_th|你好。你需要维斯塔赐福，保护家园与土地吗？
qstr_You_descended_into_H|你进入冥界，与几位伟大人物交谈。其中，先知忒瑞西阿斯预言了你的未来：有朝一日，你将拥有凯撒·奥古斯都的称号，在罗马统治。
qstr_Now_I_have_Darta._I_|现在达尔塔在我手里。我该索要一大笔报酬。
qstr_I_don_t_have_Darta._|达尔塔不在我手里。我会说她被蛇咬死了之类的。
qstr_Ah_you_must_be_{play|啊，你一定就是{playername}。终于有机会见到你了。
qstr_Do_I_know_you?|我认识你吗？
qstr_Hallo_{playername}?_|你好，{playername}。见到你总是令人愉快。
qstr_What_brings_you_here|今天是什么风把你吹来了？
qstr_Ah_{playername}._I_d|啊，{playername}。我没多少时间陪你……
qstr_You_again._I_don_t_t|又是你。我恐怕没时间跟你说话……
qstr_Interesting._Hopefull|有意思。希望是远方来的东西，我喜欢那样的玩意儿。
qstr_I_like_people_who_mak|我喜欢给我送礼的人。嗯，让我看看你带了什么。
qstr_Actually_I_do_not_thi|其实，我觉得你给我送这么多礼物不太好。不过，我还是很好奇你带了什么。
qstr_A_present?_Sounds_goo|礼物？听起来不错。我特别喜欢贵重的东西。
qstr_How_nice_from_you._I|你真好。我觉得男人用礼物表达对女人的爱意很重要。来，让我看看是什么。
qstr_I_like_presents_espec|我喜欢礼物，尤其是贵重的礼物。嗯，让我看看你带了什么。
qstr_I_have_so_many_{s21}|最近见了太多{s21}，我都不想再看到了。不过，这份礼物我还是收下吧。
qstr_Thank_you._It_is_alwa|谢谢。能感受到别人的重视，总是令人愉快。不过，我原本希望能更“特别”一些。
qstr_Oh_Thank_you._I_am_s|哦，谢谢。弄到它一定很危险，至少也十分昂贵。（她拥抱了你。）
qstr_Women_are_strange_cr|女人真是奇怪的生物。
qstr_{s30}_told_you_she_w|{s30}告诉你，她被加拉曼特人绑架了。前往盖图利人那里，也许她的父亲、盖图利人的国王，会为失踪女儿的消息付出丰厚报酬。
qstr_I_am_{s30}_the_wife_|我是{s30}，{s31}的妻子，{s32}的王后。
qstr_I_am_{s30}_the_daugt|我是{s30}，{s31}的女儿，强大的盖图利人的公主。
qstr_I_am_{s30}_wife_of_{|我是{s30}，{s31}的妻子，{s32}的王后。
qstr_Anything_else_my_hon|还有别的事吗，我尊敬的{playername}？
qstr_There_are_other_thin|我还有别的事要做，你是否该告辞了？
qstr_Finally_I_meet_you_{|终于见到你了，{playername}。你想要什么？
qstr_Finally_I_meet_you._|终于见到你了。你想要什么？
qstr_You_are_the_butcher_|你就是屠杀我族人的屠夫？你想要什么？
qstr_You_smelly_jackal_ar|你这臭豺狼，就是屠杀我族人的屠夫？你想要什么？
qstr_Greetings._What_do_y|你好。你想要什么，{playername}？
qstr_Hopefully_you_bring_|希望你带来了好消息。你想要什么？
qstr_What_do_you_want?|你想要什么？
qstr_I_don_t_think_there_|我不觉得有什么可谈的。不过，希望你能让我惊喜。
qstr_Ah_yes_{playername}_|啊，是的，{playername}，我听说了许多关于你的好事。
qstr_I_don_t_think_I_have|我好像从没听说过你。
qstr_You_are_{playername}|你就是{playername}。我听说过你，但那些消息我都不喜欢。
qstr_{playername}!_I_have|{playername}！我听说过你。你是来给我们带来瘟疫的吗？
qstr_It_is_always_nice_to|又见到你真好，{playername}。
qstr_Ah_you_again.|啊，又是你。
qstr_Are_you_here_to_puni|你是来用这副模样折磨我的吗？
qstr_Have_you_come_to_bri|你是来给我的子民带来瘟疫的吗？
qstr_Anything_else_{playe|还有别的事吗，{playername}？
qstr_Well._I_hope_you_wil|嗯，希望你早些离开……
qstr_Your_tributary_has_d|你的朝贡势力宣布独立了。
qstr_You_talked_with_{s17|你已与{s18}的国王{s17}交谈。现在去调查扎里奈娅的墓丘。
qstr_I_have_talked_with_{|我已与{s20}谈过他的女儿。我会救出她，将她带回给{s20}。他肯定会重重酬谢我。也许我能说服加达拉特把妻子卖给我？还是该动用武力？
qstr_I_should_look_for_an|我应该在宫中寻找盟友。
qstr_Quest_notes_have_bee|任务记录已更新。
qstr_Fight_your_way_out!|杀出一条血路！
qstr_I_have_talked_with_{s|我已与{s20}谈过他的妻子。他似乎想隐瞒什么。
qstr_I_don_t_think_you_ar|我不觉得你足够富有强大，能带领我们的战士作战。^^（提示：物品栏中需要一件黄金物品。）
qstr_I_listen_what_you_ha|我听听你能提出什么。
qstr_Meet_the_hunting_par|在{s1}与狩猎队会合。
qstr_I_have_proud_you_a_g|我带来了一份礼物，以示善意。
qstr_I_accept_your_propos|我接受你的提议。但你必须付给我们{reg50}第纳尔，以示善意。
qstr_We_won_t_make_peace_|我们不会与你这豺狼议和！滚吧，愿狮子咬死你。
qstr_Amorus_Valentinus_do|阿莫鲁斯·瓦伦提努斯似乎不再是问题了。
qstr_Those_strangers_look|那些外乡人看起来挺有意思，也许能帮我赚些钱。（要拜访他们，请与罗马街头的佩特罗尼乌斯交谈。）
qstr_You_feel_good_to_hav|帮助他人让你心情愉快。
qstr_Praying_to_God_impro|向上帝祈祷提高了你作为基督徒的名誉！
qstr_You_feel_something_st|你感到有些异样，也许末日将近？
qstr_Visit_the_prison_of_|前往罗马监狱，与保卢斯交谈。^（提示：与监狱守卫交谈。）
qstr_Bring_8_loads_of_oil|给穆斯库卢斯带去8批油。（要找到他，请先与罗马街头的佩特罗尼乌斯交谈。）
qstr_{s33}_lost_1_point_o|{s33}损失了1点统御。
qstr_{s33}_lost_1_point_of|{s33}损失了1点魅力。
qstr_{s33}_didn_t_suffer_|{s33}没有受伤。
qstr_As_nobody_nows_what_|由于无人知道你在这里做了什么，你没有损失荣誉！
qstr_You_feel_good_to_have|帮助他人让你心情愉快。
qstr_What_do_you_want?_Ca|你想要什么？没看见我正忙着吗？
qstr___He_looks_at_you_im|——他望着你，被你的威势折服。——我这卑微的仆人能为你做些什么？
qstr_Is_there_anything_I_|我能为你做些什么吗？不过请快点，我还有很多工作。
qstr_I_have_a_good_load_o|我有一大批矿石可供出售。
qstr_I_have_loads_of_both|我有成批的矿石和石料可供出售。
qstr_I_have_a_good_load_of|我有一大批石料可供出售。
qstr_I_have_some_soapston|我有一些皂石可供出售。
qstr_Ave_{playername}._Le|向你致敬，{playername}。让我们为慷慨的主人——你，举杯！
qstr_{playername}_it_is_a|{playername}，能参加你的宴会，是我的荣幸。
qstr_{playername}_come_my|{playername}，来，朋友，喝点酒。酒很美味，食物也是。
qstr_Have_you_something_i|有什么重要的事吗？我正想再去拿些酒……
qstr_rar|稀少
qstr_This_production_side|这处生产场所需要{reg22}名奴隶才能正常运作。
qstr_Before_we_sent_exped|派出远征队之前，最好先赢得内战。
qstr_Take_care_of_his_wif|也照料好他的妻子。
qstr_Make_sure_his_wife_i|也要确保他的妻子得到妥善安葬。
qstr_Prepare_for_battle._|做好战斗准备。人数超过30人后，与亚历山大里亚酒馆中的帕提亚密探交谈。
qstr_Meet_the_Parthian_ag|在底比斯与帕提亚密探会面。
qstr_When_my_darling_Supe|我和亲爱的苏佩尔比乌斯逃离军团后，成了通缉犯。我们四处逃亡，从一座城市辗转到另一座城市，靠打零工为生。无论走到哪里，迟早都会有人开始盘问，我们只得继续逃走。日子很艰难，但我们撑了下来，至少抵达罗马前是这样。
qstr_After_we_were_nailed|我们被钉上十字架后，军团继续行军。可我们运气不错，几小时后，一伙强盗发现并救下了我们，还处理了伤口。但作为救命的代价，他们要求我们替他们效力。很快，我们便厌倦了强盗生活，又逃走了。这次运气更好，我们不知怎么设法来到了罗马。
qstr_That_night_town_guar|那天夜里，城镇卫兵突袭了帮派的藏身处，没收赃物，公开起诉许多罪犯。罗马民众为法律与秩序欢呼。
qstr_{s1}_asked_you_to_es|{s1}请你护送他前往泰西封。若顺利完成，他就会传授你所知的学问。
qstr_It_is_clear_that_she|显然，她没有情人。去与{s39}交谈。
qstr_{s37}_is_item|{s37}是物品
qstr_Meet_Gaius_Desperati|前往{s23}，在盖乌斯·德斯佩拉提乌斯的别墅与他会面。你将获得1,000第纳尔。他承诺，若你帮助他，还会给你更多。
qstr_Obtain_an_arrow_of_C|从{s23}的当地首领那里取得丘比特之箭。
qstr_Travel_to_{s23}_and_f|前往{s23}，打听更多有关特里斯提提娅的消息。^（提示：在村中心四处走动，找到她的别墅。）^^若你找到妥善解决此事的办法，就能获得丘比特之箭作为报酬。
qstr_Raid_the_village_of_|劫掠{s23}村庄，确保特里斯提提娅的丈夫死于袭击。^^或者，向特里斯提提娅揭发德斯佩拉提乌斯的阴谋。
qstr_A_man_celebrating_wi|一位在狄俄尼索斯洞穴中举行狂欢宴的男人，请你废除《元老院关于酒神祭祀的决议》。
qstr_Travel_to_{s23}_and_r|前往{s23}，在元老院会议期间废除《元老院关于酒神祭祀的决议》。
qstr_The_cult_of_Mithras_|密特拉教团在罗马建立了一座神庙。
qstr_Travel_to_{s23}_and_a|前往{s23}，向市政官打听一支前往印度城镇萨迦罗的商队。
qstr_It_is_not_allowed_to|不允许会见卡里什玛女王。
qstr_Meet_Mancinellus_in_|在{s33}的酒馆与曼基内卢斯会面。
qstr_Hadrianus_asked_you_|哈德里亚努斯请你前往{s23}，打听更多有关他家族的消息。
qstr_A_new_location_is_no|地图上出现了一个新地点。
qstr_Bring_Thusnelda_a_po|给图斯内尔达带去一种能让她显老的药水。最好向洪娜求取。
qstr_Ad_mortem!_Travel_to|走向死亡！前往西西里，寻找盖乌斯·特梅里图斯的朋友阿莫科斯·因波斯托斯和克劳狄娅·乌尔古拉纳利娅。向他们打听冥界入口，随后向入口投一枚钱币。
qstr_You_need_to_establis|你需要在罗马贵族中立足。一条路是加入罗马军队，逐级晋升，最终跻身贵族。^^目标：获得军团保民官军阶。
qstr_You_need_to_establish|你需要在罗马贵族中立足。在罗马，金钱决定一切。一条路是成为富有的大地主，最终跻身贵族。^^目标：拥有200,000第纳尔、5座大庄园，以及至少200点声望。
qstr_Travel_to_{s9}_capit|前往{s10}的都城{s9}，打听更多有关扎里奈娅女王的消息。将一切记录下来，把文稿交给{s11}的潘菲勒。
qstr_Hint:_Start_with_tal|提示：先与{s9}街头的居民交谈。
qstr_I_want_to_plunder_an|我要洗劫{s1}，并将其据为己有。{s2}
qstr_me|我
qstr_I_want_to_plunder_{s|我要洗劫{s1}。之后由行省总督{s2}接管统治。
qstr_Breaking_camp...|正在拔营……
qstr_You_receive_a_letter|你收到{s30}的一封信，说你们的恋情必须结束了。但你会永远留在她心里……
qstr_A_letter|一封信
qstr_You_have_been_inform|你得知，在你离家忙碌期间，妻子找了一位情人，那人名叫{s33}。你发现流言早已四处传播。
qstr_Adultery_Discovered|私情败露
qstr_Your_love_affair_wit|你与{s33}的私情被发现了。
qstr_You_hear_that_{s43}_|你听说{s43}找了一位情人，那人名叫{s33}。流言早已满天飞。若你已经看上了她，现在正是出手的时机。
qstr_You_recieve_a_letter|你收到{s21}的一封信。计谋奏效了。但几则流言损害了你在{s31}心中的名誉。
qstr_You_recieve_a_letter_|你收到{s21}的一封信。计谋失败了！{s31}得知此事后很不高兴。
qstr_You_recieve_a_letter1|你收到一封信。
qstr_It_seems_that_{s31}_|{s31}似乎相信了最近关于{s32}不贞的传言。
qstr_It_appears_{s31}_has|{s31}似乎将最近关于{s32}不贞的传言视为敌人的闲话，不予理会。
qstr_Rumors|流言
qstr_It_seems_that_{s31}_h|{s31}似乎很相信最近关于{s32}不忠的传言。
qstr_It_appears_that_{s31|{s31}似乎将最近关于{s32}不忠的传言视为敌人的闲话，不予理会。
qstr_It_seems_that_{s31}_w|{s32}被发现卷入一位要人的谋杀案后，{s31}似乎很不高兴。
qstr_It_appears_{s32}_had|{s32}似乎设法摆脱了与最近那起谋杀案的牵连，与{s31}的关系也未受损害。
qstr_It_is_well_known_tha|众所周知，{s32}不喜欢{s31}。如今你却听人说，{s31}买了精美的珠宝，送给{s32}作礼物。
qstr_{s40}_has_spread_fal|{s40}散布了关于你的虚假流言！
qstr_You_hear_that_{s31}_|你听说{s31}在{s30}发表了演说。他声称你是个无耻之徒，连乞丐都不如，还说你滥用职权，犯下许多其他罪行。{s30}的民众相信了他！你与{s30}的关系受损了！
qstr_You_hear_that_{s31}_g|你听说{s31}在{s30}发表了演说。他声称你是个无耻之徒，连乞丐都不如，还说你滥用职权，犯下许多其他罪行。他的演说彻底失败！{s30}的民众把他赶出了城！
qstr_You_hear_that_{s31}_ga|你听说{s31}在元老院发表了演说。他声称你是个无耻之徒，连乞丐都不如，还说你滥用职权，犯下许多其他罪行。一些元老不再支持你。
qstr_You_hear_that_{s31}_gav|你听说{s31}在元老院发表了演说。他声称你是个无耻之徒，连乞丐都不如，还说你滥用职权，犯下许多其他罪行。他的演说并未改变元老们的看法。
qstr_You_have_broken_off_|你中止了对{s1}的劫掠。
qstr_As_tribunus_you_gai|身为军团保民官，你获得了名声。
qstr_As_praefectus_you_g|身为行政长官，你获得了名声。
qstr_As_legatus_you_gain|身为军团长，你获得了名声。
qstr_The_extravagant_part|你配偶奢华的宴会远近闻名。
qstr_The_Empire_seems_qui|帝国似乎安宁无事，稳定度提高。
qstr_People_have_trust_in|民众相信未来会更美好，稳定度提高。
qstr_Due_to_the_Edictum_d|请愿敕令导致帝国动荡加剧，稳定度下降。
qstr_Due_to_the_Lex_Alime|抚育法使稳定度提高。
qstr_Due_your_debts_unres|你的债务引起更多动荡，稳定度下降。
qstr_Your_debts_undermine|你的债务削弱了你的权威。
qstr_{s1}_paid_{reg1}_wag|{s1}为{s2}支付了{reg1}薪饷。
qstr_{s2}_party_size:_{re|{s2}队伍人数：{reg1}（之前）
qstr_{s1}_paid_{reg1}_den|{s1}花费{reg1}第纳尔，为{s2}招募部队。
qstr_{s2}_party_size:_{reg|{s2}队伍人数：{reg1}（之后）
qstr_{s33}_donates_money_|{s33}向{s34}的城镇守卫队捐款。
qstr_{reg50}_new_wealth_f|{s50}的新财富为{reg50}。增加财富：{reg51}。支付薪饷：{reg49}
qstr_Check_2|检查2
qstr_It_is_said_that_{s44|据说{s44}折磨了{s45}，大多数人都相信了这些传闻。
qstr_Some_people_say_that|有人说{s44}折磨了{s45}，但大多数人认为这只是敌人的闲话。
qstr_It_seems_someone_wen|似乎有人翻过你的物品，偷走了一些{s33}。
qstr_{s55}_seems_to_be_an|{s55}似乎因没有封地而感到愤怒。
qstr_A_livestock_epidemic|牲畜疫病导致{s4}的{reg4}头牛死亡。
qstr_A_livestock_epidemic_|牲畜疫病导致{s4}的{reg5}只羊死亡。
qstr_A_livestock_epidemic_h|牲畜疫病导致{s4}的{reg50}匹马死亡。
qstr_A_livestock_epidemic_ha|牲畜疫病导致{s4}的{reg50}匹马和{reg5}只羊死亡。
qstr_A_livestock_epidemic_has|牲畜疫病导致{s4}的{reg50}匹马和{reg4}头牛死亡。
qstr_A_livestock_epidemic_has_|牲畜疫病导致{s4}的{reg4}头牛和{reg5}只羊死亡。
qstr_A_livestock_epidemic_has_k|牲畜疫病导致{s4}的{reg4}头牛、{reg5}只羊和{reg50}匹马死亡。
qstr_You_are_informed_that|你收到通知，海滨宅邸的宴会已准备就绪。前往海滨宅邸开始宴会。
qstr_You_receive_a_message|你收到口信：{s40}很感激你的邀请，将会出席宴会。
qstr_You_receive_a_message:|你收到口信：{s40}不会出席宴会。
qstr_{s40}_deceased_and_w|{s40}已去世，无法出席宴会。
qstr_You_have_an_outstand|你仍欠{s15}{reg1}第纳尔。
qstr_Facing_total_defeat|面对彻底的失败，{s10}自尽了。
qstr_reg7_is_bugged:_{s1}|reg7出错：{s1}。
qstr_Village_farmers_part|{s1}的村庄农民队伍槽位出错（值 = {s2}），已重置。
qstr_You_keep_working_har|你继续为这个村庄辛勤劳作……
qstr_Your_strenuous_villa|你在村庄的繁重劳作结束了。
qstr_Farmers_from_{s35}_h|来自{s35}的农民犯了罪，将被钉上十字架。
qstr_Your_party_is_spotte|你的队伍被{s1}发现了。
qstr_Rumors_reach_you_tha|你听到传言，秘密审判没有结果。
qstr_Secret_trial_ends|秘密审判结束
qstr_The_secret_trial_had|由于你离开了{s22}，秘密审判没有结果。但你现在是{s22}的通缉犯。
qstr_Party_has_nothing_to|队伍没有食物了！
qstr_You_recieve_your_rat|你领到了口粮。
qstr_re_initializing_bann|重新初始化旗帜信息
qstr_{reg1}_{s1}_{reg2?ha|{reg1}名{s1}{reg2?:}在夜间逃离了你的队伍。
qstr_Building_of_{s20}_ha|{s19}的{s20}已建造完成。
qstr_Error:_{s55}_still_h|错误：{s55}仍使用奴隶图标，已移除。请报告此问题。
qstr_{s1}_has_won_the_com|{s1}赢得了{s2}的比赛。
qstr_You_spend_the_night_|你在自己的别墅过夜，无需支付住宿费。
qstr_You_are_within_the_w|你住在所属家族成员的宅邸内，无需支付住宿费。
qstr_You_pay_for_accommod|你支付了住宿费。
qstr_You_are_unable_to_pa|你无力支付住宿费！
qstr_Rumors_reach_you_that|你听到传言，自己被控叛国！一场由{s22}主持的秘密审判正在进行。
qstr_Treason|叛国
qstr_Betrothal_to_{s5}_ex|与{s5}的婚约到期
qstr__Your_tactics_skill_|你的战术技能提高了1点。
qstr__Your_charisma_has_i|你的魅力提高了1点。
qstr__Your_intelligence_h|你的智力提高了1点。
qstr__Your_prisoner_manag|你的俘虏管理技能提高了1点。
qstr__Your_persuasion_ski|你的说服技能提高了1点。
qstr__Your_leadership_ski|你的统御技能提高了1点。
qstr__The_art_of_poop_inc|排便的艺术增加了你的经验。
qstr__Your_trade_skill_ha|你的交易技能提高了1点。
qstr__Your_weapon_master_|你的武器掌握技能提高了1点。
qstr__Your_engineer_skill|你的工程学技能提高了1点。
qstr_You_have_finished_re|你读完了{s1}。{s2}
qstr_Book_Read|书籍读毕
qstr_{reg22}_of_your_priso|你的{reg22}名俘虏从{s40}逃走了！
qstr_Your_slaves_in_{s40}|你在{s40}的奴隶赚取了{reg20}第纳尔。
qstr_Set_freelancer_praet|正确设置从军模式禁卫军槽位。
qstr_The_widow_has_died_a|寡妇去世了，她的全部财富归入国库。
qstr_As_you_still_haven_t|你迟迟没有帮助普皮埃努斯完成请求，他转而向他人寻求支持。
qstr_The_philosopher_is_a|哲学家因你迟迟未抵达泰西封而愤怒，离开了队伍。
qstr_Life_punishes_those_|迟来者总会受到生活的惩罚。如今与帕提亚国王谈判已经太迟了。
qstr_You_didn_t_managed_to|你未能在规定时间内送到粮食。
qstr_You_are_too_late_th|你来迟了，商人已找到其他人提供借款。
qstr_You_didn_t_managed_to_|你未能说服元首。
qstr_{s1}_is_scouted.|已侦察{s1}。
qstr_{s1}_has_switched_fr|{s1}已从{s2}转投{s3}。
qstr_Distance_between_{s1|{s14}与{s15}之间的距离：{reg0}
qstr_Your_caravan_has_bro|你的商队将{s12}送到了{s13}。
qstr_{s13}_is_unimpressed|{s13}对你微薄的礼物无动于衷。
qstr_The_people_of_{s13}_|{s13}的民众对你微薄的礼物无动于衷。
qstr_Your_caravan_has_los|你的商队迷路，放弃了任务！
qstr_Your_messenger_reach|你的信使抵达了{s13}。
qstr_Your_messenger_has_l|你的信使迷路，放弃了任务！
qstr_Not_enough_money_in_|金库资金不足，无法升级部队。
qstr_Your_Custos_Publicus|你的公共卫队长在{s8}将{reg5}名{s6}升级为{s7}。
qstr_{s1}_has_invalid_hom|{s1}的家乡城镇槽位无效。目标：{s2}。槽位：{reg0}
qstr_It_is_rumoured_that_|传言说，{s11}抓到了一名间谍。
qstr_{s0}_is_grumbling_ag|{s0}对你颇有怨言。若继续下去，你的家族关系可能受到威胁。
qstr_{s0}_is_grumbling_aga|{s0}对你颇有怨言，但有{s1}支持，你暂时仍能留在家族中。
qstr_Your_last_estate_was|你的最后一处庄园被攻占，{reg11}第纳尔中的{reg10}第纳尔已转交给你。另有{reg12}第纳尔损失了！
qstr_The_weather_changed_|天气变为“平静”。
qstr_The_weather_changed_t|天气变为“轻风”。
qstr_The_weather_changed_to|天气变为“和风”。
qstr_The_weather_changed_to:|天气变为“大风”。
qstr_The_weather_changed_to:_|天气变为“暴风”。
qstr_Your_piety_effects_y|你的虔诚影响了声望。
qstr_Stability_of_the_Empire_|由于你的统治权过低，帝国稳定度下降。
qstr_Stability_of_the_Empire_d|由于你在元老院的支持率过低，帝国稳定度下降。
qstr_Stability_of_the_Empire_i|由于你在元老院获得支持，帝国稳定度提高。
qstr_The_fires_of_civil_w|内战的战火削弱了帝国的团结，稳定度下降。
qstr_Stability_of_the_Empire_de|由于你的名誉不佳，帝国稳定度下降。
qstr_May_the_gods_give_us|愿诸神赐予我们值得期待的未来。稳定度提高。
qstr_Gods_have_mercy!|诸神啊，发发慈悲！
qstr_You_are_no_longer_pa|你已不再属于罗马，失去了军阶。
qstr_Shaders_set|着色器已设置
qstr_{reg22}_of_your_prison|你的{reg22}名俘虏从队伍中逃走了！
qstr_As_you_are_now_Caesa|如今你已成为凯撒·奥古斯都、罗马的元首，文化转为罗马。
qstr_Set_Player_kingdoms_|设置玩家王国旗帜
qstr_Error:_strange_banne|错误：{s20}的旗帜异常，已重置。原值：{reg1}
qstr_The_senate_meeting_h|元老院会议开始了。
qstr_{s0}_has_recovered_f|{s0}已从劫掠中恢复。
qstr__The_garrison_of_{s4|{s40}的驻军遭到多支叛军袭击！
qstr_Error_on_Rebellion_s|叛乱简单触发器出错
qstr_ERROR_ERROR_ERROR:_Wr|错误错误错误：蛮族叛军队伍错误
qstr_A_messenger_informs_|一名信使告知你，{s67}爆发了叛乱。
qstr_Rebellion|叛乱
qstr_The_people_of_{s67}_|{s67}的民众奋起反抗来自{s66}的统治者！
qstr_It_hurts_Fortuna_how|你的无耻行径令福尔图娜伤心。
qstr_Fortuna_is_pleased_s|福尔图娜很高兴看到你是个正直的人。
qstr_Rumors_say_that_{s44|传言说，{s44}逃缴了{s40}的税款。
qstr_Error_at_the_slave_t|奴隶运输队生成触发器出错！！必须报告此问题！
qstr_ERROR_ERROR_ERROR:_Wro|错误错误错误：奴隶运输队伍错误
qstr_ERROR_ERROR_ERROR:_Wron|错误错误错误：王国英雄队伍错误
qstr_Your_{s0}_adds_prosp|你的{s0}提高了{s50}的繁荣度，也增加了你的名声。
qstr_The_social_housing_d|社会住房法令改善了你与{s50}的关系。
qstr_The_nightly_curfew_l|宵禁法令降低了你与{s50}的关系。
qstr_The_decree_about_ent|入城检查法令降低了你与{s50}的关系。
qstr_The_decree_about_law|执法法令降低了你与{s50}的关系。
qstr_Troops_gain_experien|由于你的{s0}，{s50}的部队获得了经验。
qstr_Your_{s0}_in_{s50}_a|你在{s50}的{s0}增加了你的名声。
qstr_Your_{s0}_in_{s50}_ad|你在{s50}的{s0}增加了繁荣度和名声。
qstr_In_{s22}_has_started|{s22}发生了{s0}。
qstr_The_fire_in_{s60}_de|{s60}的大火摧毁了（{s0}）！
qstr_Due_to_your_bad_repu|由于名誉不佳，你失去了元老院中的支持。
qstr_Do_your_duties_and_h|履行职责，处理请愿。
qstr_During_today_s_train|今天训练时，你意外受伤。伤势虽不严重，但恢复仍需要一些时间。
qstr_Today_you_awoke_wit|今天醒来时，你牙痛欲裂，再也无法掩饰痛苦。
qstr_You_slipped_on_wet_g|你在湿滑的地上摔倒，受了伤。
qstr__While_traveling__Yo|（旅途中）你偶然发现一座废弃的房屋，找到了些战利品。
qstr_The_adventure_life_|冒险、野外生活和持续的训练让你身强体健，随时准备迎接任何挑战。
qstr_Today_you_got_lucky_|今天你运气不错，在灌木后发现一个小袋子，里面有300第纳尔。
qstr_During_a_small_rest_|短暂休息时，地上一个闪亮的物件引起了你的注意。你以为是几枚第纳尔，凑近查看，却发现只是块生锈的金属，毫无价值。
qstr_The_water_reserves_h|储备饮水受到污染，抵达下一座城镇前必须限量供应。
qstr_You_and_your_party_h|你和队伍发现了一辆装满蜂蜜酒的废弃马车，你将酒送给了士兵们。
qstr_Farmes_from_a_nearby|附近村庄的农民为你的部队筹集了大量食物。
qstr_You_have_found_lefto|你发现了一处近期的战场。搜查尸体后，找到了200第纳尔。
qstr_Physicians_in_larger|大城镇的医师可以收费治疗伤口，治疗后几天内即可痊愈，所有负面影响也会消除。
qstr_You_are_wounded|你受伤了。
qstr_You_gained_{reg11}_i|你恢复了{reg11}点智力！
qstr_You_gained_{reg11}_c|你恢复了{reg11}点魅力！
qstr_You_gained_{reg11}_s|你恢复了{reg11}点力量！
qstr_You_gained_{reg11}_a|你恢复了{reg11}点敏捷！
qstr_{s1}You_have_only_on|{s1}你只剩一天时间治疗{reg7}处伤势。请前往大城镇寻求医师治疗。^^
qstr_{s1}{reg7}_of_your_i|{s1}你的{reg7}处伤势{reg8?:}因{reg8?未获治疗:未获治疗}而成为永久损伤。^^
qstr_{s1}{reg7}_of_your_w|{s1}你的{reg7}处伤口{reg8?已经:已经}痊愈，相关能力不再受到限制。
qstr_Wound_Report|伤势报告
qstr_The_poem_{s40}_had_w|{s40}为{s33}写的诗似乎效果不佳。
qstr_Poem_for_a_lady|献给女士的诗
qstr_{s33}_seemed_to_like|{s33}似乎很喜欢{s40}为她写的诗。
qstr_{s40}_s_poem_about_y|{s40}为你写的诗似乎正在各地流传。
qstr_Fame_spreads|名声传扬
qstr_The_promised_troops_|承诺提供的部队抵达了。
qstr_The_promised_troops_c|由于你身陷囹圄，承诺提供的部队找不到你，返回了家乡。
qstr_slot_crucified_slave|{s34}的十字架奴隶图标槽位损坏。
qstr_You_hear_rumors_abou|你听到传言，{s34}不再迫害基督徒。
qstr_You_hear_rumors_about|你听到传言，{s34}正在迫害基督徒。
qstr_Having_women_in_your|随行队伍中有女子，可以提高士气。
qstr_Winter_is_the_worst_|冬季是最不适合战争的时节。天气寒冷，雨水过多，食物短缺。冬天，士兵宁愿守着炉火避寒，也不愿出征。留意士气和粮食储备。
qstr_Deserts_are_relentle|沙漠是无情之地，酷热难耐，水源始终匮乏。
qstr_Your_men_are_getting_|强行军让士兵们渐渐疲惫。
qstr_You_lose_support_in_t|你在元老院的支持减少了。（随时间衰减）
qstr_Danger!|危险！
qstr_The_bandits_approach|强盗正在接近。
qstr_ERROR_ERROR_ERROR:_Wrong|错误错误错误：强盗队伍错误，qst elusive bandits
qstr_{s17}_hires_troops_f|{s17}正在为军团招募部队。
qstr_The_headquarter_of_{|{s7}位于{s5}的驻地已被攻占。新驻地设在{s6}。
qstr_The_province_{s6}_wa|{s6}行省已失陷，{s5}不再担任总督。
qstr_{s21}_s_governorship|{s21}在{s23}的总督任期已满。元老院任命{s22}为新总督。
qstr_Bought_food_is_autom|购买的食物会自动加入随行队伍。
qstr_Buy_food_automaticall|离开时自动购买食物。你可以更改购买的食物种类。{s10}
qstr_You_buy_food_automat|你会自动购买食物。
qstr_List_of_companions_a|同伴及其所在地点列表：^
qstr_The_food_is_automati|食物会自动加入随行队伍。
qstr_enalbe|启用
qstr_disable|停用
qstr_Party_stance_changed|队伍姿态已改为{s0}。
qstr_Change_party_stance_|更改队伍姿态（{s0}）
qstr_HEY|嘿
qstr_Change_party_stance__|更改队伍姿态（当前为{s0}）
qstr_Manage_follower_part|管理随行队伍
qstr_{reg2}_denars_are_ta|从私人金库（存有{reg1}第纳尔）支取{reg2}第纳尔，并从随身钱财（共有{reg3}第纳尔）支取{reg4}第纳尔。
qstr_Do_you_wish_to_revoke|你要撤销{s30}吗？需要花费{reg0}第纳尔。^^{s10}
qstr_Issuing_a_decree_cost|颁布法令需要花费{reg0}第纳尔。你要颁布{s30}吗？^^{s10}
qstr_Building_a_{s0}_would|建造{s0}需要花费{reg0}第纳尔，耗时{reg1}天。是否继续？^^{s10}
qstr_{reg2}_denars_are_tak|从私人金库（存有{reg1}第纳尔）支取{reg2}第纳尔，并从随身钱财（共有{reg3}第纳尔）支取{reg4}第纳尔。^^{reg5?你也可以动用帝国国库，目前存有{reg5}第纳尔。按住Control键点击“是”，即可使用帝国国库资金。:}
qstr_{reg0}_denars_have_b|帝国国库增加了{reg0}第纳尔。
qstr_{reg0}_denars_have_be|从帝国国库支取了{reg0}第纳尔。
qstr_Set_banner|设置旗帜
qstr_Companion_relations:|同伴关系：^
qstr_{s0}^{s1}_likes_{s4}|{s0}^{s1}喜欢{s4}
qstr_{s0}^{s1}_hates_{s4}|{s0}^{s1}厌恶{s4}
qstr_{s0}___^+__Likes_{s4|{s0}   ^+) 喜欢{s4}
qstr_{s0}___^___Hates_{s4|{s0}   ^-) 厌恶{s4}
qstr_List_of_companions_|同伴、所在地点及关系列表：^
qstr_{s0}^_____+__Likes_{|{s0}^     +) 喜欢{s4}
qstr_{s0}^________Hates_{|{s0}^     -) 厌恶{s4}
qstr_Your_pietas_effects_|你的虔敬影响了声望。
qstr_{s72}_Pietas:_{reg57|{s72}虔敬：{reg57}。
qstr_{s72}_Pietas:_0.|{s72}虔敬：0。
qstr_{playername}_I_sens|{playername}，我感觉你的信仰有所动摇。虽然你尚未招致诸神公然鄙弃，但忽视他们的祝福并不明智。再多些虔敬，将大有助于你今后的成功。
qstr_Oh_{playername}_yo|哦，{playername}，你的虔诚实在美好。诸神一定满怀爱意与骄傲地注视着你。这份虔敬鼓舞着你身边的每一个人，也包括我。
qstr_{playername}_your_d|{playername}，你对神明的虔诚实在令人振奋。难怪诸神如此眷顾你，你的虔敬如明灯般闪耀。这份信仰必将为你和你所效力的人带来祝福。
qstr_{playername}_your_p|{playername}，你的虔敬值得赞赏。诸神显然青睐你，但我有时想，这份眷顾给你的满足，是否真如表面看来那么多。
qstr_You_gained_{reg0}_pie|你获得了{reg0}点虔敬！
qstr_You_lost_{reg0}_pieta|你失去了{reg0}点虔敬！
qstr_The_diety_you_have_ch|你所选的神祇受到本文化民众的厌恶，你失去了虔敬！
qstr_Pietas__piety_:|虔敬（虔诚）：
qstr_The_sacrifice_was_suf|祭品足够了。你获得了虔敬！
qstr_The_people_commend_yo|民众赞颂你的慷慨，但祭司团认为你不够虔敬，颇为不满。尽管如此，你的行动还是在一定程度上冲淡了悲剧的阴影，为灾后带来了些许安定与希望。
qstr_Travel_to_mount_Olym|前往奥林匹斯山，击败那只威胁{s23}村庄的“怪物”。
qstr_Party_Morale|队伍士气
qstr_Base_morale:|基础士气：
qstr_You_heard_rumors_about_|你听说了极乐之地的传闻，那是爱琴海中的一座神秘岛屿。去{s10}、{s11}或{s12}的酒馆，与酒馆老板交谈，打听更多有关这个传说的消息。
qstr_You_heard_rumors_about_a|你听说了爱琴海中一座岛屿的传闻。要抵达那里，须航行至基特诺斯岛附近，等待合适的风暴。^^（提示：靠近基特诺斯岛后，按下营地菜单按钮。）
qstr_Set_player_horse|设置玩家坐骑
qstr_player_horse_active|玩家坐骑已激活
qstr_SET_player_position|设置玩家位置
qstr_get_player_position|获取玩家位置
qstr_{s0}_neighbors_of_{s|{s0}是{s1}的邻近地点
qstr_{s0}^{s2}_neighbors_|{s0}^{s2}是{s3}的邻近地点
qstr_{s61}_have_a_defense|{s61}与{s62}订有防御协定
qstr_{s61}_have_an_allian|{s61}与{s62}结为同盟
qstr_Charge_issue|冲锋问题
qstr_Charge_issue_{reg1}|冲锋问题{reg1}
qstr_Charge_issue_{reg0}|冲锋问题{reg0}
qstr_0_Charge_issue_{reg0|0冲锋问题{reg0}
qstr_1_Charge_issue_{reg0|1冲锋问题{reg0}
qstr_2_Charge_issue_{reg0|2冲锋问题{reg0}
qstr_2_Charge_issue_{reg0}|2冲锋问题{reg0}，{reg60}
qstr_{reg0}_corruption|{reg0}损坏
qstr_fac_id_=_{reg10}|势力id = {reg10}
qstr_{s0}__You_|{s0}（你）
qstr_Disable_strategic_ca|停用战略视角
qstr_Higher|更高
qstr_Hey|嘿
qstr_Enable_strategic_cam|启用战略视角
qstr_Weapon_upgrade_settin|武器升级设置
qstr_Go_to_the_villa_of_Lu|前往卢基卢斯在罗马的别墅，杀死他。^（提示：你可以在“罗马名胜”菜单中找到别墅。同伴可以帮你。）
qstr_Spanned|已展开
qstr_Set_position|设置位置
qstr_If_enabled_up_to_fo|启用后，你进入酒馆、在街道漫步等时，最多会有四名同伴陪同。同伴按队伍中的排序出现，排在前面的优先。
qstr_Relocate_horse|重新安置马匹
qstr_spawn_gux|生成gux
qstr_Relocate_gux|重新安置gux
qstr_Use_horse|使用马匹
qstr_Relocate_{s10}|重新安置{s10}
qstr_player_team_{reg15}|玩家队伍{reg15}
qstr_{s0}_team_{reg15}|{s0}队伍{reg15}
qstr_spouse_{s69}|配偶{s69}
qstr_{s1}{s2}_Controversy:_|{s1}{s2}争议：{reg41}^名誉：{s42}。她是你的情人。^属于{s45}^{reg46?她的丈夫，{s46}:}{s47}^距上次见面天数：{reg49}^^诗歌：^  {reg50?{s50}:尚未听过诗歌}
qstr_Check_3|检查3
qstr_Check_5|检查5
qstr_Gold:_{reg0}|金钱：{reg0}
qstr_Notification_slot_hi|最高通知槽位：{reg0}
qstr_Set_time_flow_to_low|将时间流速设为最低
qstr_Set_time_flow_to_0.2|将时间流速设为0.25
qstr_Set_time_flow_to_0.5|将时间流速设为0.50
qstr_Set_time_flow_to_0.7|将时间流速设为0.75
qstr_Set_time_flow_to_nor|将时间流速设为正常
qstr_Set_time_flow_to_1.2|将时间流速设为1.25
qstr_Set_time_flow_to_1.5|将时间流速设为1.50
qstr_Set_time_flow_to_1.7|将时间流速设为1.75
qstr_Set_time_flow_to_2.0|将时间流速设为2.00
qstr_Set_time_flow_to_2.2|将时间流速设为2.25
qstr_Changed_agent_moveme|场景角色移动速度由最慢改为慢
qstr_Changed_agent_movemen|场景角色移动速度由慢改为正常
qstr_Changed_agent_movement|场景角色移动速度由正常改为快
qstr_Changed_agent_movement_|场景角色移动速度由快改为最快
qstr_Changed_agent_movement_s|场景角色移动速度由最快改为最慢
qstr_Ho_ho_ho|嚯嚯嚯
qstr_Switch_to_water|切换至水面
qstr_Switch_to_land|切换至陆地
qstr_Those_strangers_look_|那些外乡人看起来挺有意思，也许能帮我赚些钱。（要拜访他们，请与罗马街头的佩特罗尼乌斯交谈。）
qstr_{s0}^^A_list_of_all_u|{s0}^^所有实用快捷键（战斗与菜单）的列表可在{s10}中查看。
qstr_DIE_CHEATER!_DIE_CHE|作弊者去死！作弊者去死！作弊者去死！
qstr_Party_size|队伍规模
qstr_Double__hard_|双倍（困难）
qstr_Change_size_of_parti|更改队伍规模（也包括玩家队伍）。
qstr_Party_size:_{reg10}|队伍规模：{reg10}
qstr_You_never_knew_your_b|你从未见过亲生父母。^^后来被你称作父亲的那个人，在台伯河上发现了一只顺流漂荡的芦苇篮，里面的你正放声啼哭。他费尽力气，才将你从水中救出，带到安全的岸边。^^他和妻子已没有自己的孩子。最后一个孩子，才在几天前夭折于摇篮。他们将你的出现视为神明的旨意，收养你为{reg11?女儿:儿子}，给了你新的家和爱。^^父亲是一位启蒙教师，教你读书写字。你从成为母亲的那位女子身上，学到了最初的经商知识。你帮她经营街头的小生意；没有人肯买东西时，你就另想办法，从别人的口袋里弄到急需的钱。^^于是，你先去乞讨，后来学会了割钱袋、撬锁。尽管如此，你未遭苦难与疾病，总的来说，童年还算愉快。然而，你总觉得人生该为你安排更多。^^长大后，一切都变了。父母先告诉你，他们如何在台伯河中发现并收养了你。^^你立刻试图查明自己的身世，虽然未有结果，却引起了旁人的注意。你沿台伯河向上游寻找线索或证人，但没人记得什么，也没人听说过河中弃婴的故事。酒馆里的人承诺，付钱就给你答案；可你的钱是真的，盼来的答案却是编造的。就在你准备放弃时，你听说有位老女奴，曾为一个有权势的家族服役。你怀着重燃的希望前去找她，找到的却不是渴求的答案，而是一座新坟。那天晚上，你万念俱灰，在酒馆喝得酩酊大醉。^^就在那一夜，你的父母在家中遭到抢劫并被杀害。再次失去父母的悲痛折磨着你，你追查凶手，终于找到他们，毫不留情地将其全部杀死。然而，你行凶时被人撞见，随后被守夜队逮捕，将被卖为奴隶。
qstr_Hint:_You_can_only_ch|提示：只有与你的军事顾问交谈时，才能更换军团长或解散军团。（顾问位于奥古斯都宫。）
qstr_Leading_companion_pa|率领同伴队伍
qstr_Hey_1|嘿1
qstr_Hey_2|嘿2
qstr_Hey_3|嘿3
qstr_Known_world.|已知世界。
qstr_Leading_a_party|率领队伍
qstr_Recruited_{s35}.|招募了{s35}。
qstr_{s0}^^DEBUG_INFO___L|{s0}^^调试信息 - Legioindex：{reg10}^^
qstr_{s28}_is_commanded_b|{s28}由{s29}指挥。
qstr_{s0}_The_headquarter|{s0}驻地位于{s10}。
qstr_{s0}^^The_legion_has|{s0}^^该军团附属以下辅助军部队：
qstr_^{s28}_commanded_by|^{s28}，由{s10}指挥。
qstr_{s0}^^^Historical_ba|{s0}^^^历史背景：^{s10}
qstr_The_legion_is_comman|该军团由{s29}指挥。
qstr_^____{s28}_commande|^ -) {s28}，由{s10}指挥。
qstr_{s0}^^The_legion_is_|{s0}^^该军团由{s29}指挥。
qstr_{s0}^^^Historical_bac|{s0}^^^历史背景：^^{s10}
qstr_Why_have_you_imprison|你为什么把我关起来，{playername}？我一直以为你爱我……你难道不是我的丈夫吗？^^——她哭了起来。——^^哦，诸神保佑我！
qstr_DEBUG___noble_recrui|调试 - 贵族新兵过多，重置为0
qstr_DEBUG___peasant_recr|调试 - 农民新兵过多，重置为0
qstr_At_least_you_have_tim|你终于有空陪我了，平时我对你来说就像不存在一样。
qstr_{s33}_The_selected_mo|{s33}所选坐骑来自异族文化，因此进口费用更高。
qstr_{s33}_The_selected_it|{s33}所选物品来自异族文化，因此获取材料的费用更高。
qstr_As_the_party_member_w|作为队伍中交易技能最高（{reg2}）的成员，{reg3?你预计:{s1}预计}答复所有请愿需要{reg40}小时。
qstr_Spawn_particle|生成粒子
qstr_You_governor_of_the|你身为{s40}行省的总督，被一名告发者指控逃税、征收高额贡赋剥削民众，以及滥用职权。一位当地律师借此写下请愿书，请求元首介入此案。^^元首现在要求你呈交{s41}全部已建建筑的清单。若不妥善答复，你可能损失名誉、声望乃至官职。若上报的建筑数量有误，你将受到审判。凭借{reg10}级交易技能，你记得{s41}拥有以下建筑：^^{s39}
qstr_Send_the_report...|提交报告……
qstr_CHECK_I|检查I
qstr_CHECK_II|检查II
qstr_CHECK_III|检查III
qstr_Enter_number_of_buil|输入建筑数量：
qstr_You_governor_of_the_|你身为{s40}行省的总督，被一名告发者指控逃税、征收高额贡赋剥削民众，以及滥用职权。一位当地律师借此写下请愿书，请求元首介入此案。^^元首现在要求你呈交{s41}全部已建建筑的清单。若不妥善答复，你可能损失名誉、声望乃至官职。若上报的建筑数量有误，你将受到审判。凭借{reg10}级交易技能，你记得{s41}拥有以下建筑（清单可能有误，取决于你的交易技能！）：^^{s39}
qstr_The_number_of_buildi|上报的建筑数量正确，指控被证实不实。不过，元首发现你尚未建造任何东西，写来一封信：“为了罗马的荣耀，发展你的城镇！你未能妥善履行总督职责，罚款5,000第纳尔。”
qstr_The_number_of_buildin|上报的建筑数量正确，指控被证实不实。
qstr_The_number_of_building|上报的建筑数量有误！财务官报告，实际有{reg12}座建筑。你必须前往罗马，向元首解释情况！
qstr_You_reported_wrong_n|你上报的{s41}已建建筑数量有误。如今你被控贪腐，审判已经启动。前往{s15}解释情况。
qstr_The_number_of_buildings|上报的建筑数量正确，指控被证实不实。不过，元首发现你尚未建造任何东西，写来一封信：“为了罗马的荣耀，发展你的城镇！你未能履行总督职责，罚款5,000第纳尔。”
qstr_The_number_of_buildings_|上报的建筑数量正确，指控被证实不实。不过，元首发现你尚未建造任何东西，写来一封信：“为了罗马的荣耀，发展你的城镇！你未能履行总督职责，罚款5,000第纳尔。”
qstr_The_number_of_buildings_w|上报的建筑数量正确，指控被证实不实。不过，元首发现你尚未建造任何东西，写来一封信：“为了罗马的荣耀，发展你的城镇！你未能妥善履行总督职责，罚款5,000第纳尔。”
qstr_Probability:_{reg20}|概率：{reg20}
qstr_{s40}_have_been_acc|{s40}，你被一名告发者指控逃税、征收高额贡赋剥削民众，以及滥用职权。一位当地律师借此写下请愿书，请求元首介入此案。^^元首现在要求你呈交{s41}全部已建建筑的清单。若不妥善答复，你可能损失名誉、声望乃至官职。若上报的建筑数量有误，你将受到审判。凭借{reg10}级交易技能，你记得{s41}拥有以下建筑（清单可能有误，取决于你的交易技能！）：^^{s39}
qstr_As_{s44}_you_have_a|身为{s44}，你有权动用公款。如今，一名告发者指控你挪用这些资金供个人享乐。^^元首要求你准确申报从国库支取的总额。若无法准确答复，你可能损失名誉、声望乃至官职。遗憾的是，没有任何特定技能能帮你摆脱困境。你必须凭记忆报出准确数额，否则就要面对严重后果！
qstr_Enter_the_exact_amou|输入支取款项的准确数额：
qstr_The_amount_of_funds_|你上报的支取金额正确，指控被证实不实。元首得知你分文未取，十分高兴！
qstr_The_amount_of_funds_t|你上报的支取金额正确，指控被证实不实。
qstr_Your_declared_sum_of|你申报的支取金额不实！负责帝国国库的凯撒释奴报告，你实际上支取了{reg12}第纳尔。现召你前往罗马，亲自在元首面前解释这笔差额！
qstr_You_reported_wrong_nu|你上报的公款支取金额有误。如今你被控贪腐，审判已经启动。前往{s15}解释情况。
qstr_Check_I|检查I
qstr_Check_II|检查II
qstr_Probability:_{reg20}.|概率：{reg20}。掷骰：{reg21}
qstr_Enter_the_taken_amou|输入支取金额：
qstr_As_{s44}_you_have_ac|身为{s44}，你有权动用公款。如今，一名告发者指控你挪用这些资金供个人享乐。^^元首要求你准确申报从国库支取的总额。若无法准确答复，你可能损失名誉、声望乃至官职。遗憾的是，没有任何特定技能能帮你摆脱困境。你必须凭记忆报出准确数额，否则就要面对严重后果！提示：取整到千位，例如243,424取整为243,000。
qstr_You_submit_a_meticul|你提交了一份精心编造的报告，详列所有支取款项及其声称的用途。虽然这些用途全是虚构的，而且无人知晓你的欺骗，但关键的总额与官方记录完全相符。因此，由于总数符合预期，报告获准通过，具体开支未受进一步审查，你伪造的细节也未被查究。针对你的指控因此被认定为毫无根据，予以撤销。
qstr_^^So_far_you_have_ta|^^截至目前，你支取的金额约在{reg22}至{reg23}第纳尔之间。
qstr_Heeding_the_grim_sig|你将这骇人的景象视为警告，决定不拿任何水果，迅速离开这座令人不安的小屋。
qstr_Deciding_the_need_fo|你认为物资需求胜过潜在危险，于是在果林中采了大量苹果。你小心地咬了一口，果肉香甜爽脆，似乎完全无害。
qstr_{playername}_finall|{playername}，你终于来了！说实话，财务官的报告令我……困惑。他声称你试图贿赂他。以你平时的作风，这种指控实在不像你会做的事。其中一定另有隐情。解释一下。
qstr_{playername}_finally|{playername}，你终于来了！我们必须谈一件严重的事。最近拜访你的一名财务官报告说，你试图贿赂他。这是严重的指控，我要听完整的解释。
qstr_{playername}_finally_|{playername}，你终于来了！我收到了拜访你的财务官的一份……令人担忧的报告。他指控你试图贿赂他。坦白说，{playername}，虽然我希望你能做得更好，但这样的指控已越来越不令人意外。这次你有什么话说？
qstr_{playername}_finally_y|{playername}，你终于来了！我们直说吧。财务官的报告就在我桌上：你试图贿赂他。说真的，难道还要我装出震惊的样子？这种明目张胆的手段……真是考验我的耐心。说吧，最好能让我信服。
qstr_Governor_of_{s40}|{s40}总督
qstr_Legate_of_{s40}|{s40}军团长
qstr_As_{s44}_the_manage|身为{s44}，管理公款是你的职责。一名财务官最近抵达，宣布将审查你的开支，尤其是物资采购。他还隐晦地暗示，若你“表示一点善意”，账目中可能出现的差异就能容易得多地解决。
qstr_Offer_a__facilitatio|提供一笔“疏通费”：
qstr_The_procurator_depar|财务官不久后离开。账目审查未发现任何异常，你洗清了所有嫌疑。
qstr_Soon_after_the_procu|财务官离开不久，罗马便送来公文，带来了严重的消息：你被控贪腐，以及企图贿赂帝国官员。看来，那位财务官不仅是审计者，还是奉命试探你廉洁与否的告发者！
qstr_You_have_been_formal|你因企图贿赂财务官而被正式控以贪腐罪。现召你前往{s15}，回应这些严重指控。
qstr_The_unsettling_scene|这令人不安的景象是一道强烈警告。你认为风险太大，便离开绿洲和那位沉默的居民，继续穿越沙漠。
qstr_Thirst_and_hunger_gn|饥渴消磨着你的决心。你决定冒险，从棕榈树上采了一些椰枣。你小心尝了一颗，香甜浓郁，似乎毫无问题。在这沉郁的气氛中，也算是可喜的缓解。
qstr_Grain_Convoy_for_Rom|运往罗马的粮队
qstr_The_Senate_is_curren|元老院正在讨论各项事务，似乎都不十分紧迫。你有机会提出自己的议题，能否成功取决于你能争取多少元老支持。
qstr_The_current_debate_c|当前讨论围绕额外进口粮食的提议展开，表面上是为了确保民众得到充分供养。然而，城中储粮已足，普遍有人怀疑，这项动议是有意羞辱由凯撒·奥古斯都亲自任命、负责粮食供应的粮食长官。
qstr_Senators_are_current|元老们正在讨论应扩大还是削减贵族的传统权利与特权。尤其是，给予贵族出身者更多权利，很可能相应削减平民的权利。
qstr_The_discussion_revol|讨论围绕奴隶享有的权利展开，具体而言，是应扩大还是削减这些权利。其中包括，是否应更严格地限制对奴隶施加惩罚的种类与程度，或让主人保留更大的裁量权。
qstr_It_appears_the_senat|元老们似乎意见分歧，无法就当前议题达成共识。
qstr_The_sentiment_within|元老院的意见似乎倾向于修改法律，使其有利于贵族。
qstr_A_majority_of_senato|多数元老似乎支持加强主人权威的措施，可能包括减少对惩罚奴隶的限制。
qstr_It_seems_a_majority_|多数元老似乎支持下令额外购粮的动议。
qstr_The_prevailing_opini|元老们的主流意见倾向于修改法律，使其有利于平民，这很可能意味着削减贵族的特权。
qstr_It_appears_the_Senat|元老院似乎支持改善奴隶处境的措施，例如增加对奴隶所受惩罚的限制。
qstr_A_majority_of_senator|多数元老似乎不愿支持目前额外购粮的命令。
qstr_You_have_been_tasked|元老院委托你说服{s12}颁布有利于贵族的法律，可能扩大他们的权利与特权。
qstr_The_Senate_has_charg|元老院委托你说服{s12}通过有利于平民的法律，很可能需要削减贵族的某些权利。
qstr_Your_mission_from_th|元老院交给你的任务，是与{s12}商谈修改法律以加强主人的权威，可能减少现行法律对惩罚奴隶的限制。
qstr_You_are_to_petition_|你应代表元老院向{s12}请愿，要求立法改善奴隶处境，例如增加对奴隶所受惩罚的限制。
qstr_{s51}__{s1}_culture_|{s51}（{s1}文化）属于{s2}，但尚未授予任何领主。^
qstr_{s51}__{s1}_culture__|{s51}（{s1}文化）属于{s2}。^
qstr_Culture:_{s1}^Prospe|文化：{s1}^繁荣度：{reg1}。^城镇财富：{reg3}。^城镇议事会预算：{reg2}。^关系：{reg4}。^驻军人数：{reg5}人。^俘虏：{s2}。
qstr_Armenian|亚美尼亚
qstr_{s2}^^Province:_{s49}|{s2}^^行省：{s49}^^文化：{s1}
qstr_Strength_of_{reg0}_r|为避免潜在错误，{reg0}的力量降至10！
qstr_Intelligence_of_{reg|为避免潜在错误，{reg0}的智力降至10！
qstr_Charisma_of_{reg0}_r|为避免潜在错误，{reg0}的魅力降至10！
qstr_Agility_of_{reg0}_re|为避免潜在错误，{reg0}的敏捷降至10！
qstr_Strength_of_{reg0}_re|为避免潜在错误，{reg0}的力量降至99！
qstr_Intelligence_of_{reg0|为避免潜在错误，{reg0}的智力降至99！
qstr_Charisma_of_{reg0}_re|为避免潜在错误，{reg0}的魅力降至99！
qstr_Agility_of_{reg0}_red|为避免潜在错误，{reg0}的敏捷降至99！
qstr_Charisma_of_{reg0}_|为避免潜在错误，{reg0}、{reg1}的魅力降至99！
qstr_Strength_of_{reg0}_|为避免潜在错误，{reg0}、{reg1}的力量降至99！
qstr_Intelligence_of_{reg0}|为避免潜在错误，{reg0}、{reg1}的智力降至99！
qstr_Agility_of_{reg0}_{|为避免潜在错误，{reg0}、{reg1}的敏捷降至99！
qstr_Household|家务
qstr_Spouse|配偶
qstr_Quaestor|财务官
qstr_Custos_Publicus|公共卫队长
qstr_Censor|监察官
qstr_You_have_no_{s22}_as|你没有任命{s22}。
qstr_You_have_not_assigne|你尚未任命{s22}。
qstr_Advisors|顾问
qstr_Fire|火灾
qstr_{s22}_is_no_longer_y|{s22}不再担任你的财务官。
qstr_{s22}_is_no_longer_yo|{s22}不再担任你的公共卫队长。
qstr_{s22}_is_no_longer_you|{s22}不再担任你的监察官。
qstr_Select_a_new_ministe|选择新大臣
qstr_Replace|替换
qstr_{s22}_resigned_from_|{s22}辞职了。
qstr_You_have_no_longer_a|你不再拥有{s22}。
qstr_You_have_now_a_{s22}|你现在拥有{s22}。
qstr_Resign|辞职
qstr_Assign|任命
qstr_You_need_to_own_at_l|至少拥有一处聚落或大庄园，才能任命财务官。
qstr_You_need_to_own_at_le|至少拥有一座城镇或堡垒，才能任命公共卫队长。
qstr_You_need_to_own_at_lea|至少拥有一座城镇，才能任命监察官。
qstr_You_need_to_be_ruler|你必须是独立国家的统治者，才能任命大臣。
qstr_Explain:_{s23}|说明：{s23}
qstr_Marry_and_get_a_spou|结婚，迎娶配偶！
qstr_Marry_to_get_a_spous|结婚，迎娶配偶！
qstr_Effects|效果
qstr_Your_minister_{s1}_|你的大臣{s1}，薪饷为{reg1}第纳尔。
qstr_{s0}^Your_praefectus_|{s0}^你的城市长官{s1}，薪饷为{reg1}第纳尔。
qstr_{s0}^Your_{s1}_with|{s0}^你的{s1}，薪饷为{reg1}第纳尔。
qstr_{s0}^Additional_tax_c|{s0}^为打击逃税增派的税吏，薪饷为{reg1}第纳尔。
qstr_Total_household_cost|家务开支总额：
qstr_{s1}_Minister:|{s1}，大臣：
qstr_You_bastard!_Why_have|你这个混蛋！你为什么把我关起来，{playername}？我一直以为你爱我……^^——她哭了起来。——
qstr_Maximum_number_of_sl|奴隶人数已达上限。
qstr_Slaves|奴隶
qstr_Placeholder|占位符
qstr_Placeholder_Slavenam|奴隶姓名占位符
qstr_Free_slave|释放奴隶
qstr_Free_slave_slot.|空闲奴隶槽位。
qstr_Dismiss|解雇
qstr_Empty_slave_slot.|空奴隶槽位。
qstr_Maximum_number_of_co|厨师人数已达上限。
qstr_Cooks|厨师
qstr_Placeholder_Cookname|厨师姓名占位符
qstr_Empty_cook_slot.|空厨师槽位。
qstr_You_don_t_have_enough_s|队伍没有足够的俘虏名额。因此，这名奴隶获得了自由！
qstr_____Slave_Aptitudes_|--- 奴隶专长 ---^
qstr___Exceptionally_stro|- 力大无穷，不知疲倦，最适合农活。
qstr___Well_suited_for_fa|- 很适合耕作和繁重体力劳动。
qstr___Some_aptitude_for_|- 对耕作和一般劳动有些天分。
qstr___Powerful_physique|- 体格强健，最适合采石或建筑工作。
qstr___A_strong_back_goo|- 筋骨结实，适合采矿与建设工程。
qstr___Shows_potential_fo|- 在采矿或建筑工作方面展现出潜力。
qstr___A_keen_mind_for_co|- 头脑敏锐，擅长经商与管理。
qstr___Has_a_good_head_fo|- 精于计算，适合管理事务。
qstr___Can_handle_basic_a|- 能处理基本账目和作坊管理。
qstr___A_natural_engineer|- 天生的工程师，能够监督大型建设工程。
qstr___Skilled_in_constru|- 熟悉建设工程。
qstr___Possesses_a_knack_|- 对营造和简单施工颇有心得。
qstr___Deeply_corrupt_and|- 极度贪腐，精于偷窃。让其担任任何受信任的职务，都必然造成损失。
qstr___Highly_proficient_|- 偷窃手段高明。若疏于管理，很可能侵吞货物、克扣利润。
qstr___Keen_eyed_and_ligh|- 眼尖手快，贵重物品附近最好别让其无人看管。
qstr___A_true_culinary_ar|- 真正的烹饪大师，宴席足以安抚愤怒的诸神，或左右元老院的投票。无价之宝。
qstr___An_excellent_cook.|- 出色的厨师，即使劣质食材也能做成美味佳肴。
qstr___A_competent_cook._|- 合格的厨师，能将普通食材做成或许值得称赞的一餐。
qstr___Can_prepare_basic|- 能准备平淡无奇的基本口粮，吃不死人。大概吧。别指望什么滋味。
qstr___A_culinary_disaste|- 厨艺堪称灾难。也许能用来毒害围城的敌军，但无论如何都该远离你的私人厨房。
qstr_{s0}^This_one_seems_|{s0}^此人似乎只适合最基本、无需技巧的工作。
qstr_____Attributes____^|--- 属性 ---^
qstr_Check|检查
qstr_Removed_{s1}.|已移除{s1}。
qstr_Added_{s1}.|已添加{s1}。
qstr_Checking_for_{s10}|正在检查{s10}
qstr_Checking_for_{s10}_2|正在检查{s10}，2
qstr_Removed_{s10}.|已移除{s10}。
qstr_Added_{s10}.|已添加{s10}。
qstr_fallback|备用处理
qstr_fallback_1|备用处理1
qstr_fallback_2|备用处理2
qstr_Check_button|检查按钮
qstr_You_have_no_slaves_t|没有可指派的奴隶。你需要先将奴隶作为俘虏带在队伍中，才能将其指派到家中。
qstr_Select_a_household_s|选择一名家奴担任厨师。
qstr_Select_a_household_sl|选择一名家奴从事家务。
qstr_{s20}__{reg0}_in_par|{s20}（队伍中有{reg0}人）
qstr_Select_an_imprisoned|选择一名被关押的奴隶担任厨师。
qstr_Select_an_imprisoned_|选择一名被关押的奴隶从事家务。
qstr_{s20}__{reg0}_in_{s1|{s20}（{s1}中有{reg0}人）
qstr_Generating_random_fa|在{s19}与{s20}之间生成随机面容。
qstr_Generated_random_fac|已生成随机面容：{s19}
qstr_Hair_values:_{reg1}_|发型值：{reg1}和{reg2}。
qstr_Random_hair_value:_{|随机发型值：{reg3}。
qstr_Beard_values:_{reg1}|胡须值：{reg1}和{reg2}。
qstr_Random_beard_value:_|随机胡须值：{reg3}。
qstr_Face_texture_values:|面部贴图值：{reg1}和{reg2}。
qstr_Random_face_texture_|随机面部贴图值：{reg3}。
qstr_Hair_color_values:_{|发色值：{reg1}和{reg2}。
qstr_Random_hair_color_va|随机发色值：{reg3}。
qstr_Age_values:_{reg1}_a|年龄值：{reg1}和{reg2}。
qstr_Random_age_value:_{r|随机年龄值：{reg3}。
qstr_Morph_key_{reg1}_val|变形键{reg1}的值：{reg1}和{reg2}。
qstr_Random_morph_key_{re|随机变形键{reg3}的值：{reg1}。
qstr_Hair:_{reg1}_Beard:|发型：{reg1}，胡须：{reg2}
qstr_Generating_random_fac|在{s1}与{s2}之间生成随机面容。
qstr_Generated_random_face|已生成随机面容：{s3}
qstr_Morph_key_{reg0}|变形键{reg0}
qstr_Morph_key_num_{reg1}|变形键编号{reg1} = {reg0}
qstr_Error:_Invalid_slave|错误：无效的奴隶槽位{reg0}。
qstr_Error:_Invalid_cook_|错误：无效的厨师槽位{reg0}。
qstr_You_need_{reg0}_to_h|你需要{reg0}才能拥有第{reg2}名家奴！
qstr_You_need_{reg0}_to_ha|你需要{reg0}才能拥有第{reg2}名厨师！
qstr_{reg2}._slot_free_sl|第{reg2}个槽位为空闲槽位
qstr_You_have_too_many_ho|你的家奴人数过多。{s1}已被释放。
qstr_You_have_too_many_hou|你的家庭厨师人数过多。{s1}已被释放。
qstr_Your_strength:_{reg0|你的兵力：{reg0}
qstr_Vilagers_strength:_{|村民兵力：{reg0}
qstr_Slave_limit_{reg0}|奴隶上限{reg0}
qstr_Modifiers|修正值
qstr_Total_skill:_{reg1}|总技能：{reg1}，奴隶：{reg2}，厨师：{reg3}
qstr_Error:_Invalid_modif|错误：无效的修正类型{reg0}。
qstr_Corruption__househol|贪腐（家务）：
qstr_Corruption__household|贪腐（家务，{reg2}%）：
qstr_Household_corruption|家务贪腐修正：{reg2}%
qstr_{s1}_has_an_enterpri|{s1}拥有一处产业。
qstr_{reg0}__owned:_{reg2|{reg0}（拥有：{reg2}）
qstr_Apply_admin_eff._for|对税收应用行政效率，原金额：{reg1}，新金额：{reg2}，系数{reg3}
qstr_Apply_admin_eff._for_|对敕令及行政开支应用行政效率，原金额：{reg1}，新金额：{reg2}，系数{reg3}
qstr_Apply_admin_eff._for_s|对聚落税收应用行政效率，原金额：{reg1}，新金额：{reg2}，系数{reg3}
qstr_{s11}^^As_the_party_m|{s11}^^作为队伍中工程学技能最高（{reg2}）的成员，{reg3?你估计:{s3}估计}建造{s4}将花费{reg5}第纳尔（基础费用{reg0}），耗时{reg6}天（基础工期{reg40}）。^^工期与费用受以下因素修正：技能{reg44}%、国家奴隶政策{reg45}%、家奴工程效率{reg47}%。此外，城中俘虏人数对工期的修正为{reg46}%。
qstr_The_cooks_are_true_c|这些厨师是真正的烹饪大师，宴席足以安抚愤怒的诸神，或左右元老院的投票。
qstr_The_cooks_excellent_|这些厨师手艺出色，即使劣质食材也能做成美味佳肴。
qstr_The_cooks_are_compet|这些厨师手艺合格，能将普通食材做成或许值得称赞的一餐。
qstr_The_cooks_can_prepar|这些厨师能准备平淡无奇的基本口粮，希望吃不死人。
qstr_The_cooks_are_a_culi|这些厨师的手艺堪称灾难，也许能用来毒害围城的敌军，但最好让他们远离厨房。
qstr_level:_{reg0}|等级：{reg0}
qstr_Oh_{playername}_my_|哦，{playername}，亲爱的！多么盛大的聚会。你的热情款待令我们所有人倍感荣幸，一切都完美极了！
qstr_It_is_a_delight_to_b|很高兴来到这里，{playername}。你安排了一个美妙的夜晚，谢谢你邀请我。
qstr_Good_evening_{playe|晚上好，{playername}。宴会宾客满堂，我很高兴能出席。
qstr_{playername}._I_have|{playername}，我应召而来。这大厅看起来……还算过得去。
qstr_I_suppose_I_must_mak|我想我总得露个面。这种场合总得让人看见自己，无论同席的人多么……粗鄙。
qstr_There_you_are!_Pleas|你在这里！来，陪我坐一会儿。我刚才正在欣赏音乐。
qstr_I_hope_you_are_enjoy|希望你也在享受自己的宴会，{playername}。有什么事想商谈吗？
qstr_Yes_{playername}?_I|怎么了，{playername}？你有什么需要？
qstr_You_require_my_atten|你又要找我？我正和人说话呢。
qstr_I_do_hope_this_is_im|但愿这事很重要。我们中有些人正想享受这里仅有的一点乐趣。
qstr_My_dearest_{playerna|我最亲爱的{playername}！来到你家令我十分高兴。这场宴会充分证明了你的慷慨与品位！
qstr_It_is_a_genuine_plea|很高兴能出席，{playername}。衷心感谢你的邀请。
qstr_Thank_you_for_your_h|谢谢你的款待，{playername}。这是场不错的聚会。
qstr_Your_invitation_was_|我收到了邀请，{playername}。如你所见，我来了。
qstr_Let_us_be_clear_{pl|话说明白，{playername}。我参加这场……活动，是出于义务，而非情愿。
qstr_Come_my_friend!_Joi|来，朋友！坐到我身边。酒很出色，而你来了之后，作伴的人就更好了！
qstr_Ah_{playername}._I_|啊，{playername}。我正希望找机会与你说几句话。你有什么心事吗？
qstr_What_is_it?_As_you_c|什么事？你也看到了，我正和人交谈。
qstr_State_your_business_|有事快说。我的耐心可没有你的酒那么充足。
qstr_Your_cooks_are_true_|你的厨师是真正的烹饪大师，宴席足以安抚愤怒的诸神，或左右元老院的投票。
qstr_By_the_gods_this_is|诸神在上，这场宴席配得上奥林匹斯！请代我向厨师们致意！
qstr_This_is_simply_divin|简直是神品！你的家一定会成为全城的话题。这种手艺，除了皇帝的御膳，真是难得一见！
qstr_Your_cooks_are_excel|你的厨师手艺出色，即使普通食材也能做成美味佳肴。
qstr_This_is_truly_a_rema|这顿饭实在出色，滋味精妙。你家里有几位很有天分的厨师。
qstr_What_a_delightful_me|多么美味的一餐！每道菜都恰到好处。你的厨师真是超常发挥。
qstr___An_excellent_cook|- 出色的厨师，能用普通食材做出美味佳肴。
qstr_Your_cooks_are_compe|你的厨师手艺合格，能够准备体面的一餐，应该能让宾客满意。
qstr_A_most_respectable_m|很体面的一餐。虽然简单，却做得用心。你把宾客招待得很好。
qstr_A_very_pleasant_repa|这一餐很愉快，简单却雅致。足见你持家有方。
qstr___A_competent_cook_|- 合格的厨师，能将普通食材做成体面的一餐。
qstr_Your_cooks_can_prepa|你的厨师能准备平淡无奇的基本口粮。填饱肚子应该够了，但别指望赞美。
qstr_Ah..._a_simple_stra|啊……简单朴素的一餐。能填饱肚子，这才重要，不是吗？
qstr_How..._authentic._It|真是……质朴。确实是……滋养身体的一餐。
qstr___Can_prepare_basic_|- 能准备吃不死人的基本口粮。大概吧。别指望什么滋味。
qstr_Your_so_called__cook|你那些所谓的“厨师”，手艺简直是灾难。也许能用来毒害围城的敌军，但该让他们远离我们自己的厨房。
qstr_Forgive_my_candor_b|恕我直言，不过……这是给人吃的吗？我在军团的行军营地都吃得比这好。
qstr_My_dear_I_believe_m|亲爱的，我想我田里的奴隶都吃得比这好。真是……别致。
qstr___A_culinary_disaster|- 厨艺堪称灾难。可用来毒害敌人，但无论如何都该远离你的私人厨房。
qstr_News_of_your_magnifi|你盛大宴会的消息传遍各地。
qstr_Word_of_your_disastr|你那糟糕透顶的饭食传闻不胫而走。这般恶名也增加了你的声望。
qstr_Word_of_your_disastro|你那糟糕透顶的饭食传闻不胫而走。这般恶名增加了你的声望。
qstr_My_dearest_{playernam|我最亲爱的{playername}！来到你家令我十分高兴。这场宴会充分证明了你的慷慨与品位！^至于饭食……{s18}
qstr_It_is_a_genuine_pleas|很高兴能出席，{playername}。衷心感谢你的邀请。^至于饭食……{s18}
qstr_Thank_you_for_your_ho|谢谢你的款待，{playername}。这是场不错的聚会。^至于饭食……{s18}
qstr_Your_invitation_was_r|我收到了邀请，{playername}。如你所见，我来了。^至于饭食……{s18}
qstr_Let_us_be_clear_{pla|话说明白，{playername}。我参加这场……活动，是出于义务，而非情愿。^至于饭食……{s18}
qstr_I_am_{s1}_{Dominus/|我是{s1}，{男主人/女主人}。我是你的家庭厨师之一，负责准备饭食。
qstr_I_am_{s1}_{Dominus/D|我是{s1}，{男主人/女主人}。我是你的家仆之一，按你的意愿管理和维护产业。
qstr_Your_slave_{s0}_died|你的奴隶{s0}死了！
qstr_Mercy_great_{Dominu|饶命，伟大的{男主人/女主人}！求你饶命！别让他们再伤害我！我什么都愿意做，你要我做什么都行！
qstr_No_{Dominus/Domina}|不要，{男主人/女主人}，求求你！我已经尽力了！什么惩罚都行，别鞭打我，求你！
qstr_{Dominus/Domina}_pl|{男主人/女主人}，求求你！若我失职，请告诉我错在哪里，我会弥补。不必鞭打我！
qstr_{Dominus/Domina}?_I.|{男主人/女主人}？我……我不明白。我真的做了什么，让你如此不悦吗？无论哪里做错了，我保证都能改！
qstr_You_wish_to_punish_m|你要惩罚我，{男主人/女主人}？这其中一定有什么误会！求你告诉我，究竟哪里令你烦恼。我活着只为忠心服侍这个家。
qstr_You_are_a_demon_in_h|你是披着人皮的恶魔！愿你的灵魂死后永不得安宁！
qstr_So_this_is_your_just|这就是你的正义？杀死一个无助的仆人？你这暴君，愿诸神诅咒你！
qstr_No!_You_can_t_just__|不！你不能就这样——！我的服侍就这样结束了？我犯了什么罪？！
qstr_Death?_But..._why?_I|死？可……为什么？我不明白自己做了什么，该受这样的惩罚……
qstr_{Dominus/Domina}_ple|{男主人/女主人}，求求你！一定是弄错了！我一直忠心服侍你！别这样！
qstr_I..._I_cannot_believ|我……我不敢相信。我一定犯下了极其严重的过错……请原谅我，{男主人/女主人}。我准备好了。
qstr_Please_{Dominus/Dom|求你了，{男主人/女主人}，我的相貌是诸神所赐……
qstr_I..._I_beg_your_pard|我……恕我冒昧，{男主人/女主人}？我……我不知道该说什么。很抱歉，我的脸令你不快。
qstr____The_slave_begins_|——奴隶不由自主地颤抖起来，双眼因极度恐惧而睁大。——^^不……求你了，{男主人/女主人}……别那样……求求你……
qstr____A_look_of_dread_w|——奴隶脸上满是恐惧，垂下目光望着地板。——^^若……若这是你的命令，{男主人/女主人}。
qstr____The_slave_stands_|——奴隶僵立片刻，神情难辨，随后缓缓而顺从地点头。——^^我明白了，{男主人/女主人}。我会……做好准备。
qstr____The_slave_looks_u|——奴隶抬起头，显然困惑，却并不害怕。——^^你……希望我亲自侍奉你，{s10}？我……很荣幸得到你的注意。我会遵命。
qstr____The_slave_seems_g|——奴隶似乎十分意外，双颊泛红，仿佛将你的命令理解为一种深厚、虽不寻常的信任。——^^当然，我的{男主人/女主人}。一切都听你吩咐。
qstr_Spawned_Slave|已生成奴隶
qstr_Spawned_check|生成检查
qstr_Spawned_check_2|生成检查2
qstr_Talk|交谈
qstr_number_slaves_{reg0}|奴隶数量{reg0}
qstr_num_centers_needed_f|导致效率损失所需聚落数{reg0}
qstr_tax_efficiency_loss_|每处聚落的税收效率损失比例{reg0}
qstr_The_sling_with_which|大卫用来杀死歌利亚的投石索。
qstr_Change_skybox|更换天空盒
qstr_You_have_signed_a_sl|你签订了奴隶贸易契约，现在可以直接向奴隶商人购买奴隶。
qstr_You_have_broken_your_|你解除了旧契约，与{s5}签订了新契约。
qstr_You_have_canceled_yo|你取消了奴隶贸易契约。
qstr_You_have_no_contract|你未与奴隶商人签约，因此无法直接通过菜单交易奴隶。
qstr_You_can_also_sell_pr|你也可以向签有契约的{s10}出售俘虏或购买奴隶。
qstr_You_have_signed_a_sla|你签订了奴隶贸易契约，现在可以直接在领地中购买奴隶。
qstr_{s7}_from_{s8}|来自{s8}的{s7}
qstr_{s11}^^As_the_party_me|{s11}^^作为队伍中工程学技能最高（{reg2}）的成员，{reg3?你估计:{s3}估计}建造{s4}将花费{reg5}第纳尔（基础费用{reg0}），耗时{reg6}天（基础工期{reg40}）。^^工期与费用受以下因素修正：技能{reg44}%、国家奴隶政策{reg45}%、家奴工程效率{reg47}%。监狱奴隶人数：{reg46}%。
qstr_Bring_one_Greek_fema|带一名希腊女奴和一名希腊男奴去见女巫洪娜，以换取丑陋药水。
qstr_You_can_see_the_dist|你能看见地平线上亚历山大里亚遥远的灯光。
qstr_DEBUG:_Lighthouse_sp|调试：灯塔生成于X:{reg5}，Y:{reg6}，Z:{reg7}
qstr_{s20}__{reg2}_can_be|{s20}（可向{s1}购买{reg2}人，每名奴隶{reg3}）
qstr_{reg0}_denars_have_bee|你的债务增加了{reg0}第纳尔。
qstr_{s20}__{reg2}_from_{|{s20}（从{s1}购买{reg2}人，价格{reg3}）
qstr_Buy_or_Sell_slaves.|买卖奴隶。
qstr_{reg2}_{s20}__sell_{|{reg2}名{s20}（每人售价{reg3}）
qstr_{reg2}_{s20}__buy_{r|{reg2}名{s20}（每人购价{reg3}）
qstr_Buy_or_Sell_slaves|买卖奴隶
qstr_Select_a_slave.|选择一名奴隶。
qstr_Buy|购买
qstr_Sell|出售
qstr_{s2}_{reg43}_{s1}_fo|{s2}{reg43}名{s1}，共{reg44}第纳尔。
qstr_Confirm|确认
qstr_Your_wealth:_{reg2}_|你的财富：{reg2}第纳尔。
qstr_Prisoner_limit_{reg4|俘虏上限{reg4}（已用{reg3}）。
qstr_Check_{s5}_{s6}|检查{s5}，{s6}
qstr_{s1}_in_{s2}|{s1}位于{s2}
qstr_Removed_{reg0}_{s0}_|从你的队伍移除了{reg0}名{s0}
qstr_This_throwing_surrou|这件投掷武器散发着强大的气息。
qstr_Horse_not_active!|马匹未激活！
qstr_Agent_not_active_or_|场景角色未激活或并非人类！
qstr_Attached_scene_prop|已附加场景物件
qstr_Trigger|触发器
qstr_Chariots_only_work_w|战车仅在WSE2下可用！
qstr_x_{reg1}_y_{reg2}_|x {reg1}，y {reg2}，z {reg3}
qstr_Init_scene_prop|初始化场景物件
qstr_Start_anim|开始动画
qstr_{s35}_s_chariot_brok|{s35}的战车坏了！
qstr_Damage_delivered|已造成伤害
qstr_Damage_delivered._Hi|已造成伤害。剩余生命值{reg10}。
qstr_Chariot_recieved_{re|战车受到{reg10}点伤害！
qstr_Chariot_recieved_{reg|战车受到{reg10}点伤害！（{reg9} -> {reg11}）
qstr_Chariot_races_are_on|只有使用WSE2才能进行战车比赛。
qstr_You_are_not_using_WS|你未使用WSE2。
qstr_Chariot_races_are_onl|战车比赛仅在使用WSE2时开放。
qstr_High_speed_and_poor_|高速行驶加上技艺不精，损坏了你的战车！（伤害：{reg10}，{reg9} -> {reg11}）
qstr_Chariot_crashed_and_|战车发生碰撞，受损了！（伤害：{reg10}，{reg9} -> {reg11}）
qstr_DEBUG:_Ray_starting_|调试：射线起点X:{reg5}，Y:{reg6}，Z:{reg7}
qstr_DEBUG:_cast_ray_retu|调试：射线投射返回实例id：{reg8}
qstr_DEBUG:_Ray_hit_at_X:|调试：射线命中X:{reg5}，Y:{reg6}，Z:{reg7}
qstr_DEBUG:_Ray_hit_prop:|调试：射线命中物件：{reg1}
qstr_DEBUG:_Ray_did_not_h|调试：射线未命中任何物体。
qstr_DEBUG:_Intersected_p|调试：相交物件：{reg1}
qstr_DEBUG:_Check_for:_{r|调试：检查：{reg1}
qstr_Crash_detected!|检测到碰撞！
qstr_ID:_{reg19}|编号：{reg19}
qstr_{reg10}_props_for_{r|{reg11}有{reg10}个物件
qstr_Check_prop_{reg11}_i|检查物件{reg11}，实例{reg10}
qstr_Distance:_{reg10}|距离：{reg10}
qstr_instance_hit:_{reg10|命中实例：{reg10}，物件id：{reg11}
qstr_Try_to_cast_a_ray|尝试投射射线
qstr_ID:_{r19}|编号：{r19}
qstr_Apply_crash_effects|应用碰撞效果
qstr_Check_chariot_{reg12|检查战车{reg12}，当前时间{reg11}，上次碰撞时间{reg10}
qstr_Crash_detected_at_ti|在时间{reg10}检测到碰撞！
qstr_Diasble_chariot_came|停用战车视角。原因：玩家死亡
qstr_Diasble_chariot_camer|停用战车视角。原因：马匹死亡
qstr_Enable_chariot_camer|启用战车视角。
qstr_Chariot_crashed_and_g|战车发生碰撞，受损了！（伤害：{reg10}）
qstr_High_speed_and_poor_s|高速行驶加上技艺不精，损坏了你的战车！（伤害：{reg10}）
qstr_High_speed_damaged_y|高速行驶损坏了你的战车！（伤害：{reg10}）
qstr_High_speed_damaged_yo|高速行驶损坏了你的战车！（伤害：{reg10}，速度：{reg11}米/秒）
qstr_High_speed_damaged_you|高速行驶损坏了你的战车！（伤害：{reg10}，速度：{reg11}米/秒，技能：{reg13}）
qstr_Malko_great_king|马尔科，大王
qstr_apitarpa_guards_of_|阿皮塔尔帕，国王卫士
qstr_Malko|马尔科
qstr_Malko_s|马尔科的
qstr_Syrians|叙利亚人
qstr_Malka_great_king|马尔卡，大王
qstr_Malka|马尔卡
qstr_Malka_s|马尔卡的
qstr_hall_of_the_king|国王大厅
qstr_hall_of_the_lord|领主大厅
qstr_hall_of_the_shah|沙阿大厅
qstr_palace_of_the_king|国王宫殿
qstr_palace_of_the_lord|领主宫殿
qstr_Trigger_ti_on_agent_|触发器ti on agent dismount
qstr_Change_to_{reg10}|改为{reg10}
qstr_cur_presentation_{re|当前界面{reg10}
qstr_cur_presentation_{reg|当前界面{reg10}，{s10}
qstr_g_presentation_obj_1|g presentation obj 1改为{reg10}
qstr_g_presentation_obj_2|g presentation obj 2改为{reg10}
qstr_If_WSE2_is_enabled_|启用WSE2后，将生成一辆与马匹相连的战车。^请记住，战车的操作方式与马匹相同。^你需要走近马匹才能登上战车。
qstr__Main__Culture_Mode|（主要）文化模式
qstr_Main_Cultures|主要文化
qstr_Find_the_battle_spea|寻找古代帕提亚女王罗多古涅的战矛。女王曾发誓，米底的叛乱未平，绝不编起头发，随后手持投矛骑马出征。潘菲勒的研究表明，这支矛藏在扎格罗斯山脉的一片神庙遗址中，靠近古都{s10}。
qstr_Hint:_To_find_the_te|提示：要找到神庙，请走访米底行省（{s10}附近的村庄），询问各村长老。
qstr_Hint:_To_find_the_tem|提示：要找到神庙，请走访米底阿特罗帕忒涅行省（{s10}附近的村庄），询问各村长老。
qstr_Hint:_Explore_{s10}.|提示：探索{s10}。
qstr_Hint:_The_treasure_i|提示：宝藏藏在{s10}神庙群某处的箱子里。
qstr_You_lost_money!|你损失了钱！
qstr_This_throwing_spear_|这支投矛散发着强大的气息。
qstr_This_throwing_spear_s|这支投矛散发着强大的气息。^传说罗多古涅曾用它平定米底的叛乱。^矛头下方绑着一束编好的头发。
qstr_Hi|你好
qstr_male_slot_{reg4}_fi|男性槽位{reg4}，最终男性数量{reg1}，女性槽位{reg3}，最终女性数量{reg2}
qstr_Bring_200000_denars|带200,000第纳尔、10名叙利亚女奴和10名希腊男奴去见住在空中花园的奇怪女子。
qstr_ERROR:_Quest_failed_|错误：任务发布者变为玩家，导致任务失败。
qstr_CHECK_Latifundia_nea|检查{s29}附近的大庄园。新租金：{reg1}。乘数：{reg2}。奴隶系数：{reg39}。
qstr_Your_reputation_change|你的名誉发生变化。（+{reg10}）新值：{reg11}。
qstr_Your_reputation_changed|你的名誉发生变化。（-{reg10}）新值：{reg11}。
qstr_CHECK_Latifundia_near|检查{s29}附近的大庄园。新租金：{reg36}。乘数：{reg37}。奴隶系数：{reg39}。
qstr_weighted_number_slave|采矿奴隶加权人数：{reg10}
qstr_slaves:_{reg10}|奴隶：{reg10}
qstr_Check_skill:_{reg10}|检查技能：{reg10}
qstr_hall_of_the_pharaoh|法老大厅
qstr_palace_of_the_pharao|法老宫殿
qstr_Pharaoh|法老
qstr_guards_of_the_Pharao|法老卫士
qstr_Pharaoh_s|法老的
qstr_Basileus|巴西琉斯
qstr_guards_of_the_Basile|巴西琉斯卫士
qstr_Basileus_s|巴西琉斯的
qstr_hall_of_the_Pharaoh|法老大厅
qstr_hall_of_the_Basileus|巴西琉斯大厅
qstr_palace_of_the_Pharao|法老宫殿
qstr_palace_of_the_Basile|巴西琉斯宫殿
qstr_The_Ludi_Romani_are_|罗马竞技节正在举行！^{s10}
qstr_The_Saturnalia_are_c|农神节正在举行！^{s10}
qstr_The_Ludi_Romani_are_c|罗马竞技节正在举行！^^{s10}
qstr_The_Saturnalia_are_cu|农神节正在举行！^^{s10}
qstr_You_performed_a_sacr|你举行了献祭！
qstr_Salve._You_have_come|你好。你是来履行职责，献祭敬奉至善至大的朱庇特吗？
qstr_Salve._You_have_come_|你好。你是来履行职责，献祭敬奉萨图尔努斯吗？
qstr_Salve_my_handsome._|你好，俊俏的人。你是来寻求阿佛洛狄忒的祝福吗？那位真正的美之女神？我猜你想变得更加美丽吧。^^——她笑了。——
qstr_You_performed_no_sac|你没有献祭，诸神会生气的……
qstr_You_performed_a_larg|你举行了大规模献祭！
qstr_You_performed_a_medi|你举行了中等规模献祭！
qstr_You_performed_a_smal|你举行了小规模献祭！
qstr_You_delegated_your_d|你将职责交给了他人！
qstr_{s10}_has_decided_to|{s10}决定展开一场盛大的希腊艺术巡游。他打算参加奥林匹克、皮提亚和地峡竞技会，以及各类音乐节。他命你随行，负责安保，确保巡游顺利进行。
qstr_You_are_to_make_prep|你应立即准备启航前往希腊。
qstr_Check_0|检查0
qstr_{s0}^^Talk_with_the_|{s0}^^与{s1}的城镇长官交谈（提示：前往文书室）。你还剩{reg5}{reg5?天:天}（{reg7}{reg6?小时:小时}）。
qstr_{s0}^^Bring_Falernia|{s0}^^带来法勒努姆葡萄酒（提示：在意大利打听）、孔雀和藏红花（提示：在东部行省打听）。你还剩{reg5}{reg5?天:天}（{reg7}{reg6?小时:小时}）。
qstr_{s0}^^__Falernian_Wi|{s0}^^- 法勒努姆葡萄酒（提示：意大利）
qstr_{s0}^^__Saffron__Hin|{s0}^^- 藏红花（提示：东部行省）
qstr_{s0}^^__Peacocks__Hi|{s0}^^- 孔雀（提示：东部行省）
qstr_{s0}^^You_have_{reg5|{s0}^^你还剩{reg5}{reg5?天:天}（{reg7}{reg6?小时:小时}）。
qstr_{s0}^^You_must_prepa|{s0}^^你必须为{s1}的宴会准备饭食。你还剩{reg5}{reg5?天:天}（{reg7}{reg6?小时:小时}）。
qstr_Error_occured_in_men|菜单nero-tour-greece发生错误
qstr_{s0}^^NThe_journey_c|{s0}^^旅程继续前往{s1}。你有{reg5}{reg5?天:天}（{reg7}{reg6?小时:小时}）抵达目的地。
qstr_{s0}^^The_journey_co|{s0}^^旅程继续前往{s1}。你有{reg5}{reg5?天:天}（{reg7}{reg6?小时:小时}）抵达目的地。
qstr_{s0}^^The_next_desti|{s0}^^下一个目的地是{s1}。你有{reg5}{reg5?天:天}（{reg7}{reg6?小时:小时}）抵达目的地。
qstr_{s10}_has_decided_to_|{s10}决定展开一场盛大的希腊艺术巡游。他打算参加奥林匹克和阿克提亚竞技会，以及各类音乐节。他命你随行，负责安保，确保巡游顺利进行。
qstr_Persuade_all_athlets|说服所有运动员，然后回去见欧斯塔库斯。
qstr_{s0}^^The_final_dest|{s0}^^最后的目的地是{s1}。你有{reg5}{reg5?天:天}（{reg7}{reg6?小时:小时}）抵达目的地。
qstr_{s0}^^Enjoy_the_fina|{s0}^^尽情享受雅典最后的盛大宴会！
qstr_Rizz_up_a_lady_to_ge|讨得一位女士的欢心，借此脱身。
qstr_{s1}_paid_{reg1}_dena|{s1}花费{reg1}第纳尔，为{s2}招募部队。
qstr_You_have_an_outstandi|你仍欠{s15}{reg1}第纳尔。
qstr_Your_slaves_in_{s40}_|你在{s40}的奴隶赚取了{reg20}第纳尔。
qstr_Your_last_estate_was_|你的最后一处庄园被攻占，{reg11}第纳尔中的{reg10}第纳尔已转交给你。另有{reg12}第纳尔损失了！
qstr_Today_you_got_lucky_a|今天你运气不错，在灌木后发现一个小袋子，里面有300第纳尔。
qstr_During_a_small_rest_y|短暂休息时，地上一个闪亮的物件引起了你的注意。你以为是几枚第纳尔，凑近查看，却发现只是块生锈的金属，毫无价值。
qstr_You_have_found_leftov|你发现了一处近期的战场。搜查尸体后，找到了200第纳尔。
qstr_You_brought_the_slave|你带来了奴隶。现在{s25}又要求3,000第纳尔购买工具。
qstr_Bring_200000_denari|带200,000第纳尔、10名叙利亚女奴和10名希腊男奴去见住在空中花园的奇怪女子。
qstr_Your_spouse_bought_a_|你的配偶买了一件新衣服，记在你的账上。你的债务增加了20,000第纳尔。
qstr_Your_spouse_bought_ne|你的配偶买了一双新鞋，记在你的账上。你的债务增加了2,000第纳尔。
qstr_The_administration_co|每座堡垒的行政开支为{reg0}第纳尔，敕令开支为{reg1}第纳尔。
qstr_{s1}^The_administrati|{s1}^每座城镇的行政开支为{reg0}第纳尔，敕令开支为{reg1}第纳尔。
qstr_{reg0}_denarii|{reg0}第纳尔
qstr_are_receiving_{reg0}_|每月从帝国预算领取{reg0}第纳尔，归入私人财产。
qstr_are_paying_{reg0}_den|每月从私人财产向帝国预算缴纳{reg0}第纳尔。
qstr_{s11}_has_offered_you|{s11}愿给你{reg23}第纳尔，以换取政治支持。前往{s22}，从放债人那里领取这笔钱。
qstr_You_have_offered_{s11}|你向{s11}提供{reg23}第纳尔，以换取政治支持（影响力）。前往{s22}，会见{s11}的朋友们。
qstr_I_have_{reg29}_denari|我身上有{reg29}第纳尔，愿意用作赎金。钱归你，让我和手下自由离开。
qstr_{s11}_asked_you_to_ra|{s11}请你劫掠{s34}附近的{s14}，并带回{reg33}第纳尔给他。
qstr_{s11}_asked_you_to_sp|{s11}请你监视他的配偶{s14}，查明她是否有私情。她目前在{s32}。你可以花500第纳尔贿赂卫兵，或询问自己的情人（如果你有的话）。女人通常知道最新的闲话。你也可以直接对他撒谎。
qstr_{s9}_asked_you_to_coll|{s9}请你收回{s3}欠{reg65?她:他}的{reg4}第纳尔债务。你接受任务时，{s3}在{s4}。
qstr_A_guest_told_me_about|有位客人跟我说，要开征一种厕所税。他说再过几个月，每上一次厕所就得交1第纳尔！简直荒唐！
qstr_There_is_a_ship_that_|有艘船可以花费{reg1}第纳尔，将你{s3}送往{s1}港。
qstr_Magister_civium_of_{s4|{s4}的市政官给了你{reg12}第纳尔，用于赎回被强盗绑架的女孩。你应在{s3}附近与强盗会面，交付赎金，随后将女孩带回{s4}。
qstr_Magister_civium_of_{s4}|{s4}的市政官承诺，若你能确保{s12}和{s13}不再威胁{s15}与{s14}之间的和谈，就给你{reg12}第纳尔。为此，你必须说服他们，或设法让他们被俘，并一直关押到和平协议达成。
qstr_Magister_civium_of_{s10|{s10}的市政官请你将一群牛赶到{s13}，报酬为{reg8}第纳尔。
qstr_Yes_{playername}_I|是的，{playername}，我有一件棘手的事想请你帮忙。我曾有一件精美的乐器，叫{s13}，出自昔日最伟大的工匠之一{s50}之手，他来自……嗯，我也不太清楚。总之，似乎有个本地卫兵偷走了它。那人躲了起来，谁也找不到。他大概藏在附近某个村子里。若你替我找回{s13}，我会给你{reg33}第纳尔作为报酬。
qstr_Of_course_{s0}_I_wo|当然，{s0}，我很乐意付你{reg25}第纳尔。
qstr_Ach_{s0}_I_am_only|唉，{s0}，我只是个穷村民，只能给你{reg25}第纳尔。
qstr_Ach_{s0}_I_am_only_|唉，{s0}，我只是个穷村民。我只能给你{reg25}第纳尔。
qstr_Oh_{s0}_you_sound_v|哦，{s0}，你说得很有道理。我很乐意付你{reg25}第纳尔。
qstr_Oh_{s0}_your_persua|哦，{s0}，你的口才和魅力真让人难以抗拒。我很乐意付你{reg25}第纳尔。
qstr_Bring_{reg3}_tools_to|将{reg3}件工具送到{s12}。预计可获得{reg4}第纳尔报酬。
qstr_{reg52}_denarii_have|家务开支增加了{reg52}第纳尔。
qstr_I_accept_your_proposa|我接受你的提议。但你必须付给我们{reg50}第纳尔，以示善意。
qstr_Generic_Mercenaries_|通用佣兵与农民
qstr_Find_the_eagle_of_the|找到第十七军团的鹰旗。它应该在大日耳曼尼亚的某处。你应从弗里斯人领地上的巴杜亨娜圣所附近开始寻找，因为条顿堡之战就发生在那里。
qstr_Find_the_eagle_of_the_|找到第十七军团的鹰旗。它应该在大日耳曼尼亚的某处。你应从弗里斯人领地上的巴杜亨娜圣所附近开始寻找，因为条顿堡之战就发生在那里。
qstr_{s11}_asked_you_to_deli|{s11}请你将一份价值{reg34}的礼物送给{s32}的一位元老。^^（提示：前往罗马，点击“采取行动”。）
qstr_peasants:_{reg1}|农民：{reg1}
qstr_The_ladders_have_bee|梯子被摧毁了！
qstr_All_cohorts_are_full|所有大队均已满员。
qstr_Check_correction_of_|检查{s10}老兵修正：{reg1}
qstr_Needed_to_refil_{s10|{s10}所需补员：{reg1}
qstr_Check_correction_{s1|检查{s10}修正：{reg1}
qstr_1_Needed_to_refil_{s|1 {s10}所需补员：{reg1}
qstr_2_Needed_to_refil_{s|2 {s10}所需补员：{reg1}
qstr_3_Needed_to_refil_{s|3 {s10}所需补员：{reg1}
qstr_Gold:_{reg1}|金钱：{reg1}
qstr_The_{reg1}_cohort_is|第{reg1}大队已满员。
qstr_The_{reg1}._cohort_i|第{reg1}大队已满员。
qstr_needed_troops_of_typ|所需{s10}兵种人数：{reg1}
qstr_party_template_{s10}|队伍模板{s10}：{reg1}
qstr_party_template_{s10}:|队伍模板{s10}：{reg1}（{s5}）
qstr_The_{reg1}._cohort_{|第{reg1}大队{s5}已满员。
qstr_The_{reg1}._cohort_{s|第{reg1}大队{s5}未满员，但可用资金或新兵不足。
qstr_actual_join_cost_{s1|{s10}实际招募费用：{reg1}
qstr_actual_refill_cost_{|{s10}实际补员费用：{reg1}
qstr_Apply_quality_effect|应用质量效果
qstr_Apply_quality_effect_|应用质量效果1
qstr_Apply_quality_effect_2|应用质量效果2
qstr_You_have_no_slaves_to|没有可指派的奴隶。你需要先将奴隶作为俘虏带在队伍中，或与奴隶商人签约，才能将其指派到家中。
qstr_In_Britannnia_Gaul!|在不列颠尼亚、高卢！
qstr_South_East!|东南！
qstr_Cor:__{reg1}_{reg2}|坐标：（{reg1}，{reg2}）
qstr_{s28}_commanded_by_|{s28}，由{s0}指挥。^{s29}
qstr____{s28}_commanded_|-) {s28}，由{s0}指挥。^{s29}
qstr_Go_to_the_villa_of_Luc|前往卢基卢斯在罗马的别墅，杀死他。^（提示：你可以在“采取行动”菜单中找到别墅。同伴可以帮你。）
qstr_The_potion_is_a_fake|药水是假的。一定要让图斯内尔达先说出墓穴的位置，再让她喝下！
qstr_Mod_version_{reg0}._|模组版本{reg0}。你正通过原版战团运行本模组。^可考虑使用WSE2。
qstr_Mod_version_{reg0}.|模组版本{reg0}。
qstr_Mod_version_{reg0}._Y|模组版本{reg0}。你正在运行原版战团。^可考虑使用WSE2。
qstr_You_gifted_grain_to_|你将自己物品栏中的粮食赠给了叛军。
qstr_You_gifted_grain_to_t|你将随行队伍中的粮食赠给了叛军。
qstr_You_strive_to_remembe|你努力记住每一名士兵的名字，并在每项决定中力求公正。你的付出有了回报：士兵们对你的敬重超过了其他所有军官。士兵遇见你时会躬身致意，并非迫于军阶，而是发自内心的尊敬。你经过时，他们热情地向你问候，称你公正，是一个真正的罗马人。
qstr_I_ve_heard_of_this_le|我以前听说过这副传奇盔甲。恕我冒昧，但我总觉得你是花钱让铁匠替你仿造的，不然你怎么可能得到它？
qstr_{playername}_I_must|{playername}，我得承认，你的虔诚令人印象深刻。能得到诸神如此深厚的爱，可不是容易的事。我很好奇，这份眷顾是自然而来，还是你不懈努力维系的？
qstr_Impressive_{playern|令人钦佩，{playername}。你的虔诚显然赢得了诸神至高的眷顾。我得承认，这是明智的选择；无论和平还是战争，有上天相助总是莫大的优势。
qstr_{playername}_I_see_|{playername}，我看得出诸神眷顾你，也许比大多数人都更深。这份眷顾非同小可，希望你善用它来巩固自己的地位。
qstr_Show_unassigned:|显示未分配项：
qstr_Settlement_not_part_|聚落不属于你的势力！
qstr_{s12}_is_no_longer_g|{s12}不再担任{s13}的总督！
qstr_{12}_is_no_longer_co|{12}不再担任{s13}的指挥官。
qstr_{s12}_is_no_longer_c|{s12}不再担任{s23}的指挥官。
qstr_{s12}_is_no_longer_co|{s12}不再担任{s13}的指挥官。
qstr_{reg20}_leader_of_{s|{reg20}，{s10}的领袖
qstr_Change|更换
qstr_{s13}_Governor__sena|{s13}总督（元老院支持）
qstr_{s22}_has_currently_|{s22}目前没有总督。
qstr_{s40}_is_currently_gov|{s40}目前是{s22}的总督。
qstr_{s13}_You_may_use_yo|{s13}你可以利用元老院的支持任命新总督。经济信息：{s0}
qstr__Renown:_{reg2}^{s2}^|声望：{reg2}^{s2}^治理{s0}
qstr_Selected:_{s0}_of_{s|已选择：{s1}的{s0}
qstr_{s0}_of_{s1}|{s1}的{s0}
qstr_Selected:_{s0}|已选择：{s0}
qstr_{s1}_has_head_{reg1}|{s1}的头部为{reg1}
qstr_Check_2_{s1}_has_hea|检查2：{s1}的头部为{reg1}
qstr_{s1}_has_head_{s2}|{s1}的头部为{s2}
qstr_Check_2_{s1}_has_pas|检查2：{s1}已通过
qstr_{s1}:_added_weapon_w|{s1}：添加了带有修正{s2}的武器，（{reg0}）
qstr_Applay_for_judean_re|应用于犹太叛军2
qstr_Apply_rand|应用随机值
qstr_Applay_for_judean_reb|应用于犹太叛军1
qstr_Applay_for_judean_rebe|应用于犹太叛军0
qstr_{s9}_of_{s3}_asked_you_|{s3}的{s9}请你在7天内，将{reg13}份{s6}送到{s4}的商铺。
qstr_There_was_an_issue_w|目标数量出现了问题。
qstr_Campaign_AI_has_no_e|战役AI目前不起作用。更改此选项不会产生影响。
qstr_Effects_size_of_band|影响强盗队伍规模：^^-) 差：50%规模。^^-) 中：75%规模。^^-) 好：100%规模。不影响现有队伍！
qstr_{s0}_changed_from_{s|{s0}从{s2}文化转为{s1}文化。
qstr_Test:_{s1}_{reg1}|测试：{s1}，{reg1}
qstr_{s0}_changed_from_{s2|{s0}从{s2}文化转为{s1}文化。
qstr_{s1}_checks_{s2}_sc|{s1}检查{s2}，分数{reg1}
qstr_Not_possible_during_|围城期间无法进行！
qstr_Travel_to_{s22}_and_bu|前往{s22}，在元老院为{s3}的水权主张争取支持。结果取决于你在元老院的支持率和演说技能。
qstr_Travel_to_{s22}_and_bui|前往{s22}，在元老院为{s3}的水权主张争取支持。^^提示：结果取决于你在元老院的支持率和演说技能。
qstr_{s9}_of_{s3}_asked_you_t|{s3}的{s9}请你在7天内，将{reg13}份{s6}送到{s4}的酒馆。
qstr_Your_men_feel_uneasy|士兵们心神不安，觉得海神心情不好。
qstr_Check_6|检查6
qstr_Check_7|检查7
qstr_Check_6_1|检查6 1
qstr_Personality:_{s13}|性格：{s13}
qstr_Personality_of_the_l|军团长的性格：{s13}
qstr_Current_relation_with_t|当前与军团长的关系：{reg20}。{s22}。
qstr_Personality_of_the_t|军团保民官的性格：{s13}
qstr_Current_relation_with_th|当前与军团保民官的关系：{reg20}。{s22}。
qstr_Personality_of_the_g|总督的性格：{s13}
qstr_Current_relation_with_the|当前与总督的关系：{reg20}。{s22}。
qstr_Current_governor:_{s30|现任总督：{s30}。^关系：{reg20}。^{s22}。
qstr_Choice:_{s33}.^Relati|选择：{s33}。^关系：{reg20}。{s22}。
qstr_Canditate:_{s30}.^Rel|候选人：{s30}。^关系：{reg20}。^{s22}。
qstr_{s30}.^Relation:_{reg|{s30}。^关系：{reg20}。^{s22}。
qstr_Hint:_You_can_select_|提示：你只能为皇帝行省选择新总督。元老院会自动任命元老院行省的总督。点击行省类型，可将皇帝行省转为元老院行省。若要将元老院行省转为皇帝行省，应前往元老院。
qstr_You_heard_about_a_wid|你听说{s13}住着一位名叫卢基娅·萨比娜的寡妇。若说服她嫁给你，你就能继承她的全部财富。但你得抓紧，她可能时日无多。其他贵族也盯上了她，尤其是阿莫鲁斯·瓦伦提努斯。
qstr_You_need_to_find_out|你需要查明寡妇在{s13}的确切住址。询问市政官或酒馆老板。
qstr_You_need_to_find_out_|你需要查明寡妇在{s13}的确切住址。询问市政官或酒馆老板。
qstr_The_widow_lives_on_t|寡妇住在阿文提诺山。提示：{s13}的“采取行动”菜单中出现了新选项。
qstr_Amorus_Valentinus_is|阿莫鲁斯·瓦伦提努斯不再是问题了。
qstr_You_heard_about_a_wido|你听说{s14}住着一位名叫卢基娅·萨比娜的寡妇。若说服她嫁给你，你就能继承她的全部财富。但你得抓紧，她可能时日无多。其他贵族也盯上了她，尤其是阿莫鲁斯·瓦伦提努斯。
qstr_You_need_to_find_out_w|你需要查明寡妇在{s14}的确切住址。询问市政官或酒馆老板。
qstr_You_need_to_find_out_wh|你需要查明寡妇在{s14}的确切住址。询问市政官或酒馆老板。
qstr_The_widow_lives_on_th|寡妇住在阿文提诺山。提示：{s14}的“采取行动”菜单中出现了新选项。
qstr_Error_missing_icon_|错误，{s12}缺少图标
qstr_Invalid_start_party:|无效的起始队伍：{reg13}
qstr_Error_at_{s1}._{s2}|{s1}发生错误。{s2}
qstr_There_is_a_ship_that_c|有一艘船可以将你{s3}送往{s1}，费用为{reg1}第纳尔。
qstr_Port_of_Ostia|奥斯提亚港
qstr_Port_of_Piraeus|比雷埃夫斯港
qstr_One_may_travel_to_port|可以前往地中海或黑海的港口。
qstr_Travel_to_ports_in_M|前往地中海或黑海的港口。
qstr_Travel_to_ports_in_Ma|前往地中海的港口。
qstr_Travel_to_ports_in_t|前往黑海的港口。
qstr_Travel_to_ports_in_Mar|前往地中海或黑海的港口
qstr_Travel_to_ports_in_Mare|前往地中海的港口
qstr_Travel_to_ports_in_th|前往黑海的港口
qstr_Slavetrader_created_|在{s1}生成了奴隶商人。
qstr_Traveler_created_at_|在{s1}生成了旅人。
qstr_Traveler_created_at_{|在{s1}生成了旅人，目标：{s2}。
qstr_Slave_trader_created|在{s1}生成了奴隶商人，目标：{s2}。
qstr_{s1}_reached_target|{s1}抵达目标
qstr_The_sound_of_carts_an|数十名奴隶正在劳作，推车与铁锹的声音回荡在四周。这些矿井属于{s31}。
qstr_You_need_{reg0}_reno|你需要{reg0}点声望，才能拥有第{reg2}名家奴！
qstr_You_need_{reg0}_renow|你需要{reg0}点声望，才能拥有第{reg2}名厨师！
qstr_You_have_too_many_hous|你的当前声望不足以容纳这么多家奴。{s1}已被释放。
qstr_You_have_too_many_house|你的当前声望不足以容纳这么多家庭厨师。{s1}已被释放。
qstr_Cook_Limit:_{reg1}|厨师上限：{reg1}
qstr_Slave_Limit:_{reg1}|奴隶上限：{reg1}
qstr_Slave_limits|奴隶上限
qstr_With_renown_{reg10}_|声望达到{reg10}时，可以拥有{reg11}名厨师和{reg12}名家奴！
qstr_{reg0}_renown_requir|第{reg2}名奴隶需要{reg0}点声望
qstr_{reg0}_renown_require|第{reg2}名厨师需要{reg0}点声望
qstr_Error_not_a_slave_t|错误，并非奴隶兵种
qstr_{reg0}_renown_required|第{reg2}名奴隶需要{reg0}点声望
qstr_First_task:_Talk_to_i|首要任务：与罗马东部城市（{s10}、{s11}、{s12}、{s13}、{s14}、{s15}和{s16}）的酒馆老板交谈，打听这位新的帕提亚雷神。
qstr_First_task:_Talk_to_in|首要任务：与罗马东部城市（{s10}、{s11}、{s12}、{s13}、{s14}、{s15}和{s16}）的酒馆老板交谈，打听这位新的帕提亚雷神。
qstr_Find_now_the_Parthian|现在去找那名帕提亚间谍，他曾在罗马东部城市（{s10}、{s11}、{s12}、{s13}、{s14}、{s15}和{s16}）的酒馆四处打听。
qstr_Prepare_for_battle._I|做好战斗准备。人数超过30人后，与{s10}酒馆中的帕提亚密探交谈。
qstr_Meet_the_Parthian_age|在{s10}与帕提亚密探会面。
qstr_You_have_slain_the_gr|你杀死了伟大的雷神，摧毁了亚历山大里亚的帕提亚间谍组织。应该回去向{s10}报告。
qstr_Now_you_know_her_secr|现在你知道她的秘密了，她与{s13}有私情。去与{s39}交谈。
qstr_Now_you_know_her_secre|现在你知道她的秘密了，她与{s13}有私情。去与{s39}交谈。
qstr_It_is_clear_that_she_|显然，她没有情人。去与{s39}交谈。
qstr_You_have_rejected_a_P|你拒绝了帕提亚密探就雷神一事提出的合作。向{s13}报告。
qstr_{s13}_has_agreed_to_|{s13}同意为你出面干预。
qstr_Rumors_reach_you_that_|你听到传言，自己被控叛国！一场由{s22}主持的秘密审判正在进行。^^提示：设法将你与{s22}的关系提高到-20以上。向{s22}的配偶或廷臣寻求帮助。
qstr_{s13}_has_agreed_to_i|{s13}同意为你出面干预。现在等待审判结束。
qstr_Check_{reg13}|检查{reg13}
qstr_Rumors_reach_you_that_y|你听到传言，自己被控叛国！一场由{s13}主持的秘密审判正在进行。
qstr_{s13}_walker_selecte|已选择街头行人{s13}
qstr_Check_{reg1}|检查{reg1}
qstr_Chec_{reg1}|检查{reg1}
qstr_Checkk|检查
qstr_Checkk!|检查！
qstr_HEADQUARTER_SELECTED|已选择驻地
qstr_CHECK_FATHER_OR_LORD|检查父亲或领主
qstr_CHECK_LEADER|检查领袖
qstr_NO_PLAYER!|不是玩家！
qstr_Thucydides___History|修昔底德的《伯罗奔尼撒战争史》。一部记述雅典与斯巴达战争的杰作，^着重描绘权力、战略与冲突中政治角力的残酷现实。
qstr__Rhetorica_ad_Herenn|《致赫伦尼乌斯修辞学》，一部全面论述修辞艺术的罗马著作。书中提供了^关于公开演说、论证和记忆技巧的实用指导。
qstr_A_biography_of__Mega|《亚历山大大帝传》。记述这位传奇国王的生平与征服历程，^讲述如何激发忠诚，带领人们走向未知。
qstr__Paedeia__by_Xenopho|色诺芬的《居鲁士的教育》。一部半虚构的居鲁士大帝传记，探讨统治者的理想教育，^以及明智治国与个人美德的原则。
qstr__Oeconomica__a_trea|《经济学》，一部归于亚里士多德或其学生名下的著作。讨论家庭与国家的治理，^重点阐述财富和资源的管理。
qstr__Polity_of_the_Laced|色诺芬的《拉栖代梦政制》。考察斯巴达的法律与社会制度，^详述塑造其威猛战士的严酷训练与纪律。
qstr__De_architectura__by|维特鲁威的《建筑十书》。罗马建筑与工程的权威指南，^涵盖神庙、输水道乃至攻城机械的建造。
qstr__Rerum_rusticarum_li|瓦罗的《论农业三卷》。一本农业与庄园管理实用指南，^讲述如何最大限度地提高罗马农庄的产出与利润。
qstr__De_bello_Gallico__b|尤利乌斯·凯撒的《高卢战记》。征服高卢的亲历记述，详述^军事行动、遭遇的部落，以及凯撒卓越的战略才华。
qstr__Ars_Amatoria__by_Ov|奥维德的《爱的艺术》。一部机智而富有争议的爱情教诲诗，^教导罗马男女如何寻找、赢得并留住情人。
qstr__Tristia__by_Ovid._A|奥维德的《哀怨集》。诗人在黑海流放期间写成的哀歌集，^诉说深切的悲伤与孤独，并祈求宽恕。
qstr__Odusia__by_Livius_A|李维乌斯·安德罗尼库斯的《奥德修纪》。荷马《奥德赛》的早期拉丁译本，^讲述奥德修斯在特洛伊战争后历经十年艰险、努力返乡的史诗旅程。
qstr__De_Materia_Medica__|迪奥斯科里德斯的《药物论》。一部详尽的草药百科，记述^数百种植物的特性，以及治疗伤病的用途。
qstr__Epitoma_Rei_Militar|韦格提乌斯的《军事概论》。罗马战争的权威手册，涵盖^军团的征募、编制与严格训练。
qstr__Synopsis_of_Aelius_|《埃利乌斯·盖伦医学概要》。汇集这位著名医师的医学知识，^着重论述解剖、外科技术与四体液学说。
qstr__Tabula_Mundi__by_Po|庞波尼乌斯·梅拉的《世界图》。一部描绘已知世界的地理著作，^提供有关遥远土地、贸易路线与旅行的宝贵见解。
qstr__Corpus_Hippocraticu|《希波克拉底文集》。一套与希波克拉底有关的古希腊医学文献，^奠定了医学与治疗的伦理和实践基础。
qstr_{s1}^^Requires_{reg1|{s1}^^阅读需要{reg1}点智力
qstr_^^Reading_Progress:_|^^阅读进度：{reg1}%
qstr_{s1}{s2}^^Requires_{|{s1}{s2}^^阅读需要{reg1}点智力
qstr_{s1}{s2}^^Requires_{r|{s1}{s2}^^需要{reg1}点智力
qstr_{s29}^____{s28}_com|{s29}^ -) {s28}，由{s10}指挥。
qstr_Fuck_it_{s21}!_Such|他妈的，{s21}！真是见鬼！我只找到了几个愿意跟随我们的农家姑娘。这是剩下的钱……
qstr_Your_follower_party_i|你的随行队伍遭到劫掠。全部货物丢失，所有女子被掳为奴隶。
qstr_{s10}_from_{s11}|来自{s11}的{s10}
qstr_Bandits|强盗
qstr_Followers|随从
qstr___None_or_incompeten|（没有奴隶，或现有奴隶无法胜任）
qstr_{s11}^^As_the_party_memb|{s11}^^作为队伍中工程学技能最高（{reg2}）的成员，{reg3?你估计:{s3}估计}建造{s4}将花费{reg5}第纳尔（基础费用{reg0}），耗时{reg6}天（基础工期{reg40}）。^^工期与费用受以下因素修正：技能{reg44}%、国家奴隶政策{reg45}%、家奴工程效率{reg47}%。监狱奴隶人数：{reg46}%{s13}。
qstr_Enemy_Charge!|敌军冲锋！
qstr_Meet_Gaius_Desperatiu|前往{s23}，在盖乌斯·德斯佩拉提乌斯的别墅与他会面。你将获得1,000第纳尔。他承诺，若你帮助他，还会给你更多。
qstr_You_need_to_establish_|你需要在罗马贵族中立足。在罗马，金钱决定一切。一条路是成为富有的大地主，最终跻身贵族。^^目标：拥有200,000第纳尔、5座大庄园，以及至少200点声望。
qstr_You_begrudgingly_wiel|你不情愿地拿起厕用海绵棒，刷洗一座久未打扫的厕所。污垢间的一点亮光吸引了你的目光。你惊讶地发现，秽物中竟藏着50第纳尔，成了这份脏活的意外报酬。在历史的回响中，不起眼的厕所也能成为意想不到的藏宝处，印证着你在古罗马世界旅程中的变幻莫测。^尽管你费了力气，厕所仍然很脏……
qstr_{s0}_has_been_destroy|{s0}已被摧毁。你获得了{reg0}第纳尔。
qstr_{s26}^Last_week_he_spen|{s26}^上周，他在宫廷、仆从、衣物等方面花费了{reg49}第纳尔。
qstr_{s26}^Last_week_he_spend|{s26}^上周，他为家人花费了{reg50}第纳尔。
qstr_{s26}^Last_week_he_spend_|{s26}^上周，他在恋情上花费了{reg51}第纳尔。
qstr_{s26}^Last_week_he_pa|{s26}^上周，他缴纳了{reg52}第纳尔帝国税。
qstr_{s26}^Last_week_he_do|{s26}^上周，他向自己的聚落捐赠了{reg53}第纳尔。
qstr_{s2}^Treasury_of_the_|{s2}^城镇卫队金库：{reg1}第纳尔
qstr_{s2}_now_has_{reg2}_d|{s2}劫掠后现有{reg2}第纳尔。
qstr_{s1}_does_investments|{s1}在{s2}投资，获得了{reg0}第纳尔。
qstr_TAX_{s1}:_tax_paid_to|税收{s1}：向帝国国库缴纳{reg1}第纳尔（总额{reg2}）
qstr_{s10}_constructs_a_{s|{s10}在{s4}建造{s0}，耗时{reg6}天，费用{reg7}第纳尔。
qstr_{s0}_collects_{reg0}_|{s0}从{s4}征收了{reg0}第纳尔，当前财富：{reg1}第纳尔。
qstr_{s10}_upgrades_{s3}{s|{s10}在{s4}升级{s3}{s11}（花费{s1}），剩余{reg0}第纳尔。
qstr_{s1}_spends_time_in_{|{s1}在{s2}逗留，{reg1} -> {reg2}第纳尔。
qstr_You_now_owe_{reg2}_de|你现在欠{s1}{reg2}第纳尔。
qstr_{reg0}_denarii_added|国库增加{reg0}第纳尔。
qstr_{reg0}_denarii_remov|国库扣除{reg0}第纳尔。
qstr_You_sold_{reg1}_{reg3?|你向{s0}卖出{reg1}{reg3?件物品:件物品}，获得{reg0}{reg3?第纳尔:第纳尔}。
qstr_You_sold_{reg1}_{reg3?i|你向{s0}卖出{reg1}{reg3?件物品:件物品}，获得{reg0}{reg3?第纳尔:第纳尔}。
qstr_You_have_bought_{reg2|你购买了{reg2}{reg4?种:种}食物，花费{reg1}{reg3?第纳尔:第纳尔}。
qstr_You_sold_{reg2}_{reg4|你卖出了{reg2}{reg4?种:种}腐烂食物，获得{reg1}{reg3?第纳尔:第纳尔}。
qstr_*_Lex_frumentaria_et_|* 粮食与土地法：^管制粮价，每份最低30第纳尔，最高59第纳尔。同时限制土地占有，规定个人可取得的土地上限，因此最多只能购买10座大庄园。
qstr_You_have_raised_{reg0|你已筹集{reg0}/{reg1}第纳尔赎金。
qstr_Economic_information_|行省经济信息：总财富{reg11}第纳尔。预计税收：{reg12}第纳尔（按正常税率）。
qstr_{reg6}_denarii_were_|遵照你的命令，帝国国库支出{reg6}第纳尔，用于为{s2}招募士兵。
qstr_{reg0}_denarii_have_|帝国国库增加了{reg0}第纳尔。
qstr_{reg0}_denarii_have_b|从帝国国库支取了{reg0}第纳尔。
qstr_Your_minister_{s1}_wi|你的大臣{s1}，薪饷为{reg1}第纳尔。
qstr_{s0}^Your_praefectus_u|{s0}^你的城市长官{s1}，薪饷为{reg1}第纳尔。
qstr_{s0}^Your_{s1}_with_a_|{s0}^你的{s1}，薪饷为{reg1}第纳尔。
qstr_{s0}^Additional_tax_co|{s0}^为打击逃税增派的税吏，薪饷为{reg1}第纳尔。
qstr_You_are_informed_that_|你接到消息，{s11}在近期山火中受损。预计修复费用为50,000第纳尔。
qstr_{reg2}_denarii_are_t|从私人金库（存有{reg1}第纳尔）支取{reg2}第纳尔，并从随身钱财（共有{reg3}第纳尔）支取{reg4}第纳尔。^^{reg5?你也可以动用帝国国库，目前存有{reg5}第纳尔。按住Control键点击“是”，即可使用帝国国库资金。:}
qstr_Wealth:_{reg0}_denari|财富：{reg0}第纳尔
qstr_Inventory:_{reg0}_den|物品栏：{reg0}第纳尔
qstr_You_paid_{reg0}_denar|你支付了{reg0}第纳尔现金偿清债务。
qstr_1000_denarii|1000第纳尔
qstr_Military_rank:_Tribun|军阶：军团保民官（薪饷：{reg1}第纳尔）
qstr_Military_rank:_Praefe|军阶：大队长（薪饷：{reg1}第纳尔）
qstr_Military_rank:_Legatu|军阶：军团长（薪饷：{reg1}第纳尔）
qstr_{s0}:_{reg22}_denari|{s0}：租金增加{reg22}第纳尔
qstr_{s30}:_{reg22}_denari|{s30}：租金增加{reg22}第纳尔
qstr_{s11}^^As_the_party_mem|{s11}^^作为队伍中工程学技能最高（{reg2}）的成员，{reg3?你估计:{s3}估计}建造{s4}将花费{reg5}第纳尔（基础费用{reg0}），耗时{reg6}天（基础工期{reg40}）。^^工期与费用受以下因素修正：技能{reg44}%、国家奴隶政策{reg45}%、家奴工程效率{reg47}%。监狱奴隶人数：{reg46}%。
qstr_Do_you_wish_to_revoke_|你要撤销{s30}吗？需要花费{reg0}第纳尔。^^{s10}
qstr_Issuing_a_decree_costs|颁布法令需要花费{reg0}第纳尔。你要颁布{s30}吗？^^{s10}
qstr_{s0}_has_already_been|{s0}已经建成。是否拆除？你会收回{reg0}第纳尔。
qstr_Building_a_{s0}_would_|建造{s0}需要花费{reg0}第纳尔，耗时{reg1}天。是否继续？^^{s10}
qstr_A_good_way_to_hasten_|加速{s2}陷落的一个好办法，是派一队人潜入，破坏防御、粮仓、水源，或动摇守军的忠诚。这种行动困难且危险，几乎等于送死。派出去的人生还机会很低，但一旦成功，就能重创敌人。他们需要600第纳尔报酬。你想让他们进行哪种破坏？
qstr_You_do_not_have_the_6|你没有支付此任务所需的600第纳尔。
qstr_Party_size:_{reg1}_men_|部队人数：{reg1}人，薪饷：{reg2}第纳尔，^人数上限：{reg3}人。你的金钱：{reg4}第纳尔。
qstr_Wage:_{reg40}_denari|薪饷：{reg40}第纳尔。招募费用：{reg41}第纳尔。
qstr_Recruit_{reg43}_troop|花费{reg44}第纳尔招募{reg43}名士兵。
qstr_You_don_t_have_enough_sp|你的部队空位不足，或金钱不足！
qstr_Current_Wage:_{reg23}|当前薪饷：{reg23}第纳尔。
qstr_Party_size:_{reg1}_men.|部队人数：{reg1}人。^薪饷：{reg2}第纳尔。^人数上限：{reg3}人。^你的金钱：{reg4}第纳尔。^大队上限：{reg5}个大队。
qstr_Party_size:_{reg1}_men.^|部队人数：{reg1}人。^部队薪饷：{reg2}第纳尔。^城镇卫队预算：{reg4}第纳尔。
qstr_{reg0}_denarii_have_be|你的债务增加了{reg0}第纳尔。
qstr_{s2}_{reg43}_{s1}_for|{s2}{reg43}名{s1}，共{reg44}第纳尔。
qstr_Your_wealth:_{reg2}_d|你的财富：{reg2}第纳尔。
qstr_The_number_of_buildings_wa|上报的建筑数量正确，指控被证实不实。不过，元首发现你尚未建造任何东西，写来一封信：“为了罗马的荣耀，发展你的城镇！你未能妥善履行总督职责，罚款5,000第纳尔。”
qstr_Your_declared_sum_of_|你申报的支取金额不实！负责帝国国库的凯撒释奴报告，你实际上支取了{reg12}第纳尔。现召你前往罗马，亲自在元首面前解释这笔差额！
qstr_You_have_stolen_{s39}|你从{s39}那里偷到了{reg32}第纳尔。
qstr_You_gained_{reg50}_den|你劫掠居民获得{reg50}第纳尔，劫掠市政机构获得{reg51}第纳尔，劫掠积存税款获得{reg52}。
qstr_You_gained_{reg50}_dena|你劫掠居民获得{reg50}第纳尔，劫掠市政机构获得{reg51}第纳尔。
qstr_You_donated_2000_dena|你捐赠了2000第纳尔。
qstr___{reg1}_denarii_per|（每晚{reg1}第纳尔）
qstr_Moreover_you_earn_{|此外，你明智地押自己获胜，赚取了{reg8}第纳尔……
qstr_^Buying_{s4}_here_and|^在这里购买{s4}，运到{s5}出售，每件可获利{reg6}第纳尔。{s3}
qstr_Messengers_are_sent|信使出发后，很快传来消息：{s1}的{s3}重新考虑了自己的行动。他送来{reg40}第纳尔礼金，今后不会进攻{s2}。
qstr_Among_the_bodies_yo|你的士兵在尸体中找到了500第纳尔。
qstr_You_have_been_promoted_|恭喜！你已晋升为{s41}！变更如下：^^新薪饷：{reg1}第纳尔。你现在可以从帝国国库领取最多100,000第纳尔，用于招募部队。
qstr_You_have_been_promoted_f|恭喜！你已从{s40}晋升为{s41}！变更如下：^^新薪饷：{reg1}第纳尔。你现在可以从帝国国库领取最多250,000第纳尔，用于招募部队。
qstr_You_have_been_promoted_fr|恭喜！你已从{s40}晋升为{s41}！变更如下：^^新薪饷：{reg1}第纳尔。你现在可以从帝国国库领取最多500,000第纳尔，用于招募部队。
qstr_You_give_fair_warning|你郑重警告了这位野心勃勃的裁缝行会首领，他却不肯听从。第二天，税吏和士兵出现在行会下属的各家店铺，通知他们如今必须取得裁缝许可证才能在城中营业，每张只收取区区10,000第纳尔。整个行业停摆，行会很快宣布换了一位会长，由他商谈合理的条件。
qstr_^^So_far_you_have_tak|^^截至目前，你支取的金额约在{reg22}至{reg23}第纳尔之间。
qstr_You_successfully_embe|你成功贪污了价值{reg33}第纳尔的资金，无人察觉。
qstr_The_farmer_is_punished|农夫被用他自己的棍子责打，那女孩今后将成为随军女子。^你洗劫了农夫的宅院，找到了2,500第纳尔。
qstr_{s47}_recognized_your|{s47}认可你在战斗中的高尚行为，赐给你2,000第纳尔。^^你展现了真正的罗马品格：战场上的美德与勇气。
qstr_After_battle_the_lo|战斗结束后，士兵们分配战利品。你分到了{reg46}第纳尔。
qstr_You_managed_to_get_{r|你得到了{reg46}第纳尔。
qstr_You_donated_10000_den|你捐出了10,000第纳尔。
qstr_You_try_your_best_to_l|你竭力游说，但看来永远别想从{s13}那里拿到一个第纳尔。最终，你只能自己修缮大庄园。
qstr_Increase_your_wealth_|积累财富和影响力，为即将到来的事件做好准备。行动时机到来时，你会收到通知。^（提示：必须经过10天，并拥有500,000第纳尔和1,500点影响力。）
qstr_You_allied_with_{s22}._|你与{s22}结盟了。现在你需要积累财富，为即将到来的事件做好准备。^（提示：必须经过10天，并拥有500,000第纳尔和1,500点影响力。）
qstr_Hold|坚守
qstr_TIME:_{reg1}|时间：{reg1}
qstr_Cur_order:_{reg0}|当前命令：{reg0}
qstr_Set_hold|设置坚守
qstr_Cavalry_AI_engaged|骑兵AI已启动
qstr_Cavalry_AI:_Percent_|骑兵AI：远程比例 = {reg0}
qstr_AI_field_tactics_ski|非王国或文化势力，跳过AI野战战术。
qstr_AI_decision_numbers_|AI决策数值已计算。
qstr_Cavalry_AI:_Number_o|骑兵AI：骑兵人数 = {reg1}
qstr_DEBUG__FormAI_:_In_t|调试（FormAI）：正在执行队伍野战近战战术
qstr_DEBUG__FormAI_:_Num_|调试（FormAI）：弓箭手人数：{reg1}，骑兵人数：{reg2}，步兵人数：{reg3}
qstr_You_could_have_purcha|你本可以找我们手艺精湛的裁缝买身得体的衣服，结果却穿得像个蛮族！
qstr_Go_to_the_villa_of_Luci|前往卢基卢斯在罗马的别墅，杀死他。^（提示：你可以在{s13}的“采取行动”子菜单中找到别墅。同伴可以帮你。）
qstr_Debug:_{reg0}|调试：{reg0}
qstr_beer|啤酒
qstr_Hint:_The_treasure_is|提示：宝藏藏在{s10}神庙群某处的箱子里。找到战矛后，回去见潘菲勒。
qstr_{s20}__rel:_{reg0}__|{s20}（关系：{reg0}），{s13}
qstr_The_feast_concludes_|宴会结束，你领着女士走向更私密的地方……
qstr_You_can_only_change_|只有与你的军事顾问交谈时，才能更换军团长或解散军团。（顾问位于奥古斯都宫。）
qstr_You_can_only_make_ch|只有与你的军事顾问交谈时，才能作出更改。（顾问位于奥古斯都宫。）
qstr_legion:_{reg0}|军团：{reg0}
qstr_{s1}_entered_remove_|{s1}进入解除官职脚本
qstr_Fac:_{s1}|势力：{s1}
qstr_Remove_military_offi|解除军职
qstr_You_have_entered_the|你进入了城镇。
qstr_You_have_lost_your_g|你失去了总督职位。
qstr__Built_by_{s33}.|由{s33}建造。
qstr_Built_by_{s33}._WRON|由{s33}建造。文化不符，建筑无效果！^^拆除建筑，修建属于你文化的同类建筑！
qstr_Decreasing_relation_|与{s0}的关系降低2点。
qstr_Increasing_relation_|与{s0}的关系提高2点。
qstr_DEBUG_No_change_in_r|调试：与{s1}的关系未改变，因为变化会越过中立点。
qstr_DEBUG_No_change_in_re|调试：与{s1}的关系未改变，因为变化会越过中立点。当前关系 = {reg1}，新关系 = {reg2}，变化 = {reg3}。
qstr_There_was_an_issue_wi|最大数量出现了问题。
qstr_The_siege_works_are_|攻城工事已完成，军队已准备好进攻城镇。
qstr_You_are_raiding_a_vi|你正在劫掠村庄……
qstr_You_have_stopped_rai|由于距离太远，你停止了劫掠村庄。
qstr_You_have_been_freed_|俘获你的队伍已不复存在，你重获自由。
qstr_Chariot_physics_disa|任务开始时已停用战车物理效果。
qstr_Disabling_Chariot_ph|任务开始时正在停用战车物理效果……
qstr_Scene_prop_kind:_{re|场景物件类型：{reg1}
qstr_Your_enemies__attemp|敌人刺杀你的企图失败了。现在你应该与禁卫军统领{s20}交谈，也应审问被你俘获的阴谋首领。^（提示：要审问叛徒，必须在他作为俘虏留在你的队伍中时与他交谈。）
qstr_Your_enemies__attempt|敌人刺杀你的企图失败了。你尚未任命禁卫军统领，这项防范措施原本可能阻止袭击。你也应审问被你俘获的阴谋首领。^（提示：要审问叛徒，必须在他作为俘虏留在你的队伍中时与他交谈。）
qstr_After_interrogating_|审问卫兵后，{s20}被揭露为阴谋首领。现在该审问他了。
qstr_It_is_up_to_you_to_d|其他叛徒的命运由你决定。你可以将他们处决。
qstr_Quest_expired_as_{s1|由于{s13}去世，任务已过期。
qstr_As_{s1}_deceased_yo|由于{s1}去世，你的{reg2}债务已清除。
qstr_Debug:_cf_is_desert_|调试：cf is desert or mediterreanian - X:{reg0} Y:{reg1}
qstr_Debug:_Desert/Medite|调试：沙漠/地中海检查 - 低于Y 20
qstr_Debug:_Desert/Mediter|调试：沙漠/地中海检查 - 位于区域1
qstr_ERROR:_Campaign_Type|错误：战役类型并非故事模式，但主线任务处于活动状态。
qstr_Quest_{s0}_slot_{reg|任务{s0}槽位{reg1}：{reg2}
qstr_Debug:_antonia_or_po|调试：antonia或poppaea为空。
qstr_Debug:_antonia_or_pop|调试：antonia或poppaea已死亡或被流放。
qstr_Debug_{reg0}|调试{reg0}
qstr_DEBUG_1|调试1
qstr_DEBUG_2|调试2
qstr_Ave_Caesar!|凯撒万岁！
qstr_{s41}_and_{playernam|{s41}和{playername}
qstr_{s41}_and_{playername|{s41}和{playername}，
qstr_It_s_nighttime.|现在是夜间。
qstr_Heading_into_town...|正在进城……
qstr_It_s_nighttime___som|现在是夜间，有些地点可能已关闭。
qstr_Player_team_is_{reg1|玩家队伍为{reg1}
qstr_Player_team:_{reg1}|玩家队伍：{reg1}
qstr_You_governor_of_the_p|你身为{s40}行省的总督，被一名告发者指控逃税、征收高额贡赋剥削民众，以及滥用职权。一位当地律师借此写下请愿书，请求元首介入此案。^^元首现在要求你呈交{s41}所有曾经建成的建筑清单（已完工的建筑，不包括在建项目！）。若不妥善答复，你可能损失名誉、声望乃至官职。若上报的建筑数量有误，你将受到审判。凭借{reg10}级交易技能，你记得{s41}拥有以下建筑（清单可能有误，取决于你的交易技能！）：^^{s39}
qstr_Debug:_Iteration_{re|调试：迭代{reg1}
qstr_Debug:_START_Iterati|调试：开始迭代
qstr_Debug:_END_Iteration|调试：结束迭代
qstr_Debug:_Iteration_fou|调试：迭代发现问题
qstr_Debug:_Iteration_foun|调试：迭代发现问题{s10}
qstr_Cultural_antipathy_{|文化反感{reg0}
qstr_Antipathi:_{reg0}|反感：{reg0}
qstr_Calculating_cultural|计算{s0}与{s1}之间的文化反感。
qstr_Calculating_cultural_|计算{s0}与{s1}之间的文化反感：{reg0}。
qstr_You_need_to_have_at_le|你至少需要200名未受伤的士兵。
qstr_party_{s0}_has_{reg1|队伍{s0}有{reg1}名健康完好的成员。
qstr_Attached_party_{s0}_|附属队伍{s0}有{reg1}名健康完好的成员。
qstr_DEBUG:_Troop_wealth:|调试：角色财富：{reg55}，建设费用：{reg56}，建设时间：{reg57}
qstr_DEBUG_check_for_{s10|调试：检查{s4}的{s10}。调试：角色财富：{reg55}，建设费用：{reg56}，建设时间：{reg57}
qstr_DEBUG_check_for_{s10}|调试：检查{s4}的{s10}。调试：建筑{s0}。角色财富：{reg55}，建设费用：{reg56}，建设时间：{reg57}
qstr_DEBUG:_Prison_locati|调试：监狱位置为{s1}。
qstr_DEBUG:_Prison_locatio|调试：监狱位置槽位值为{reg1}。
qstr_DEBUG:_Prisoner_sell|调试：俘虏出售价格已计算。
qstr_DEBUG:_Prisoner_buy_|调试：俘虏购买价格已计算。
qstr_DEBUG:_Checking_if_p|调试：检查俘虏能否出售：兵种id {reg0}
qstr_DEBUG:_Checking_if_pr|调试：检查俘虏能否出售：兵种id {reg10}
qstr_DEBUG:_Checking_pris|调试：检查队伍id {reg10}的俘虏上限，上限为{reg0}。
qstr_{s11}_was_moved_from|{s11}从{s12}的监狱转移到了{s13}。
qstr_{s11}_was_moved_to_{|{s11}从不明地点转移到了{s13}。
qstr_Calculating_prisoner|计算队伍{s12}的俘虏上限。
qstr_Calculating_prisoner_|计算非活动队伍的俘虏上限。
qstr_Health_honor_and_h|为健康、荣誉与幸福干杯。愿我们的人民健康，愿追求荣誉者得偿所愿，愿我们的家中充满幸福。
qstr_You_marched_with_your|你率领部队从中央进攻敌人，但很快遭到侧翼包抄，被团团围住。你输了，却积累了许多经验。[战术技能提高1点]
qstr_You_wait_that_your_op|你等待敌人进攻，并部署一些部队保护侧翼。敌军迅速冲来，但战斗开始后又缓缓后退。很快，你被包围了。你输了，却积累了许多经验。[战术技能提高1点]
qstr_You_attack_your_oppon|你进攻敌人，试图通过侧翼机动将其包围。但他从中央后撤，派散兵冲击你的侧翼，化解了攻势。双方战成平手。你从中学到了很多。[战术技能提高1点]
qstr_You_march_forward_wit|你率军前进。接战后，你命令散兵威胁敌军侧翼，同时让中央缓缓后退。很快，敌人被包围了。你获胜了，也从这场战斗中学到了很多。[战术技能提高1点]
qstr_In_a_heroic_frontal_c|你以英勇的正面冲锋压倒敌人，赢得了战斗。[战术技能未提高……]
qstr_Very_good._I_will_or|很好。我会下令昭告整个帝国，我们的儿子是王位的合法继承人！
qstr_Of_course!_Our_blood|当然！我们的血脉强盛。他会成为强大的统帅，我确信如此！
qstr_It_is_destined._I_ha|这是命中注定的。我见过征兆……他会为罗马带来新的黎明。
qstr_Finally._The_throne_|终于。王位属于我们的血脉，必须确保无人质疑他的权利。
qstr_It_is_a_heavy_burden|这是沉重的负担，但他必须承担职责。我们会将他培养得公正而明智。
qstr_Wonderful!_We_shall_|太好了！我们要举行最盛大的庆典！罗马会为他的健康举杯！
qstr_{reg2?Our_Empire:The_{s5}}_has|{reg2?我们的帝国:{s5}}已立{s2}之子{s1}为{s5}王位的继承人。
qstr_No_valid_victor_has_|未找到有效胜者，已随机选择一名参赛者！
qstr_Intrigues_and_plots_a|阴谋诡计是不光彩的勾当。
qstr_I_don_t_have_any_money|我身上没钱付赎金。求你让我们回家，别伤害我们。屠杀我们有违荣誉！
qstr_You_will_gain_my_men_|我的手下将成为你的俘虏。他们都是好战士，善待他们。
qstr_Anything_else_my_ho|还有别的事吗，我尊敬的{playername}？
qstr_Your_dishounorable_g|你贪婪而可耻的行径令犹太民众怒不可遏，他们开始反抗异族占领！
qstr_Now_even_more_people_|现在，更多人认为你不讲荣誉。
qstr_The_woman_seems_happy|那女人似乎对你的决定很高兴，四处宣扬你是个正直的人。
qstr_{s1}_Renown:_{reg40}_|{s1}声望：{reg40}，争议：{reg41}^荣誉：{reg42}，统治权：{reg43}^你是{s45}的{s44}^{reg45?{reg46?你的君主，{s46}，{s47}:你是{s45}的统治者}:}^^朋友：^敌人：^^封地：^  {reg50?{s50}:无封地}
qstr_It_hurts_Fortuna_how_|你的无耻行径令福尔图娜伤心。
qstr_Fortuna_is_pleased_se|福尔图娜很高兴看到你是个正直的人。
qstr_You_have_failed_to_p|你未能妥善调查针对你的阴谋。
qstr_Your_enemies__attempt_|敌人刺杀你的企图失败了。现在你应该与禁卫军统领{s20}交谈，随后审问被你俘获的阴谋首领。^（提示：要完成任务，必须在阴谋首领被关押时与他交谈。）
qstr_Your_enemies__attempt_t|敌人刺杀你的企图失败了。你尚未任命禁卫军统领，这项防范措施原本可能阻止袭击。你也应审问被你俘获的阴谋首领。^（提示：要完成任务，必须在阴谋首领被关押时与他交谈。）
qstr_You_are_informed_that_{|你收到消息，{s20}已被揭露为阴谋首领。
qstr_Check...|正在检查……
qstr_Distributing_prisone|正在向{s13}分配俘虏……
qstr_Distributing_prisoner|正在向盟军队伍分配俘虏……
qstr_No_ally_party_to_dis|没有可分配俘虏的盟军队伍，转向主队伍的附属队伍。
qstr_Distributing_prisoners|正在向附属队伍{s13}分配俘虏……
qstr_Distributing_prisoners_|正在向{s13}的附属队伍分配俘虏……
qstr_{reg0}_rescued_priso|准备将{reg0}名获救俘虏和{reg1}名被俘敌人分配给盟军……
qstr_YOU_KILLED_THE_ENEMY|你杀死了敌方首领！不幸的是，他临死前射出了最后一支弩箭，命中了你。你被击败了……
qstr_She_seems_to_be_very_happ|她似乎非常高兴，接受了你的提议。你的随从已满，因此她被送往你的宫廷，在那里等候你。
qstr_She_seems_to_be_very_happy|她似乎非常高兴，接受了你的提议。你的随从已满，因此她被送往你的宫廷，作为你的妻子在那里等候你。
qstr_She_seems_to_be_very_happy_|她似乎非常高兴，接受了你的提议。你的随从已满，因此她被送往你在{s13}的宫廷，在那里等候你。
qstr_She_seems_to_be_very_happy_a|她似乎非常高兴，接受了你的提议。你的随从已满，因此她被送往你在{s13}的宫廷，作为你的妻子在那里等候你。
qstr_The_training_is_over.|训练结束。按TAB键离开。
qstr_Too_far_away_from_co|距离海岸太远。
qstr_Too_close_to_a_port.|距离港口太近。
qstr_Checking_rebellion_f|检查{s1}的叛乱……
qstr_Check1|检查1
qstr_Check2|检查2
qstr_Chance_of_rebellion:|叛乱概率：{reg1}
qstr_The_slave_trader_is_|奴隶商人目前无法接待……
qstr_The_slave_trader_is_s|奴隶商人生病了……
qstr_You_cannot_visit_the|乔装时无法进入文书室。
qstr_Error___invalid_meet|错误：setup party meeting中的会面角色无效
qstr_If_enabled_you_will|启用后，附近聚落或设有信使站的聚落发现敌人时，你会收到通知。
qstr_{s12}_has_arrived_at|{s12}抵达了{s13}。
qstr_[DBG]_corruption_mod|[调试]贪腐修正（绝对值）= {reg0}
qstr_[DBG]_workshops_tota|[调试]作坊总数（限制为>=0）= {reg0}
qstr_[DBG]_base_=_worksho|[调试]基础值 = 作坊({reg0} - 大庄园={reg1})
qstr_[DBG]_after_+centers|[调试]加聚落数({reg1})后 = {reg0}
qstr_[DBG]_after_*modifie|[调试]乘修正值后 = {reg0}
qstr_[DBG]_after_/100_=_{|[调试]除以100后 = {reg0}
qstr_[DBG]_final_corrupti|[调试]最终贪腐损失（负数，已限制）= {reg0}
qstr_With_renown_{reg10}_y|声望达到{reg10}时，可以拥有{reg11}名家奴和{reg12}名厨师！
qstr_At_the_party_The_Li|聚会时，那位利比亚人告诉你，他喜爱使用丝绸，希望与中国的丝绸商人建立贸易关系。他向大家介绍了一位新成员：名叫阿里的阿拉伯商队护卫，他也将担任你前往巴克特里亚的向导。前往{s22}，在当地酒馆会见那位利比亚人的一名伙伴。
qstr_Now_you_have_Darta._|现在达尔塔在你手里。你应该索要一大笔报酬。
qstr_You_don_t_have_Darta|达尔塔不在你手里。你会说她被蛇咬死了之类的。
qstr_You_have_talked_with_{|你已与{s20}谈过他的女儿。你会救出她，将她带回给{s20}。你确信他会重重酬谢你。也许你能说服加达拉特把妻子卖给你？还是该动用武力？
qstr_You_should_look_for_|你应该在宫中寻找盟友。
qstr_You_have_talked_with_{s|你已与{s20}谈过他的妻子。他似乎想隐瞒什么。
qstr_Debug_{s1}|调试{s1}
qstr_Change_Governor_[Inf|更换总督[影响力]
qstr_{s13}_Governor_[sena|{s13}总督[元老院支持]
qstr_Checking_for_promoti|检查晋升1……
qstr_Checking_for_promotio|检查晋升2……
qstr_Current_rank:_{reg1}|当前军阶：{reg1}，皇帝：{s1}，王国：{s2}
qstr__Now_you_have_the_ran|如今你获得了军团保民官的军阶。我给予你庇护，授予你携带武器、征募部队的权利，并保证你受到罗马帝国法律的保护。{reg1?此外，我任命你为{s1}的总督。守卫此地，维护公共秩序。:}
qstr_Let_it_be_known_that_|昭告众人，自今日起，你便是向我宣誓效忠的{臣下/追随者}，也是我国的一名指挥官。我给予你庇护，授予你以我之名携带武器的权利，并承诺：除非经你同侪的合法裁决，或依据本国的法律与习俗，我绝不剥夺你的生命、自由或财产。{reg1?此外，我将{s1}赐给你作为封地，连同其全部租税和收益。:}
qstr_Hint:_Select_the_coho|提示：选择你要指挥的大队。它必须属于你的势力。
qstr_You_cannot_select_th|无法选择这支军团，因为其指挥官属于{s10}！
qstr_Hint:_Select_the_legi|提示：选择你要指挥的军团。只能选择属于你势力的军团。
qstr_Due_to_the_chaos_of_|由于内战的混乱，你失去了所有官职！！
qstr_Your_faction|你的势力
qstr_Other_faction|其他势力
qstr_{s20}__s21_|{s20}（s21）
qstr_Number_of_{reg0}_{s1|{reg0}名{s1}部队的数量
qstr_DEBUG:_Number_of_uni|调试：部队数量：{reg0}。
qstr_DEBUG:_Count_{s13}_a|调试：将{s13}计为军团。
qstr_DEBUG:_Count_{s13}_as|调试：将{s13}计为辅助军。
qstr_You_lost_some_money.|你损失了一些钱……
qstr_one_of_your_opponent|你在内战中的一位对手
qstr_several_of_your_oppo|你在内战中的数位对手
qstr_{s22}_of_{s23}_defat|{s23}的{s22}击败了{s25}的{s24}。
qstr_DEBUG_3|调试3
qstr_DBUEG_{s1}|调试{s1}
qstr_{s1}_has_been_captur|{s1}被{s2}俘获于{s3}。
qstr_DEBUG_{s1}_has_been_|调试：{s1}被{s2}俘获于{s3}。
qstr_DEBUG_SPECIAL_{s1}_h|特殊调试：{s1}被{s2}俘获于{s3}。
qstr_*_Edictum_mensum:^__T|* 月份敕令：^  {s28}月现已改称{s29}。
qstr_{s10}_refused:_{reg1|{s10}拒绝：{reg10}
qstr_{playername}_I_must_a|{playername}，我得承认，你的虔诚令人印象深刻。能得到诸神如此深厚的爱，可不是容易的事。我很好奇，这份眷顾是自然而来，还是你不懈努力维系的？
qstr_Impressive_{playernam|令人钦佩，{playername}。你的虔诚显然赢得了诸神至高的眷顾。我得承认，这是明智的选择；无论和平还是战争，有上天相助总是莫大的优势。
qstr_{playername}_I_see_th|{playername}，我看得出诸神眷顾你，也许比大多数人都更深。这份眷顾非同小可，希望你善用它来巩固自己的地位。
