trp_player|玩家
trp_player_pl|玩家
trp_tutorial_maceman|钉头锤兵
trp_tutorial_maceman_pl|钉头锤兵
trp_tutorial_archer|弓箭手
trp_tutorial_archer_pl|弓箭手
trp_tutorial_swordsman|剑士
trp_tutorial_swordsman_pl|剑士
trp_novice_fighter|新手斗士
trp_novice_fighter_pl|新手斗士
trp_regular_fighter|熟练斗士
trp_regular_fighter_pl|熟练斗士
trp_veteran_fighter|老练斗士
trp_veteran_fighter_pl|老练斗士
trp_champion_fighter|冠军斗士
trp_champion_fighter_pl|冠军斗士
trp_arena_training_fighter_1|新手斗士
trp_arena_training_fighter_1_pl|新手斗士
trp_arena_training_fighter_2|新手斗士
trp_arena_training_fighter_2_pl|新手斗士
trp_arena_training_fighter_3|熟练斗士
trp_arena_training_fighter_3_pl|熟练斗士
trp_arena_training_fighter_4|熟练斗士
trp_arena_training_fighter_4_pl|熟练斗士
trp_arena_training_fighter_5|熟练斗士
trp_arena_training_fighter_5_pl|熟练斗士
trp_arena_training_fighter_6|老练斗士
trp_arena_training_fighter_6_pl|老练斗士
trp_arena_training_fighter_7|老练斗士
trp_arena_training_fighter_7_pl|老练斗士
trp_arena_training_fighter_8|老练斗士
trp_arena_training_fighter_8_pl|老练斗士
trp_arena_training_fighter_9|冠军斗士
trp_arena_training_fighter_9_pl|冠军斗士
trp_arena_training_fighter_10|冠军斗士
trp_arena_training_fighter_10_pl|冠军斗士
trp_cattle|牛
trp_cattle_pl|牛
trp_sarmatian_peasant|萨尔马提亚部落民
trp_sarmatian_peasant_pl|萨尔马提亚部落民
trp_bosporan_peasant|博斯普鲁斯农民
trp_bosporan_peasant_pl|博斯普鲁斯农民
trp_judean_peasant|犹太农民
trp_judean_peasant_pl|犹太农民
trp_parthian_peasant|帕提亚部落民
trp_parthian_peasant_pl|帕提亚部落民
trp_persian_peasant|波斯农民
trp_persian_peasant_pl|波斯农民
trp_roman_peasant|罗马农民
trp_roman_peasant_pl|罗马农民
trp_celtic_peasant|凯尔特部落民
trp_celtic_peasant_pl|凯尔特部落民
trp_germanic_peasant|日耳曼部落民
trp_germanic_peasant_pl|日耳曼部落民
trp_dacian_peasant|达契亚农民
trp_dacian_peasant_pl|达契亚农民
trp_thracian_peasant|色雷斯农民
trp_thracian_peasant_pl|色雷斯农民
trp_arab_peasant|阿拉伯部落民
trp_arab_peasant_pl|阿拉伯部落民
trp_syrian_peasant|叙利亚部落民
trp_syrian_peasant_pl|叙利亚部落民
trp_eastern_peasant|东方部落民
trp_eastern_peasant_pl|东方部落民
trp_berber_peasant|毛里部落民
trp_berber_peasant_pl|毛里部落民
trp_garamantian_peasant|加拉曼特部落民
trp_garamantian_peasant_pl|加拉曼特部落民
trp_caucasian_peasant|高加索部落民
trp_caucasian_peasant_pl|高加索部落民
trp_greek_peasant|希腊农民
trp_greek_peasant_pl|希腊农民
trp_galatian_peasant|加拉太农民
trp_galatian_peasant_pl|加拉太农民
trp_illyrian_peasant|伊利里亚农民
trp_illyrian_peasant_pl|伊利里亚农民
trp_hispanic_peasant|伊斯帕尼亚农民
trp_hispanic_peasant_pl|伊斯帕尼亚农民
trp_gaulish_peasant|高卢农民
trp_gaulish_peasant_pl|高卢农民
trp_nubian_peasant|努比亚部落民
trp_nubian_peasant_pl|努比亚部落民
trp_saka_peasant|塞种部落民
trp_saka_peasant_pl|塞种部落民
trp_egyptian_peasant|埃及农民
trp_egyptian_peasant_pl|埃及农民
trp_watchman|雇佣投石兵
trp_watchman_pl|雇佣投石兵
trp_caravan_guard|护卫
trp_caravan_guard_pl|护卫
trp_mercenary_swordsman|雇佣矛兵
trp_mercenary_swordsman_pl|雇佣矛兵
trp_hired_blade|雇佣轻盾兵
trp_hired_blade_pl|雇佣轻盾兵
trp_mercenary_bowman|雇佣弓箭手
trp_mercenary_bowman_pl|雇佣弓箭手
trp_mercenary_horseman|雇佣骑兵
trp_mercenary_horseman_pl|雇佣骑兵
trp_mercenary_cavalry|雇佣具装骑兵
trp_mercenary_cavalry_pl|雇佣具装骑兵
trp_illyrian_horseman|伊利里亚骑兵
trp_illyrian_horseman_pl|伊利里亚骑兵
trp_illyrian_infantry|伊利里亚步兵
trp_illyrian_infantry_pl|伊利里亚步兵
trp_slinger_rhodos|罗得岛投石兵
trp_slinger_rhodos_pl|罗得岛投石兵
trp_kreta_archer|克里特弓箭手
trp_kreta_archer_pl|克里特弓箭手
trp_hispanic_infantry|盾兵
trp_hispanic_infantry_pl|盾兵
trp_hispanic_heavy_infantry|披甲盾兵
trp_hispanic_heavy_infantry_pl|披甲盾兵
trp_hoplit|重装步兵
trp_hoplit_pl|重装步兵
trp_phalanx|方阵长枪兵
trp_phalanx_pl|方阵长枪兵
trp_hoplit_2|精锐步兵
trp_hoplit_2_pl|精锐步兵
trp_scythian_horse_archer|斯基泰骑兵
trp_scythian_horse_archer_pl|斯基泰骑兵
trp_scythian_amazon|亚马逊女战士
trp_scythian_amazon_pl|亚马逊女战士
trp_scythian_medium_cavalry|斯基泰持矛骑兵
trp_scythian_medium_cavalry_pl|斯基泰持矛骑兵
trp_scythian_cataphract|斯基泰具装骑兵
trp_scythian_cataphract_pl|斯基泰具装骑兵
trp_dacian_prision_guard|狱卒
trp_dacian_prision_guard_pl|狱卒
trp_dacian_castle_guard|城堡卫兵
trp_dacian_castle_guard_pl|城堡卫兵
trp_celtic_prison_guard|狱卒
trp_celtic_prison_guard_pl|狱卒
trp_celtic_castle_guard|城堡卫兵
trp_celtic_castle_guard_pl|城堡卫兵
trp_sarmatian_prison_guard|狱卒
trp_sarmatian_prison_guard_pl|狱卒
trp_sarmatian_castle_guard|城堡卫兵
trp_sarmatian_castle_guard_pl|城堡卫兵
trp_bosporan_prison_guard|狱卒
trp_bosporan_prison_guard_pl|狱卒
trp_bosporan_castle_guard|城堡卫兵
trp_bosporan_castle_guard_pl|城堡卫兵
trp_germanic_prison_guard|狱卒
trp_germanic_prison_guard_pl|狱卒
trp_germanic_castle_guard|城堡卫兵
trp_germanic_castle_guard_pl|城堡卫兵
trp_batava_prison_guard|狱卒
trp_batava_prison_guard_pl|狱卒
trp_batava_castle_guard|城堡卫兵
trp_batava_castle_guard_pl|城堡卫兵
trp_eastern_prison_guard|狱卒
trp_eastern_prison_guard_pl|狱卒
trp_eastern_castle_guard|城堡卫兵
trp_eastern_castle_guard_pl|城堡卫兵
trp_caucasian_prison_guard|狱卒
trp_caucasian_prison_guard_pl|狱卒
trp_caucasian_castle_guard|城堡卫兵
trp_caucasian_castle_guard_pl|城堡卫兵
trp_roman_prison_guard|狱卒
trp_roman_prison_guard_pl|狱卒
trp_roman_castle_guard|城堡卫兵
trp_roman_castle_guard_pl|城堡卫兵
trp_jew_prison_guard|狱卒
trp_jew_prison_guard_pl|狱卒
trp_jew_castle_guard|城堡卫兵
trp_jew_castle_guard_pl|城堡卫兵
trp_egyptian_prison_guard|狱卒
trp_egyptian_prison_guard_pl|狱卒
trp_egyptian_castle_guard|城堡卫兵
trp_egyptian_castle_guard_pl|城堡卫兵
trp_syrian_prison_guard|狱卒
trp_syrian_prison_guard_pl|狱卒
trp_syrian_castle_guard|城堡卫兵
trp_syrian_castle_guard_pl|城堡卫兵
trp_arabian_prison_guard|狱卒
trp_arabian_prison_guard_pl|狱卒
trp_arabian_castle_guard|城堡卫兵
trp_arabian_castle_guard_pl|城堡卫兵
trp_berber_prison_guard|狱卒
trp_berber_prison_guard_pl|狱卒
trp_berber_castle_guard|城堡卫兵
trp_berber_castle_guard_pl|城堡卫兵
trp_nubian_prison_guard|狱卒
trp_nubian_prison_guard_pl|狱卒
trp_nubian_castle_guard|城堡卫兵
trp_nubian_castle_guard_pl|城堡卫兵
trp_saka_prison_guard|狱卒
trp_saka_prison_guard_pl|狱卒
trp_saka_castle_guard|城堡卫兵
trp_saka_castle_guard_pl|城堡卫兵
trp_garamantian_prison_guard|狱卒
trp_garamantian_prison_guard_pl|狱卒
trp_garamantian_castle_guard|城堡卫兵
trp_garamantian_castle_guard_pl|城堡卫兵
trp_legio_xxii_primigenia|第XXII初生军团新兵
trp_legio_xxii_primigenia_pl|第XXII初生军团新兵
trp_legio_iii_augusta|第III奥古斯塔军团新兵
trp_legio_iii_augusta_pl|第III奥古斯塔军团新兵
trp_legio_v_alaudae|第V云雀军团新兵
trp_legio_v_alaudae_pl|第V云雀军团新兵
trp_legio_xxi_rapax|第XXI猛禽军团新兵
trp_legio_xxi_rapax_pl|第XXI猛禽军团新兵
trp_legio_xx_valeria_victrix|第XX英勇胜利军团新兵
trp_legio_xx_valeria_victrix_pl|第XX英勇胜利军团新兵
trp_legio_vi_victrix|第VI胜利军团新兵
trp_legio_vi_victrix_pl|第VI胜利军团新兵
trp_legio_xi_claudia|第XI克劳狄军团新兵
trp_legio_xi_claudia_pl|第XI克劳狄军团新兵
trp_legio_xiii_gemina|第XIII合组军团新兵
trp_legio_xiii_gemina_pl|第XIII合组军团新兵
trp_legio_v_macedonia|第V马其顿军团新兵
trp_legio_v_macedonia_pl|第V马其顿军团新兵
trp_legio_vi_ferrata|第VI铁甲军团新兵
trp_legio_vi_ferrata_pl|第VI铁甲军团新兵
trp_legio_x_fretensis|第X海峡军团新兵
trp_legio_x_fretensis_pl|第X海峡军团新兵
trp_praetoriani_milites|禁卫军新兵
trp_praetoriani_milites_pl|禁卫军新兵
trp_aquilifer_xxii|第XXII初生军团鹰旗手
trp_aquilifer_xxii_pl|第XXII初生军团鹰旗手
trp_aquilifer_iii|第III奥古斯塔军团鹰旗手
trp_aquilifer_iii_pl|第III奥古斯塔军团鹰旗手
trp_aquilifer_v_alaudae|第V云雀军团鹰旗手
trp_aquilifer_v_alaudae_pl|第V云雀军团鹰旗手
trp_aquilifer_xxi|第XXI猛禽军团鹰旗手
trp_aquilifer_xxi_pl|第XXI猛禽军团鹰旗手
trp_aquilifer_xx|第XX英勇胜利军团鹰旗手
trp_aquilifer_xx_pl|第XX英勇胜利军团鹰旗手
trp_aquilifer_vi_vict|第VI胜利军团鹰旗手
trp_aquilifer_vi_vict_pl|第VI胜利军团鹰旗手
trp_aquilifer_xi|第XI克劳狄军团鹰旗手
trp_aquilifer_xi_pl|第XI克劳狄军团鹰旗手
trp_aquilifer_xiii|第XIII合组军团鹰旗手
trp_aquilifer_xiii_pl|第XIII合组军团鹰旗手
trp_aquilifer_v_mac|第V马其顿军团鹰旗手
trp_aquilifer_v_mac_pl|第V马其顿军团鹰旗手
trp_aquilifer_vi_fer|第VI铁甲军团鹰旗手
trp_aquilifer_vi_fer_pl|第VI铁甲军团鹰旗手
trp_aquilifer_x|第X海峡军团鹰旗手
trp_aquilifer_x_pl|第X海峡军团鹰旗手
trp_aquilifer_praetoriani|禁卫军鹰旗手
trp_aquilifer_praetoriani_pl|禁卫军鹰旗手
trp_vexilarius_xxii|第XXII初生军团旗手
trp_vexilarius_xxii_pl|第XXII初生军团旗手
trp_vexilarius_iii|第III奥古斯塔军团旗手
trp_vexilarius_iii_pl|第III奥古斯塔军团旗手
trp_vexilarius_v_alaudae|第V云雀军团旗手
trp_vexilarius_v_alaudae_pl|第V云雀军团旗手
trp_vexilarius_xxi|第XXI猛禽军团旗手
trp_vexilarius_xxi_pl|第XXI猛禽军团旗手
trp_vexilarius_xx|第XX英勇胜利军团旗手
trp_vexilarius_xx_pl|第XX英勇胜利军团旗手
trp_vexilarius_vi_vict|第VI胜利军团旗手
trp_vexilarius_vi_vict_pl|第VI胜利军团旗手
trp_vexilarius_xi|第XI克劳狄军团旗手
trp_vexilarius_xi_pl|第XI克劳狄军团旗手
trp_vexilarius_xiii|第XIII合组军团旗手
trp_vexilarius_xiii_pl|第XIII合组军团旗手
trp_vexilarius_v_mac|第V马其顿军团旗手
trp_vexilarius_v_mac_pl|第V马其顿军团旗手
trp_vexilarius_vi_fer|第VI铁甲军团旗手
trp_vexilarius_vi_fer_pl|第VI铁甲军团旗手
trp_vexilarius_x|第X海峡军团旗手
trp_vexilarius_x_pl|第X海峡军团旗手
trp_vexilarius_praetoriani|禁卫军旗手
trp_vexilarius_praetoriani_pl|禁卫军旗手
trp_centurio_west|百夫长
trp_centurio_west_pl|百夫长
trp_centurio_preatoriani|禁卫军百夫长
trp_centurio_preatoriani_pl|禁卫军百夫长
trp_signifer|军旗手
trp_signifer_pl|军旗手
trp_cornicen|号角手
trp_cornicen_pl|号角手
trp_legatus_legionis|军团保民官
trp_legatus_legionis_pl|军团保民官
trp_centurio_east|首席百夫长
trp_centurio_east_pl|首席百夫长
trp_aux_vigiles_centurio|消防卫队百夫长
trp_aux_vigiles_centurio_pl|消防卫队百夫长
trp_aux_cav_decurio|骑兵十夫长
trp_aux_cav_decurio_pl|骑兵十夫长
trp_aux_cav_vexilarius|骑兵旗手
trp_aux_cav_vexilarius_pl|骑兵旗手
trp_aux_cav_vexilarius_praetorian|禁卫骑兵旗手
trp_aux_cav_vexilarius_praetorian_pl|禁卫骑兵旗手
trp_aux_signifer|辅助军军旗手
trp_aux_signifer_pl|辅助军军旗手
trp_aux_centurio|辅助军百夫长
trp_aux_centurio_pl|辅助军百夫长
trp_aux_cav|辅助军骑兵
trp_aux_cav_pl|辅助军骑兵
trp_aux_cav_eastern|东方辅助军骑兵
trp_aux_cav_eastern_pl|东方辅助军骑兵
trp_aux_cav_praetoriani|禁卫军骑兵
trp_aux_cav_praetoriani_pl|禁卫军骑兵
trp_aux_cav_praetoriani_2|日耳曼亲卫
trp_aux_cav_praetoriani_2_pl|日耳曼亲卫
trp_aux_inf_alporum|阿尔卑斯步兵
trp_aux_inf_alporum_pl|阿尔卑斯步兵
trp_aux_archer_alporum|阿尔卑斯弓箭手
trp_aux_archer_alporum_pl|阿尔卑斯弓箭手
trp_aux_inf_maurorum|毛里步兵
trp_aux_inf_maurorum_pl|毛里步兵
trp_aux_archer_maurorum|毛里投石兵
trp_aux_archer_maurorum_pl|毛里投石兵
trp_aux_inf_hispanorum|伊斯帕尼亚步兵
trp_aux_inf_hispanorum_pl|伊斯帕尼亚步兵
trp_aux_inf_tungrorum|通格里步兵
trp_aux_inf_tungrorum_pl|通格里步兵
trp_aux_archer_tungrorum|通格里弓箭手
trp_aux_archer_tungrorum_pl|通格里弓箭手
trp_aux_inf_gallorum|高卢步兵
trp_aux_inf_gallorum_pl|高卢步兵
trp_aux_archer_gallorum|高卢弓箭手
trp_aux_archer_gallorum_pl|高卢弓箭手
trp_aux_inf_batavorum|巴塔维步兵
trp_aux_inf_batavorum_pl|巴塔维步兵
trp_aux_archer_batavorum|巴塔维弓箭手
trp_aux_archer_batavorum_pl|巴塔维弓箭手
trp_aux_inf_brittonum|不列颠步兵
trp_aux_inf_brittonum_pl|不列颠步兵
trp_aux_archer_brittonum|不列颠投石兵
trp_aux_archer_brittonum_pl|不列颠投石兵
trp_aux_inf_thracum|色雷斯步兵
trp_aux_inf_thracum_pl|色雷斯步兵
trp_aux_archer_thracum|色雷斯弓箭手
trp_aux_archer_thracum_pl|色雷斯弓箭手
trp_aux_inf_petreorum|佩特拉步兵
trp_aux_inf_petreorum_pl|佩特拉步兵
trp_aux_cav_batavorum|巴塔维骑兵
trp_aux_cav_batavorum_pl|巴塔维骑兵
trp_aux_cav_commagenorum|科马基尼骑兵
trp_aux_cav_commagenorum_pl|科马基尼骑兵
trp_aux_cav_gallorum|高卢骑兵
trp_aux_cav_gallorum_pl|高卢骑兵
trp_aux_cav_ituraeorum|伊图利亚骑兵
trp_aux_cav_ituraeorum_pl|伊图利亚骑兵
trp_aux_archer_sryrorum|叙利亚辅助军弓箭手
trp_aux_archer_sryrorum_pl|叙利亚辅助军弓箭手
trp_aux_archer|辅助军弓箭手
trp_aux_archer_pl|辅助军弓箭手
trp_aux_archer_praetoriana|禁卫军弓箭手
trp_aux_archer_praetoriana_pl|禁卫军弓箭手
trp_aux_slinger|巴利阿里投石兵
trp_aux_slinger_pl|巴利阿里投石兵
trp_aux_inf|辅助军步兵
trp_aux_inf_pl|辅助军步兵
trp_vigilia|消防卫兵
trp_vigilia_pl|消防卫兵
trp_vigilia_exp|熟练消防卫兵
trp_vigilia_exp_pl|熟练消防卫兵
trp_vigilia_vet|老练消防卫兵
trp_vigilia_vet_pl|老练消防卫兵
trp_ballistarii|弩炮手
trp_ballistarii_pl|弩炮手
trp_legio_xxii_primigenia_exp|第XXII初生军团士兵
trp_legio_xxii_primigenia_exp_pl|第XXII初生军团士兵
trp_legio_iii_augusta_exp|第III奥古斯塔军团士兵
trp_legio_iii_augusta_exp_pl|第III奥古斯塔军团士兵
trp_legio_v_alaudae_exp|第V云雀军团士兵
trp_legio_v_alaudae_exp_pl|第V云雀军团士兵
trp_legio_xxi_rapax_exp|第XXI猛禽军团士兵
trp_legio_xxi_rapax_exp_pl|第XXI猛禽军团士兵
trp_legio_xx_valeria_victrix_exp|第XX英勇胜利军团士兵
trp_legio_xx_valeria_victrix_exp_pl|第XX英勇胜利军团士兵
trp_legio_vi_victrix_exp|第VI胜利军团士兵
trp_legio_vi_victrix_exp_pl|第VI胜利军团士兵
trp_legio_xi_claudia_exp|第XI克劳狄军团士兵
trp_legio_xi_claudia_exp_pl|第XI克劳狄军团士兵
trp_legio_xiii_gemina_exp|第XIII合组军团士兵
trp_legio_xiii_gemina_exp_pl|第XIII合组军团士兵
trp_legio_v_macedonia_exp|第V马其顿军团士兵
trp_legio_v_macedonia_exp_pl|第V马其顿军团士兵
trp_legio_vi_ferrata_exp|第VI铁甲军团士兵
trp_legio_vi_ferrata_exp_pl|第VI铁甲军团士兵
trp_legio_x_fretensis_exp|第X海峡军团士兵
trp_legio_x_fretensis_exp_pl|第X海峡军团士兵
trp_praetoriani_milites_exp|禁卫军士兵
trp_praetoriani_milites_exp_pl|禁卫军士兵
trp_legio_xxii_primigenia_vet|第XXII初生军团重征老兵
trp_legio_xxii_primigenia_vet_pl|第XXII初生军团重征老兵
trp_legio_iii_augusta_vet|第III奥古斯塔军团重征老兵
trp_legio_iii_augusta_vet_pl|第III奥古斯塔军团重征老兵
trp_legio_v_alaudae_vet|第V云雀军团重征老兵
trp_legio_v_alaudae_vet_pl|第V云雀军团重征老兵
trp_legio_xxi_rapax_vet|第XXI猛禽军团重征老兵
trp_legio_xxi_rapax_vet_pl|第XXI猛禽军团重征老兵
trp_legio_xx_valeria_victrix_vet|第XX英勇胜利军团重征老兵
trp_legio_xx_valeria_victrix_vet_pl|第XX英勇胜利军团重征老兵
trp_legio_vi_victrix_vet|第VI胜利军团重征老兵
trp_legio_vi_victrix_vet_pl|第VI胜利军团重征老兵
trp_legio_xi_claudia_vet|第XI克劳狄军团重征老兵
trp_legio_xi_claudia_vet_pl|第XI克劳狄军团重征老兵
trp_legio_xiii_gemina_vet|第XIII合组军团重征老兵
trp_legio_xiii_gemina_vet_pl|第XIII合组军团重征老兵
trp_legio_v_macedonia_vet|第V马其顿军团重征老兵
trp_legio_v_macedonia_vet_pl|第V马其顿军团重征老兵
trp_legio_vi_ferrata_vet|第VI铁甲军团重征老兵
trp_legio_vi_ferrata_vet_pl|第VI铁甲军团重征老兵
trp_legio_x_fretensis_vet|第X海峡军团重征老兵
trp_legio_x_fretensis_vet_pl|第X海峡军团重征老兵
trp_praetoriani_milites_vet|禁卫军重征老兵
trp_praetoriani_milites_vet_pl|禁卫军重征老兵
trp_looter|劫匪
trp_looter_pl|劫匪
trp_bandit|强盗
trp_bandit_pl|强盗
trp_sarmatian_looter|萨尔马提亚劫匪
trp_sarmatian_looter_pl|萨尔马提亚劫匪
trp_bosporan_looter|博斯普鲁斯劫匪
trp_bosporan_looter_pl|博斯普鲁斯劫匪
trp_judean_looter|犹太劫匪
trp_judean_looter_pl|犹太劫匪
trp_parthian_looter|帕提亚劫匪
trp_parthian_looter_pl|帕提亚劫匪
trp_persian_looter|波斯劫匪
trp_persian_looter_pl|波斯劫匪
trp_roman_looter|罗马劫匪
trp_roman_looter_pl|罗马劫匪
trp_celtic_looter|凯尔特劫匪
trp_celtic_looter_pl|凯尔特劫匪
trp_germanic_looter|日耳曼劫匪
trp_germanic_looter_pl|日耳曼劫匪
trp_dacian_looter|达契亚劫匪
trp_dacian_looter_pl|达契亚劫匪
trp_thracian_looter|色雷斯劫匪
trp_thracian_looter_pl|色雷斯劫匪
trp_arabian_looter|阿拉伯劫匪
trp_arabian_looter_pl|阿拉伯劫匪
trp_syrian_looter|叙利亚劫匪
trp_syrian_looter_pl|叙利亚劫匪
trp_eastern_looter|东方劫匪
trp_eastern_looter_pl|东方劫匪
trp_berber_looter|毛里劫匪
trp_berber_looter_pl|毛里劫匪
trp_garamantian_looter|加拉曼特劫匪
trp_garamantian_looter_pl|加拉曼特劫匪
trp_caucasian_looter|高加索劫匪
trp_caucasian_looter_pl|高加索劫匪
trp_greek_looter|希腊劫匪
trp_greek_looter_pl|希腊劫匪
trp_galatian_looter|加拉太劫匪
trp_galatian_looter_pl|加拉太劫匪
trp_illyrian_looter|伊利里亚劫匪
trp_illyrian_looter_pl|伊利里亚劫匪
trp_hispanic_looter|伊斯帕尼亚劫匪
trp_hispanic_looter_pl|伊斯帕尼亚劫匪
trp_gaulish_looter|高卢劫匪
trp_gaulish_looter_pl|高卢劫匪
trp_nubian_looter|努比亚劫匪
trp_nubian_looter_pl|努比亚劫匪
trp_saka_looter|塞种劫匪
trp_saka_looter_pl|塞种劫匪
trp_egyptian_looter|埃及劫匪
trp_egyptian_looter_pl|埃及劫匪
trp_sarmatian_bandit|萨尔马提亚强盗
trp_sarmatian_bandit_pl|萨尔马提亚强盗
trp_bosporan_bandit|博斯普鲁斯强盗
trp_bosporan_bandit_pl|博斯普鲁斯强盗
trp_judean_bandit|犹太强盗
trp_judean_bandit_pl|犹太强盗
trp_parthian_bandit|帕提亚强盗
trp_parthian_bandit_pl|帕提亚强盗
trp_persian_bandit|波斯强盗
trp_persian_bandit_pl|波斯强盗
trp_roman_bandit|罗马强盗
trp_roman_bandit_pl|罗马强盗
trp_celtic_bandit|凯尔特强盗
trp_celtic_bandit_pl|凯尔特强盗
trp_germanic_bandit|日耳曼强盗
trp_germanic_bandit_pl|日耳曼强盗
trp_dacian_bandit|达契亚强盗
trp_dacian_bandit_pl|达契亚强盗
trp_thracian_bandit|色雷斯强盗
trp_thracian_bandit_pl|色雷斯强盗
trp_arabian_bandit|阿拉伯强盗
trp_arabian_bandit_pl|阿拉伯强盗
trp_syrian_bandit|叙利亚强盗
trp_syrian_bandit_pl|叙利亚强盗
trp_eastern_bandit|东方强盗
trp_eastern_bandit_pl|东方强盗
trp_berber_bandit|毛里强盗
trp_berber_bandit_pl|毛里强盗
trp_garamantian_bandit|加拉曼特强盗
trp_garamantian_bandit_pl|加拉曼特强盗
trp_caucasian_bandit|高加索强盗
trp_caucasian_bandit_pl|高加索强盗
trp_greek_bandit|希腊强盗
trp_greek_bandit_pl|希腊强盗
trp_galatian_bandit|加拉太强盗
trp_galatian_bandit_pl|加拉太强盗
trp_illyrian_bandit|伊利里亚强盗
trp_illyrian_bandit_pl|伊利里亚强盗
trp_hispanic_bandit|伊斯帕尼亚强盗
trp_hispanic_bandit_pl|伊斯帕尼亚强盗
trp_gaulish_bandit|高卢强盗
trp_gaulish_bandit_pl|高卢强盗
trp_nubian_bandit|努比亚强盗
trp_nubian_bandit_pl|努比亚强盗
trp_saka_bandit|塞种强盗
trp_saka_bandit_pl|塞种强盗
trp_egyptian_bandit|埃及强盗
trp_egyptian_bandit_pl|埃及强盗
trp_judean_sicarius|犹太短剑党刺客
trp_judean_sicarius_pl|犹太短剑党刺客
trp_judean_rebel|犹太叛军
trp_judean_rebel_pl|犹太叛军
trp_hispanic_rebell|伊斯帕尼亚叛军
trp_hispanic_rebell_pl|伊斯帕尼亚叛军
trp_sea_raider|海盗
trp_sea_raider_pl|海盗
trp_black_sea_pirate|黑海海盗
trp_black_sea_pirate_pl|黑海海盗
trp_illyrian_rebell|伊利里亚刺客
trp_illyrian_rebell_pl|伊利里亚刺客
trp_slave_warrior|起义奴隶
trp_slave_warrior_pl|起义奴隶
trp_slave_warrior_2|起义步兵
trp_slave_warrior_2_pl|起义步兵
trp_slave_warrior_3|起义矛兵
trp_slave_warrior_3_pl|起义矛兵
trp_slave_rebel|起义角斗士
trp_slave_rebel_pl|起义角斗士
trp_slave_rebel_2|起义重征老兵
trp_slave_rebel_2_pl|起义重征老兵
trp_follower_woman|随军妇女
trp_follower_woman_pl|随军妇女
trp_soldier_wife|军人妻子
trp_soldier_wife_pl|军人妻子
trp_peasant_woman|农妇
trp_peasant_woman_pl|农妇
trp_caravan_master|商队领队
trp_caravan_master_pl|商队领队
trp_package_slave|奴隶
trp_package_slave_pl|奴隶
trp_kidnapped_girl|被绑架的女孩
trp_kidnapped_girl_pl|被绑架的女孩
trp_roman_town_walker|公民
trp_roman_town_walker_pl|公民
trp_roman_town_walker_female|女性公民
trp_roman_town_walker_female_pl|女性公民
trp_boy|男孩
trp_boy_pl|男孩
trp_girl|女孩
trp_girl_pl|女孩
trp_african_man|努比亚部落民
trp_african_man_pl|努比亚部落民
trp_bosporan_village_walker|博斯普鲁斯农民
trp_bosporan_village_walker_pl|博斯普鲁斯农民
trp_judean_village_walker|犹太农民
trp_judean_village_walker_pl|犹太农民
trp_galatian_village_walker|加拉太农民
trp_galatian_village_walker_pl|加拉太农民
trp_greek_village_walker|希腊农民
trp_greek_village_walker_pl|希腊农民
trp_illyrian_village_walker|伊利里亚农民
trp_illyrian_village_walker_pl|伊利里亚农民
trp_roman_village_walker|罗马农民
trp_roman_village_walker_pl|罗马农民
trp_hispanic_village_walker|伊斯帕尼亚农民
trp_hispanic_village_walker_pl|伊斯帕尼亚农民
trp_celtic_village_walker|凯尔特部落民
trp_celtic_village_walker_pl|凯尔特部落民
trp_thracian_village_walker|色雷斯农民
trp_thracian_village_walker_pl|色雷斯农民
trp_armenian_village_walker|高加索部落民
trp_armenian_village_walker_pl|高加索部落民
trp_egyptian_village_walker|埃及农民
trp_egyptian_village_walker_pl|埃及农民
trp_spy_walker_1|贵族
trp_spy_walker_1_pl|贵族
trp_spy_walker_2|贵族妇女
trp_spy_walker_2_pl|贵族妇女
trp_athlet_1|新手运动员
trp_athlet_1_pl|新手运动员
trp_athlet_2|资深运动员
trp_athlet_2_pl|资深运动员
trp_athlet_3|知名运动员
trp_athlet_3_pl|知名运动员
trp_athlet_4|冠军
trp_athlet_4_pl|冠军
trp_trainer_1|教练
trp_trainer_1_pl|教练
trp_trainer_2|教练
trp_trainer_2_pl|教练
trp_trainer_3|教练
trp_trainer_3_pl|教练
trp_trainer_4|教练
trp_trainer_4_pl|教练
trp_trainer_5|教练
trp_trainer_5_pl|教练
trp_tavern_traveler_1|外来旅人
trp_tavern_traveler_1_pl|外来旅人
trp_tavern_traveler_2|外来旅人
trp_tavern_traveler_2_pl|外来旅人
trp_tavern_traveler_3|外来旅人
trp_tavern_traveler_3_pl|外来旅人
trp_tavern_traveler_4|外来旅人
trp_tavern_traveler_4_pl|外来旅人
trp_tavern_traveler_5|旅人
trp_tavern_traveler_5_pl|旅人
trp_tavern_traveler_6|旅人
trp_tavern_traveler_6_pl|旅人
trp_tavern_traveler_7|旅人
trp_tavern_traveler_7_pl|旅人
trp_tavern_traveler_8|外来旅人
trp_tavern_traveler_8_pl|外来旅人
trp_tavern_traveler_9|旅人
trp_tavern_traveler_9_pl|旅人
trp_tavern_traveler_12|旅人
trp_tavern_traveler_12_pl|旅人
trp_tavern_traveler_13|外来旅人
trp_tavern_traveler_13_pl|外来旅人
trp_tavern_traveler_14|外来旅人
trp_tavern_traveler_14_pl|外来旅人
trp_tavern_traveler_15|外来旅人
trp_tavern_traveler_15_pl|外来旅人
trp_tavern_traveler_16|外来旅人
trp_tavern_traveler_16_pl|外来旅人
trp_tavern_traveler_17|外来旅人
trp_tavern_traveler_17_pl|外来旅人
trp_tavern_traveler_18|外来旅人
trp_tavern_traveler_18_pl|外来旅人
trp_tavern_traveler_19|旅人
trp_tavern_traveler_19_pl|旅人
trp_tavern_traveler_20|旅人
trp_tavern_traveler_20_pl|旅人
trp_tavern_bookseller_1|书商
trp_tavern_bookseller_1_pl|书商
trp_tavern_bookseller_2|书商
trp_tavern_bookseller_2_pl|书商
trp_tavern_bookseller_3|书商
trp_tavern_bookseller_3_pl|书商
trp_tavern_bookseller_4|书商
trp_tavern_bookseller_4_pl|书商
trp_tavern_minstrel_1|吟游诗人
trp_tavern_minstrel_1_pl|吟游诗人
trp_tavern_minstrel_2|诗人
trp_tavern_minstrel_2_pl|诗人
trp_tavern_minstrel_3|诗人
trp_tavern_minstrel_3_pl|诗人
trp_tavern_minstrel_4|诗人
trp_tavern_minstrel_4_pl|诗人
trp_tavern_minstrel_5|诗人
trp_tavern_minstrel_5_pl|诗人
trp_quest_primus_pilus|首席百夫长
trp_quest_primus_pilus_pl|首席百夫长
trp_guest|公民
trp_guest_pl|公民
trp_guest_female|公民
trp_guest_female_pl|公民
trp_guest_sitting|公民
trp_guest_sitting_pl|公民
trp_npc1|普拉瓦雷·伊塔里姆
trp_npc1_pl|普拉瓦雷·伊塔里姆
trp_npc2|马里乌斯·盖乌斯
trp_npc2_pl|马里乌斯·盖乌斯
trp_npc3|普尔克拉
trp_npc3_pl|普尔克拉
trp_npc4|阿巴杜提克尔
trp_npc4_pl|阿巴杜提克尔
trp_npc5|萨提巴尔扎尼斯
trp_npc5_pl|萨提巴尔扎尼斯
trp_npc6|菲伦特里克斯
trp_npc6_pl|菲伦特里克斯
trp_npc7|拉维娅
trp_npc7_pl|拉维娅
trp_npc8|希尔德
trp_npc8_pl|希尔德
trp_npc9|阿图里乌斯·斯普鲁斯
trp_npc9_pl|阿图里乌斯·斯普鲁斯
trp_npc10|阿塔克洛斯
trp_npc10_pl|阿塔克洛斯
trp_npc11|狄俄尼西娅
trp_npc11_pl|狄俄尼西娅
trp_npc12|杰雷姆斯
trp_npc12_pl|杰雷姆斯
trp_npc13|考底利耶
trp_npc13_pl|考底利耶
trp_npc14|提图斯
trp_npc14_pl|提图斯
trp_npc15|阿尔提梅努斯
trp_npc15_pl|阿尔提梅努斯
trp_npc16|提托库娜
trp_npc16_pl|提托库娜
trp_npc17|阿尼刻图斯
trp_npc17_pl|阿尼刻图斯
trp_npc18|阿尔米尼乌斯·屋大维安努斯
trp_npc18_pl|阿尔米尼乌斯·屋大维安努斯
trp_npc19|大特尔提乌斯
trp_npc19_pl|大特尔提乌斯
trp_npc20|小塞孔杜斯
trp_npc20_pl|小塞孔杜斯
trp_npc21|德鲁苏斯
trp_npc21_pl|德鲁苏斯
trp_npc22|释奴提罗
trp_npc22_pl|释奴提罗
trp_npc23|卢基乌斯·瓦鲁斯·德鲁苏斯
trp_npc23_pl|卢基乌斯·瓦鲁斯·德鲁苏斯
trp_npc24|西多尼乌斯·阿波利纳里斯
trp_npc24_pl|西多尼乌斯·阿波利纳里斯
trp_npc25|索利乌斯·莫德斯图斯
trp_npc25_pl|索利乌斯·莫德斯图斯
trp_npc26|阿尔比努斯·巴西利乌斯
trp_npc26_pl|阿尔比努斯·巴西利乌斯
trp_npc27|卢库卢斯·凯皮奥
trp_npc27_pl|卢库卢斯·凯皮奥
trp_npc28|阿尼基乌斯
trp_npc28_pl|阿尼基乌斯
trp_npc29|法比亚努斯
trp_npc29_pl|法比亚努斯
trp_npc30|龙布斯
trp_npc30_pl|龙布斯
trp_npc31|拉·卡拉克
trp_npc31_pl|拉·卡拉克
trp_npc32|盖乌斯·莱莫尼乌斯
trp_npc32_pl|盖乌斯·莱莫尼乌斯
trp_npc33|卢基乌斯·小莫迪乌斯
trp_npc33_pl|卢基乌斯·小莫迪乌斯
trp_npc34|莉吉娅
trp_npc34_pl|莉吉娅
trp_npc35|乌尔苏斯
trp_npc35_pl|乌尔苏斯
trp_npc36|马尔库斯·维尼基乌斯
trp_npc36_pl|马尔库斯·维尼基乌斯
trp_npc37|约瑟福斯
trp_npc37_pl|约瑟福斯
trp_npc38|埃拉扎尔·巴尔·约海
trp_npc38_pl|埃拉扎尔·巴尔·约海
trp_npc40|卡拉·博加
trp_npc40_pl|卡拉·博加
trp_npc42|查迪托克斯
trp_npc42_pl|查迪托克斯
trp_desert_bandit|骑兵
trp_desert_bandit_pl|骑兵
trp_arab_noble_cav|精锐骑兵
trp_arab_noble_cav_pl|精锐骑兵
trp_palmyra_infantry|帕尔米拉步兵
trp_palmyra_infantry_pl|帕尔米拉步兵
trp_palmyra_cataphract|帕尔米拉具装骑兵
trp_palmyra_cataphract_pl|帕尔米拉具装骑兵
trp_bosporan_standard_bearer|博斯普鲁斯旗手
trp_bosporan_standard_bearer_pl|博斯普鲁斯旗手
trp_bosporan_hornman|博斯普鲁斯号手
trp_bosporan_hornman_pl|博斯普鲁斯号手
trp_judean_standard_bearer|犹太旗手
trp_judean_standard_bearer_pl|犹太旗手
trp_judean_hornman|犹太号手
trp_judean_hornman_pl|犹太号手
trp_dacian_standard_bearer|达契亚旗手
trp_dacian_standard_bearer_pl|达契亚旗手
trp_dacian_hornman|达契亚号手
trp_dacian_hornman_pl|达契亚号手
trp_armenian_standard_bearer|亚美尼亚旗手
trp_armenian_standard_bearer_pl|亚美尼亚旗手
trp_armenian_hornman|亚美尼亚号手
trp_armenian_hornman_pl|亚美尼亚号手
trp_caucasian_standard_bearer|高加索旗手
trp_caucasian_standard_bearer_pl|高加索旗手
trp_caucasian_hornman|高加索号手
trp_caucasian_hornman_pl|高加索号手
trp_judean_light_clubman|犹太长盾兵
trp_judean_light_clubman_pl|犹太长盾兵
trp_judean_light_clubman_exp|犹太长盾兵（熟练）
trp_judean_light_clubman_exp_pl|犹太长盾兵（熟练）
trp_judean_light_clubman_vet|犹太长盾兵（老练）
trp_judean_light_clubman_vet_pl|犹太长盾兵（老练）
trp_judean_light_spearman|犹太列阵兵
trp_judean_light_spearman_pl|犹太列阵兵
trp_judean_light_spearman_exp|犹太列阵兵（熟练）
trp_judean_light_spearman_exp_pl|犹太列阵兵（熟练）
trp_judean_light_spearman_vet|犹太列阵兵（老练）
trp_judean_light_spearman_vet_pl|犹太列阵兵（老练）
trp_judean_skirmisher|犹太轻盾兵
trp_judean_skirmisher_pl|犹太轻盾兵
trp_judean_skirmisher_exp|犹太轻盾兵（熟练）
trp_judean_skirmisher_exp_pl|犹太轻盾兵（熟练）
trp_judean_skirmisher_vet|犹太轻盾兵（老练）
trp_judean_skirmisher_vet_pl|犹太轻盾兵（老练）
trp_judean_slinger|犹太投石兵
trp_judean_slinger_pl|犹太投石兵
trp_judean_slinger_exp|犹太投石兵（熟练）
trp_judean_slinger_exp_pl|犹太投石兵（熟练）
trp_judean_slinger_vet|犹太投石兵（老练）
trp_judean_slinger_vet_pl|犹太投石兵（老练）
trp_judean_archer|犹太弓箭手
trp_judean_archer_pl|犹太弓箭手
trp_judean_archer_exp|犹太弓箭手（熟练）
trp_judean_archer_exp_pl|犹太弓箭手（熟练）
trp_judean_archer_vet|犹太弓箭手（老练）
trp_judean_archer_vet_pl|犹太弓箭手（老练）
trp_judean_elite|犹太披甲步兵
trp_judean_elite_pl|犹太披甲步兵
trp_judean_elite_exp|犹太披甲步兵（熟练）
trp_judean_elite_exp_pl|犹太披甲步兵（熟练）
trp_judean_elite_vet|犹太披甲步兵（老练）
trp_judean_elite_vet_pl|犹太披甲步兵（老练）
trp_judean_cav|犹太标枪骑兵
trp_judean_cav_pl|犹太标枪骑兵
trp_judean_cav_exp|犹太标枪骑兵（熟练）
trp_judean_cav_exp_pl|犹太标枪骑兵（熟练）
trp_judean_cav_vet|犹太标枪骑兵（老练）
trp_judean_cav_vet_pl|犹太标枪骑兵（老练）
trp_judean_guard|塞巴斯特轻盾兵
trp_judean_guard_pl|塞巴斯特轻盾兵
trp_judean_guard_vet|塞巴斯特轻盾兵
trp_judean_guard_vet_pl|塞巴斯特轻盾兵（老练）
trp_judean_guard_archer|塞巴斯特弓箭手
trp_judean_guard_archer_pl|塞巴斯特弓箭手
trp_judean_guard_archer_vet|塞巴斯特弓箭手
trp_judean_guard_archer_vet_pl|塞巴斯特弓箭手（老练）
trp_bosporan_light_spearman|博斯普鲁斯乡兵
trp_bosporan_light_spearman_pl|博斯普鲁斯乡兵
trp_bosporan_light_spearman_exp|博斯普鲁斯乡兵（熟练）
trp_bosporan_light_spearman_exp_pl|博斯普鲁斯乡兵（熟练）
trp_bosporan_light_spearman_vet|博斯普鲁斯乡兵（老练）
trp_bosporan_light_spearman_vet_pl|博斯普鲁斯乡兵（老练）
trp_bosporan_archer|博斯普鲁斯弓箭手
trp_bosporan_archer_pl|博斯普鲁斯弓箭手
trp_bosporan_archer_exp|博斯普鲁斯弓箭手（熟练）
trp_bosporan_archer_exp_pl|博斯普鲁斯弓箭手（熟练）
trp_bosporan_archer_vet|博斯普鲁斯弓箭手（老练）
trp_bosporan_archer_vet_pl|博斯普鲁斯弓箭手（老练）
trp_bosporan_elite|博斯普鲁斯步兵
trp_bosporan_elite_pl|博斯普鲁斯步兵
trp_bosporan_elite_exp|博斯普鲁斯步兵（熟练）
trp_bosporan_elite_exp_pl|博斯普鲁斯步兵（熟练）
trp_bosporan_elite_vet|博斯普鲁斯步兵（老练）
trp_bosporan_elite_vet_pl|博斯普鲁斯步兵（老练）
trp_bosporan_cav|萨尔马提亚具装骑兵
trp_bosporan_cav_pl|萨尔马提亚具装骑兵
trp_bosporan_cav_exp|萨尔马提亚具装骑兵（熟练）
trp_bosporan_cav_exp_pl|萨尔马提亚具装骑兵（熟练）
trp_bosporan_cav_vet|萨尔马提亚具装骑兵（老练）
trp_bosporan_cav_vet_pl|萨尔马提亚具装骑兵（老练）
trp_germanic_slinger|投石兵
trp_germanic_slinger_pl|投石兵
trp_germanic_slinger_exp|投石兵（熟练）
trp_germanic_slinger_exp_pl|投石兵（熟练）
trp_germanic_slinger_vet|投石兵（老练）
trp_germanic_slinger_vet_pl|投石兵（老练）
trp_germanic_archer|射手
trp_germanic_archer_pl|射手
trp_germanic_archer_exp|射手（熟练）
trp_germanic_archer_exp_pl|射手（熟练）
trp_germanic_archer_vet|射手（老练）
trp_germanic_archer_vet_pl|射手（老练）
trp_dacian_light_spearman|达契亚部落步兵
trp_dacian_light_spearman_pl|达契亚部落步兵
trp_dacian_light_spearman_exp|达契亚部落步兵（熟练）
trp_dacian_light_spearman_exp_pl|达契亚部落步兵（熟练）
trp_dacian_light_spearman_vet|达契亚部落步兵（老练）
trp_dacian_light_spearman_vet_pl|达契亚部落步兵（老练）
trp_dacian_light_swordman|长发弯刀兵
trp_dacian_light_swordman_pl|长发弯刀兵
trp_dacian_light_swordman_exp|长发弯刀兵（熟练）
trp_dacian_light_swordman_exp_pl|长发弯刀兵（熟练）
trp_dacian_light_swordman_vet|长发弯刀兵（老练）
trp_dacian_light_swordman_vet_pl|长发弯刀兵（老练）
trp_dacian_flaxman|镰刀兵
trp_dacian_flaxman_pl|镰刀兵
trp_dacian_flaxman_vet|镰刀兵（老练）
trp_dacian_flaxman_vet_pl|镰刀兵（老练）
trp_dacian_flaxman_heavy|精锐镰刀兵
trp_dacian_flaxman_heavy_pl|精锐镰刀兵
trp_dacian_noble_cav|达契亚贵族骑兵
trp_dacian_noble_cav_pl|达契亚贵族骑兵
trp_dacian_noble_cav_exp|达契亚贵族骑兵（熟练）
trp_dacian_noble_cav_exp_pl|达契亚贵族骑兵（熟练）
trp_dacian_noble_cav_vet|达契亚贵族骑兵（老练）
trp_dacian_noble_cav_vet_pl|达契亚贵族骑兵（老练）
trp_dacian_heavy_inf|萨尔马提亚-达契亚弓箭手
trp_dacian_heavy_inf_pl|萨尔马提亚-达契亚弓箭手
trp_dacian_heavy_inf_exp|萨尔马提亚-达契亚弓箭手（熟练）
trp_dacian_heavy_inf_exp_pl|萨尔马提亚-达契亚弓箭手（熟练）
trp_dacian_heavy_inf_vet|萨尔马提亚-达契亚弓箭手（老练）
trp_dacian_heavy_inf_vet_pl|萨尔马提亚-达契亚弓箭手（老练）
trp_dacian_skirmishers|达契亚弓箭手
trp_dacian_skirmishers_pl|达契亚弓箭手
trp_dacian_skirmishers_exp|达契亚弓箭手（熟练）
trp_dacian_skirmishers_exp_pl|达契亚弓箭手（熟练）
trp_dacian_skirmishers_vet|达契亚弓箭手（老练）
trp_dacian_skirmishers_vet_pl|达契亚弓箭手（老练）
trp_dacian_archers|达契亚标枪兵
trp_dacian_archers_pl|达契亚标枪兵
trp_dacian_archers_exp|达契亚标枪兵（熟练）
trp_dacian_archers_exp_pl|达契亚标枪兵（熟练）
trp_dacian_archers_vet|达契亚标枪兵（老练）
trp_dacian_archers_vet_pl|达契亚标枪兵（老练）
trp_sarmatian_light_spearman|萨尔马提亚持长矛兵
trp_sarmatian_light_spearman_pl|萨尔马提亚持长矛兵
trp_sarmatian_light_spearman_exp|萨尔马提亚持长矛兵（熟练）
trp_sarmatian_light_spearman_exp_pl|萨尔马提亚持长矛兵（熟练）
trp_sarmatian_light_spearman_vet|萨尔马提亚持长矛兵（老练）
trp_sarmatian_light_spearman_vet_pl|萨尔马提亚持长矛兵（老练）
trp_sarmatian_archers|萨尔马提亚骑射手
trp_sarmatian_archers_pl|萨尔马提亚骑射手
trp_sarmatian_archers_exp|萨尔马提亚骑射手（熟练）
trp_sarmatian_archers_exp_pl|萨尔马提亚骑射手（熟练）
trp_sarmatian_archers_vet|萨尔马提亚骑射手（老练）
trp_sarmatian_archers_vet_pl|萨尔马提亚骑射手（老练）
trp_armenian_spear_levy|高加索矛兵
trp_armenian_spear_levy_pl|高加索矛兵
trp_armenian_spear_levy_exp|高加索矛兵（熟练）
trp_armenian_spear_levy_exp_pl|高加索矛兵（熟练）
trp_armenian_spear_levy_vet|高加索矛兵（老练）
trp_armenian_spear_levy_vet_pl|高加索矛兵（老练）
trp_armenian_light_axeman|高加索山民
trp_armenian_light_axeman_pl|高加索山民
trp_armenian_light_axeman_exp|高加索山民（熟练）
trp_armenian_light_axeman_exp_pl|高加索山民（熟练）
trp_armenian_light_axeman_vet|高加索山民（老练）
trp_armenian_light_axeman_vet_pl|高加索山民（老练）
trp_armenian_skrimisher|高加索标枪兵
trp_armenian_skrimisher_pl|高加索标枪兵
trp_armenian_skrimisher_exp|高加索标枪兵（熟练）
trp_armenian_skrimisher_exp_pl|高加索标枪兵（熟练）
trp_armenian_skrimisher_vet|高加索标枪兵（老练）
trp_armenian_skrimisher_vet_pl|高加索标枪兵（老练）
trp_armenian_slinger|高加索投石兵
trp_armenian_slinger_pl|高加索投石兵
trp_armenian_slinger_exp|高加索投石兵（熟练）
trp_armenian_slinger_exp_pl|高加索投石兵（熟练）
trp_armenian_slinger_vet|高加索投石兵（老练）
trp_armenian_slinger_vet_pl|高加索投石兵（老练）
trp_armenian_heavy_inf|亚美尼亚军团兵
trp_armenian_heavy_inf_pl|亚美尼亚军团兵
trp_armenian_heavy_inf_exp|亚美尼亚军团兵（熟练）
trp_armenian_heavy_inf_exp_pl|亚美尼亚军团兵（熟练）
trp_armenian_heavy_inf_vet|亚美尼亚军团兵（老练）
trp_armenian_heavy_inf_vet_pl|亚美尼亚军团兵（老练）
trp_armenian_horsearcher|高加索骑射手
trp_armenian_horsearcher_pl|高加索骑射手
trp_armenian_horsearcher_exp|高加索骑射手（熟练）
trp_armenian_horsearcher_exp_pl|高加索骑射手（熟练）
trp_armenian_horsearcher_vet|高加索骑射手（老练）
trp_armenian_horsearcher_vet_pl|高加索骑射手（老练）
trp_caucasian_cataphract|高加索王家骑兵
trp_caucasian_cataphract_pl|高加索王家骑兵
trp_caucasian_cataphract_exp|高加索王家骑兵（熟练）
trp_caucasian_cataphract_exp_pl|高加索王家骑兵（熟练）
trp_caucasian_cataphract_vet|高加索王家骑兵（老练）
trp_caucasian_cataphract_vet_pl|高加索王家骑兵（老练）
trp_armenian_cataphract|亚美尼亚具装骑兵
trp_armenian_cataphract_pl|亚美尼亚具装骑兵
trp_armenian_cataphract_exp|亚美尼亚具装骑兵（熟练）
trp_armenian_cataphract_exp_pl|亚美尼亚具装骑兵（熟练）
trp_armenian_cataphract_vet|亚美尼亚具装骑兵（老练）
trp_armenian_cataphract_vet_pl|亚美尼亚具装骑兵（老练）
trp_armenian_elite_infantry|亚美尼亚精锐弓箭手
trp_armenian_elite_infantry_pl|亚美尼亚精锐弓箭手
trp_armenian_elite_infantry_exp|亚美尼亚精锐弓箭手（熟练）
trp_armenian_elite_infantry_exp_pl|亚美尼亚精锐弓箭手（熟练）
trp_armenian_elite_infantry_vet|亚美尼亚精锐弓箭手（老练）
trp_armenian_elite_infantry_vet_pl|亚美尼亚精锐弓箭手（老练）
trp_nubian_follower_woman|努比亚随军妇女
trp_nubian_follower_woman_pl|努比亚随军妇女
trp_saka_follower_woman|塞种随军妇女
trp_saka_follower_woman_pl|塞种随军妇女
trp_sarmatian_follower_woman|萨尔马提亚随军妇女
trp_sarmatian_follower_woman_pl|萨尔马提亚随军妇女
trp_bosporan_follower_woman|博斯普鲁斯随军妇女
trp_bosporan_follower_woman_pl|博斯普鲁斯随军妇女
trp_judean_follower_woman|犹太随军妇女
trp_judean_follower_woman_pl|犹太随军妇女
trp_eastern_follower_woman|东方随军妇女
trp_eastern_follower_woman_pl|东方随军妇女
trp_galatian_follower_woman|加拉太随军妇女
trp_galatian_follower_woman_pl|加拉太随军妇女
trp_syrian_follower_woman|叙利亚随军妇女
trp_syrian_follower_woman_pl|叙利亚随军妇女
trp_greek_follower_woman|希腊随军妇女
trp_greek_follower_woman_pl|希腊随军妇女
trp_illyrian_follower_woman|伊利里亚随军妇女
trp_illyrian_follower_woman_pl|伊利里亚随军妇女
trp_parthian_follower_woman|帕提亚随军妇女
trp_parthian_follower_woman_pl|帕提亚随军妇女
trp_persian_follower_woman|波斯随军妇女
trp_persian_follower_woman_pl|波斯随军妇女
trp_gaulish_follower_woman|高卢随军妇女
trp_gaulish_follower_woman_pl|高卢随军妇女
trp_roman_follower_woman|罗马随军妇女
trp_roman_follower_woman_pl|罗马随军妇女
trp_hispanic_follower_woman|伊斯帕尼亚随军妇女
trp_hispanic_follower_woman_pl|伊斯帕尼亚随军妇女
trp_celtic_follower_woman|凯尔特随军妇女
trp_celtic_follower_woman_pl|凯尔特随军妇女
trp_germanic_follower_woman|日耳曼随军妇女
trp_germanic_follower_woman_pl|日耳曼随军妇女
trp_dacian_follower_woman|达契亚随军妇女
trp_dacian_follower_woman_pl|达契亚随军妇女
trp_thracian_follower_woman|色雷斯随军妇女
trp_thracian_follower_woman_pl|色雷斯随军妇女
trp_armenian_follower_woman|高加索随军妇女
trp_armenian_follower_woman_pl|高加索随军妇女
trp_arab_follower_woman|阿拉伯随军妇女
trp_arab_follower_woman_pl|阿拉伯随军妇女
trp_egyptian_follower_woman|埃及随军妇女
trp_egyptian_follower_woman_pl|埃及随军妇女
trp_berber_follower_woman|柏柏尔随军妇女
trp_berber_follower_woman_pl|柏柏尔随军妇女
trp_garamantian_follower_woman|加拉曼特随军妇女
trp_garamantian_follower_woman_pl|加拉曼特随军妇女
trp_nubian_african_soldier_wife|努比亚军人妻子
trp_nubian_african_soldier_wife_pl|努比亚军人妻子
trp_saka_soldier_wife|塞种军人妻子
trp_saka_soldier_wife_pl|塞种军人妻子
trp_sarmatian_soldier_wife|萨尔马提亚军人妻子
trp_sarmatian_soldier_wife_pl|萨尔马提亚军人妻子
trp_bosporan_soldier_wife|博斯普鲁斯军人妻子
trp_bosporan_soldier_wife_pl|博斯普鲁斯军人妻子
trp_judean_soldier_wife|犹太军人妻子
trp_judean_soldier_wife_pl|犹太军人妻子
trp_eastern_soldier_wife|东方军人妻子
trp_eastern_soldier_wife_pl|东方军人妻子
trp_galatian_soldier_wife|加拉太军人妻子
trp_galatian_soldier_wife_pl|加拉太军人妻子
trp_syrian_soldier_wife|叙利亚军人妻子
trp_syrian_soldier_wife_pl|叙利亚军人妻子
trp_greek_soldier_wife|希腊军人妻子
trp_greek_soldier_wife_pl|希腊军人妻子
trp_illyrian_soldier_wife|伊利里亚军人妻子
trp_illyrian_soldier_wife_pl|伊利里亚军人妻子
trp_parthian_soldier_wife|帕提亚军人妻子
trp_parthian_soldier_wife_pl|帕提亚军人妻子
trp_persian_soldier_wife|波斯军人妻子
trp_persian_soldier_wife_pl|波斯军人妻子
trp_gaulish_soldier_wife|高卢军人妻子
trp_gaulish_soldier_wife_pl|高卢军人妻子
trp_roman_soldier_wife|罗马军人妻子
trp_roman_soldier_wife_pl|罗马军人妻子
trp_hispanic_soldier_wife|伊斯帕尼亚军人妻子
trp_hispanic_soldier_wife_pl|伊斯帕尼亚军人妻子
trp_celtic_soldier_wife|凯尔特军人妻子
trp_celtic_soldier_wife_pl|凯尔特军人妻子
trp_germanic_soldier_wife|日耳曼军人妻子
trp_germanic_soldier_wife_pl|日耳曼军人妻子
trp_dacian_soldier_wife|达契亚军人妻子
trp_dacian_soldier_wife_pl|达契亚军人妻子
trp_thracian_soldier_wife|色雷斯军人妻子
trp_thracian_soldier_wife_pl|色雷斯军人妻子
trp_armenian_soldier_wife|高加索军人妻子
trp_armenian_soldier_wife_pl|高加索军人妻子
trp_arab_soldier_wife|阿拉伯军人妻子
trp_arab_soldier_wife_pl|阿拉伯军人妻子
trp_egyptian_soldier_wife|埃及军人妻子
trp_egyptian_soldier_wife_pl|埃及军人妻子
trp_berber_soldier_wife|柏柏尔军人妻子
trp_berber_soldier_wife_pl|柏柏尔军人妻子
trp_garamantian_soldier_wife|加拉曼特军人妻子
trp_garamantian_soldier_wife_pl|加拉曼特军人妻子
trp_nubian_town_walker|努比亚贵族
trp_nubian_town_walker_pl|努比亚贵族
trp_nubian_town_walker_female|努比亚贵族妇女
trp_nubian_town_walker_female_pl|努比亚贵族妇女
trp_sarmatian_town_walker|萨尔马提亚部落贵族
trp_sarmatian_town_walker_pl|萨尔马提亚部落贵族
trp_sarmatian_town_walker_female|萨尔马提亚贵族妇女
trp_sarmatian_town_walker_female_pl|萨尔马提亚贵族妇女
trp_bosporan_town_walker|博斯普鲁斯贵族
trp_bosporan_town_walker_pl|博斯普鲁斯贵族
trp_bosporan_town_walker_female|博斯普鲁斯贵族妇女
trp_bosporan_town_walker_female_pl|博斯普鲁斯贵族妇女
trp_judean_town_walker|犹太市民
trp_judean_town_walker_pl|犹太市民
trp_judean_town_walker_female|犹太女市民
trp_judean_town_walker_female_pl|犹太女市民
trp_syrian_town_walker|叙利亚市民
trp_syrian_town_walker_pl|叙利亚市民
trp_syrian_town_walker_female|叙利亚女市民
trp_syrian_town_walker_female_pl|叙利亚女市民
trp_galatian_town_walker|加拉太市民
trp_galatian_town_walker_pl|加拉太市民
trp_galatian_town_walker_female|加拉太女市民
trp_galatian_town_walker_female_pl|加拉太女市民
trp_eastern_town_walker|东方市民
trp_eastern_town_walker_pl|东方市民
trp_eastern_town_walker_female|东方女市民
trp_eastern_town_walker_female_pl|东方女市民
trp_parthian_town_walker|帕提亚贵族
trp_parthian_town_walker_pl|帕提亚贵族
trp_parthian_town_walker_female|帕提亚贵族妇女
trp_parthian_town_walker_female_pl|帕提亚贵族妇女
trp_persian_town_walker|波斯贵族
trp_persian_town_walker_pl|波斯贵族
trp_persian_town_walker_female|波斯贵族妇女
trp_persian_town_walker_female_pl|波斯贵族妇女
trp_gallish_town_walker|高卢贵族
trp_gallish_town_walker_pl|高卢贵族
trp_gallish_town_walker_female|高卢贵族妇女
trp_gallish_town_walker_female_pl|高卢贵族妇女
trp_greek_town_walker|希腊贵族
trp_greek_town_walker_pl|希腊贵族
trp_greek_town_walker_female|希腊贵族妇女
trp_greek_town_walker_female_pl|希腊贵族妇女
trp_hispanic_town_walker|伊斯帕尼亚贵族
trp_hispanic_town_walker_pl|伊斯帕尼亚贵族
trp_hispanic_town_walker_female|伊斯帕尼亚贵族妇女
trp_hispanic_town_walker_female_pl|伊斯帕尼亚贵族妇女
trp_illyrian_town_walker|伊利里亚贵族
trp_illyrian_town_walker_pl|伊利里亚贵族
trp_illyrian_town_walker_female|伊利里亚贵族妇女
trp_illyrian_town_walker_female_pl|伊利里亚贵族妇女
trp_celtic_town_walker|凯尔特贵族
trp_celtic_town_walker_pl|凯尔特贵族
trp_celtic_town_walker_female|凯尔特贵族妇女
trp_celtic_town_walker_female_pl|凯尔特贵族妇女
trp_germanic_town_walker|日耳曼贵族
trp_germanic_town_walker_pl|日耳曼贵族
trp_germanic_town_walker_female|日耳曼贵族妇女
trp_germanic_town_walker_female_pl|日耳曼贵族妇女
trp_dacian_town_walker|达契亚贵族
trp_dacian_town_walker_pl|达契亚贵族
trp_dacian_town_walker_female|达契亚贵族妇女
trp_dacian_town_walker_female_pl|达契亚贵族妇女
trp_thracian_town_walker|色雷斯贵族
trp_thracian_town_walker_pl|色雷斯贵族
trp_thracian_town_walker_female|色雷斯贵族妇女
trp_thracian_town_walker_female_pl|色雷斯贵族妇女
trp_armenian_town_walker|高加索贵族
trp_armenian_town_walker_pl|高加索贵族
trp_armenian_town_walker_female|高加索贵族妇女
trp_armenian_town_walker_female_pl|高加索贵族妇女
trp_arab_town_walker|阿拉伯贵族
trp_arab_town_walker_pl|阿拉伯贵族
trp_arab_town_walker_female|阿拉伯贵族妇女
trp_arab_town_walker_female_pl|阿拉伯贵族妇女
trp_egyptian_town_walker|埃及贵族
trp_egyptian_town_walker_pl|埃及贵族
trp_egyptian_town_walker_female|埃及贵族妇女
trp_egyptian_town_walker_female_pl|埃及贵族妇女
trp_berber_town_walker|柏柏尔贵族
trp_berber_town_walker_pl|柏柏尔贵族
trp_berber_town_walker_female|柏柏尔贵族妇女
trp_berber_town_walker_female_pl|柏柏尔贵族妇女
trp_garamantian_town_walker|加拉曼特贵族
trp_garamantian_town_walker_pl|加拉曼特贵族
trp_garamantian_town_walker_female|加拉曼特贵族妇女
trp_garamantian_town_walker_female_pl|加拉曼特贵族妇女
trp_african_woman|努比亚部落妇女
trp_african_woman_pl|努比亚部落妇女
trp_saka_man|塞种部落民
trp_saka_man_pl|塞种部落民
trp_saka_woman|塞种部落妇女
trp_saka_woman_pl|塞种部落妇女
trp_sarmatian_village_walker|萨尔马提亚部落民
trp_sarmatian_village_walker_pl|萨尔马提亚部落民
trp_sarmatian_village_walker_female|萨尔马提亚部落妇女
trp_sarmatian_village_walker_female_pl|萨尔马提亚部落妇女
trp_bosporan_village_walker_female|博斯普鲁斯农妇
trp_bosporan_village_walker_female_pl|博斯普鲁斯农妇
trp_judean_village_walker_female|犹太农妇
trp_judean_village_walker_female_pl|犹太农妇
trp_eastern_village_walker|东方农民
trp_eastern_village_walker_pl|东方农民
trp_eastern_village_walker_female|东方农妇
trp_eastern_village_walker_female_pl|东方农妇
trp_galatian_village_walker_female|加拉太农妇
trp_galatian_village_walker_female_pl|加拉太农妇
trp_syrian_village_walker|叙利亚农民
trp_syrian_village_walker_pl|叙利亚农民
trp_syrian_village_walker_female|叙利亚农妇
trp_syrian_village_walker_female_pl|叙利亚农妇
trp_greek_village_walker_female|希腊农妇
trp_greek_village_walker_female_pl|希腊农妇
trp_illyrian_village_walker_female|伊利里亚农妇
trp_illyrian_village_walker_female_pl|伊利里亚农妇
trp_parthian_village_walker|帕提亚部落民
trp_parthian_village_walker_pl|帕提亚部落民
trp_parthian_village_walker_female|帕提亚部落妇女
trp_parthian_village_walker_female_pl|帕提亚部落妇女
trp_persian_village_walker|波斯农民
trp_persian_village_walker_pl|波斯农民
trp_persian_village_walker_female|波斯农妇
trp_persian_village_walker_female_pl|波斯农妇
trp_gaul_village_walker|高卢农民
trp_gaul_village_walker_pl|高卢农民
trp_gaulish_village_walker_female|高卢农妇
trp_gaulish_village_walker_female_pl|高卢农妇
trp_roman_village_walker_female|罗马农妇
trp_roman_village_walker_female_pl|罗马农妇
trp_hispanic_village_walker_female|伊斯帕尼亚农妇
trp_hispanic_village_walker_female_pl|伊斯帕尼亚农妇
trp_celtic_village_walker_female|凯尔特部落妇女
trp_celtic_village_walker_female_pl|凯尔特部落妇女
trp_germanic_village_walker|日耳曼部落民
trp_germanic_village_walker_pl|日耳曼部落民
trp_germanic_village_walker_female|日耳曼部落妇女
trp_germanic_village_walker_female_pl|日耳曼部落妇女
trp_dacian_village_walker|达契亚农民
trp_dacian_village_walker_pl|达契亚农民
trp_dacian_village_walker_female|达契亚农妇
trp_dacian_village_walker_female_pl|达契亚农妇
trp_thracian_village_walker_female|色雷斯农妇
trp_thracian_village_walker_female_pl|色雷斯农妇
trp_armenian_village_walker_female|高加索部落妇女
trp_armenian_village_walker_female_pl|高加索部落妇女
trp_arab_village_walker|阿拉伯部落民
trp_arab_village_walker_pl|阿拉伯部落民
trp_arab_village_walker_female|阿拉伯部落妇女
trp_arab_village_walker_female_pl|阿拉伯部落妇女
trp_egyptian_village_walker_female|埃及农妇
trp_egyptian_village_walker_female_pl|埃及农妇
trp_berber_village_walker|柏柏尔部落民
trp_berber_village_walker_pl|柏柏尔部落民
trp_berber_village_walker_female|柏柏尔部落妇女
trp_berber_village_walker_female_pl|柏柏尔部落妇女
trp_garamantian_village_walker|加拉曼特部落民
trp_garamantian_village_walker_pl|加拉曼特部落民
trp_garamantian_village_walker_female|加拉曼特部落妇女
trp_garamantian_village_walker_female_pl|加拉曼特部落妇女
trp_ramun_the_slave_trader|奥卢斯·卡普雷利乌斯·提摩忒乌斯
trp_ramun_the_slave_trader_pl|奥卢斯·卡普雷利乌斯·提摩忒乌斯
trp_tetraites|忒特赖忒斯
trp_tetraites_pl|忒特赖忒斯
trp_spiculus|斯皮库卢斯
trp_spiculus_pl|斯皮库卢斯
trp_hermes|赫尔墨斯
trp_hermes_pl|赫尔墨斯
trp_flamma|弗拉马
trp_flamma_pl|弗拉马
trp_marcus_attilius|马尔库斯·阿提利乌斯
trp_marcus_attilius_pl|马尔库斯·阿提利乌斯
trp_diocles|阿普莱乌斯·狄奥克勒斯
trp_diocles_pl|阿普莱乌斯·狄奥克勒斯
trp_scorpius|斯科尔普斯
trp_scorpius_pl|斯科尔普斯
trp_galeas|波涛之主
trp_galeas_pl|波涛之主
trp_ransom_broker_1|盖乌斯·塞克斯图斯奴隶商人
trp_ransom_broker_1_pl|盖乌斯·塞克斯图斯奴隶商人
trp_ransom_broker_2|阿凯科斯奴隶商人
trp_ransom_broker_2_pl|阿凯科斯奴隶商人
trp_ransom_broker_3|霍诺里乌斯奴隶商人
trp_ransom_broker_3_pl|霍诺里乌斯奴隶商人
trp_ransom_broker_4|涅柔斯奴隶商人
trp_ransom_broker_4_pl|涅柔斯奴隶商人
trp_ransom_broker_5|弗拉维乌斯奴隶商人
trp_ransom_broker_5_pl|弗拉维乌斯奴隶商人
trp_ransom_broker_6|帕尔托斯奴隶商人
trp_ransom_broker_6_pl|帕尔托斯奴隶商人
trp_ransom_broker_7|德基穆斯奴隶商人
trp_ransom_broker_7_pl|德基穆斯奴隶商人
trp_ransom_broker_8|法齐纳莫斯奴隶商人
trp_ransom_broker_8_pl|法齐纳莫斯奴隶商人
trp_ransom_broker_9|雷穆斯奴隶商人
trp_ransom_broker_9_pl|雷穆斯奴隶商人
trp_ransom_broker_10|布莱基萨奴隶商人
trp_ransom_broker_10_pl|布莱基萨奴隶商人
trp_mathildiz|玛蒂尔迪兹
trp_mathildiz_pl|玛蒂尔迪兹
trp_turakina|埃阿玛内·图拉基娜
trp_turakina_pl|埃玛内·图拉基娜
trp_kingdom_1_lord|斯科里洛国王
trp_kingdom_1_lord_pl|斯科里洛
trp_kingdom_2_lord|卡尔加库斯国王
trp_kingdom_2_lord_pl|卡尔加库斯
trp_kingdom_3_lord|提比略·尤利乌斯·雷斯库波里斯
trp_kingdom_3_lord_pl|提比略·尤利乌斯·雷斯库波里斯
trp_kingdom_4_lord|贝伦加尔国王
trp_kingdom_4_lord_pl|贝伦加尔
trp_kingdom_5_lord|梯里达特沙阿
trp_kingdom_5_lord_pl|梯里达特
trp_kingdom_6_lord|沃洛加西斯·阿尔萨息万王之王
trp_kingdom_6_lord_pl|沃洛加西斯·阿尔萨息
trp_kingdom_7_lord|尼禄·克劳狄
trp_kingdom_7_lord_pl|尼禄·克劳狄
trp_kingdom_8_lord|埃甘国王
trp_kingdom_8_lord_pl|埃甘
trp_kingdom_9_lord|特拉赫恩国王
trp_kingdom_9_lord_pl|特拉赫恩
trp_kingdom_10_lord|维努提乌斯国王
trp_kingdom_10_lord_pl|维努提乌斯
trp_kingdom_11_lord|法尔佐伊君王
trp_kingdom_11_lord_pl|法尔佐伊
trp_kingdom_12_lord|佐尔西内斯君王
trp_kingdom_12_lord_pl|佐尔西内斯
trp_kingdom_13_lord|阿西国王
trp_kingdom_13_lord_pl|阿西
trp_kingdom_14_lord|巴洛马尔国王
trp_kingdom_14_lord_pl|巴洛马尔
trp_kingdom_15_lord|兰贝特国王
trp_kingdom_15_lord_pl|兰贝特
trp_kingdom_16_lord|里戈贝特国王
trp_kingdom_16_lord_pl|里戈贝特
trp_kingdom_17_lord|哈南之子哈南王
trp_kingdom_17_lord_pl|哈南之子哈南
trp_kingdom_18_lord|巴纳达斯普斯君王
trp_kingdom_18_lord_pl|巴纳达斯普斯
trp_kingdom_19_lord|盖乌斯·尤利乌斯·西维利斯
trp_kingdom_19_lord_pl|盖乌斯·尤利乌斯·西维利斯
trp_kingdom_20_lord|米赫德拉特沙阿
trp_kingdom_20_lord_pl|米赫德拉特
trp_kingdom_21_lord|奥罗埃泽斯沙阿
trp_kingdom_21_lord_pl|奥罗埃泽斯
trp_kingdom_22_lord|阿里斯塔库斯国王
trp_kingdom_22_lord_pl|阿里斯塔库斯
trp_kingdom_23_lord|阿布加尔之子马努王
trp_kingdom_23_lord_pl|阿布加尔之子马努
trp_knight_1_1|达契亚领主
trp_knight_1_1_pl|阿维齐纳
trp_knight_1_2|达契亚领主
trp_knight_1_2_pl|巴斯蒂扎
trp_knight_1_3|达契亚领主
trp_knight_1_3_pl|卡尔纳邦
trp_knight_1_4|达契亚领主
trp_knight_1_4_pl|达达斯
trp_knight_1_5|达契亚领主
trp_knight_1_5_pl|达马奈斯
trp_knight_1_6|达契亚领主
trp_knight_1_6_pl|达皮克斯
trp_knight_1_7|达契亚领主
trp_knight_1_7_pl|莫斯孔
trp_knight_1_8|达契亚领主
trp_knight_1_8_pl|雷马克索斯
trp_knight_1_9|达契亚领主
trp_knight_1_9_pl|罗勒斯
trp_knight_1_10|达契亚领主
trp_knight_1_10_pl|鲁博博斯特斯
trp_knight_1_11|达契亚领主
trp_knight_1_11_pl|提亚迪凯姆
trp_knight_1_12|达契亚领主
trp_knight_1_12_pl|提亚马尔科斯
trp_knight_1_13|达契亚领主
trp_knight_1_13_pl|齐鲁
trp_knight_1_14|达契亚领主
trp_knight_1_14_pl|格贝莱克西斯
trp_knight_1_15|达契亚领主
trp_knight_1_15_pl|齐拉克西斯
trp_knight_1_16|达契亚领主
trp_knight_1_16_pl|皮耶波鲁斯
trp_knight_1_17|达契亚领主
trp_knight_1_17_pl|奥罗勒斯
trp_knight_1_18|达契亚领主
trp_knight_1_18_pl|纳托波鲁斯
trp_knight_1_19|达契亚领主
trp_knight_1_19_pl|科提索
trp_knight_2_1|凯尔特领主
trp_knight_2_1_pl|阿科
trp_knight_2_2|凯尔特领主
trp_knight_2_2_pl|卡尔维利乌斯
trp_knight_2_3|凯尔特领主
trp_knight_2_3_pl|贝利基亚努斯
trp_knight_2_4|凯尔特领主
trp_knight_2_4_pl|库诺贝利努斯
trp_knight_2_5|凯尔特领主
trp_knight_2_5_pl|维努提乌斯
trp_knight_3_1|博斯普鲁斯领主
trp_knight_3_1_pl|艾拉万塔
trp_knight_3_2|博斯普鲁斯领主
trp_knight_3_2_pl|阿开奥斯
trp_knight_3_3|博斯普鲁斯领主
trp_knight_3_3_pl|德谟克利托斯
trp_knight_3_4|博斯普鲁斯领主
trp_knight_3_4_pl|普莱斯塔尔科斯
trp_knight_3_5|博斯普鲁斯领主
trp_knight_3_5_pl|菲拉尔科斯
trp_knight_3_6|博斯普鲁斯领主
trp_knight_3_6_pl|普里亚德韦
trp_knight_3_7|博斯普鲁斯领主
trp_knight_3_7_pl|乌波萨特
trp_knight_3_8|博斯普鲁斯领主
trp_knight_3_8_pl|斐隆
trp_knight_4_1|日耳曼领主
trp_knight_4_1_pl|坦克拉姆
trp_knight_4_2|日耳曼领主
trp_knight_4_2_pl|松格尔
trp_knight_4_3|日耳曼领主
trp_knight_4_3_pl|马尔克瓦尔德
trp_knight_4_4|日耳曼领主
trp_knight_4_4_pl|赫劳格蒙德
trp_knight_4_4_1|日耳曼领主
trp_knight_4_4_1_pl|条托梅尔
trp_knight_5_1|伊比利亚领主
trp_knight_5_1_pl|阿布利特斯
trp_knight_5_9|伊比利亚领主
trp_knight_5_9_pl|米特拉达梯
trp_knight_5_19|伊比利亚领主
trp_knight_5_19_pl|阿里亚比格涅斯
trp_knight_5_2|高加索阿尔巴尼亚领主
trp_knight_5_2_pl|阿尔西特斯
trp_knight_5_10|高加索阿尔巴尼亚领主
trp_knight_5_10_pl|米特罗布扎涅斯
trp_knight_5_17|高加索阿尔巴尼亚领主
trp_knight_5_17_pl|阿纳费斯
trp_knight_5_3|科尔基斯领主
trp_knight_5_3_pl|阿尔托克梅斯
trp_knight_5_12|科尔基斯领主
trp_knight_5_12_pl|奥尔克西涅斯
trp_knight_5_18|科尔基斯领主
trp_knight_5_18_pl|阿尔布帕勒斯
trp_knight_5_4|亚美尼亚领主
trp_knight_5_4_pl|巴尔扎涅斯
trp_knight_5_5|亚美尼亚领主
trp_knight_5_5_pl|科里耶涅斯
trp_knight_5_6|亚美尼亚领主
trp_knight_5_6_pl|哈尔马米特雷斯
trp_knight_5_7|亚美尼亚领主
trp_knight_5_7_pl|伊塔米特雷斯
trp_knight_5_8|亚美尼亚领主
trp_knight_5_8_pl|马西斯特斯
trp_knight_5_11|亚美尼亚领主
trp_knight_5_11_pl|奥孔托巴特斯
trp_knight_5_13|亚美尼亚领主
trp_knight_5_13_pl|法拉斯马涅斯
trp_knight_5_14|亚美尼亚领主
trp_knight_5_14_pl|弗拉萨奥尔特斯
trp_knight_5_15|亚美尼亚领主
trp_knight_5_15_pl|罗伊萨克斯
trp_knight_5_16|亚美尼亚领主
trp_knight_5_16_pl|西萨姆涅斯
trp_knight_6_1|奥斯罗恩领主
trp_knight_6_1_pl|阿契美尼斯
trp_knight_6_9|奥斯罗恩领主
trp_knight_6_9_pl|科费涅斯
trp_knight_6_17|奥斯罗恩领主
trp_knight_6_17_pl|斯皮塔美尼斯
trp_knight_6_2|帕提亚领主
trp_knight_6_2_pl|阿里奥巴尔扎涅斯
trp_knight_6_3|帕提亚领主
trp_knight_6_3_pl|阿尔塔巴佐斯
trp_knight_6_4|帕提亚领主
trp_knight_6_4_pl|阿尔托斯特斯
trp_knight_6_5|阿迪亚贝内国王
trp_knight_6_5_pl|老莫诺巴兹
trp_knight_6_6|帕提亚领主
trp_knight_6_6_pl|贝勒西斯
trp_knight_6_7|哈特拉国王
trp_knight_6_7_pl|沃罗德
trp_knight_6_8|帕提亚领主
trp_knight_6_8_pl|希斯塔涅斯
trp_knight_6_10|帕提亚领主
trp_knight_6_10_pl|居鲁士
trp_knight_6_11|帕提亚领主
trp_knight_6_11_pl|马扎伊奥斯
trp_knight_6_12|帕提亚领主
trp_knight_6_12_pl|奥尔达涅斯
trp_knight_6_13|帕提亚领主
trp_knight_6_13_pl|小莫诺巴兹
trp_knight_6_14|帕提亚领主
trp_knight_6_14_pl|费伦达特斯
trp_knight_6_15|卡拉刻涅国王
trp_knight_6_15_pl|阿坦贝洛斯
trp_knight_6_16|帕提亚领主
trp_knight_6_16_pl|萨塔斯佩斯
trp_knight_6_18|帕提亚领主
trp_knight_6_18_pl|阿尔塞斯
trp_knight_6_19|帕提亚领主
trp_knight_6_19_pl|巴里亚克西斯
trp_knight_2_6|凯尔特领主
trp_knight_2_6_pl|阿迪亚图阿努斯
trp_knight_2_7|凯尔特领主
trp_knight_2_7_pl|贝洛韦苏斯
trp_knight_2_8|凯尔特领主
trp_knight_2_8_pl|卡西维劳努斯
trp_knight_2_9|凯尔特领主
trp_knight_2_9_pl|迪维基亚库斯
trp_knight_2_10|凯尔特领主
trp_knight_2_10_pl|普拉苏塔古斯
trp_knight_2_11|凯尔特领主
trp_knight_2_11_pl|阿德米尼乌斯
trp_knight_2_12|凯尔特领主
trp_knight_2_12_pl|博杜奥格纳图斯
trp_knight_2_13|凯尔特领主
trp_knight_2_13_pl|卡图拉努斯
trp_knight_2_14|凯尔特领主
trp_knight_2_14_pl|迪维科
trp_knight_2_15|凯尔特领主
trp_knight_2_15_pl|塞戈瓦克斯
trp_knight_2_16|凯尔特领主
trp_knight_2_16_pl|艾奥里克斯
trp_knight_2_17|凯尔特领主
trp_knight_2_17_pl|博伊奥里克斯
trp_knight_2_18|凯尔特领主
trp_knight_2_18_pl|卡尔托里特斯
trp_knight_2_19|凯尔特领主
trp_knight_2_19_pl|德拉佩斯
trp_knight_2_20|凯尔特领主
trp_knight_2_20_pl|伊马努恩提乌斯
trp_knight_3_9|西拉克领主
trp_knight_3_9_pl|安巴雷
trp_knight_3_10|西拉克领主
trp_knight_3_10_pl|肯塔尔斯克
trp_knight_3_12|西拉克领主
trp_knight_3_12_pl|乌塔拉法尔古尼
trp_knight_3_13|西拉克领主
trp_knight_3_13_pl|凯尔卡皮斯克
trp_knight_3_15|罗克索拉尼领主
trp_knight_3_15_pl|阿姆拉托达内
trp_knight_3_16|罗克索拉尼领主
trp_knight_3_16_pl|凯雷普坦内
trp_knight_3_18|罗克索拉尼领主
trp_knight_3_18_pl|瓦尔达内
trp_knight_3_19|罗克索拉尼领主
trp_knight_3_19_pl|阿南德
trp_knight_3_11|伊阿居格领主
trp_knight_3_11_pl|普奈伊塞
trp_knight_3_14|伊阿居格领主
trp_knight_3_14_pl|普纳拉克西特
trp_knight_3_17|伊阿居格领主
trp_knight_3_17_pl|普尼亚米特雷
trp_knight_3_20|伊阿居格领主
trp_knight_3_20_pl|金内
trp_knight_4_5|日耳曼领主
trp_knight_4_5_pl|安布里
trp_knight_4_6|日耳曼领主
trp_knight_4_6_pl|阿克图梅尔
trp_knight_4_7|日耳曼领主
trp_knight_4_7_pl|卡里奥瓦尔达
trp_knight_4_8|日耳曼领主
trp_knight_4_8_pl|哈里奥瓦尔德
trp_knight_4_9|日耳曼领主
trp_knight_4_9_pl|阿尔博蒙德
trp_knight_4_10|日耳曼领主
trp_knight_4_10_pl|巴尔多盖斯
trp_knight_4_11|日耳曼领主
trp_knight_4_11_pl|埃德里克
trp_knight_4_12|日耳曼领主
trp_knight_4_12_pl|贡德马尔
trp_knight_4_12_1|日耳曼领主
trp_knight_4_12_1_pl|包托
trp_knight_4_13|日耳曼领主
trp_knight_4_13_pl|英格巴尔德
trp_knight_4_14|日耳曼领主
trp_knight_4_14_pl|埃德盖斯
trp_knight_4_15|日耳曼领主
trp_knight_4_15_pl|格里克
trp_knight_4_16|日耳曼领主
trp_knight_4_16_pl|西格莱克
trp_knight_4_17|日耳曼领主
trp_knight_4_17_pl|西格里克
trp_knight_4_18|日耳曼领主
trp_knight_4_18_pl|特拉姆里克
trp_knight_4_19|日耳曼领主
trp_knight_4_19_pl|瓦尔德蒙德
trp_knight_4_20|日耳曼领主
trp_knight_4_20_pl|瓦尔劳克
trp_knight_4_21|日耳曼领主
trp_knight_4_21_pl|埃德加斯特
trp_knight_17_1|犹太领主
trp_knight_17_1_pl|迦姆拉之子约书亚
trp_knight_17_2|犹太领主
trp_knight_17_2_pl|哈拿尼雅之子埃利亚撒
trp_knight_17_3|犹太领主
trp_knight_17_3_pl|吉奥拉之子西门
trp_knight_19_1|巴塔维领主
trp_knight_19_1_pl|布林诺
trp_knight_19_2|巴塔维领主
trp_knight_19_2_pl|尤利乌斯·图托尔
trp_knight_19_3|巴塔维领主
trp_knight_19_3_pl|尤利乌斯·克拉西库斯
trp_legatus_1|卢基乌斯·卡尔普尔尼乌斯·利基尼亚努斯军团长
trp_legatus_1_pl|卢基乌斯·卡尔普尔尼乌斯·利基尼亚努斯
trp_legatus_2|Q.·苏尔皮基乌斯·卡梅里努斯军团长
trp_legatus_2_pl|Q.·苏尔皮基乌斯·卡梅里努斯
trp_legatus_3|奥卢斯·日耳曼尼库斯·维特里乌斯军团长
trp_legatus_3_pl|奥卢斯·日耳曼尼库斯·维特里乌斯
trp_legatus_4|奥卢斯·阿利埃努斯·凯基纳军团长
trp_legatus_4_pl|奥卢斯·阿利埃努斯·凯基纳
trp_legatus_5|马梅尔库斯·科尔内利乌斯军团长
trp_legatus_5_pl|马梅尔库斯·科尔内利乌斯
trp_legatus_6|塞尔维乌斯·科尔内利乌斯军团长
trp_legatus_6_pl|塞尔维乌斯·科尔内利乌斯
trp_legatus_7|塞克斯图斯·法比乌斯军团长
trp_legatus_7_pl|塞克斯图斯·法比乌斯
trp_legatus_8|P.·法比乌斯·皮奥军团长
trp_legatus_8_pl|P.·法比乌斯·皮奥
trp_legatus_9|萨尔维乌斯·奥托·提提亚努斯军团长
trp_legatus_9_pl|萨尔维乌斯·奥托·提提亚努斯
trp_legatus_10|凯森尼乌斯·派图斯军团长
trp_legatus_10_pl|凯森尼乌斯·派图斯
trp_legatus_11|T.·弗拉维乌斯·韦斯帕芗军团长
trp_legatus_11_pl|T.·弗拉维乌斯·韦斯帕芗
trp_legatus_12|凯索·弗拉维乌斯军团长
trp_legatus_12_pl|凯索·弗拉维乌斯
trp_aux_commander_1|P.·韦尔吉尼乌斯·伊贝里库斯
trp_aux_commander_1_pl|P.·韦尔吉尼乌斯·伊贝里库斯
trp_aux_commander_2|马尔库斯·蓬提乌斯
trp_aux_commander_2_pl|马尔库斯·蓬提乌斯
trp_aux_commander_3|特尔提乌斯·帕基乌斯
trp_aux_commander_3_pl|特尔提乌斯·帕基乌斯
trp_aux_commander_12|科尔内利乌斯·西庇阿·亚细亚提库斯
trp_aux_commander_12_pl|科尔内利乌斯·西庇阿·亚细亚提库斯
trp_statthalter_1|卢基乌斯·苏尔皮基乌斯裁判官
trp_statthalter_1_pl|卢基乌斯·苏尔皮基乌斯
trp_statthalter_2|塞尔维乌斯·苏尔皮基乌斯裁判官
trp_statthalter_2_pl|塞尔维乌斯·苏尔皮基乌斯
trp_statthalter_3|卢基乌斯·维特里乌斯裁判官
trp_statthalter_3_pl|卢基乌斯·维特里乌斯
trp_statthalter_4|奥卢斯·佩特罗尼亚努斯·维特里乌斯裁判官
trp_statthalter_4_pl|奥卢斯·佩特罗尼亚努斯·维特里乌斯
trp_statthalter_5|普里穆斯·科尔内利乌斯裁判官
trp_statthalter_5_pl|普里穆斯·科尔内利乌斯
trp_statthalter_6|塞孔杜斯·科尔内利乌斯裁判官
trp_statthalter_6_pl|塞孔杜斯·科尔内利乌斯
trp_statthalter_7|马尼乌斯·法比乌斯裁判官
trp_statthalter_7_pl|马尼乌斯·法比乌斯
trp_statthalter_8|提图斯·法比乌斯裁判官
trp_statthalter_8_pl|提图斯·法比乌斯
trp_statthalter_9|马尔库斯·萨尔维乌斯·奥托裁判官
trp_statthalter_9_pl|马尔库斯·萨尔维乌斯·奥托
trp_statthalter_10|格奈乌斯·萨尔维乌斯·奥托裁判官
trp_statthalter_10_pl|格奈乌斯·萨尔维乌斯·奥托
trp_statthalter_11|小弗拉维乌斯·萨比努斯裁判官
trp_statthalter_11_pl|小弗拉维乌斯·萨比努斯
trp_statthalter_11_1|阿布罗尼乌斯·霍斯提乌斯裁判官
trp_statthalter_11_1_pl|阿布罗尼乌斯·霍斯提乌斯
trp_statthalter_11_2|凯雷利乌斯·法尔米尼乌斯裁判官
trp_statthalter_11_2_pl|凯雷利乌斯·法尔米尼乌斯
trp_statthalter_11_3|莱尼乌斯·马提乌斯裁判官
trp_statthalter_11_3_pl|莱尼乌斯·马提乌斯
trp_statthalter_12|霍斯图斯·弗拉维乌斯裁判官
trp_statthalter_12_pl|霍斯图斯·弗拉维乌斯
trp_senator_1|奥凯拉·苏尔皮基乌斯·加尔巴行省总督
trp_senator_1_pl|奥凯拉·苏尔皮基乌斯·加尔巴
trp_senator_2|奥卢斯·维特里乌斯执政官
trp_senator_2_pl|奥卢斯·维特里乌斯
trp_senator_3|P.·科尔内利乌斯·西庇阿行省总督
trp_senator_3_pl|P.·科尔内利乌斯·西庇阿
trp_senator_4|普里穆斯·法比乌斯执政官
trp_senator_4_pl|普里穆斯·法比乌斯
trp_senator_5|卢基乌斯·萨尔维乌斯·奥托行省总督
trp_senator_5_pl|卢基乌斯·萨尔维乌斯·奥托
trp_senator_6|T.·弗拉维乌斯·萨比努斯行省总督
trp_senator_6_pl|T.·弗拉维乌斯·萨比努斯
trp_senator_7|大马尔库斯·弗拉维乌斯行省总督
trp_senator_7_pl|大马尔库斯·弗拉维乌斯
trp_aux_commander_4|夸尔图斯·马利乌斯
trp_aux_commander_4_pl|夸尔图斯·马利乌斯
trp_aux_commander_5|德基穆斯·卢基利乌斯
trp_aux_commander_5_pl|德基穆斯·卢基利乌斯
trp_aux_commander_6|斯普里乌斯·加比尼乌斯
trp_aux_commander_6_pl|斯普里乌斯·加比尼乌斯
trp_aux_commander_7|加卢斯·杜伊利乌斯
trp_aux_commander_7_pl|加卢斯·杜伊利乌斯
trp_aux_commander_8|昆图斯·法布里基乌斯
trp_aux_commander_8_pl|昆图斯·法布里基乌斯
trp_aux_commander_9|塞孔杜斯·阿泰乌斯
trp_aux_commander_9_pl|塞孔杜斯·阿泰乌斯
trp_aux_commander_10|普里穆斯·阿西尼乌斯
trp_aux_commander_10_pl|普里穆斯·阿西尼乌斯
trp_aux_commander_11|马尔库斯·塞孔杜斯·杜利乌斯
trp_aux_commander_11_pl|马尔库斯·塞孔杜斯·杜利乌斯
trp_aux_commander_13|韦图斯·阿非利加努斯
trp_aux_commander_13_pl|韦图斯·阿非利加努斯
trp_aux_commander_14|卢基乌斯·里莫卢斯
trp_aux_commander_14_pl|卢基乌斯·里莫卢斯
trp_aux_commander_15|塞克斯图斯·L.·托图尔
trp_aux_commander_15_pl|塞克斯图斯·L.·托图尔
trp_statthalter_new_1|马尔库斯·科凯乌斯·涅尔瓦
trp_statthalter_new_1_pl|马尔库斯·科凯乌斯·涅尔瓦
trp_statthalter_new_2|L.·韦尔吉尼乌斯·鲁弗斯
trp_statthalter_new_2_pl|L.·韦尔吉尼乌斯·鲁弗斯
trp_statthalter_new_3|L.·阿西尼乌斯·韦鲁科苏斯
trp_statthalter_new_3_pl|L.·阿西尼乌斯·韦鲁科苏斯
trp_statthalter_new_4|Q.·佩提利乌斯·凯里亚利斯
trp_statthalter_new_4_pl|Q.·佩提利乌斯·凯里亚利斯
trp_statthalter_new_5|凯西乌斯·纳西卡
trp_statthalter_new_5_pl|凯西乌斯·纳西卡
trp_statthalter_new_6|G.·苏埃托尼乌斯·保利努斯
trp_statthalter_new_6_pl|G.·苏埃托尼乌斯·保利努斯
trp_statthalter_new_7|G.·阿尔皮努斯·克拉西基亚努斯
trp_statthalter_new_7_pl|G.·阿尔皮努斯·克拉西基亚努斯
trp_statthalter_new_8|P.·佩特罗尼乌斯·图尔皮利亚努斯
trp_statthalter_new_8_pl|P.·佩特罗尼乌斯·图尔皮利亚努斯
trp_statthalter_new_9|奥卢斯·马略·凯尔苏斯
trp_statthalter_new_9_pl|奥卢斯·马略·凯尔苏斯
trp_statthalter_new_10|奥卢斯·杜凯尼乌斯·盖米努斯
trp_statthalter_new_10_pl|奥卢斯·杜凯尼乌斯·盖米努斯
trp_statthalter_new_11|丰泰乌斯·卡皮托
trp_statthalter_new_11_pl|丰泰乌斯·卡皮托
trp_statthalter_new_12|凯塞利乌斯·巴苏斯
trp_statthalter_new_12_pl|凯塞利乌斯·巴苏斯
trp_aux_commander_new_1|马尔库斯·安比武卢斯
trp_aux_commander_new_1_pl|马尔库斯·安比武卢斯
trp_aux_commander_new_2|拜比乌斯·马萨
trp_aux_commander_new_2_pl|拜比乌斯·马萨
trp_aux_commander_new_3|盖乌斯·拉尔根尼乌斯
trp_aux_commander_new_3_pl|盖乌斯·拉尔根尼乌斯
trp_aux_commander_new_4|卡尔普尔尼乌斯·法巴图斯
trp_aux_commander_new_4_pl|卡尔普尔尼乌斯·法巴图斯
trp_aux_commander_new_5|G.·卡里斯塔尼乌斯·弗龙托
trp_aux_commander_new_5_pl|G.·卡里斯塔尼乌斯·弗龙托
trp_aux_commander_new_6|卡西乌斯·凯雷阿
trp_aux_commander_new_6_pl|卡西乌斯·凯雷阿
trp_aux_commander_new_7|克劳狄·拉贝奥
trp_aux_commander_new_7_pl|克劳狄·拉贝奥
trp_aux_commander_new_8|卢基乌斯·克洛狄乌斯·马凯尔
trp_aux_commander_new_8_pl|卢基乌斯·克洛狄乌斯·马凯尔
trp_aux_commander_new_9|格奈乌斯·皮纳里乌斯
trp_aux_commander_new_9_pl|格奈乌斯·皮纳里乌斯
trp_aux_commander_new_10|班提乌斯·凯利乌斯
trp_aux_commander_new_10_pl|班提乌斯·凯利乌斯
trp_aux_commander_new_11|卡努提乌斯·狄狄乌斯
trp_aux_commander_new_11_pl|卡努提乌斯·狄狄乌斯
trp_aux_commander_new_12|杜尔米乌斯·希里乌斯
trp_aux_commander_new_12_pl|杜尔米乌斯·希里乌斯
trp_aux_commander_new_13|法尔基狄乌斯·马略
trp_aux_commander_new_13_pl|法尔基狄乌斯·马略
trp_aux_commander_new_14|富菲乌斯·拉尼乌斯
trp_aux_commander_new_14_pl|富菲乌斯·拉尼乌斯
trp_aux_commander_new_15|尤尼乌斯·塔利乌斯
trp_aux_commander_new_15_pl|尤尼乌斯·塔利乌斯
trp_aux_commander_new_16|宁菲狄乌斯·萨比努斯
trp_aux_commander_new_16_pl|宁菲狄乌斯·萨比努斯
trp_aux_commander_new_17|科尔内利乌斯·拉科
trp_aux_commander_new_17_pl|科尔内利乌斯·拉科
trp_aux_commander_new_18|提图斯·韦斯帕芗
trp_aux_commander_new_18_pl|提图斯·韦斯帕芗
trp_kingdom_1_lady_1|达契亚贵妇
trp_kingdom_1_lady_1_pl|杜基达瓦
trp_kingdom_1_lady_2|达契亚贵妇
trp_kingdom_1_lady_2_pl|雷斯库图尔梅
trp_kingdom_1_lady_3|达契亚贵妇
trp_kingdom_1_lady_3_pl|齐娜
trp_kingdom_1_lady_4|达契亚贵妇
trp_kingdom_1_lady_4_pl|佩特里图尔梅
trp_kingdom_l_lady_5|达契亚贵妇
trp_kingdom_l_lady_5_pl|齐奈
trp_kingdom_1_lady_6|达契亚贵妇
trp_kingdom_1_lady_6_pl|奥里扎
trp_kingdom_1_lady_7|达契亚贵妇
trp_kingdom_1_lady_7_pl|罗伊巴娜
trp_kingdom_1_lady_8|达契亚贵妇
trp_kingdom_1_lady_8_pl|津杜尔梅
trp_kingdom_1_lady_9|达契亚贵妇
trp_kingdom_1_lady_9_pl|莱娜
trp_kingdom_1_lady_10|达契亚贵妇
trp_kingdom_1_lady_10_pl|桑齐亚娜
trp_kingdom_1_lady_11|达契亚贵妇
trp_kingdom_1_lady_11_pl|克拉莉娅
trp_kingdom_1_lady_12|达契亚贵妇
trp_kingdom_1_lady_12_pl|埃卡娜
trp_kingdom_l_lady_13|达契亚贵妇
trp_kingdom_l_lady_13_pl|雷斯库图尔梅·杜拉萨
trp_kingdom_1_lady_14|达契亚贵妇
trp_kingdom_1_lady_14_pl|齐娜·科莫扎
trp_kingdom_1_lady_15|达契亚贵妇
trp_kingdom_1_lady_15_pl|博阿迪拉·津尼卡
trp_kingdom_1_lady_16|达契亚贵妇
trp_kingdom_1_lady_16_pl|杜基达瓦·提亚塔
trp_kingdom_1_lady_17|达契亚贵妇
trp_kingdom_1_lady_17_pl|佩特里图尔梅·罗利卡
trp_kingdom_1_lady_18|达契亚贵妇
trp_kingdom_1_lady_18_pl|皮耶波拉
trp_kingdom_1_lady_19|达契亚贵妇
trp_kingdom_1_lady_19_pl|莫斯科萨
trp_kingdom_1_lady_20|达契亚贵妇
trp_kingdom_1_lady_20_pl|提亚塔
trp_kingdom_2_lady_1|凯尔特贵妇
trp_kingdom_2_lady_1_pl|艾芙
trp_kingdom_2_lady_2|凯尔特贵妇
trp_kingdom_2_lady_2_pl|金格泰萨
trp_kingdom_2_lady_3|凯尔特贵妇
trp_kingdom_2_lady_3_pl|瓦苏拉
trp_kingdom_2_lady_4|凯尔特贵妇
trp_kingdom_2_lady_4_pl|阿劳娜
trp_kingdom_2_lady_5|凯尔特贵妇
trp_kingdom_2_lady_5_pl|莉安侬
trp_kingdom_3_lady_1|博斯普鲁斯贵妇
trp_kingdom_3_lady_1_pl|安普拉塔塞内
trp_kingdom_3_lady_2|博斯普鲁斯贵妇
trp_kingdom_3_lady_2_pl|盖派皮里斯
trp_kingdom_3_lady_3|博斯普鲁斯贵妇
trp_kingdom_3_lady_3_pl|阿周那
trp_kingdom_3_lady_4|博斯普鲁斯贵妇
trp_kingdom_3_lady_4_pl|德梅特里娅
trp_kingdom_3_lady_5|博斯普鲁斯贵妇
trp_kingdom_3_lady_5_pl|欧律狄刻
trp_kingdom_3_lady_6|博斯普鲁斯贵妇
trp_kingdom_3_lady_6_pl|阿波罗尼娅
trp_kingdom_3_lady_7|博斯普鲁斯贵妇
trp_kingdom_3_lady_7_pl|尤利娅·涅福里斯
trp_kingdom_3_lady_8|博斯普鲁斯贵妇
trp_kingdom_3_lady_8_pl|苏达尔萨内
trp_kingdom_4_lady_1|日耳曼贵妇
trp_kingdom_4_lady_1_pl|埃德堡
trp_kingdom_4_lady_2|日耳曼贵妇
trp_kingdom_4_lady_2_pl|阿克蒂希尔德
trp_kingdom_4_lady_3|日耳曼贵妇
trp_kingdom_4_lady_3_pl|贡德希尔德
trp_kingdom_4_lady_4|日耳曼贵妇
trp_kingdom_4_lady_4_pl|西吉希尔德
trp_kingdom_5_lady_1|伊比利亚贵妇
trp_kingdom_5_lady_1_pl|阿玛斯特里斯
trp_kingdom_5_lady_9|伊比利亚贵妇
trp_kingdom_5_lady_9_pl|阿尔塔佐斯特雷
trp_kingdom_5_lady_18|伊比利亚贵妇
trp_kingdom_5_lady_18_pl|苏雷娜
trp_kingdom_5_lady_2|高加索阿尔巴尼亚贵妇
trp_kingdom_5_lady_2_pl|巴尔西涅
trp_kingdom_5_lady_10|高加索阿尔巴尼亚贵妇
trp_kingdom_5_lady_10_pl|帕尔米斯
trp_kingdom_5_lady_19|高加索阿尔巴尼亚贵妇
trp_kingdom_5_lady_19_pl|阿尔塔希达拉
trp_kingdom_5_lady_3|科尔基斯贵妇
trp_kingdom_5_lady_3_pl|里努
trp_kingdom_5_lady_12|亚美尼亚贵妇
trp_kingdom_5_lady_12_pl|西绪甘比斯
trp_kingdom_5_lady_4|亚美尼亚贵妇
trp_kingdom_5_lady_4_pl|阿里斯托涅
trp_kingdom_5_lady_5|亚美尼亚贵妇
trp_kingdom_5_lady_5_pl|阿米蒂斯
trp_kingdom_5_lady_6|亚美尼亚贵妇
trp_kingdom_5_lady_6_pl|达马斯皮娅
trp_kingdom_5_lady_7|亚美尼亚贵妇
trp_kingdom_5_lady_7_pl|瓦实提
trp_kingdom_5_lady_8|亚美尼亚贵妇
trp_kingdom_5_lady_8_pl|罗克珊娜
trp_kingdom_5_lady_11|科尔基斯贵妇
trp_kingdom_5_lady_11_pl|阿尔塔卡玛
trp_kingdom_5_lady_13|亚美尼亚贵妇
trp_kingdom_5_lady_13_pl|阿尔蒂斯托涅
trp_kingdom_5_lady_14|亚美尼亚贵妇
trp_kingdom_5_lady_14_pl|帕丽萨蒂斯
trp_kingdom_5_lady_15|亚美尼亚贵妇
trp_kingdom_5_lady_15_pl|阿尔塔尼斯
trp_kingdom_5_lady_16|亚美尼亚贵妇
trp_kingdom_5_lady_16_pl|阿托莎
trp_kingdom_5_lady_17|亚美尼亚贵妇
trp_kingdom_5_lady_17_pl|费迪米娅
trp_kingdom_5_lady_20|亚美尼亚贵妇
trp_kingdom_5_lady_20_pl|梅尼达
trp_kingdom_6_lady_1|奥斯罗恩贵妇
trp_kingdom_6_lady_1_pl|斯塔泰拉
trp_kingdom_6_lady_9|奥斯罗恩贵妇
trp_kingdom_6_lady_9_pl|伊法尔·米赫兰
trp_kingdom_6_lady_2|帕提亚贵妇
trp_kingdom_6_lady_2_pl|瓦实提·阿尔希德
trp_kingdom_6_lady_3|帕提亚贵妇
trp_kingdom_6_lady_3_pl|忒奥克塞涅
trp_kingdom_6_lady_4|帕提亚贵妇
trp_kingdom_6_lady_4_pl|奥里佩蒂斯·帕科里德
trp_kingdom_6_lady_5|帕提亚贵妇
trp_kingdom_6_lady_5_pl|阿尔塔杜赫特
trp_kingdom_6_lady_6|帕提亚贵妇
trp_kingdom_6_lady_6_pl|瓦尔达尼达拉
trp_kingdom_6_lady_7|帕提亚贵妇
trp_kingdom_6_lady_7_pl|阿玛特-纳布
trp_kingdom_6_lady_8|帕提亚贵妇
trp_kingdom_6_lady_8_pl|戈布里亚西迪萨
trp_kingdom_6_lady_10|帕提亚贵妇
trp_kingdom_6_lady_10_pl|科斯罗伊达雅
trp_kingdom_6_lady_11|帕提亚贵妇
trp_kingdom_6_lady_11_pl|杜拉·巴加比格尼德
trp_kingdom_6_lady_12|帕提亚贵妇
trp_kingdom_6_lady_12_pl|罗克珊娜·冈比西德
trp_kingdom_6_lady_13|帕提亚贵妇
trp_kingdom_6_lady_13_pl|沙姆希娅
trp_kingdom_6_lady_14|帕提亚贵妇
trp_kingdom_6_lady_14_pl|赞迪娜·苏伦
trp_kingdom_6_lady_15|帕提亚贵妇
trp_kingdom_6_lady_15_pl|萨米娅
trp_kingdom_6_lady_16|帕提亚贵妇
trp_kingdom_6_lady_16_pl|阿里迪萨
trp_kingdom_6_lady_17|帕提亚贵妇
trp_kingdom_6_lady_17_pl|奥龙提迪萨·阿尔萨息
trp_kingdom_6_lady_18|帕提亚贵妇
trp_kingdom_6_lady_18_pl|萨瓦西迪萨·阿尔萨息
trp_kingdom_6_lady_19|帕提亚贵妇
trp_kingdom_6_lady_19_pl|阿尔塔卡玛萨·阿尔萨息
trp_kingdom_6_lady_20|帕提亚贵妇
trp_kingdom_6_lady_20_pl|苏里迪萨
trp_kingdom_7_lady_1|波佩娅·萨比娜
trp_kingdom_7_lady_1_pl|波佩娅·萨比娜
trp_kingdom_7_lady_2|斯塔蒂莉娅·梅萨利娜
trp_kingdom_7_lady_2_pl|斯塔蒂莉娅·梅萨利娜
trp_kingdom_7_lady_3|埃米莉娅·莱皮达
trp_kingdom_7_lady_3_pl|埃米莉娅·莱皮达
trp_kingdom_7_lady_4|苏尔皮基娅·德鲁西拉
trp_kingdom_7_lady_4_pl|苏尔皮基娅·德鲁西拉
trp_kingdom_7_lady_5|加莱里娅·丰达娜
trp_kingdom_7_lady_5_pl|加莱里娅·丰达娜
trp_kingdom_7_lady_6|维特莉娅·奥拉
trp_kingdom_7_lady_6_pl|维特莉娅·奥拉
trp_kingdom_7_lady_7|梅萨利娜·特尔蒂娅
trp_kingdom_7_lady_7_pl|梅萨利娜·特尔蒂娅
trp_kingdom_7_lady_8|科尔内莉娅·马克西玛
trp_kingdom_7_lady_8_pl|科尔内莉娅·马克西玛
trp_kingdom_7_lady_9|法布里卡
trp_kingdom_7_lady_9_pl|法布里卡
trp_kingdom_7_lady_10|法比娅·霍拉蒂娅
trp_kingdom_7_lady_10_pl|法比娅·霍拉蒂娅
trp_kingdom_7_lady_11|阿尔比娅·特伦蒂娅
trp_kingdom_7_lady_11_pl|阿尔比娅·特伦蒂娅
trp_kingdom_7_lady_0|弗拉维娅·萨比娜
trp_kingdom_7_lady_0_pl|弗拉维娅·萨比娜
trp_kingdom_7_lady_12|瓦莱里娅·维克特里克斯
trp_kingdom_7_lady_12_pl|瓦莱里娅·维克特里克斯
trp_kingdom_7_lady_13|韦斯帕西娅·波拉
trp_kingdom_7_lady_13_pl|韦斯帕西娅·波拉
trp_kingdom_7_lady_14|苏尔皮基娅·阿凯卡
trp_kingdom_7_lady_14_pl|苏尔皮基娅·阿凯卡
trp_kingdom_7_lady_15|科波尼娅
trp_kingdom_7_lady_15_pl|科波尼娅
trp_kingdom_7_lady_16|维特莉娅·特尔蒂娅
trp_kingdom_7_lady_16_pl|维特莉娅·特尔蒂娅
trp_kingdom_7_lady_17|尤尼娅·特里阿里娅
trp_kingdom_7_lady_17_pl|尤尼娅·特里阿里娅
trp_kingdom_7_lady_18|科尔内莉娅·塞孔达
trp_kingdom_7_lady_18_pl|科尔内莉娅·塞孔达
trp_kingdom_7_lady_19|科尔内莉娅·昆塔
trp_kingdom_7_lady_19_pl|科尔内莉娅·昆塔
trp_kingdom_7_lady_20|法比娅·皮娅
trp_kingdom_7_lady_20_pl|法比娅·皮娅
trp_kingdom_7_lady_21|法比娅·奥拉
trp_kingdom_7_lady_21_pl|法比娅·奥拉
trp_kingdom_7_lady_22|小萨尔维娅
trp_kingdom_7_lady_22_pl|小萨尔维娅
trp_kingdom_7_lady_23|普劳蒂拉
trp_kingdom_7_lady_23_pl|普劳蒂拉
trp_kingdom_7_lady_24|弗拉维娅·韦斯帕西娅
trp_kingdom_7_lady_24_pl|弗拉维娅·韦斯帕西娅
trp_kingdom_7_lady_25|弗拉维娅·维克特里克斯
trp_kingdom_7_lady_25_pl|弗拉维娅·维克特里克斯
trp_kingdom_7_lady_26|阿布罗尼娅·图莉娅
trp_kingdom_7_lady_26_pl|阿布罗尼娅·图莉娅
trp_kingdom_7_lady_27|多米蒂拉
trp_kingdom_7_lady_27_pl|多米蒂拉
trp_kingdom_7_lady_28|小多米蒂拉
trp_kingdom_7_lady_28_pl|小多米蒂拉
trp_kingdom_7_lady_new_1|科凯娅·普里玛
trp_kingdom_7_lady_new_1_pl|科凯娅·普里玛
trp_kingdom_7_lady_new_2|韦尔吉尼娅·奥罗拉
trp_kingdom_7_lady_new_2_pl|韦尔吉尼娅·奥罗拉
trp_kingdom_7_lady_new_3|阿西尼娅·斯图尔塔
trp_kingdom_7_lady_new_3_pl|阿西尼娅·斯图尔塔
trp_kingdom_7_lady_new_4|韦拉尼娅·盖米娜
trp_kingdom_7_lady_new_4_pl|韦拉尼娅·盖米娜
trp_kingdom_2_lady_6|凯尔特贵妇
trp_kingdom_2_lady_6_pl|艾尔梅德
trp_kingdom_2_lady_7|凯尔特贵妇
trp_kingdom_2_lady_7_pl|康娜
trp_kingdom_2_lady_8|凯尔特贵妇
trp_kingdom_2_lady_8_pl|维诺玛
trp_kingdom_2_lady_9|凯尔特贵妇
trp_kingdom_2_lady_9_pl|阿拉图卡
trp_kingdom_2_lady_10|凯尔特贵妇
trp_kingdom_2_lady_10_pl|安德拉斯忒
trp_kingdom_2_lady_11|凯尔特贵妇
trp_kingdom_2_lady_11_pl|班娜
trp_kingdom_2_lady_12|凯尔特贵妇
trp_kingdom_2_lady_12_pl|卡蒂娅
trp_kingdom_2_lady_13|凯尔特贵妇
trp_kingdom_2_lady_13_pl|沃尔韦娜
trp_kingdom_2_lady_14|凯尔特贵妇
trp_kingdom_2_lady_14_pl|埃西库尼娅
trp_kingdom_2_lady_15|凯尔特贵妇
trp_kingdom_2_lady_15_pl|尤加
trp_kingdom_2_lady_16|凯尔特贵妇
trp_kingdom_2_lady_16_pl|比利卡
trp_kingdom_2_lady_17|凯尔特贵妇
trp_kingdom_2_lady_17_pl|卡尔苏娜
trp_kingdom_2_lady_18|凯尔特贵妇
trp_kingdom_2_lady_18_pl|乌尔卡·韦洛里加
trp_kingdom_2_lady_19|凯尔特贵妇
trp_kingdom_2_lady_19_pl|博迪卡基娅
trp_kingdom_2_lady_20|凯尔特贵妇
trp_kingdom_2_lady_20_pl|卡尔蒂曼杜娅
trp_kingdom_3_lady_9|西拉克贵妇
trp_kingdom_3_lady_9_pl|阿鲁纳瓦蒂
trp_kingdom_3_lady_10|西拉克贵妇
trp_kingdom_3_lady_10_pl|坎卡
trp_kingdom_3_lady_12|西拉克贵妇
trp_kingdom_3_lady_12_pl|普尔纳雅
trp_kingdom_3_lady_13|西拉克贵妇
trp_kingdom_3_lady_13_pl|桑塔
trp_kingdom_3_lady_14|伊阿居格贵妇
trp_kingdom_3_lady_14_pl|苏马加蒂
trp_kingdom_3_lady_11|伊阿居格贵妇
trp_kingdom_3_lady_11_pl|玛雅
trp_kingdom_3_lady_17|伊阿居格贵妇
trp_kingdom_3_lady_17_pl|科斯提莱
trp_kingdom_3_lady_20|伊阿居格贵妇
trp_kingdom_3_lady_20_pl|苏迈塞
trp_kingdom_3_lady_15|罗克索拉尼贵妇
trp_kingdom_3_lady_15_pl|乌帕提谢
trp_kingdom_3_lady_16|罗克索拉尼贵妇
trp_kingdom_3_lady_16_pl|亚萨拉克西特
trp_kingdom_3_lady_18|罗克索拉尼贵妇
trp_kingdom_3_lady_18_pl|拉克纳斯卡
trp_kingdom_3_lady_19|罗克索拉尼贵妇
trp_kingdom_3_lady_19_pl|瓦西斯特
trp_kingdom_4_lady_5|日耳曼贵妇
trp_kingdom_4_lady_5_pl|阿斯希尔德
trp_kingdom_4_lady_6|日耳曼贵妇
trp_kingdom_4_lady_6_pl|埃德希尔德
trp_kingdom_4_lady_7|日耳曼贵妇
trp_kingdom_4_lady_7_pl|希尔德堡
trp_kingdom_4_lady_8|日耳曼贵妇
trp_kingdom_4_lady_8_pl|英吉堡
trp_kingdom_4_lady_9|日耳曼贵妇
trp_kingdom_4_lady_9_pl|巴尔德希尔德
trp_kingdom_4_lady_10|日耳曼贵妇
trp_kingdom_4_lady_10_pl|卡斯特希尔德
trp_kingdom_4_lady_11|日耳曼贵妇
trp_kingdom_4_lady_11_pl|埃德瓦尔达
trp_kingdom_4_lady_12|日耳曼贵妇
trp_kingdom_4_lady_12_pl|赫兰堡
trp_kingdom_4_lady_13|日耳曼贵妇
trp_kingdom_4_lady_13_pl|里希尔德
trp_kingdom_4_lady_14|日耳曼贵妇
trp_kingdom_4_lady_14_pl|卡斯蒂堡
trp_kingdom_4_lady_15|日耳曼贵妇
trp_kingdom_4_lady_15_pl|格尔希尔德
trp_kingdom_4_lady_16|日耳曼贵妇
trp_kingdom_4_lady_16_pl|图斯内尔达
trp_kingdom_4_lady_17|日耳曼贵妇
trp_kingdom_4_lady_17_pl|松希尔德
trp_kingdom_4_lady_18|日耳曼贵妇
trp_kingdom_4_lady_18_pl|忒奥希尔德
trp_kingdom_4_lady_19|日耳曼贵妇
trp_kingdom_4_lady_19_pl|阿斯希尔达
trp_kingdom_4_lady_20|日耳曼贵妇
trp_kingdom_4_lady_20_pl|图里希尔达
trp_kingdom_19_lady_1|日耳曼贵妇
trp_kingdom_19_lady_1_pl|韦莱达
trp_gwenhwyfar|格温维法尔
trp_gwenhwyfar_pl|格温维法尔
trp_thestia_tomitia|忒斯蒂娅·多米蒂娅
trp_thestia_tomitia_pl|忒斯蒂娅·多米蒂娅
trp_antonia|克劳狄娅·安东尼娅
trp_antonia_pl|克劳狄娅·安东尼娅
trp_town_1_slave_trader|奴隶贩子
trp_town_2_slave_trader|奴隶贩子
trp_town_3_slave_trader|奴隶贩子
trp_town_4_slave_trader|奴隶贩子
trp_town_5_slave_trader|奴隶贩子
trp_town_6_slave_trader|奴隶贩子
trp_town_7_slave_trader|奴隶贩子
trp_town_8_slave_trader|奴隶贩子
trp_town_9_slave_trader|奴隶贩子
trp_town_10_slave_trader|奴隶贩子
trp_town_11_slave_trader|奴隶贩子
trp_town_12_slave_trader|奴隶贩子
trp_town_13_slave_trader|奴隶贩子
trp_town_14_slave_trader|奴隶贩子
trp_town_15_slave_trader|奴隶贩子
trp_town_16_slave_trader|奴隶贩子
trp_town_17_slave_trader|奴隶贩子
trp_town_18_slave_trader|奴隶贩子
trp_town_19_slave_trader|奴隶贩子
trp_town_20_slave_trader|奴隶贩子
trp_town_21_slave_trader|奴隶贩子
trp_town_22_slave_trader|奴隶贩子
trp_town_23_slave_trader|奴隶贩子
trp_town_24_slave_trader|奴隶贩子
trp_town_25_slave_trader|奴隶贩子
trp_town_26_slave_trader|奴隶贩子
trp_town_27_slave_trader|奴隶贩子
trp_town_28_slave_trader|奴隶贩子
trp_town_29_slave_trader|奴隶贩子
trp_town_30_slave_trader|奴隶贩子
trp_town_31_slave_trader|奴隶贩子
trp_town_32_slave_trader|奴隶贩子
trp_town_33_slave_trader|奴隶贩子
trp_town_34_slave_trader|奴隶贩子
trp_town_35_slave_trader|奴隶贩子
trp_town_36_slave_trader|奴隶贩子
trp_town_37_slave_trader|奴隶贩子
trp_town_38_slave_trader|奴隶贩子
trp_town_39_slave_trader|奴隶贩子
trp_town_40_slave_trader|奴隶贩子
trp_town_41_slave_trader|奴隶贩子
trp_town_42_slave_trader|奴隶贩子
trp_town_43_slave_trader|奴隶贩子
trp_town_44_slave_trader|奴隶贩子
trp_town_45_slave_trader|奴隶贩子
trp_town_46_slave_trader|奴隶贩子
trp_town_47_slave_trader|奴隶贩子
trp_town_48_slave_trader|奴隶贩子
trp_town_49_slave_trader|奴隶贩子
trp_town_1_seneschal|长官
trp_town_2_seneschal|长官
trp_town_3_seneschal|长官
trp_town_4_seneschal|长官
trp_town_5_seneschal|长官
trp_town_6_seneschal|罗慕路斯长官
trp_town_7_seneschal|长官
trp_town_8_seneschal|长官
trp_town_9_seneschal|长官
trp_town_10_seneschal|长官
trp_town_11_seneschal|长官
trp_town_12_seneschal|长官
trp_town_13_seneschal|长官
trp_town_14_seneschal|长官
trp_town_15_seneschal|长官
trp_town_16_seneschal|长官
trp_town_17_seneschal|长官
trp_town_18_seneschal|长官
trp_town_19_seneschal|长官
trp_town_20_seneschal|长官
trp_town_21_seneschal|长官
trp_town_22_seneschal|长官
trp_town_23_seneschal|长官
trp_town_24_seneschal|长官
trp_town_25_seneschal|长官
trp_town_26_seneschal|长官
trp_town_27_seneschal|长官
trp_town_28_seneschal|西庇阿长官
trp_town_29_seneschal|长官
trp_town_30_seneschal|长官
trp_town_31_seneschal|长官
trp_town_32_seneschal|长官
trp_town_33_seneschal|长官
trp_town_34_seneschal|长官
trp_town_35_seneschal|长官
trp_town_36_seneschal|长官
trp_town_37_seneschal|长官
trp_town_38_seneschal|长官
trp_town_39_seneschal|长官
trp_town_40_seneschal|长官
trp_town_41_seneschal|长官
trp_town_42_seneschal|长官
trp_town_43_seneschal|长官
trp_town_44_seneschal|长官
trp_town_45_seneschal|长官
trp_town_46_seneschal|长官
trp_town_47_seneschal|长官
trp_town_48_seneschal|长官
trp_town_49_seneschal|长官
trp_castle_1_seneschal|营地长官
trp_castle_2_seneschal|营地长官
trp_castle_3_seneschal|营地长官
trp_castle_4_seneschal|营地长官
trp_castle_5_seneschal|营地长官
trp_castle_6_seneschal|营地长官
trp_castle_7_seneschal|营地长官
trp_castle_8_seneschal|营地长官
trp_castle_9_seneschal|营地长官
trp_castle_10_seneschal|营地长官
trp_castle_11_seneschal|营地长官
trp_castle_12_seneschal|营地长官
trp_castle_13_seneschal|营地长官
trp_castle_14_seneschal|营地长官
trp_castle_15_seneschal|营地长官
trp_castle_16_seneschal|营地长官
trp_castle_17_seneschal|营地长官
trp_castle_18_seneschal|营地长官
trp_castle_19_seneschal|营地长官
trp_castle_20_seneschal|营地长官
trp_castle_21_seneschal|营地长官
trp_castle_22_seneschal|营地长官
trp_castle_23_seneschal|营地长官
trp_castle_24_seneschal|营地长官
trp_castle_25_seneschal|营地长官
trp_castle_26_seneschal|营地长官
trp_castle_27_seneschal|营地长官
trp_castle_28_seneschal|营地长官
trp_castle_29_seneschal|营地长官
trp_castle_30_seneschal|营地长官
trp_castle_31_seneschal|营地长官
trp_castle_32_seneschal|营地长官
trp_castle_33_seneschal|营地长官
trp_castle_34_seneschal|营地长官
trp_castle_35_seneschal|营地长官
trp_castle_36_seneschal|营地长官
trp_castle_37_seneschal|营地长官
trp_castle_38_seneschal|营地长官
trp_castle_39_seneschal|营地长官
trp_castle_40_seneschal|营地长官
trp_castle_41_seneschal|营地长官
trp_castle_42_seneschal|营地长官
trp_castle_43_seneschal|营地长官
trp_castle_44_seneschal|营地长官
trp_castle_45_seneschal|营地长官
trp_castle_46_seneschal|营地长官
trp_castle_47_seneschal|营地长官
trp_castle_48_seneschal|营地长官
trp_castle_49_seneschal|营地长官
trp_castle_50_seneschal|营地长官
trp_castle_51_seneschal|营地长官
trp_castle_52_seneschal|营地长官
trp_castle_53_seneschal|营地长官
trp_castle_54_seneschal|营地长官
trp_castle_55_seneschal|营地长官
trp_castle_56_seneschal|营地长官
trp_castle_57_seneschal|营地长官
trp_castle_58_seneschal|营地长官
trp_castle_59_seneschal|营地长官
trp_castle_60_seneschal|营地长官
trp_castle_61_seneschal|营地长官
trp_castle_62_seneschal|营地长官
trp_castle_63_seneschal|营地长官
trp_castle_64_seneschal|营地长官
trp_castle_65_seneschal|营地长官
trp_castle_66_seneschal|营地长官
trp_castle_67_seneschal|营地长官
trp_castle_68_seneschal|营地长官
trp_castle_69_seneschal|营地长官
trp_castle_70_seneschal|营地长官
trp_castle_71_seneschal|营地长官
trp_castle_72_seneschal|营地长官
trp_castle_73_seneschal|营地长官
trp_castle_74_seneschal|营地长官
trp_castle_75_seneschal|营地长官
trp_castle_76_seneschal|营地长官
trp_castle_77_seneschal|营地长官
trp_castle_78_seneschal|营地长官
trp_castle_79_seneschal|营地长官
trp_castle_80_seneschal|营地长官
trp_town_1_arena_master|主持人
trp_town_2_arena_master|主持人
trp_town_3_arena_master|主持人
trp_town_4_arena_master|主持人
trp_town_5_arena_master|主持人
trp_town_6_arena_master|主持人卡拉卡拉
trp_town_7_arena_master|主持人
trp_town_8_arena_master|主持人
trp_town_9_arena_master|主持人
trp_town_10_arena_master|主持人
trp_town_11_arena_master|主持人
trp_town_12_arena_master|主持人
trp_town_13_arena_master|主持人
trp_town_14_arena_master|主持人
trp_town_15_arena_master|主持人
trp_town_16_arena_master|主持人
trp_town_17_arena_master|主持人
trp_town_18_arena_master|主持人
trp_town_19_arena_master|主持人
trp_town_20_arena_master|主持人
trp_town_21_arena_master|主持人
trp_town_22_arena_master|主持人
trp_town_23_arena_master|主持人
trp_town_24_arena_master|主持人
trp_town_25_arena_master|主持人
trp_town_26_arena_master|主持人
trp_town_27_arena_master|主持人
trp_town_28_arena_master|主持人
trp_town_29_arena_master|主持人
trp_town_30_arena_master|主持人
trp_town_31_arena_master|主持人
trp_town_32_arena_master|主持人
trp_town_33_arena_master|主持人
trp_town_34_arena_master|主持人
trp_town_35_arena_master|主持人
trp_town_36_arena_master|主持人
trp_town_37_arena_master|主持人
trp_town_38_arena_master|主持人
trp_town_39_arena_master|主持人
trp_town_40_arena_master|主持人
trp_town_41_arena_master|主持人
trp_town_42_arena_master|主持人
trp_town_43_arena_master|主持人
trp_town_44_arena_master|主持人
trp_town_45_arena_master|主持人
trp_town_46_arena_master|主持人
trp_town_47_arena_master|主持人
trp_town_48_arena_master|主持人
trp_town_49_arena_master|主持人
trp_town_50_arena_master|主持人
trp_town_51_arena_master|主持人
trp_town_52_arena_master|主持人
trp_town_1_armorer|盔甲商人
trp_town_2_armorer|盔甲商人
trp_town_3_armorer|盔甲商人
trp_town_4_armorer|盔甲商人
trp_town_5_armorer|盔甲商人
trp_town_6_armorer|盔甲商人
trp_town_7_armorer|盔甲商人
trp_town_8_armorer|盔甲商人
trp_town_9_armorer|盔甲商人
trp_town_10_armorer|盔甲商人
trp_town_11_armorer|盔甲商人
trp_town_12_armorer|盔甲商人
trp_town_13_armorer|盔甲商人
trp_town_14_armorer|盔甲商人
trp_town_15_armorer|盔甲商人
trp_town_16_armorer|盔甲商人
trp_town_17_armorer|盔甲商人
trp_town_18_armorer|盔甲商人
trp_town_19_armorer|盔甲商人
trp_town_20_armorer|盔甲商人
trp_town_21_armorer|盔甲商人
trp_town_22_armorer|盔甲商人
trp_town_23_armorer|盔甲商人
trp_town_24_armorer|盔甲商人
trp_town_25_armorer|盔甲商人
trp_town_26_armorer|盔甲商人
trp_town_27_armorer|盔甲商人
trp_town_28_armorer|盔甲商人
trp_town_29_armorer|盔甲商人
trp_town_30_armorer|盔甲商人
trp_town_31_armorer|盔甲商人
trp_town_32_armorer|盔甲商人
trp_town_33_armorer|盔甲商人
trp_town_34_armorer|盔甲商人
trp_town_35_armorer|盔甲商人
trp_town_36_armorer|盔甲商人
trp_town_37_armorer|盔甲商人
trp_town_38_armorer|盔甲商人
trp_town_39_armorer|盔甲商人
trp_town_40_armorer|盔甲商人
trp_town_41_armorer|盔甲商人
trp_town_42_armorer|盔甲商人
trp_town_43_armorer|盔甲商人
trp_town_44_armorer|盔甲商人
trp_town_45_armorer|盔甲商人
trp_town_46_armorer|盔甲商人
trp_town_47_armorer|盔甲商人
trp_town_48_armorer|盔甲商人
trp_town_49_armorer|盔甲商人
trp_town_50_armorer|盔甲商人
trp_town_51_armorer|盔甲商人
trp_town_52_armorer|盔甲商人
trp_town_1_weaponsmith|武器匠
trp_town_2_weaponsmith|武器匠
trp_town_3_weaponsmith|武器匠
trp_town_4_weaponsmith|武器匠
trp_town_5_weaponsmith|武器匠
trp_town_6_weaponsmith|武器匠
trp_town_7_weaponsmith|武器匠
trp_town_8_weaponsmith|武器匠
trp_town_9_weaponsmith|武器匠
trp_town_10_weaponsmith|武器匠
trp_town_11_weaponsmith|武器匠
trp_town_12_weaponsmith|武器匠
trp_town_13_weaponsmith|武器匠
trp_town_14_weaponsmith|武器匠
trp_town_15_weaponsmith|武器匠
trp_town_16_weaponsmith|武器匠
trp_town_17_weaponsmith|武器匠
trp_town_18_weaponsmith|武器匠
trp_town_19_weaponsmith|武器匠
trp_town_20_weaponsmith|武器匠
trp_town_21_weaponsmith|武器匠
trp_town_22_weaponsmith|武器匠
trp_town_23_weaponsmith|武器匠
trp_town_24_weaponsmith|武器匠
trp_town_25_weaponsmith|武器匠
trp_town_26_weaponsmith|武器匠
trp_town_27_weaponsmith|武器匠
trp_town_28_weaponsmith|武器匠
trp_town_29_weaponsmith|武器匠
trp_town_30_weaponsmith|武器匠
trp_town_31_weaponsmith|武器匠
trp_town_32_weaponsmith|武器匠
trp_town_33_weaponsmith|武器匠
trp_town_34_weaponsmith|武器匠
trp_town_35_weaponsmith|武器匠
trp_town_36_weaponsmith|武器匠
trp_town_37_weaponsmith|武器匠
trp_town_38_weaponsmith|武器匠
trp_town_39_weaponsmith|武器匠
trp_town_40_weaponsmith|武器匠
trp_town_41_weaponsmith|武器匠
trp_town_42_weaponsmith|武器匠
trp_town_43_weaponsmith|武器匠
trp_town_44_weaponsmith|武器匠
trp_town_45_weaponsmith|武器匠
trp_town_46_weaponsmith|武器匠
trp_town_47_weaponsmith|武器匠
trp_town_48_weaponsmith|武器匠
trp_town_49_weaponsmith|武器匠
trp_town_50_weaponsmith|武器匠
trp_town_51_weaponsmith|武器匠
trp_town_52_weaponsmith|武器匠
trp_town_1_tavernkeeper|酒馆老板
trp_town_2_tavernkeeper|酒馆老板
trp_town_3_tavernkeeper|酒馆老板
trp_town_4_tavernkeeper|酒馆老板
trp_town_5_tavernkeeper|酒馆老板
trp_town_6_tavernkeeper|酒馆老板
trp_town_7_tavernkeeper|酒馆老板
trp_town_8_tavernkeeper|酒馆老板
trp_town_9_tavernkeeper|酒馆老板
trp_town_10_tavernkeeper|酒馆老板
trp_town_11_tavernkeeper|酒馆老板
trp_town_12_tavernkeeper|酒馆老板
trp_town_13_tavernkeeper|酒馆老板
trp_town_14_tavernkeeper|酒馆老板
trp_town_15_tavernkeeper|酒馆老板
trp_town_16_tavernkeeper|酒馆老板
trp_town_17_tavernkeeper|酒馆老板
trp_town_18_tavernkeeper|酒馆老板
trp_town_19_tavernkeeper|酒馆老板
trp_town_20_tavernkeeper|酒馆老板
trp_town_21_tavernkeeper|酒馆老板
trp_town_22_tavernkeeper|酒馆老板
trp_town_23_tavernkeeper|酒馆老板
trp_town_24_tavernkeeper|酒馆老板
trp_town_25_tavernkeeper|酒馆老板
trp_town_26_tavernkeeper|酒馆老板
trp_town_27_tavernkeeper|酒馆老板
trp_town_28_tavernkeeper|酒馆老板
trp_town_29_tavernkeeper|酒馆老板
trp_town_30_tavernkeeper|酒馆老板
trp_town_31_tavernkeeper|酒馆老板
trp_town_32_tavernkeeper|酒馆老板
trp_town_33_tavernkeeper|酒馆老板
trp_town_34_tavernkeeper|酒馆老板
trp_town_35_tavernkeeper|酒馆老板
trp_town_36_tavernkeeper|酒馆老板
trp_town_37_tavernkeeper|酒馆老板
trp_town_38_tavernkeeper|酒馆老板
trp_town_39_tavernkeeper|酒馆老板
trp_town_40_tavernkeeper|酒馆老板
trp_town_41_tavernkeeper|酒馆老板
trp_town_42_tavernkeeper|酒馆老板
trp_town_43_tavernkeeper|酒馆老板
trp_town_44_tavernkeeper|酒馆老板
trp_town_45_tavernkeeper|酒馆老板
trp_town_46_tavernkeeper|酒馆老板
trp_town_47_tavernkeeper|酒馆老板
trp_town_48_tavernkeeper|酒馆老板
trp_town_49_tavernkeeper|酒馆老板
trp_town_50_tavernkeeper|酒馆老板
trp_town_51_tavernkeeper|酒馆老板
trp_town_52_tavernkeeper|酒馆老板
trp_town_1_merchant|商人
trp_town_2_merchant|商人
trp_town_3_merchant|商人
trp_town_4_merchant|商人
trp_town_5_merchant|商人
trp_town_6_merchant|来自罗马的马梅尔提努斯·克拉库斯
trp_town_6_merchant_pl|马梅尔提努斯·克拉库斯
trp_town_7_merchant|商人
trp_town_8_merchant|商人
trp_town_9_merchant|商人
trp_town_10_merchant|商人
trp_town_11_merchant|商人
trp_town_12_merchant|商人
trp_town_13_merchant|商人
trp_town_14_merchant|商人
trp_town_15_merchant|商人
trp_town_16_merchant|商人
trp_town_17_merchant|商人
trp_town_18_merchant|商人
trp_town_19_merchant|商人
trp_town_20_merchant|巴斯特
trp_town_21_merchant|商人
trp_town_22_merchant|商人
trp_town_23_merchant|商人
trp_town_24_merchant|商人
trp_town_25_merchant|商人
trp_town_26_merchant|商人
trp_town_27_merchant|商人
trp_town_28_merchant|商人
trp_town_29_merchant|商人
trp_town_30_merchant|商人
trp_town_31_merchant|商人
trp_town_32_merchant|商人
trp_town_33_merchant|商人
trp_town_34_merchant|商人
trp_town_35_merchant|商人
trp_town_36_merchant|商人
trp_town_37_merchant|商人
trp_town_38_merchant|商人
trp_town_39_merchant|商人
trp_town_40_merchant|商人
trp_town_41_merchant|商人
trp_town_42_merchant|商人
trp_town_43_merchant|商人
trp_town_44_merchant|商人
trp_town_45_merchant|商人
trp_town_46_merchant|商人
trp_town_47_merchant|商人
trp_town_48_merchant|西努埃·米格杜埃
trp_town_49_merchant|商人
trp_town_50_merchant|商人
trp_town_51_merchant|商人
trp_town_52_merchant|商人
trp_town_1_horse_merchant|马商
trp_town_2_horse_merchant|马商
trp_town_3_horse_merchant|马商
trp_town_4_horse_merchant|马商
trp_town_5_horse_merchant|马商
trp_town_6_horse_merchant|马商
trp_town_7_horse_merchant|马商
trp_town_8_horse_merchant|马商
trp_town_9_horse_merchant|马商
trp_town_10_horse_merchant|马商
trp_town_11_horse_merchant|马商
trp_town_12_horse_merchant|马商
trp_town_13_horse_merchant|马商
trp_town_14_horse_merchant|马商
trp_town_15_horse_merchant|马商
trp_town_16_horse_merchant|马商
trp_town_17_horse_merchant|马商
trp_town_18_horse_merchant|马商
trp_town_19_horse_merchant|马商
trp_town_20_horse_merchant|马商
trp_town_21_horse_merchant|马商
trp_town_22_horse_merchant|马商
trp_town_23_horse_merchant|马商
trp_town_24_horse_merchant|马商
trp_town_25_horse_merchant|马商
trp_town_26_horse_merchant|马商
trp_town_27_horse_merchant|马商
trp_town_28_horse_merchant|马商
trp_town_29_horse_merchant|马商
trp_town_30_horse_merchant|马商
trp_town_31_horse_merchant|马商
trp_town_32_horse_merchant|马商
trp_town_33_horse_merchant|马商
trp_town_34_horse_merchant|马商
trp_town_35_horse_merchant|马商
trp_town_36_horse_merchant|马商
trp_town_37_horse_merchant|马商
trp_town_38_horse_merchant|马商
trp_town_39_horse_merchant|马商
trp_town_40_horse_merchant|马商
trp_town_41_horse_merchant|马商
trp_town_42_horse_merchant|马商
trp_town_43_horse_merchant|马商
trp_town_44_horse_merchant|马商
trp_town_45_horse_merchant|马商
trp_town_46_horse_merchant|马商
trp_town_47_horse_merchant|马商
trp_town_48_horse_merchant|马商
trp_town_49_horse_merchant|马商
trp_town_50_horse_merchant|马商
trp_town_51_horse_merchant|马商
trp_town_52_horse_merchant|马商
trp_town_1_mayor|市民长官
trp_town_2_mayor|市民长官
trp_town_3_mayor|市民长官
trp_town_4_mayor|市民长官
trp_town_5_mayor|市民长官
trp_town_6_mayor|市民长官图拉真
trp_town_7_mayor|市民长官
trp_town_8_mayor|市民长官
trp_town_9_mayor|市民长官
trp_town_10_mayor|市民长官
trp_town_11_mayor|市民长官
trp_town_12_mayor|市民长官
trp_town_13_mayor|市民长官
trp_town_14_mayor|市民长官
trp_town_15_mayor|市民长官
trp_town_16_mayor|市民长官
trp_town_17_mayor|市民长官
trp_town_18_mayor|市民长官
trp_town_19_mayor|市民长官
trp_town_20_mayor|市民长官
trp_town_21_mayor|市民长官
trp_town_22_mayor|市民长官
trp_town_23_mayor|市民长官
trp_town_24_mayor|市民长官
trp_town_25_mayor|市民长官
trp_town_26_mayor|市民长官
trp_town_27_mayor|市民长官
trp_town_28_mayor|市民长官
trp_town_29_mayor|市民长官
trp_town_30_mayor|市民长官
trp_town_31_mayor|市民长官
trp_town_32_mayor|市民长官
trp_town_33_mayor|市民长官
trp_town_34_mayor|市民长官
trp_town_35_mayor|市民长官
trp_town_36_mayor|市民长官
trp_town_37_mayor|市民长官
trp_town_38_mayor|市民长官
trp_town_39_mayor|市民长官
trp_town_40_mayor|市民长官
trp_town_41_mayor|市民长官
trp_town_42_mayor|市民长官
trp_town_43_mayor|市民长官
trp_town_44_mayor|市民长官
trp_town_45_mayor|市民长官
trp_town_46_mayor|市民长官
trp_town_47_mayor|市民长官
trp_town_48_mayor|市民长官
trp_town_49_mayor|市民长官
trp_town_50_mayor|市民长官
trp_town_51_mayor|市民长官
trp_town_52_mayor|市民长官
trp_village_1_elder|当地首领
trp_village_2_elder|当地首领
trp_village_3_elder|当地首领
trp_village_4_elder|当地首领
trp_village_5_elder|当地首领
trp_village_6_elder|当地首领
trp_village_7_elder|当地首领
trp_village_8_elder|当地首领
trp_village_9_elder|当地首领
trp_village_10_elder|当地首领
trp_village_11_elder|当地首领
trp_village_12_elder|当地首领
trp_village_13_elder|当地首领
trp_village_14_elder|当地首领
trp_village_15_elder|当地首领
trp_village_16_elder|当地首领
trp_village_17_elder|当地首领
trp_village_18_elder|当地首领
trp_village_19_elder|当地首领
trp_village_20_elder|当地首领
trp_village_21_elder|当地首领
trp_village_22_elder|当地首领
trp_village_23_elder|当地首领
trp_village_24_elder|当地首领
trp_village_25_elder|当地首领
trp_village_26_elder|当地首领
trp_village_27_elder|当地首领
trp_village_28_elder|当地首领
trp_village_29_elder|当地首领
trp_village_30_elder|当地首领
trp_village_31_elder|当地首领
trp_village_32_elder|当地首领
trp_village_33_elder|当地首领
trp_village_34_elder|当地首领
trp_village_35_elder|当地首领
trp_village_36_elder|当地首领
trp_village_37_elder|当地首领
trp_village_38_elder|当地首领
trp_village_39_elder|当地首领
trp_village_40_elder|当地首领
trp_village_41_elder|当地首领
trp_village_42_elder|当地首领
trp_village_43_elder|当地首领
trp_village_44_elder|当地首领
trp_village_45_elder|当地首领
trp_village_46_elder|当地首领
trp_village_47_elder|当地首领
trp_village_48_elder|当地首领
trp_village_49_elder|当地首领
trp_village_50_elder|当地首领
trp_village_51_elder|当地首领
trp_village_52_elder|当地首领
trp_village_53_elder|当地首领
trp_village_54_elder|当地首领
trp_village_55_elder|当地首领
trp_village_56_elder|当地首领
trp_village_57_elder|当地首领
trp_village_58_elder|当地首领
trp_village_59_elder|当地首领
trp_village_60_elder|当地首领
trp_village_61_elder|当地首领
trp_village_62_elder|当地首领
trp_village_63_elder|当地首领
trp_village_64_elder|当地首领
trp_village_65_elder|当地首领
trp_village_66_elder|当地首领
trp_village_67_elder|当地首领
trp_village_68_elder|当地首领
trp_village_69_elder|当地首领
trp_village_70_elder|当地首领
trp_village_71_elder|当地首领
trp_village_72_elder|当地首领
trp_village_73_elder|当地首领
trp_village_74_elder|当地首领
trp_village_75_elder|当地首领
trp_village_76_elder|当地首领
trp_village_77_elder|当地首领
trp_village_78_elder|当地首领
trp_village_79_elder|当地首领
trp_village_80_elder|当地首领
trp_village_81_elder|当地首领
trp_village_82_elder|当地首领
trp_village_83_elder|当地首领
trp_village_84_elder|当地首领
trp_village_85_elder|当地首领
trp_village_86_elder|当地首领
trp_village_87_elder|当地首领
trp_village_88_elder|当地首领
trp_village_89_elder|当地首领
trp_village_90_elder|当地首领
trp_village_91_elder|当地首领
trp_village_92_elder|当地首领
trp_village_93_elder|当地首领
trp_village_94_elder|当地首领
trp_village_95_elder|当地首领
trp_village_96_elder|当地首领
trp_village_97_elder|当地首领
trp_village_98_elder|当地首领
trp_village_99_elder|当地首领
trp_village_100_elder|当地首领
trp_village_101_elder|当地首领
trp_village_102_elder|当地首领
trp_village_103_elder|当地首领
trp_village_104_elder|当地首领
trp_village_105_elder|当地首领
trp_village_106_elder|当地首领
trp_village_107_elder|当地首领
trp_village_108_elder|当地首领
trp_village_109_elder|当地首领
trp_village_110_elder|当地首领
trp_village_111_elder|当地首领
trp_village_112_elder|当地首领
trp_village_113_elder|当地首领
trp_village_114_elder|当地首领
trp_village_115_elder|当地首领
trp_village_117_elder|当地首领
trp_village_118_elder|当地首领
trp_village_120_elder|当地首领
trp_village_121_elder|当地首领
trp_village_122_elder|当地首领
trp_village_123_elder|当地首领
trp_village_124_elder|当地首领
trp_village_125_elder|当地首领
trp_village_126_elder|当地首领
trp_village_127_elder|当地首领
trp_village_128_elder|当地首领
trp_village_129_elder|当地首领
trp_village_130_elder|当地首领
trp_village_131_elder|当地首领
trp_village_132_elder|当地首领
trp_village_133_elder|当地首领
trp_village_134_elder|当地首领
trp_village_135_elder|当地首领
trp_village_136_elder|当地首领
trp_village_137_elder|当地首领
trp_village_138_elder|当地首领
trp_village_139_elder|当地首领
trp_village_140_elder|当地首领
trp_village_141_elder|当地首领
trp_village_142_elder|当地首领
trp_village_143_elder|当地首领
trp_village_144_elder|当地首领
trp_village_145_elder|当地首领
trp_village_146_elder|当地首领
trp_village_147_elder|当地首领
trp_village_148_elder|当地首领
trp_village_149_elder|当地首领
trp_village_150_elder|当地首领
trp_village_151_elder|当地首领
trp_village_152_elder|当地首领
trp_village_153_elder|当地首领
trp_village_154_elder|当地首领
trp_village_155_elder|当地首领
trp_village_156_elder|当地首领
trp_village_157_elder|当地首领
trp_village_158_elder|当地首领
trp_village_159_elder|当地首领
trp_village_160_elder|当地首领
trp_village_161_elder|当地首领
trp_village_162_elder|当地首领
trp_village_163_elder|当地首领
trp_village_164_elder|当地首领
trp_village_165_elder|当地首领
trp_village_166_elder|当地首领
trp_village_167_elder|当地首领
trp_village_168_elder|当地首领
trp_village_169_elder|当地首领
trp_village_170_elder|当地首领
trp_village_171_elder|当地首领
trp_village_172_elder|当地首领
trp_village_173_elder|当地首领
trp_village_174_elder|当地首领
trp_village_175_elder|当地首领
trp_village_176_elder|当地首领
trp_village_177_elder|当地首领
trp_village_178_elder|当地首领
trp_village_179_elder|当地首领
trp_village_180_elder|当地首领
trp_village_181_elder|当地首领
trp_village_182_elder|当地首领
trp_village_183_elder|当地首领
trp_village_184_elder|当地首领
trp_village_185_elder|当地首领
trp_village_186_elder|当地首领
trp_village_187_elder|当地首领
trp_village_188_elder|当地首领
trp_village_189_elder|当地首领
trp_village_190_elder|当地首领
trp_village_191_elder|当地首领
trp_village_192_elder|当地首领
trp_village_193_elder|当地首领
trp_village_194_elder|当地首领
trp_village_195_elder|当地首领
trp_village_196_elder|当地首领
trp_village_197_elder|当地首领
trp_village_198_elder|当地首领
trp_village_199_elder|当地首领
trp_village_200_elder|当地首领
trp_village_201_elder|当地首领
trp_village_202_elder|当地首领
trp_village_203_elder|当地首领
trp_village_204_elder|当地首领
trp_village_205_elder|当地首领
trp_village_206_elder|当地首领
trp_village_207_elder|当地首领
trp_village_208_elder|当地首领
trp_village_209_elder|当地首领
trp_village_210_elder|当地首领
trp_village_211_elder|当地首领
trp_village_212_elder|当地首领
trp_village_213_elder|当地首领
trp_village_214_elder|当地首领
trp_village_215_elder|当地首领
trp_village_216_elder|当地首领
trp_village_217_elder|当地首领
trp_village_218_elder|当地首领
trp_village_219_elder|当地首领
trp_village_220_elder|当地首领
trp_village_221_elder|当地首领
trp_village_222_elder|当地首领
trp_village_223_elder|当地首领
trp_village_224_elder|当地首领
trp_village_225_elder|当地首领
trp_village_226_elder|当地首领
trp_village_227_elder|当地首领
trp_village_228_elder|当地首领
trp_village_229_elder|当地首领
trp_village_230_elder|当地首领
trp_village_231_elder|当地首领
trp_village_232_elder|当地首领
trp_village_233_elder|当地首领
trp_village_234_elder|当地首领
trp_village_235_elder|当地首领
trp_village_236_elder|当地首领
trp_village_237_elder|当地首领
trp_village_238_elder|当地首领
trp_village_239_elder|当地首领
trp_village_240_elder|当地首领
trp_village_241_elder|当地首领
trp_village_242_elder|当地首领
trp_village_243_elder|当地首领
trp_village_244_elder|当地首领
trp_village_245_elder|当地首领
trp_village_246_elder|当地首领
trp_village_247_elder|当地首领
trp_village_248_elder|当地首领
trp_village_249_elder|当地首领
trp_village_250_elder|当地首领
trp_village_251_elder|当地首领
trp_village_252_elder|当地首领
trp_village_253_elder|当地首领
trp_village_254_elder|当地首领
trp_village_255_elder|当地首领
trp_village_256_elder|当地首领
trp_village_257_elder|当地首领
trp_local_merchant|当地商人
trp_local_merchant_pl|当地商人
trp_tax_rebel|农民叛军
trp_tax_rebel_pl|农民叛军
trp_trainee_peasant|农民
trp_trainee_peasant_pl|农民
trp_fugitive|紧张的男人
trp_fugitive_pl|紧张的男人
trp_belligerent_drunk|寻衅的醉汉
trp_belligerent_drunk_pl|寻衅的醉汉
trp_hired_assassin|受雇刺客
trp_hired_assassin_pl|受雇刺客
trp_spy|普通市民
trp_spy_pl|普通市民
trp_spy_partner|不起眼的市民
trp_spy_partner_pl|不起眼的市民
trp_nurse_for_lady|保姆
trp_nurse_for_lady_pl|保姆
trp_temporary_minister|大臣塞普蒂穆斯·霍蒙库卢斯
trp_temporary_minister_pl|大臣塞普蒂穆斯·霍蒙库卢斯
trp_quick_battle_6_player|丢弃物品（将会丢失）
trp_quick_battle_6_player_pl|丢弃物品（将会丢失）
trp_quick_battle_troop_1|骑兵
trp_quick_battle_troop_1_pl|骑兵
trp_quick_battle_troop_2|女角斗士
trp_quick_battle_troop_2_pl|女角斗士
trp_quick_battle_troop_3|色雷斯式角斗士
trp_quick_battle_troop_3_pl|色雷斯式角斗士
trp_quick_battle_troop_4|网斗士
trp_quick_battle_troop_4_pl|网斗士
trp_quick_battle_troop_5|鱼盔角斗士
trp_quick_battle_troop_5_pl|鱼盔角斗士
trp_quick_battle_troop_6|弓箭手
trp_quick_battle_troop_6_pl|弓箭手
trp_quick_battle_troop_7|斯巴达克斯
trp_quick_battle_troop_7_pl|斯巴达克斯
trp_quick_battle_troop_8|布狄卡
trp_quick_battle_troop_8_pl|布狄卡
trp_quick_battle_troop_9|日耳曼尼库斯
trp_quick_battle_troop_9_pl|日耳曼尼库斯
trp_quick_battle_troop_10|朱古达
trp_quick_battle_troop_10_pl|朱古达
trp_roman_start_merchant|盖乌斯·卢卡里乌斯
trp_roman_start_merchant_pl|盖乌斯·卢卡里乌斯
trp_superbus|苏佩尔布斯
trp_superbus_pl|苏佩尔布斯
trp_avaritia|阿瓦里提娅
trp_avaritia_pl|阿瓦里提娅
trp_quest_miles|士兵
trp_quest_miles_pl|士兵
trp_quest_centurio_primus|第一大队百夫长
trp_quest_centurio_primus_pl|第一大队百夫长
trp_quest_tiro|新兵
trp_quest_tiro_pl|新兵
trp_looter_leader|劫匪
trp_looter_leader_pl|劫匪
trp_relative_of_merchant|商人的兄弟
trp_dplmc_chamberlain|财务官
trp_dplmc_chamberlain_pl|财务官
trp_dplmc_constable|治安官
trp_dplmc_constable_pl|治安官
trp_dplmc_chancellor|监察官
trp_dplmc_chancellor_pl|监察官
trp_dplmc_messenger|信使
trp_dplmc_messenger_pl|信使
trp_dplmc_scout|斥候
trp_dplmc_scout_pl|斥候
trp_slave|男奴
trp_slave_pl|男奴
trp_slave_roman|罗马男奴
trp_slave_roman_pl|罗马男奴
trp_slave_dacian|达契亚男奴
trp_slave_dacian_pl|达契亚男奴
trp_slave_thracian|色雷斯男奴
trp_slave_thracian_pl|色雷斯男奴
trp_slave_celt|凯尔特男奴
trp_slave_celt_pl|凯尔特男奴
trp_slave_sarmatian|萨尔马提亚男奴
trp_slave_sarmatian_pl|萨尔马提亚男奴
trp_slave_germanic|日耳曼男奴
trp_slave_germanic_pl|日耳曼男奴
trp_slave_caucasian|高加索男奴
trp_slave_caucasian_pl|高加索男奴
trp_slave_parthian|帕提亚男奴
trp_slave_parthian_pl|帕提亚男奴
trp_slave_persian|波斯男奴
trp_slave_persian_pl|波斯男奴
trp_slave_judean|犹太男奴
trp_slave_judean_pl|犹太男奴
trp_slave_bosporan|博斯普鲁斯男奴
trp_slave_bosporan_pl|博斯普鲁斯男奴
trp_slave_arabian|阿拉伯男奴
trp_slave_arabian_pl|阿拉伯男奴
trp_slave_berber|毛里男奴
trp_slave_berber_pl|毛里男奴
trp_slave_garmantian|加拉曼特男奴
trp_slave_garmantian_pl|加拉曼特男奴
trp_slave_nubian|努比亚男奴
trp_slave_nubian_pl|努比亚男奴
trp_slave_saka|塞种男奴
trp_slave_saka_pl|塞种男奴
trp_slave_greek|希腊男奴
trp_slave_greek_pl|希腊男奴
trp_slave_illyrian|伊利里亚男奴
trp_slave_illyrian_pl|伊利里亚男奴
trp_slave_hispanic|伊斯帕尼亚男奴
trp_slave_hispanic_pl|伊斯帕尼亚男奴
trp_slave_gaul|高卢男奴
trp_slave_gaul_pl|高卢男奴
trp_slave_egyptian|埃及男奴
trp_slave_egyptian_pl|埃及男奴
trp_slave_syrian|叙利亚男奴
trp_slave_syrian_pl|叙利亚男奴
trp_slave_eastern|东方男奴
trp_slave_eastern_pl|东方男奴
trp_slave_galatian|加拉太男奴
trp_slave_galatian_pl|加拉太男奴
trp_slave_mine|男奴
trp_slave_mine_pl|男奴
trp_slave_female|女奴
trp_slave_female_pl|女奴
trp_slave_female_roman|罗马女奴
trp_slave_female_roman_pl|罗马女奴
trp_slave_female_dacian|达契亚女奴
trp_slave_female_dacian_pl|达契亚女奴
trp_slave_female_thracian|色雷斯女奴
trp_slave_female_thracian_pl|色雷斯女奴
trp_slave_female_celt|凯尔特女奴
trp_slave_female_celt_pl|凯尔特女奴
trp_slave_female_galatian|加拉太女奴
trp_slave_female_galatian_pl|加拉太女奴
trp_slave_female_sarmatian|萨尔马提亚女奴
trp_slave_female_sarmatian_pl|萨尔马提亚女奴
trp_slave_female_germanic|日耳曼女奴
trp_slave_female_germanic_pl|日耳曼女奴
trp_slave_female_caucasian|高加索女奴
trp_slave_female_caucasian_pl|高加索女奴
trp_slave_female_parthian|帕提亚女奴
trp_slave_female_parthian_pl|帕提亚女奴
trp_slave_female_persian|波斯女奴
trp_slave_female_persian_pl|波斯女奴
trp_slave_female_judean|犹太女奴
trp_slave_female_judean_pl|犹太女奴
trp_slave_female_bosporan|博斯普鲁斯女奴
trp_slave_female_bosporan_pl|博斯普鲁斯女奴
trp_slave_female_arabian|阿拉伯女奴
trp_slave_female_arabian_pl|阿拉伯女奴
trp_slave_female_berber|毛里女奴
trp_slave_female_berber_pl|毛里女奴
trp_slave_female_garmantian|加拉曼特女奴
trp_slave_female_garmantian_pl|加拉曼特女奴
trp_slave_female_nubian|努比亚女奴
trp_slave_female_nubian_pl|努比亚女奴
trp_slave_female_saka|塞种女奴
trp_slave_female_saka_pl|塞种女奴
trp_slave_female_greek|希腊女奴
trp_slave_female_greek_pl|希腊女奴
trp_slave_female_illyrian|伊利里亚女奴
trp_slave_female_illyrian_pl|伊利里亚女奴
trp_slave_female_hispanic|伊斯帕尼亚女奴
trp_slave_female_hispanic_pl|伊斯帕尼亚女奴
trp_slave_female_gaul|高卢女奴
trp_slave_female_gaul_pl|高卢女奴
trp_slave_female_egyptian|埃及女奴
trp_slave_female_egyptian_pl|埃及女奴
trp_slave_female_syrian|叙利亚女奴
trp_slave_female_syrian_pl|叙利亚女奴
trp_slave_female_eastern|东方女奴
trp_slave_female_eastern_pl|东方女奴
trp_orgie_fem1|救赎
trp_orgie_fem1_pl|救赎
trp_orgie_fem2|狂欢参与者
trp_orgie_fem2_pl|狂欢参与者
trp_orgie_fem3|狂欢参与者
trp_orgie_fem3_pl|狂欢参与者
trp_orgie_fem4|因孔蒂嫩蒂娅·巴托克斯
trp_orgie_fem4_pl|因孔蒂嫩蒂娅·巴托克斯
trp_orgie_male1|狂欢参与者
trp_orgie_male1_pl|狂欢参与者
trp_dancer1|舞者
trp_dancer1_pl|舞者
trp_orgie_male1_kissing|贵族
trp_orgie_male1_kissing_pl|贵族
trp_orgie_fem_kissing|舞者
trp_orgie_fem_kissing_pl|舞者
trp_tavern_npc1|酒馆客人
trp_tavern_npc1_pl|酒馆客人
trp_tavern_npc1_afr|酒馆客人
trp_tavern_npc1_afr_pl|酒馆客人
trp_tavern_npc1_arab|酒馆客人
trp_tavern_npc1_arab_pl|酒馆客人
trp_whore|妓女
trp_whore_pl|妓女
trp_groupie|追随者
trp_groupie_pl|追随者
trp_roman_priest_female|祭司
trp_roman_priest_female_pl|祭司
trp_roman_priest|祭司
trp_roman_priest_pl|祭司
trp_jewish_priest|祭司
trp_jewish_priest_pl|祭司
trp_christian_priest|祭司
trp_christian_priest_pl|祭司
trp_celtic_druid|德鲁伊
trp_celtic_druid_pl|德鲁伊
trp_persian_priest|祆教祭司
trp_persian_priest_pl|祆教祭司
trp_healer|医师
trp_healer_pl|医师
trp_healer_2|医师
trp_healer_2_pl|医师
trp_dacian_deserter|达契亚逃兵
trp_dacian_deserter_pl|达契亚逃兵
trp_briton_deserter|凯尔特逃兵
trp_briton_deserter_pl|凯尔特逃兵
trp_sarmatian_deserter|萨尔马提亚逃兵
trp_sarmatian_deserter_pl|萨尔马提亚逃兵
trp_germanic_deserter| 日耳曼逃兵
trp_germanic_deserter_pl|日耳曼逃兵
trp_caucasian_deserter|高加索逃兵
trp_caucasian_deserter_pl|高加索逃兵
trp_parthian_deserter|帕提亚逃兵
trp_parthian_deserter_pl|帕提亚逃兵
trp_judean_deserter|犹太逃兵
trp_judean_deserter_pl|犹太逃兵
trp_roman_deserter|罗马逃兵
trp_roman_deserter_pl|罗马逃兵
trp_syrian_deserter|叙利亚逃兵
trp_syrian_deserter_pl|叙利亚逃兵
trp_arabian_deserter|阿拉伯逃兵
trp_arabian_deserter_pl|阿拉伯逃兵
trp_berber_deserter|毛里逃兵
trp_berber_deserter_pl|毛里逃兵
trp_garamantian_deserter|加拉曼特逃兵
trp_garamantian_deserter_pl|加拉曼特逃兵
trp_nubian_deserter|努比亚逃兵
trp_nubian_deserter_pl|努比亚逃兵
trp_saka_deserter|塞种逃兵
trp_saka_deserter_pl|塞种逃兵
trp_egyptian_deserter|埃及逃兵
trp_egyptian_deserter_pl|埃及逃兵
trp_asturias_veteran|幽魂
trp_asturias_veteran_pl|幽魂
trp_greek_scholar|学者阿尔基普斯
trp_greek_scholar_pl|学者阿尔基普斯
trp_roman_scholar|马尔库斯·盖乌斯·卡西乌斯
trp_roman_scholar_pl|马尔库斯·盖乌斯·卡西乌斯
trp_military_adviser|军事顾问提图斯·李维
trp_military_adviser_pl|提图斯·李维
trp_financial_adviser|财政顾问普里穆斯·霍拉提乌斯
trp_financial_adviser_pl|普里穆斯·霍拉提乌斯
trp_diplomatic_adviser|政治顾问塞尔维乌斯·塞克斯图斯
trp_diplomatic_adviser_pl|塞尔维乌斯·塞克斯图斯
trp_diplomat_parthia|阿尔萨息
trp_diplomat_parthia_pl|使节
trp_diplomat_eastern|卡什塔
trp_diplomat_eastern_pl|使节
trp_diplomat_africa|加尔·达拉姆·塞努尔
trp_diplomat_africa_pl|使节
trp_diplomat_india|迦腻色迦
trp_diplomat_india_pl|使节
trp_housholder|管家
trp_housholder_pl|管家
trp_sisyphus|西西弗斯
trp_sisyphus_pl|西西弗斯
trp_herakles|赫拉克勒斯
trp_herakles_pl|赫拉克勒斯
trp_achilleus|阿喀琉斯
trp_achilleus_pl|阿喀琉斯
trp_agamemnon|阿伽门农
trp_agamemnon_pl|阿伽门农
trp_odysseus|奥德修斯
trp_odysseus_pl|奥德修斯
trp_wahrsager|忒瑞西阿斯
trp_wahrsager_pl|忒瑞西阿斯
trp_doccinga_torturador|刑吏
trp_doccinga_torturador_pl|刑吏
trp_petronius|佩特罗尼乌斯
trp_petronius_pl|佩特罗尼乌斯
trp_memercius|梅梅尔基乌斯
trp_memercius_pl|梅梅尔基乌斯
trp_muscullus|穆斯库卢斯
trp_muscullus_pl|穆斯库卢斯
trp_christ|陌生人
trp_christ_pl|陌生人
trp_christ_fem|陌生人
trp_christ_fem_pl|陌生人
trp_merchant1|裁缝奥戈卢斯
trp_merchant1_pl|裁缝奥戈卢斯
trp_merchant2|商人
trp_merchant2_pl|商人
trp_merchant3|商人
trp_merchant3_pl|商人
trp_merchant4|盖乌斯·马略
trp_merchant4_pl|盖乌斯·马略
trp_merchant5|商人
trp_merchant5_pl|商人
trp_merchant6|商人
trp_merchant6_pl|商人
trp_merchant7|商人
trp_merchant7_pl|商人
trp_merchant8|商人
trp_merchant8_pl|商人
trp_prisoner|囚犯
trp_prisoner_pl|囚犯
trp_kasius|卡西乌斯
trp_kasius_pl|卡西乌斯
trp_orchon|奥尔孔
trp_orchon_pl|奥尔孔
trp_mine_boss|工头
trp_mine_boss_pl|工头
trp_pythia|皮提娅
trp_pythia_pl|皮提娅
trp_lykos|吕科斯
trp_lykos_pl|吕科斯
trp_organiser|尤斯塔库斯
trp_organiser_pl|尤斯塔库斯
trp_housholder2|马尔库斯·特尔提乌斯
trp_housholder2_pl|马尔库斯·特尔提乌斯
trp_slavic_king|卡罗维特
trp_slavic_king_pl|卡罗维特
trp_danish_king|阿尔卢夫
trp_danish_king_pl|阿尔卢夫
trp_irish_king|莫加
trp_irish_king_pl|莫加
trp_nubian_king|阿曼妮托蕾
trp_nubian_king_pl|阿曼妮托蕾
trp_arabian_king|马利库斯王
trp_arabian_king_pl|马利库斯王
trp_garamantian_king|加达拉特
trp_garamantian_king_pl|加达拉特
trp_gaetulian_king|塔克法林
trp_gaetulian_king_pl|塔克法林
trp_georgian_king|哈奇克
trp_georgian_king_pl|哈奇克
trp_saka_king|斯昆哈大王
trp_saka_king_pl|斯昆哈大王
trp_gaetulian_queen|法里娜
trp_gaetulian_queen_pl|法里娜
trp_arabian_queen|女酋长沙基拉特
trp_arabian_queen_pl|女酋长沙基拉特
trp_garamantian_queen|达尔塔
trp_garamantian_queen_pl|达尔塔
trp_arabian_richmerchant|商人
trp_arabian_richmerchant_pl|商人
trp_arabian_poormerchant|商人
trp_arabian_poormerchant_pl|商人
trp_african_richmerchant|商人
trp_african_richmerchant_pl|商人
trp_african_poormerchant|商人
trp_african_poormerchant_pl|商人
trp_caucasian_richmerchant|商人
trp_caucasian_richmerchant_pl|商人
trp_caucasian_poormerchant|商人
trp_caucasian_poormerchant_pl|商人
trp_germanic_richmerchant|商人
trp_germanic_richmerchant_pl|商人
trp_germanic_poormerchant|商人
trp_germanic_poormerchant_pl|商人
trp_celtic_richmerchant|商人
trp_celtic_richmerchant_pl|商人
trp_celtic_poormerchant|商人
trp_celtic_poormerchant_pl|商人
trp_saka_richmerchant|商人
trp_saka_richmerchant_pl|商人
trp_saka_poormerchant|商人
trp_saka_poormerchant_pl|商人
trp_saka_tavernkeeper|酒馆老板
trp_saka_tavernkeeper_pl|酒馆老板
trp_african_tavernkeeper|酒馆老板
trp_african_tavernkeeper_pl|酒馆老板
trp_arab_tavernkeeper|酒馆老板
trp_arab_tavernkeeper_pl|酒馆老板
trp_celtic_tavernkeeper|酒馆老板
trp_celtic_tavernkeeper_pl|酒馆老板
trp_germanic_tavernkeeper|酒馆老板
trp_germanic_tavernkeeper_pl|酒馆老板
trp_caucasian_tavernkeeper|酒馆老板
trp_caucasian_tavernkeeper_pl|酒馆老板
trp_nurse_african|保姆
trp_nurse_african_pl|保姆
trp_slave_trader_judean|犹太奴隶贩子
trp_slave_trader_judean_pl|犹太奴隶贩子
trp_slave_trader_saka|塞种奴隶贩子
trp_slave_trader_saka_pl|塞种奴隶贩子
trp_slave_trader_alans|阿兰奴隶贩子
trp_slave_trader_alans_pl|阿兰奴隶贩子
trp_slave_trader_hispanic|伊比利亚奴隶贩子
trp_slave_trader_hispanic_pl|伊比利亚奴隶贩子
trp_slave_trader_illyrian|伊利里亚奴隶贩子
trp_slave_trader_illyrian_pl|伊利里亚奴隶贩子
trp_slave_trader_sea_raiders|海盗奴隶贩子
trp_slave_trader_sea_raiders_pl|海盗奴隶贩子
trp_slave_trader_black_sea|本都奴隶贩子
trp_slave_trader_black_sea_pl|本都奴隶贩子
trp_slave_trader_arab|阿拉伯奴隶贩子
trp_slave_trader_arab_pl|阿拉伯奴隶贩子
trp_slave_trader_egyptian|埃及奴隶贩子
trp_slave_trader_egyptian_pl|埃及奴隶贩子
trp_slave_trader_nubian|埃塞俄比亚奴隶贩子
trp_slave_trader_nubian_pl|埃塞俄比亚奴隶贩子
trp_slave_trader_nabatean|纳巴泰奴隶贩子
trp_slave_trader_nabatean_pl|纳巴泰奴隶贩子
trp_slave_trader_garamantian|加拉曼特奴隶贩子
trp_slave_trader_garamantian_pl|加拉曼特奴隶贩子
trp_slave_trader_gaetulian|盖图利奴隶贩子
trp_slave_trader_gaetulian_pl|盖图利奴隶贩子
trp_slave_trader_bandit|强盗奴隶贩子
trp_slave_trader_bandit_pl|强盗奴隶贩子
trp_gladiator_euqes|骑兵
trp_gladiator_euqes_pl|骑兵
trp_gladiator_murmillo|鱼盔角斗士
trp_gladiator_murmillo_pl|鱼盔角斗士
trp_gladiator_thraex|色雷斯式角斗士
trp_gladiator_thraex_pl|色雷斯式角斗士
trp_gladiator_retiarius|网斗士
trp_gladiator_retiarius_pl|网斗士
trp_gladiator_gladiatrix|女角斗士
trp_gladiator_gladiatrix_pl|女角斗士
trp_gladiator_sagittarius|弓箭手
trp_gladiator_sagittarius_pl|弓箭手
trp_martial|马尔库斯·瓦莱里乌斯·马尔提亚利斯
trp_martial_pl|马尔库斯·瓦莱里乌斯·马尔提亚利斯
trp_iuvenal|德基穆斯·尤尼乌斯·尤维纳利斯
trp_iuvenal_pl|德基穆斯·尤尼乌斯·尤维纳利斯
trp_bard_end|新月份
trp_bard_end_pl|新月份
trp_commander_barracks|裁判官
trp_commander_barracks_pl|裁判官
trp_players_legion|第XXII代约塔鲁斯军团
trp_players_legion_pl|第XXII代约塔鲁斯军团
trp_players_aux_cav|意大利骑兵联队
trp_players_aux_cav_pl|意大利骑兵联队
trp_players_aux_inf|日耳曼辅助军大队
trp_players_aux_inf_pl|日耳曼辅助军大队
trp_players_infantry|步兵扈从
trp_players_infantry_pl|步兵扈从
trp_players_cavalry|骑兵扈从
trp_players_cavalry_pl|骑兵扈从
trp_players_skirmisher|散兵扈从
trp_players_skirmisher_pl|散兵扈从
trp_custom_infantry|步兵（自定义）
trp_custom_infantry_pl|步兵（自定义）
trp_custom_infantry_equip|步兵（自定义）
trp_custom_infantry_equip_pl|步兵（自定义）
trp_custom_infantry_exp|步兵（熟练）（自定义）
trp_custom_infantry_exp_pl|步兵（熟练）（自定义）
trp_custom_infantry_exp_equip|步兵（熟练）（自定义）
trp_custom_infantry_exp_equip_pl|步兵（熟练）（自定义）
trp_custom_infantry_vet|步兵（老练）（自定义）
trp_custom_infantry_vet_pl|步兵（老练）（自定义）
trp_custom_infantry_vet_equip|步兵（老练）（自定义）
trp_custom_infantry_vet_equip_pl|步兵（老练）（自定义）
trp_custom_standard_bearer|旗手（自定义）
trp_custom_standard_bearer_pl|旗手（自定义）
trp_custom_standard_bearer_equip|旗手（自定义）
trp_custom_standard_bearer_equip_pl|旗手（自定义）
trp_custom_hornman|号手（自定义）
trp_custom_hornman_pl|号手（自定义）
trp_custom_hornman_equip|号手（自定义）
trp_custom_hornman_equip_pl|号手（自定义）
trp_custom_cav_barb|近战骑兵（自定义）
trp_custom_cav_barb_pl|近战骑兵（自定义）
trp_custom_cav_barb_equip|近战骑兵（自定义）
trp_custom_cav_barb_equip_pl|近战骑兵（自定义）
trp_custom_cav_barb_vet|近战骑兵（老练）（自定义）
trp_custom_cav_barb_vet_pl|近战骑兵（老练）（自定义）
trp_custom_cav_barb_vet_equip|近战骑兵（老练）（自定义）
trp_custom_cav_barb_vet_equip_pl|近战骑兵（老练）（自定义）
trp_custom_standard_bearer_cav|骑兵旗手（自定义）
trp_custom_standard_bearer_cav_pl|骑兵旗手（自定义）
trp_custom_standard_bearer_cav_equip|骑兵旗手（自定义）
trp_custom_standard_bearer_cav_equip_pl|骑兵旗手（自定义）
trp_custom_skirmisher_cav|骑马散兵（自定义）
trp_custom_skirmisher_cav_pl|骑马散兵（自定义）
trp_custom_skirmisher_cav_equip|骑马散兵（自定义）
trp_custom_skirmisher_cav_equip_pl|骑马散兵（自定义）
trp_custom_skirmisher_cav_vet|骑马散兵（老练）（自定义）
trp_custom_skirmisher_cav_vet_pl|骑马散兵（老练）（自定义）
trp_custom_skirmisher_cav_vet_equip|骑马散兵（老练）（自定义）
trp_custom_skirmisher_cav_vet_equip_pl|骑马散兵（老练）（自定义）
trp_custom_skirmisher|散兵（自定义）
trp_custom_skirmisher_pl|散兵（自定义）
trp_custom_skirmisher_equip|散兵（自定义）
trp_custom_skirmisher_equip_pl|散兵（自定义）
trp_custom_skirmisher_vet|散兵（自定义）
trp_custom_skirmisher_vet_pl|散兵（自定义）
trp_custom_skirmisher_vet_equip|散兵（自定义）
trp_custom_skirmisher_vet_equip_pl|散兵（自定义）
trp_custom_archer|弓箭手（自定义）
trp_custom_archer_pl|弓箭手（自定义）
trp_custom_archer_equip|弓箭手（自定义）
trp_custom_archer_equip_pl|弓箭手（自定义）
trp_custom_archer_vet|弓箭手（老练）（自定义）
trp_custom_archer_vet_pl|弓箭手（老练）（自定义）
trp_custom_archer_vet_equip|弓箭手（老练）（自定义）
trp_custom_archer_vet_equip_pl|弓箭手（老练）（自定义）
trp_custom_standard_bearer_skirmisher|散兵旗手（自定义）
trp_custom_standard_bearer_skirmisher_pl|散兵旗手（自定义）
trp_custom_standard_bearer_skirmisher_equip|散兵旗手（自定义）
trp_custom_standard_bearer_skirmisher_equip_pl|散兵旗手（自定义）
trp_custom_hornman_skirmisher|散兵号手（自定义）
trp_custom_hornman_skirmisher_pl|散兵号手（自定义）
trp_custom_hornman_skirmisher_equip|号手（自定义）
trp_custom_hornman_skirmisher_equip_pl|号手（自定义）
trp_custom_legionary|军团新兵（自定义）
trp_custom_legionary_pl|军团新兵（自定义）
trp_custom_legionary_equip|军团新兵（自定义）
trp_custom_legionary_equip_pl|军团新兵（自定义）
trp_custom_legionary_exp|军团士兵（自定义）
trp_custom_legionary_exp_pl|军团士兵（自定义）
trp_custom_legionary_exp_equip|军团士兵（自定义）
trp_custom_legionary_exp_equip_pl|军团士兵（自定义）
trp_custom_legionary_vet|军团重征老兵（自定义）
trp_custom_legionary_vet_pl|军团重征老兵（自定义）
trp_custom_legionary_vet_equip|军团重征老兵（自定义）
trp_custom_legionary_vet_equip_pl|军团重征老兵（自定义）
trp_custom_centurio|百夫长（自定义）
trp_custom_centurio_pl|百夫长（自定义）
trp_custom_centurio_equip|百夫长（自定义）
trp_custom_centurio_equip_pl|百夫长（自定义）
trp_custom_aquilifer|鹰旗手（自定义）
trp_custom_aquilifer_pl|鹰旗手（自定义）
trp_custom_aquilifer_equip|鹰旗手（自定义）
trp_custom_aquilifer_equip_pl|鹰旗手（自定义）
trp_custom_signifer|军旗手（自定义）
trp_custom_signifer_pl|军旗手（自定义）
trp_custom_signifer_equip|军旗手（自定义）
trp_custom_signifer_equip_pl|军旗手（自定义）
trp_custom_vexilarius|旗手（自定义）
trp_custom_vexilarius_pl|旗手（自定义）
trp_custom_vexilarius_equip|旗手（自定义）
trp_custom_vexilarius_equip_pl|旗手（自定义）
trp_custom_tribunus|军团保民官（自定义）
trp_custom_tribunus_pl|军团保民官（自定义）
trp_custom_tribunus_equip|军团保民官（自定义）
trp_custom_tribunus_equip_pl|军团保民官（自定义）
trp_custom_primus_pilius|首席百夫长（自定义）
trp_custom_primus_pilius_pl|首席百夫长（自定义）
trp_custom_primus_pilius_equip|首席百夫长（自定义）
trp_custom_primus_pilius_equip_pl|首席百夫长（自定义）
trp_custom_cornicen|号角手（自定义）
trp_custom_cornicen_pl|号角手（自定义）
trp_custom_cornicen_equip|号角手（自定义）
trp_custom_cornicen_equip_pl|号角手（自定义）
trp_custom_aux_cornicern|辅助军号角手（自定义）
trp_custom_aux_cornicern_pl|辅助军号角手（自定义）
trp_custom_aux_cornicern_equip|辅助军号角手（自定义）
trp_custom_aux_cornicern_equip_pl|辅助军号角手（自定义）
trp_custom_cav_vex|骑兵旗手（自定义）
trp_custom_cav_vex_pl|骑兵旗手（自定义）
trp_custom_cav_vex_equip|骑兵旗手（自定义）
trp_custom_cav_vex_equip_pl|骑兵旗手（自定义）
trp_custom_cav_of|骑兵十夫长（自定义）
trp_custom_cav_of_pl|骑兵十夫长（自定义）
trp_custom_cav_of_equip|骑兵十夫长（自定义）
trp_custom_cav_of_equip_pl|骑兵十夫长（自定义）
trp_custom_aux_centurio|辅助军百夫长（自定义）
trp_custom_aux_centurio_pl|辅助军百夫长（自定义）
trp_custom_aux_centurio_equip|辅助军百夫长（自定义）
trp_custom_aux_centurio_equip_pl|辅助军百夫长（自定义）
trp_custom_aux_signifer|辅助军军旗手（自定义）
trp_custom_aux_signifer_pl|辅助军军旗手（自定义）
trp_custom_aux_signifer_equip|辅助军军旗手（自定义）
trp_custom_aux_signifer_equip_pl|辅助军军旗手（自定义）
trp_custom_aux_cav|辅助军骑兵（自定义）
trp_custom_aux_cav_pl|辅助军骑兵（自定义）
trp_custom_aux_cav_equip|辅助军骑兵（自定义）
trp_custom_aux_cav_equip_pl|辅助军骑兵（自定义）
trp_custom_cav|辅助军骑射手（自定义）
trp_custom_cav_pl|辅助军骑射手（自定义）
trp_custom_cav_equip|辅助军骑射手（自定义）
trp_custom_cav_equip_pl|辅助军骑射手（自定义）
trp_custom_aux_spear|辅助军矛兵（自定义）
trp_custom_aux_spear_pl|辅助军矛兵（自定义）
trp_custom_aux_spear_equip|辅助军矛兵（自定义）
trp_custom_aux_spear_equip_pl|辅助军矛兵（自定义）
trp_custom_aux_miles|辅助军步兵（自定义）
trp_custom_aux_miles_pl|辅助军步兵（自定义）
trp_custom_aux_miles_equip|辅助军步兵（自定义）
trp_custom_aux_miles_equip_pl|辅助军步兵（自定义）
trp_custom_balista|弩炮手（自定义）
trp_custom_balista_pl|弩炮手（自定义）
trp_custom_balista_equip|弩炮手（自定义）
trp_custom_balista_equip_pl|弩炮手（自定义）
trp_custom_sagitarius|弓箭手（自定义）
trp_custom_sagitarius_pl|弓箭手（自定义）
trp_custom_sagitarius_equip|弓箭手（自定义）
trp_custom_sagitarius_equip_pl|弓箭手（自定义）
trp_pseudo_troop_end|第二套服装
trp_follower_party_mules|随军队伍的骡子
trp_follower_party_mules_pl|随军队伍的骡子
trp_senator|元老
trp_senator_pl|元老
trp_senator_dummy|发言人
trp_senator_dummy_pl|发言人
trp_sailor|水手
trp_sailor_pl|水手
trp_teacher|教师
trp_teacher_pl|教师
trp_administrator|管事
trp_administrator_pl|管事
trp_grape_master|葡萄种植师
trp_grape_master_pl|葡萄种植师
trp_wine_master|酿酒师
trp_wine_master_pl|酿酒师
trp_oil_master|榨油师
trp_oil_master_pl|榨油师
trp_olives_master|橄榄种植师
trp_olives_master_pl|橄榄种植师
trp_smith_master|铁匠
trp_smith_master_pl|铁匠
trp_cattle_master|牧牛师
trp_cattle_master_pl|牧牛师
trp_butcher_master|屠夫
trp_butcher_master_pl|屠夫
trp_fish_master|渔业管事
trp_fish_master_pl|渔业管事
trp_fruit_master|果园管事
trp_fruit_master_pl|果园管事
trp_grain_master|粮田管事
trp_grain_master_pl|粮田管事
trp_master_baker|面包师
trp_master_baker_pl|面包师
trp_master_pottery|制陶师
trp_master_pottery_pl|制陶师
trp_master_sheep|牧羊人
trp_master_sheep_pl|牧羊人
trp_master_breeder|驯养师
trp_master_breeder_pl|驯养师
trp_master_cheeser|奶酪师
trp_master_cheeser_pl|奶酪师
trp_master_tanner|制革师
trp_master_tanner_pl|制革师
trp_master_weaver|织工师傅
trp_master_weaver_pl|织工师傅
trp_master_inn|旅店老板
trp_master_inn_pl|旅店老板
trp_master_merchant|商人
trp_master_merchant_pl|商人
trp_master_silk|丝绸工坊管事
trp_master_silk_pl|丝绸工坊管事
trp_courtier|廷臣
trp_courtier_pl|廷臣
trp_courtier_female|廷臣
trp_courtier_female_pl|廷臣
trp_courtier_locusta|洛库斯塔
trp_courtier_locusta_pl|洛库斯塔
trp_courtier_crispinilla|卡尔维娅·克里斯皮尼拉
trp_courtier_crispinilla_pl|卡尔维娅·克里斯皮尼拉
trp_director_akademia|斐洛
trp_director_akademia_pl|斐洛
trp_alexandrian_library|提比略·克劳狄·巴尔比卢斯
trp_alexandrian_library_pl|提比略·克劳狄·巴尔比卢斯
trp_elephant|大象
trp_elephant_pl|大象
trp_wild_cat|狮子
trp_wild_cat_pl|狮子
trp_wild_cat_2|豹
trp_wild_cat_2_pl|豹
trp_wolf|狼
trp_wolf_pl|狼
trp_argentarius|钱商
trp_argentarius_pl|钱商
trp_suppliciant|请愿者
trp_suppliciant_pl|请愿者
trp_suppliciant_female|请愿者
trp_suppliciant_female_pl|请愿者
trp_minotau|弥诺陶洛斯
trp_minotau_pl|弥诺陶洛斯
trp_desperatius|盖乌斯·德斯佩拉提乌斯
trp_desperatius_pl|盖乌斯·德斯佩拉提乌斯
trp_tristitia|盖娅·特里斯提蒂娅
trp_tristitia_pl|盖娅·特里斯提蒂娅
trp_wlodowiecus|沃洛多维库斯
trp_wlodowiecus_pl|沃洛多维库斯
trp_olivarius|奥利瓦里乌斯
trp_olivarius_pl|奥利瓦里乌斯
trp_hadrianus|哈德良·帕维尔
trp_hadrianus_pl|哈德良·帕维尔
trp_mancinellus|曼基内卢斯
trp_mancinellus_pl|曼基内卢斯
trp_varus|瓦鲁斯
trp_varus_pl|瓦鲁斯
trp_old_mercenary|老佣兵
trp_old_mercenary_pl|老佣兵
trp_yaaba|亚阿巴
trp_yaaba_pl|亚阿巴
trp_bacchus|狄俄尼索斯
trp_bacchus_pl|狄俄尼索斯
trp_thusnelda|美人图斯内尔达
trp_thusnelda_pl|美人图斯内尔达
trp_tigellinus|奥福尼乌斯·提格利努斯
trp_tigellinus_pl|奥福尼乌斯·提格利努斯
trp_gaius_petronius|盖乌斯·佩特罗尼乌斯
trp_gaius_petronius_pl|盖乌斯·佩特罗尼乌斯
trp_ybor|伊博尔
trp_ybor_pl|伊博尔
trp_agio|阿吉奥
trp_agio_pl|阿吉奥
trp_gambara|甘巴拉
trp_gambara_pl|甘巴拉
trp_octavia|屋大维娅
trp_octavia_pl|屋大维娅
trp_seneca|塞涅卡
trp_seneca_pl|塞涅卡
trp_paulina|庞培娅·保利娜
trp_paulina_pl|庞培娅·保利娜
trp_agent_parthian|可疑的帕提亚人
trp_agent_parthian_pl|可疑的帕提亚人
trp_invidia|普尔克拉·因维迪娅
trp_invidia_pl|普尔克拉·因维迪娅
trp_sporus|斯波鲁斯
trp_sporus_pl|斯波鲁斯
trp_pupienus|普皮埃努斯·马克西穆斯
trp_pupienus_pl|普皮埃努斯·马克西穆斯
trp_plinius_elder|普林尼·塞孔杜斯
trp_plinius_elder_pl|普林尼·塞孔杜斯
trp_solus|索卢斯·莫纳库斯
trp_solus_pl|索卢斯·莫纳库斯
trp_albus|阿尔布斯
trp_albus_pl|阿尔布斯
trp_amorus|阿莫鲁斯·瓦伦提努斯
trp_amorus_pl|阿莫鲁斯·瓦伦提努斯
trp_lucia|卢基娅·萨比娜
trp_lucia_pl|卢基娅·萨比娜
trp_paulus|保卢斯
trp_paulus_pl|保卢斯
trp_petrus|彼得
trp_petrus_pl|彼得
trp_lucillus|卢基卢斯
trp_lucillus_pl|卢基卢斯
trp_diggus|比古斯·迪库斯
trp_diggus_pl|比古斯·迪库斯
trp_bannerlord|霍利·苏恩（HOLY SOON）
trp_bannerlord_pl|霍利·苏恩（HOLY SOON）
trp_billy|比格犬比利
trp_billy_pl|比格犬比利
trp_witch|哈加图斯娅·洪娜
trp_witch_pl|哈加图斯娅·洪娜
trp_scandia|维孔
trp_scandia_pl|维孔
trp_fortuna|福尔图娜
trp_fortuna_pl|福尔图娜
trp_fake_nero|尼禄·奥古斯都
trp_fake_nero_pl|尼禄·奥古斯都
trp_sussus_amogus|苏苏斯·阿莫古斯
trp_sussus_amogus_pl|苏苏斯·阿莫古斯
trp_drunken_sailor|醉酒水手
trp_drunken_sailor_pl|醉酒水手
trp_random_idiot|库兰·马卡西乌斯·奥勒利安努斯
trp_random_idiot_pl|库兰·马卡西乌斯·奥勒利安努斯
trp_desiderius|德西德里乌斯
trp_desiderius_pl|德西德里乌斯
trp_odius|奥狄乌斯
trp_odius_pl|奥狄乌斯
trp_amalia|阿尼玛莉娅
trp_amalia_pl|阿尼玛莉娅
trp_fiducia|菲杜基娅
trp_fiducia_pl|菲杜基娅
trp_alexander|亚历山大大帝
trp_alexander_pl|亚历山大大帝
trp_caesar|盖乌斯·尤利乌斯·凯撒
trp_caesar_pl|盖乌斯·尤利乌斯·凯撒
trp_aeneas|埃涅阿斯
trp_aeneas_pl|埃涅阿斯
trp_agrippina|阿格里皮娜
trp_agrippina_pl|阿格里皮娜
trp_sittius|西提乌斯·阿费尔
trp_sittius_pl|西提乌斯·阿费尔
trp_greek_philosopher|卡多斯·吉甘托斯
trp_greek_philosopher_pl|卡多斯·吉甘托斯
trp_roman_philosopher|吉加库斯·查杜斯
trp_roman_philosopher_pl|吉加库斯·查杜斯
trp_joesph_arimatrea|亚利马太的约瑟夫
trp_joesph_arimatrea_pl|亚利马太的约瑟夫
trp_old_man|老人
trp_old_man_pl|老人
trp_amokos|阿莫科斯·因波斯托斯
trp_amokos_pl|阿莫科斯·因波斯托斯
trp_claudia|克劳狄娅·乌尔古拉尼拉
trp_claudia_pl|克劳狄娅·乌尔古拉尼拉
trp_circus_1|杂技艺人
trp_circus_1_pl|杂技艺人
trp_circus_2|杂技艺人
trp_circus_2_pl|杂技艺人
trp_circus_3|杂技艺人
trp_circus_3_pl|杂技艺人
trp_ascetic|苦修者
trp_ascetic_pl|苦修者
trp_alwisus|阿尔维苏斯
trp_alwisus_pl|阿尔维苏斯
trp_hludwig|赫卢德维格
trp_hludwig_pl|赫卢德维格
trp_ekkebert|埃克贝特
trp_ekkebert_pl|埃克贝特
trp_egino|埃吉诺
trp_egino_pl|埃吉诺
trp_pamphile|潘菲勒
trp_pamphile_pl|潘菲勒
trp_zarinaia|扎里奈娅
trp_zarinaia_pl|扎里奈娅
trp_dj_pence|D.J.彭斯
trp_dj_pence_pl|D.J.彭斯
trp_han_footman|汉军弓箭手
trp_han_footman_pl|汉军弓箭手
trp_han_hallbard_man|汉军矛兵
trp_han_hallbard_man_pl|汉军矛兵
trp_han_heavy_hallbard_man|汉军重装矛兵
trp_han_heavy_hallbard_man_pl|汉军重装矛兵
trp_lybian|利比亚人
trp_lybian_pl|利比亚人
trp_chinese_commander|林利申申指挥官（Lin Lee Shen Shen）
trp_chinese_commander_pl|林利申申指挥官（Lin Lee Shen Shen）
trp_temur|右贤王铁木儿
trp_temur_pl|右贤王铁木儿
trp_xiao|雷利小丘（Lei Li Xiao Qiu）
trp_xiao_pl|雷利小丘（Lei Li Xiao Qiu）
trp_alan_guide|丑陋的阿兰战士
trp_alan_guide_pl|丑陋的阿兰战士
trp_ali|阿里·纳巴泰
trp_ali_pl|阿里·纳巴泰
trp_phamanus|法马努斯
trp_phamanus_pl|法马努斯
trp_xingnu_barbarian|匈奴战士
trp_xingnu_barbarian_pl|匈奴战士
trp_romanian|蒂加努·泰特
trp_romanian_pl|蒂加努·泰特
trp_spaniard|海杜斯·克奈图斯
trp_spaniard_pl|海杜斯·克奈图斯
trp_dominican|皮罗马尼亚库斯
trp_dominican_pl|皮罗马尼亚库斯
trp_werdheri|韦尔德赫里
trp_werdheri_pl|韦尔德赫里
trp_germanic_myth_hero_1|赫里
trp_germanic_myth_hero_1_pl|赫里
trp_germanic_myth_hero_2|莱克劳克
trp_germanic_myth_hero_2_pl|莱克劳克
trp_germanic_myth_hero_3|马洛巴尔德
trp_germanic_myth_hero_3_pl|马洛巴尔德
trp_germanic_myth_hero_4|托尔瓦尔德
trp_germanic_myth_hero_4_pl|托尔瓦尔德
trp_dacian_myth_hero_1|德基巴卢斯
trp_dacian_myth_hero_1_pl|德基巴卢斯
trp_dacian_myth_hero_2|皮耶尔波鲁斯
trp_dacian_myth_hero_2_pl|皮耶尔波鲁斯
trp_dacian_myth_hero_3|津娜
trp_dacian_myth_hero_3_pl|津娜
trp_dacian_myth_hero_4|德罗米凯特斯
trp_dacian_myth_hero_4_pl|德罗米凯特斯
trp_sarmatian_myth_hero_1|阿索克
trp_sarmatian_myth_hero_1_pl|阿索克
trp_sarmatian_myth_hero_2|肯塔尔斯克
trp_sarmatian_myth_hero_2_pl|肯塔尔斯克
trp_sarmatian_myth_hero_3|瓦姆索克
trp_sarmatian_myth_hero_3_pl|瓦姆索克
trp_sarmatian_myth_hero_4|安德洛玛刻
trp_sarmatian_myth_hero_4_pl|安德洛玛刻
trp_caucasian_myth_hero_1|扎里亚德雷斯
trp_caucasian_myth_hero_1_pl|扎里亚德雷斯
trp_caucasian_myth_hero_2|萨梅斯
trp_caucasian_myth_hero_2_pl|萨梅斯
trp_caucasian_myth_hero_3|霍斯劳
trp_caucasian_myth_hero_3_pl|霍斯劳
trp_caucasian_myth_hero_4|阿舒沙
trp_caucasian_myth_hero_4_pl|阿舒沙
trp_celtic_myth_hero_1|伊德菲克斯
trp_celtic_myth_hero_1_pl|伊德菲克斯
trp_celtic_myth_hero_2|阿斯特里克斯
trp_celtic_myth_hero_2_pl|阿斯特里克斯
trp_celtic_myth_hero_3|奥贝里克斯
trp_celtic_myth_hero_3_pl|奥贝里克斯
trp_celtic_myth_hero_4|里卡甘贝达
trp_celtic_myth_hero_4_pl|里卡甘贝达
trp_arabian_myth_hero_1|哈尔卡里布
trp_arabian_myth_hero_1_pl|哈尔卡里布
trp_arabian_myth_hero_2|阿里·巴巴
trp_arabian_myth_hero_2_pl|阿里·巴巴
trp_arabian_myth_hero_3|亚什胡尔马利克
trp_arabian_myth_hero_3_pl|亚什胡尔马利克
trp_arabian_myth_hero_4|盖兰
trp_arabian_myth_hero_4_pl|盖兰
trp_jewish_myth_hero_1|大卫
trp_jewish_myth_hero_1_pl|大卫
trp_jewish_myth_hero_2|撒迦利亚
trp_jewish_myth_hero_2_pl|撒迦利亚
trp_jewish_myth_hero_3|利未
trp_jewish_myth_hero_3_pl|利未
trp_jewish_myth_hero_4|犹大
trp_jewish_myth_hero_4_pl|犹大
trp_persian_myth_hero_1|戈布里亚斯
trp_persian_myth_hero_1_pl|戈布里亚斯
trp_persian_myth_hero_2|斯梅尔多梅涅斯
trp_persian_myth_hero_2_pl|斯梅尔多梅涅斯
trp_persian_myth_hero_3|吉尔伽美什
trp_persian_myth_hero_3_pl|吉尔伽美什
trp_persian_myth_hero_4|薛西斯
trp_persian_myth_hero_4_pl|薛西斯
trp_african_myth_hero_1|阿马苏斯
trp_african_myth_hero_1_pl|阿马苏斯
trp_african_myth_hero_2|西努赫
trp_african_myth_hero_2_pl|西努赫
trp_african_myth_hero_3|帕米
trp_african_myth_hero_3_pl|帕米
trp_african_myth_hero_4|汉尼拔
trp_african_myth_hero_4_pl|汉尼拔
trp_senator_trump|奥兰提乌斯·利基尼乌斯·伦普斯
trp_senator_trump_pl|奥兰提乌斯·利基尼乌斯·伦普斯
trp_multiplayer_profile_troop_male|多人游戏档案部队（男性）
trp_multiplayer_profile_troop_male_pl|多人游戏档案部队（男性）
trp_multiplayer_profile_troop_female|多人游戏档案部队（女性）
trp_multiplayer_profile_troop_female_pl|多人游戏档案部队（女性）
trp_temp_troop|临时部队
trp_temp_troop_pl|临时部队
trp_find_item_cheat|查找物品作弊
trp_find_item_cheat_pl|查找物品作弊
trp_random_town_sequence|随机城镇序列
trp_random_town_sequence_pl|随机城镇序列
trp_tournament_participants|竞技大会参赛者
trp_tournament_participants_pl|竞技大会参赛者
trp_mercenaries_end|雇佣兵范围结束
trp_mercenaries_end_pl|雇佣兵范围结束
trp_town_walker_1|城镇行人范围开始
trp_town_walker_1_pl|城镇行人范围开始
trp_tournament_master|间谍行人范围结束
trp_tournament_master_pl|间谍行人范围结束
trp_tutorial_trainer|竞技冠军范围结束
trp_tutorial_trainer_pl|竞技冠军范围结束
trp_kingdom_heroes_including_player_begin|含玩家的王国英雄范围开始
trp_kingdom_heroes_including_player_begin_pl|含玩家的王国英雄范围开始
trp_knight_1_1_wife|错误——这个混蛋不应出现在游戏中
trp_knight_1_1_wife_pl|错误——这个混蛋不应出现在游戏中
trp_merchants_end|商人范围结束
trp_merchants_end_pl|商人范围结束
trp_global_variables|部队全局变量
trp_global_variables_pl|部队全局变量
trp_player_camp_chest_1|玩家营地箱子1
trp_player_camp_chest_1_pl|玩家营地箱子1
trp_player_camp_chest_2|玩家营地箱子2
trp_player_camp_chest_2_pl|玩家营地箱子2
trp_player_camp_chest_3|玩家营地箱子3
trp_player_camp_chest_3_pl|玩家营地箱子3
trp_player_camp_chest_end|玩家营地箱子范围结束
trp_player_camp_chest_end_pl|玩家营地箱子范围结束
trp_custom_troops_end|不适用
trp_custom_troops_end_pl|不适用
trp_inventory_backup|物品栏
trp_inventory_backup_pl|物品栏
trp_pseudo_troop_end_pl|伪部队范围结束
trp_household_end|家仆范围结束
trp_household_end_pl|家仆范围结束
trp_troops_end|世界尽头
trp_troops_end_pl|世界尽头
